           t              x              v              P              E             dE/E0
    0.000000      -0.499000       0.000000       0.418704       0.418704          0.000000
    0.010000      -0.498893       0.021313       0.418477       0.418704         -0.000000
    0.020000      -0.498574       0.042610       0.417796       0.418704          0.000000
    0.030000      -0.498041       0.063874       0.416664       0.418704          0.000000
    0.040000      -0.497296       0.085091       0.415084       0.418704          0.000000
    0.050000      -0.496340       0.106243       0.413060       0.418704          0.000000
    0.060000      -0.495172       0.127316       0.410599       0.418704          0.000000
    0.070000      -0.493794       0.148293       0.407709       0.418704          0.000000
    0.080000      -0.492206       0.169160       0.404396       0.418704          0.000000
    0.090000      -0.490411       0.189901       0.400673       0.418704          0.000000
    0.100000      -0.488409       0.210501       0.396549       0.418704          0.000000
    0.110000      -0.486201       0.230947       0.392036       0.418704          0.000000
    0.120000      -0.483790       0.251223       0.387147       0.418704          0.000000
    0.130000      -0.481178       0.271317       0.381898       0.418704          0.000000
    0.140000      -0.478365       0.291214       0.376301       0.418704          0.000000
    0.150000      -0.475354       0.310902       0.370374       0.418704          0.000000
    0.160000      -0.472147       0.330368       0.364132       0.418704          0.000000
    0.170000      -0.468747       0.349601       0.357594       0.418704          0.000000
    0.180000      -0.465156       0.368588       0.350775       0.418704          0.000000
    0.190000      -0.461377       0.387319       0.343696       0.418704          0.000000
    0.200000      -0.457411       0.405782       0.336374       0.418704          0.000000
    0.210000      -0.453262       0.423969       0.328829       0.418704          0.000000
    0.220000      -0.448932       0.441870       0.321079       0.418704          0.000000
    0.230000      -0.444425       0.459475       0.313145       0.418704          0.000000
    0.240000      -0.439744       0.476777       0.305046       0.418704          0.000000
    0.250000      -0.434891       0.493767       0.296801       0.418704          0.000000
    0.260000      -0.429870       0.510438       0.288430       0.418704          0.000000
    0.270000      -0.424683       0.526784       0.279953       0.418704          0.000000
    0.280000      -0.419335       0.542799       0.271389       0.418704          0.000000
    0.290000      -0.413828       0.558476       0.262756       0.418704          0.000000
    0.300000      -0.408167       0.573811       0.254074       0.418704          0.000000
    0.310000      -0.402353       0.588800       0.245361       0.418704          0.000000
    0.320000      -0.396392       0.603438       0.236635       0.418704          0.000000
    0.330000      -0.390286       0.617722       0.227913       0.418704          0.000000
    0.340000      -0.384039       0.631650       0.219213       0.418704          0.000000
    0.350000      -0.377654       0.645218       0.210551       0.418704          0.000000
    0.360000      -0.371135       0.658426       0.201942       0.418704          0.000000
    0.370000      -0.364487       0.671271       0.193402       0.418704          0.000000
    0.380000      -0.357711       0.683753       0.184945       0.418704          0.000000
    0.390000      -0.350813       0.695871       0.176586       0.418704          0.000000
    0.400000      -0.343795       0.707625       0.168337       0.418704          0.000000
    0.410000      -0.336661       0.719016       0.160212       0.418704          0.000000
    0.420000      -0.329416       0.730044       0.152222       0.418704          0.000000
    0.430000      -0.322062       0.740711       0.144377       0.418704          0.000000
    0.440000      -0.314603       0.751019       0.136689       0.418704          0.000000
    0.450000      -0.307043       0.760968       0.129168       0.418704          0.000000
    0.460000      -0.299385       0.770562       0.121821       0.418704          0.000000
    0.470000      -0.291633       0.779803       0.114657       0.418704          0.000000
    0.480000      -0.283790       0.788694       0.107685       0.418704          0.000000
    0.490000      -0.275860       0.797238       0.100910       0.418704          0.000000
    0.500000      -0.267846       0.805438       0.094339       0.418704         -0.000000
    0.510000      -0.259752       0.813298       0.087977       0.418704         -0.000000
    0.520000      -0.251581       0.820823       0.081829       0.418704         -0.000000
    0.530000      -0.243337       0.828015       0.075899       0.418704         -0.000000
    0.540000      -0.235022       0.834880       0.070191       0.418704         -0.000000
    0.550000      -0.226640       0.841422       0.064708       0.418704         -0.000000
    0.560000      -0.218195       0.847645       0.059453       0.418704         -0.000000
    0.570000      -0.209688       0.853555       0.054426       0.418704         -0.000000
    0.580000      -0.201125       0.859156       0.049630       0.418704         -0.000000
    0.590000      -0.192506       0.864453       0.045065       0.418704         -0.000000
    0.600000      -0.183837       0.869451       0.040731       0.418704         -0.000000
    0.610000      -0.175118       0.874157       0.036629       0.418704         -0.000000
    0.620000      -0.166354       0.878574       0.032758       0.418704         -0.000000
    0.630000      -0.157548       0.882708       0.029117       0.418704         -0.000000
    0.640000      -0.148701       0.886566       0.025704       0.418704         -0.000000
    0.650000      -0.139817       0.890151       0.022519       0.418704         -0.000000
    0.660000      -0.130899       0.893471       0.019559       0.418704         -0.000000
    0.670000      -0.121949       0.896530       0.016821       0.418704         -0.000000
    0.680000      -0.112969       0.899334       0.014304       0.418704         -0.000000
    0.690000      -0.103963       0.901888       0.012003       0.418704         -0.000000
    0.700000      -0.094932       0.904198       0.009917       0.418704         -0.000000
    0.710000      -0.085880       0.906270       0.008042       0.418704         -0.000000
    0.720000      -0.076808       0.908108       0.006374       0.418704         -0.000000
    0.730000      -0.067718       0.909720       0.004909       0.418704         -0.000000
    0.740000      -0.058614       0.911109       0.003644       0.418704         -0.000000
    0.750000      -0.049497       0.912282       0.002575       0.418704         -0.000000
    0.760000      -0.040369       0.913244       0.001697       0.418704         -0.000000
    0.770000      -0.031233       0.913999       0.001007       0.418704         -0.000000
    0.780000      -0.022090       0.914555       0.000499       0.418704         -0.000000
    0.790000      -0.012942       0.914914       0.000170       0.418704         -0.000000
    0.800000      -0.003792       0.915084       0.000014       0.418704         -0.000000
    0.810000       0.005359       0.915069       0.000029       0.418704         -0.000000
    0.820000       0.014509       0.914873       0.000207       0.418704         -0.000000
    0.830000       0.023656       0.914503       0.000547       0.418704         -0.000000
    0.840000       0.032798       0.913962       0.001041       0.418704         -0.000000
    0.850000       0.041934       0.913255       0.001687       0.418704         -0.000000
    0.860000       0.051063       0.912388       0.002478       0.418704         -0.000000
    0.870000       0.060182       0.911365       0.003411       0.418704         -0.000000
    0.880000       0.069289       0.910190       0.004481       0.418704         -0.000000
    0.890000       0.078385       0.908868       0.005684       0.418704         -0.000000
    0.900000       0.087466       0.907403       0.007014       0.418704         -0.000000
    0.910000       0.096532       0.905799       0.008468       0.418704         -0.000000
    0.920000       0.105582       0.904062       0.010040       0.418704         -0.000000
    0.930000       0.114613       0.902194       0.011727       0.418704         -0.000000
    0.940000       0.123625       0.900201       0.013523       0.418704         -0.000000
    0.950000       0.132617       0.898085       0.015425       0.418704         -0.000000
    0.960000       0.141587       0.895851       0.017429       0.418704         -0.000000
    0.970000       0.150534       0.893503       0.019530       0.418704         -0.000000
    0.980000       0.159456       0.891044       0.021725       0.418704         -0.000000
    0.990000       0.168354       0.888477       0.024008       0.418704         -0.000000
    1.000000       0.177226       0.885807       0.026377       0.418704         -0.000000
    1.010000       0.186070       0.883037       0.028827       0.418704         -0.000000
    1.020000       0.194886       0.880170       0.031354       0.418704         -0.000000
    1.030000       0.203673       0.877209       0.033956       0.418704         -0.000000
    1.040000       0.212430       0.874158       0.036627       0.418704         -0.000000
    1.050000       0.221156       0.871020       0.039366       0.418704         -0.000000
    1.060000       0.229850       0.867798       0.042167       0.418704         -0.000000
    1.070000       0.238511       0.864494       0.045029       0.418704         -0.000000
    1.080000       0.247140       0.861112       0.047947       0.418704         -0.000000
    1.090000       0.255733       0.857654       0.050919       0.418704         -0.000000
    1.100000       0.264292       0.854123       0.053941       0.418704         -0.000000
    1.110000       0.272816       0.850523       0.057010       0.418704         -0.000000
    1.120000       0.281303       0.846854       0.060123       0.418704         -0.000000
    1.130000       0.289753       0.843120       0.063278       0.418704         -0.000000
    1.140000       0.298165       0.839324       0.066472       0.418704         -0.000000
    1.150000       0.306539       0.835467       0.069701       0.418704         -0.000000
    1.160000       0.314874       0.831552       0.072964       0.418704         -0.000000
    1.170000       0.323170       0.827582       0.076258       0.418704         -0.000000
    1.180000       0.331425       0.823557       0.079581       0.418704         -0.000000
    1.190000       0.339641       0.819482       0.082929       0.418704         -0.000000
    1.200000       0.347815       0.815356       0.086301       0.418704         -0.000000
    1.210000       0.355948       0.811183       0.089695       0.418704         -0.000000
    1.220000       0.364038       0.806965       0.093108       0.418704         -0.000000
    1.230000       0.372087       0.802703       0.096538       0.418704         -0.000000
    1.240000       0.380092       0.798399       0.099984       0.418704         -0.000000
    1.250000       0.388055       0.794055       0.103442       0.418704         -0.000000
    1.260000       0.395973       0.789672       0.106913       0.418704         -0.000000
    1.270000       0.403848       0.785253       0.110393       0.418704         -0.000000
    1.280000       0.411678       0.780798       0.113881       0.418704         -0.000000
    1.290000       0.419464       0.776310       0.117375       0.418704         -0.000000
    1.300000       0.427204       0.771790       0.120874       0.418704         -0.000000
    1.310000       0.434900       0.767239       0.124376       0.418704         -0.000000
    1.320000       0.442549       0.762658       0.127880       0.418704         -0.000000
    1.330000       0.450153       0.758050       0.131384       0.418704         -0.000000
    1.340000       0.457710       0.753415       0.134887       0.418704         -0.000000
    1.350000       0.465221       0.748755       0.138387       0.418704         -0.000000
    1.360000       0.472685       0.744071       0.141883       0.418704         -0.000000
    1.370000       0.480102       0.739364       0.145374       0.418704         -0.000000
    1.380000       0.487472       0.734635       0.148859       0.418704         -0.000000
    1.390000       0.494795       0.729886       0.152337       0.418704         -0.000000
    1.400000       0.502070       0.725117       0.155807       0.418704         -0.000000
    1.410000       0.509297       0.720330       0.159267       0.418704         -0.000000
    1.420000       0.516476       0.715525       0.162716       0.418704         -0.000000
    1.430000       0.523608       0.710703       0.166154       0.418704         -0.000000
    1.440000       0.530690       0.705866       0.169580       0.418704         -0.000000
    1.450000       0.537725       0.701015       0.172993       0.418704         -0.000000
    1.460000       0.544711       0.696149       0.176392       0.418704         -0.000000
    1.470000       0.551648       0.691271       0.179776       0.418704         -0.000000
    1.480000       0.558536       0.686381       0.183145       0.418704         -0.000000
    1.490000       0.565375       0.681479       0.186497       0.418704         -0.000000
    1.500000       0.572166       0.676567       0.189833       0.418704         -0.000000
    1.510000       0.578907       0.671645       0.193151       0.418704         -0.000000
    1.520000       0.585598       0.666713       0.196451       0.418704         -0.000000
    1.530000       0.592241       0.661774       0.199732       0.418704         -0.000000
    1.540000       0.598834       0.656826       0.202993       0.418704         -0.000000
    1.550000       0.605377       0.651872       0.206236       0.418704         -0.000000
    1.560000       0.611871       0.646911       0.209457       0.418704         -0.000000
    1.570000       0.618316       0.641944       0.212658       0.418704         -0.000000
    1.580000       0.624710       0.636971       0.215838       0.418704         -0.000000
    1.590000       0.631055       0.631994       0.218996       0.418704         -0.000000
    1.600000       0.637350       0.627013       0.222132       0.418704         -0.000000
    1.610000       0.643595       0.622027       0.225245       0.418704         -0.000000
    1.620000       0.649791       0.617038       0.228336       0.418704         -0.000000
    1.630000       0.655936       0.612047       0.231403       0.418704         -0.000000
    1.640000       0.662031       0.607053       0.234447       0.418704         -0.000000
    1.650000       0.668077       0.602057       0.237468       0.418704         -0.000000
    1.660000       0.674073       0.597060       0.240464       0.418704         -0.000000
    1.670000       0.680018       0.592061       0.243436       0.418704         -0.000000
    1.680000       0.685914       0.587061       0.246383       0.418704         -0.000000
    1.690000       0.691759       0.582062       0.249306       0.418704         -0.000000
    1.700000       0.697555       0.577062       0.252204       0.418704         -0.000000
    1.710000       0.703301       0.572062       0.255077       0.418704         -0.000000
    1.720000       0.708996       0.567063       0.257924       0.418704         -0.000000
    1.730000       0.714642       0.562064       0.260746       0.418704         -0.000000
    1.740000       0.720238       0.557067       0.263542       0.418704         -0.000000
    1.750000       0.725783       0.552072       0.266312       0.418704         -0.000000
    1.760000       0.731279       0.547078       0.269057       0.418704         -0.000000
    1.770000       0.736725       0.542086       0.271775       0.418704         -0.000000
    1.780000       0.742121       0.537096       0.274468       0.418704         -0.000000
    1.790000       0.747467       0.532109       0.277134       0.418704         -0.000000
    1.800000       0.752763       0.527124       0.279774       0.418704         -0.000000
    1.810000       0.758009       0.522142       0.282388       0.418704         -0.000000
    1.820000       0.763206       0.517164       0.284975       0.418704         -0.000000
    1.830000       0.768353       0.512188       0.287536       0.418704         -0.000000
    1.840000       0.773450       0.507216       0.290070       0.418704         -0.000000
    1.850000       0.778497       0.502248       0.292578       0.418704         -0.000000
    1.860000       0.783495       0.497283       0.295059       0.418704         -0.000000
    1.870000       0.788443       0.492322       0.297513       0.418704         -0.000000
    1.880000       0.793341       0.487366       0.299941       0.418704         -0.000000
    1.890000       0.798190       0.482413       0.302343       0.418704         -0.000000
    1.900000       0.802989       0.477465       0.304717       0.418704         -0.000000
    1.910000       0.807739       0.472522       0.307066       0.418704         -0.000000
    1.920000       0.812440       0.467582       0.309387       0.418704         -0.000000
    1.930000       0.817091       0.462648       0.311682       0.418704         -0.000000
    1.940000       0.821693       0.457718       0.313951       0.418704         -0.000000
    1.950000       0.826245       0.452794       0.316193       0.418704         -0.000000
    1.960000       0.830749       0.447874       0.318409       0.418704         -0.000000
    1.970000       0.835203       0.442959       0.320598       0.418704         -0.000000
    1.980000       0.839608       0.438049       0.322760       0.418704         -0.000000
    1.990000       0.843964       0.433144       0.324897       0.418704         -0.000000
    2.000000       0.848271       0.428245       0.327007       0.418704         -0.000000
    2.010000       0.852529       0.423351       0.329091       0.418704         -0.000000
    2.020000       0.856738       0.418462       0.331149       0.418704         -0.000000
    2.030000       0.860898       0.413579       0.333180       0.418704         -0.000000
    2.040000       0.865009       0.408701       0.335186       0.418704         -0.000000
    2.050000       0.869072       0.403828       0.337165       0.418704         -0.000000
    2.060000       0.873086       0.398961       0.339119       0.418704         -0.000000
    2.070000       0.877051       0.394099       0.341047       0.418704         -0.000000
    2.080000       0.880968       0.389243       0.342949       0.418704         -0.000000
    2.090000       0.884836       0.384392       0.344825       0.418704         -0.000000
    2.100000       0.888656       0.379547       0.346676       0.418704         -0.000000
    2.110000       0.892427       0.374708       0.348501       0.418704         -0.000000
    2.120000       0.896150       0.369874       0.350301       0.418704         -0.000000
    2.130000       0.899825       0.365045       0.352075       0.418704         -0.000000
    2.140000       0.903451       0.360222       0.353824       0.418704         -0.000000
    2.150000       0.907029       0.355405       0.355548       0.418704         -0.000000
    2.160000       0.910559       0.350593       0.357246       0.418704         -0.000000
    2.170000       0.914041       0.345787       0.358920       0.418704         -0.000000
    2.180000       0.917475       0.340986       0.360568       0.418704         -0.000000
    2.190000       0.920861       0.336191       0.362192       0.418704         -0.000000
    2.200000       0.924199       0.331401       0.363791       0.418704         -0.000000
    2.210000       0.927489       0.326616       0.365365       0.418704         -0.000000
    2.220000       0.930731       0.321837       0.366914       0.418704         -0.000000
    2.230000       0.933925       0.317063       0.368439       0.418704         -0.000000
    2.240000       0.937072       0.312295       0.369940       0.418704         -0.000000
    2.250000       0.940171       0.307532       0.371416       0.418704         -0.000000
    2.260000       0.943223       0.302774       0.372868       0.418704         -0.000000
    2.270000       0.946227       0.298022       0.374296       0.418704         -0.000000
    2.280000       0.949183       0.293274       0.375699       0.418704         -0.000000
    2.290000       0.952092       0.288532       0.377079       0.418704         -0.000000
    2.300000       0.954954       0.283795       0.378434       0.418704         -0.000000
    2.310000       0.957768       0.279062       0.379766       0.418704         -0.000000
    2.320000       0.960535       0.274335       0.381074       0.418704         -0.000000
    2.330000       0.963255       0.269613       0.382358       0.418704         -0.000000
    2.340000       0.965927       0.264895       0.383619       0.418704         -0.000000
    2.350000       0.968553       0.260183       0.384856       0.418704         -0.000000
    2.360000       0.971131       0.255475       0.386070       0.418704         -0.000000
    2.370000       0.973662       0.250772       0.387261       0.418704         -0.000000
    2.380000       0.976147       0.246073       0.388428       0.418704         -0.000000
    2.390000       0.978584       0.241379       0.389572       0.418704         -0.000000
    2.400000       0.980974       0.236690       0.390693       0.418704         -0.000000
    2.410000       0.983318       0.232005       0.391791       0.418704         -0.000000
    2.420000       0.985614       0.227324       0.392866       0.418704         -0.000000
    2.430000       0.987864       0.222648       0.393918       0.418704         -0.000000
    2.440000       0.990067       0.217976       0.394947       0.418704         -0.000000
    2.450000       0.992224       0.213308       0.395954       0.418704         -0.000000
    2.460000       0.994333       0.208644       0.396938       0.418704         -0.000000
    2.470000       0.996397       0.203984       0.397899       0.418704         -0.000000
    2.480000       0.998413       0.199328       0.398838       0.418704         -0.000000
    2.490000       1.000383       0.194676       0.399755       0.418704         -0.000000
    2.500000       1.002307       0.190028       0.400649       0.418704         -0.000000
    2.510000       1.004184       0.185383       0.401520       0.418704         -0.000000
    2.520000       1.006014       0.180742       0.402370       0.418704         -0.000000
    2.530000       1.007799       0.176105       0.403197       0.418704         -0.000000
    2.540000       1.009536       0.171471       0.404003       0.418704         -0.000000
    2.550000       1.011228       0.166840       0.404786       0.418704         -0.000000
    2.560000       1.012873       0.162213       0.405547       0.418704         -0.000000
    2.570000       1.014472       0.157589       0.406287       0.418704         -0.000000
    2.580000       1.016025       0.152968       0.407004       0.418704         -0.000000
    2.590000       1.017532       0.148351       0.407700       0.418704         -0.000000
    2.600000       1.018992       0.143736       0.408374       0.418704         -0.000000
    2.610000       1.020406       0.139124       0.409026       0.418704         -0.000000
    2.620000       1.021775       0.134515       0.409657       0.418704         -0.000000
    2.630000       1.023097       0.129908       0.410266       0.418704         -0.000000
    2.640000       1.024373       0.125305       0.410853       0.418704         -0.000000
    2.650000       1.025603       0.120703       0.411419       0.418704         -0.000000
    2.660000       1.026787       0.116105       0.411964       0.418704         -0.000000
    2.670000       1.027925       0.111508       0.412487       0.418704         -0.000000
    2.680000       1.029017       0.106914       0.412989       0.418704         -0.000000
    2.690000       1.030063       0.102322       0.413469       0.418704         -0.000000
    2.700000       1.031063       0.097732       0.413928       0.418704         -0.000000
    2.710000       1.032018       0.093144       0.414366       0.418704         -0.000000
    2.720000       1.032926       0.088558       0.414783       0.418704         -0.000000
    2.730000       1.033789       0.083974       0.415178       0.418704         -0.000000
    2.740000       1.034606       0.079392       0.415552       0.418704         -0.000000
    2.750000       1.035377       0.074811       0.415906       0.418704         -0.000000
    2.760000       1.036102       0.070231       0.416238       0.418704         -0.000000
    2.770000       1.036781       0.065654       0.416549       0.418704         -0.000000
    2.780000       1.037415       0.061077       0.416839       0.418704         -0.000000
    2.790000       1.038003       0.056502       0.417108       0.418704         -0.000000
    2.800000       1.038545       0.051928       0.417356       0.418704         -0.000000
    2.810000       1.039042       0.047355       0.417583       0.418704         -0.000000
    2.820000       1.039492       0.042783       0.417789       0.418704         -0.000000
    2.830000       1.039897       0.038212       0.417974       0.418704         -0.000000
    2.840000       1.040257       0.033641       0.418138       0.418704         -0.000000
    2.850000       1.040570       0.029072       0.418281       0.418704         -0.000000
    2.860000       1.040838       0.024503       0.418404       0.418704         -0.000000
    2.870000       1.041060       0.019934       0.418505       0.418704         -0.000000
    2.880000       1.041237       0.015366       0.418586       0.418704         -0.000000
    2.890000       1.041367       0.010798       0.418646       0.418704         -0.000000
    2.900000       1.041453       0.006231       0.418685       0.418704         -0.000000
    2.910000       1.041492       0.001663       0.418703       0.418704         -0.000000
    2.920000       1.041486      -0.002904       0.418700       0.418704         -0.000000
    2.930000       1.041434      -0.007471       0.418676       0.418704         -0.000000
    2.940000       1.041336      -0.012039       0.418631       0.418704         -0.000000
    2.950000       1.041193      -0.016607       0.418566       0.418704         -0.000000
    2.960000       1.041004      -0.021175       0.418480       0.418704         -0.000000
    2.970000       1.040770      -0.025744       0.418373       0.418704         -0.000000
    2.980000       1.040489      -0.030313       0.418245       0.418704         -0.000000
    2.990000       1.040163      -0.034883       0.418096       0.418704         -0.000000
    3.000000       1.039792      -0.039453       0.417926       0.418704         -0.000000
    3.010000       1.039374      -0.044025       0.417735       0.418704         -0.000000
    3.020000       1.038911      -0.048597       0.417523       0.418704         -0.000000
    3.030000       1.038402      -0.053170       0.417290       0.418704         -0.000000
    3.040000       1.037848      -0.057744       0.417037       0.418704         -0.000000
    3.050000       1.037248      -0.062320       0.416762       0.418704         -0.000000
    3.060000       1.036601      -0.066897       0.416466       0.418704         -0.000000
    3.070000       1.035910      -0.071475       0.416150       0.418704         -0.000000
    3.080000       1.035172      -0.076055       0.415812       0.418704         -0.000000
    3.090000       1.034389      -0.080636       0.415453       0.418704         -0.000000
    3.100000       1.033559      -0.085219       0.415073       0.418704         -0.000000
    3.110000       1.032684      -0.089804       0.414672       0.418704         -0.000000
    3.120000       1.031763      -0.094390       0.414249       0.418704         -0.000000
    3.130000       1.030796      -0.098979       0.413806       0.418704         -0.000000
    3.140000       1.029784      -0.103569       0.413341       0.418704         -0.000000
    3.150000       1.028725      -0.108162       0.412854       0.418704         -0.000000
    3.160000       1.027620      -0.112756       0.412347       0.418704         -0.000000
    3.170000       1.026470      -0.117353       0.411818       0.418704         -0.000000
    3.180000       1.025273      -0.121953       0.411268       0.418704         -0.000000
    3.190000       1.024031      -0.126555       0.410696       0.418704         -0.000000
    3.200000       1.022742      -0.131159       0.410103       0.418704         -0.000000
    3.210000       1.021408      -0.135766       0.409488       0.418704         -0.000000
    3.220000       1.020027      -0.140376       0.408851       0.418704         -0.000000
    3.230000       1.018600      -0.144989       0.408193       0.418704         -0.000000
    3.240000       1.017127      -0.149605       0.407513       0.418704         -0.000000
    3.250000       1.015608      -0.154223       0.406812       0.418704         -0.000000
    3.260000       1.014043      -0.158845       0.406088       0.418704         -0.000000
    3.270000       1.012431      -0.163470       0.405343       0.418704         -0.000000
    3.280000       1.010773      -0.168098       0.404576       0.418704         -0.000000
    3.290000       1.009069      -0.172729       0.403786       0.418704         -0.000000
    3.300000       1.007319      -0.177364       0.402975       0.418704         -0.000000
    3.310000       1.005522      -0.182002       0.402142       0.418704         -0.000000
    3.320000       1.003678      -0.186644       0.401286       0.418704         -0.000000
    3.330000       1.001789      -0.191290       0.400408       0.418704         -0.000000
    3.340000       0.999853      -0.195939       0.399508       0.418704         -0.000000
    3.350000       0.997870      -0.200592       0.398585       0.418704         -0.000000
    3.360000       0.995841      -0.205249       0.397640       0.418704         -0.000000
    3.370000       0.993765      -0.209910       0.396673       0.418704         -0.000000
    3.380000       0.991643      -0.214575       0.395683       0.418704         -0.000000
    3.390000       0.989474      -0.219244       0.394670       0.418704         -0.000000
    3.400000       0.987258      -0.223917       0.393634       0.418704         -0.000000
    3.410000       0.984995      -0.228595       0.392576       0.418704         -0.000000
    3.420000       0.982686      -0.233277       0.391495       0.418704         -0.000000
    3.430000       0.980330      -0.237963       0.390391       0.418704         -0.000000
    3.440000       0.977927      -0.242654       0.389264       0.418704         -0.000000
    3.450000       0.975477      -0.247349       0.388113       0.418704         -0.000000
    3.460000       0.972980      -0.252049       0.386940       0.418704         -0.000000
    3.470000       0.970436      -0.256753       0.385743       0.418704         -0.000000
    3.480000       0.967844      -0.261462       0.384523       0.418704         -0.000000
    3.490000       0.965206      -0.266176       0.383279       0.418704         -0.000000
    3.500000       0.962521      -0.270895       0.382012       0.418704         -0.000000
    3.510000       0.959788      -0.275618       0.380721       0.418704         -0.000000
    3.520000       0.957009      -0.280347       0.379407       0.418704         -0.000000
    3.530000       0.954181      -0.285081       0.378068       0.418704         -0.000000
    3.540000       0.951307      -0.289819       0.376706       0.418704         -0.000000
    3.550000       0.948385      -0.294563       0.375320       0.418704         -0.000000
    3.560000       0.945416      -0.299312       0.373910       0.418704         -0.000000
    3.570000       0.942399      -0.304066       0.372476       0.418704         -0.000000
    3.580000       0.939334      -0.308825       0.371017       0.418704         -0.000000
    3.590000       0.936222      -0.313590       0.369535       0.418704         -0.000000
    3.600000       0.933062      -0.318359       0.368028       0.418704         -0.000000
    3.610000       0.929855      -0.323135       0.366496       0.418704         -0.000000
    3.620000       0.926600      -0.327915       0.364940       0.418704         -0.000000
    3.630000       0.923297      -0.332701       0.363359       0.418704         -0.000000
    3.640000       0.919946      -0.337493       0.361753       0.418704         -0.000000
    3.650000       0.916547      -0.342289       0.360123       0.418704         -0.000000
    3.660000       0.913100      -0.347092       0.358468       0.418704         -0.000000
    3.670000       0.909605      -0.351900       0.356787       0.418704         -0.000000
    3.680000       0.906062      -0.356713       0.355082       0.418704         -0.000000
    3.690000       0.902471      -0.361532       0.353351       0.418704         -0.000000
    3.700000       0.898831      -0.366356       0.351596       0.418704         -0.000000
    3.710000       0.895144      -0.371186       0.349814       0.418704         -0.000000
    3.720000       0.891408      -0.376022       0.348008       0.418704         -0.000000
    3.730000       0.887623      -0.380863       0.346176       0.418704         -0.000000
    3.740000       0.883790      -0.385709       0.344318       0.418704         -0.000000
    3.750000       0.879909      -0.390561       0.342435       0.418704         -0.000000
    3.760000       0.875979      -0.395419       0.340526       0.418704         -0.000000
    3.770000       0.872000      -0.400282       0.338591       0.418704         -0.000000
    3.780000       0.867973      -0.405151       0.336630       0.418704         -0.000000
    3.790000       0.863897      -0.410025       0.334644       0.418704         -0.000000
    3.800000       0.859773      -0.414905       0.332631       0.418704         -0.000000
    3.810000       0.855599      -0.419789       0.330592       0.418704         -0.000000
    3.820000       0.851377      -0.424680       0.328528       0.418704         -0.000000
    3.830000       0.847106      -0.429575       0.326437       0.418704         -0.000000
    3.840000       0.842785      -0.434476       0.324319       0.418704         -0.000000
    3.850000       0.838416      -0.439382       0.322176       0.418704         -0.000000
    3.860000       0.833998      -0.444293       0.320006       0.418704         -0.000000
    3.870000       0.829530      -0.449209       0.317809       0.418704         -0.000000
    3.880000       0.825014      -0.454131       0.315587       0.418704         -0.000000
    3.890000       0.820448      -0.459057       0.313337       0.418704         -0.000000
    3.900000       0.815832      -0.463988       0.311062       0.418704         -0.000000
    3.910000       0.811168      -0.468923       0.308759       0.418704         -0.000000
    3.920000       0.806454      -0.473864       0.306431       0.418704         -0.000000
    3.930000       0.801691      -0.478809       0.304075       0.418704         -0.000000
    3.940000       0.796878      -0.483758       0.301693       0.418704         -0.000000
    3.950000       0.792015      -0.488712       0.299284       0.418704         -0.000000
    3.960000       0.787104      -0.493669       0.296849       0.418704         -0.000000
    3.970000       0.782142      -0.498631       0.294387       0.418704         -0.000000
    3.980000       0.777131      -0.503597       0.291899       0.418704         -0.000000
    3.990000       0.772070      -0.508566       0.289384       0.418704         -0.000000
    4.000000       0.766960      -0.513539       0.286843       0.418704         -0.000000
    4.010000       0.761799      -0.518515       0.284275       0.418704         -0.000000
    4.020000       0.756589      -0.523495       0.281680       0.418704         -0.000000
    4.030000       0.751329      -0.528478       0.279060       0.418704         -0.000000
    4.040000       0.746020      -0.533463       0.276413       0.418704         -0.000000
    4.050000       0.740660      -0.538451       0.273739       0.418704         -0.000000
    4.060000       0.735251      -0.543441       0.271040       0.418704         -0.000000
    4.070000       0.729791      -0.548434       0.268314       0.418704         -0.000000
    4.080000       0.724282      -0.553428       0.265562       0.418704         -0.000000
    4.090000       0.718723      -0.558424       0.262785       0.418704         -0.000000
    4.100000       0.713114      -0.563422       0.259982       0.418704         -0.000000
    4.110000       0.707454      -0.568420       0.257153       0.418704         -0.000000
    4.120000       0.701745      -0.573420       0.254299       0.418704         -0.000000
    4.130000       0.695986      -0.578420       0.251419       0.418704         -0.000000
    4.140000       0.690177      -0.583420       0.248515       0.418704         -0.000000
    4.150000       0.684318      -0.588419       0.245585       0.418704         -0.000000
    4.160000       0.678408      -0.593419       0.242631       0.418704         -0.000000
    4.170000       0.672449      -0.598417       0.239652       0.418704         -0.000000
    4.180000       0.666440      -0.603414       0.236650       0.418704         -0.000000
    4.190000       0.660381      -0.608410       0.233623       0.418704         -0.000000
    4.200000       0.654272      -0.613403       0.230572       0.418704         -0.000000
    4.210000       0.648113      -0.618394       0.227499       0.418704         -0.000000
    4.220000       0.641904      -0.623382       0.224402       0.418704         -0.000000
    4.230000       0.635645      -0.628366       0.221282       0.418704         -0.000000
    4.240000       0.629337      -0.633346       0.218140       0.418704         -0.000000
    4.250000       0.622978      -0.638322       0.214976       0.418704         -0.000000
    4.260000       0.616570      -0.643293       0.211791       0.418704         -0.000000
    4.270000       0.610112      -0.648259       0.208584       0.418704         -0.000000
    4.280000       0.603605      -0.653218       0.205357       0.418704         -0.000000
    4.290000       0.597048      -0.658171       0.202110       0.418704         -0.000000
    4.300000       0.590442      -0.663116       0.198842       0.418704         -0.000000
    4.310000       0.583786      -0.668054       0.195556       0.418704         -0.000000
    4.320000       0.577081      -0.672982       0.192251       0.418704         -0.000000
    4.330000       0.570326      -0.677902       0.188928       0.418704         -0.000000
    4.340000       0.563523      -0.682811       0.185588       0.418704         -0.000000
    4.350000       0.556670      -0.687710       0.182231       0.418704         -0.000000
    4.360000       0.549768      -0.692597       0.178858       0.418704         -0.000000
    4.370000       0.542818      -0.697472       0.175470       0.418704         -0.000000
    4.380000       0.535819      -0.702334       0.172068       0.418704         -0.000000
    4.390000       0.528771      -0.707182       0.168651       0.418704         -0.000000
    4.400000       0.521675      -0.712014       0.165222       0.418704         -0.000000
    4.410000       0.514531      -0.716831       0.161780       0.418704         -0.000000
    4.420000       0.507339      -0.721632       0.158328       0.418704         -0.000000
    4.430000       0.500099      -0.726414       0.154865       0.418704         -0.000000
    4.440000       0.492811      -0.731178       0.151393       0.418704         -0.000000
    4.450000       0.485475      -0.735922       0.147914       0.418704         -0.000000
    4.460000       0.478092      -0.740645       0.144427       0.418704         -0.000000
    4.470000       0.470662      -0.745346       0.140934       0.418704         -0.000000
    4.480000       0.463185      -0.750023       0.137436       0.418704         -0.000000
    4.490000       0.455662      -0.754677       0.133935       0.418704         -0.000000
    4.500000       0.448092      -0.759305       0.130432       0.418704         -0.000000
    4.510000       0.440476      -0.763905       0.126928       0.418704         -0.000000
    4.520000       0.432814      -0.768478       0.123425       0.418704         -0.000000
    4.530000       0.425106      -0.773021       0.119924       0.418704         -0.000000
    4.540000       0.417354      -0.777532       0.116426       0.418704         -0.000000
    4.550000       0.409556      -0.782012       0.112933       0.418704         -0.000000
    4.560000       0.401714      -0.786457       0.109447       0.418704         -0.000000
    4.570000       0.393827      -0.790866       0.105969       0.418704         -0.000000
    4.580000       0.385896      -0.795239       0.102502       0.418704         -0.000000
    4.590000       0.377922      -0.799572       0.099046       0.418704         -0.000000
    4.600000       0.369905      -0.803865       0.095605       0.418704         -0.000000
    4.610000       0.361845      -0.808115       0.092179       0.418704         -0.000000
    4.620000       0.353743      -0.812321       0.088771       0.418704         -0.000000
    4.630000       0.345599      -0.816481       0.085383       0.418704         -0.000000
    4.640000       0.337413      -0.820594       0.082017       0.418704         -0.000000
    4.650000       0.329187      -0.824656       0.078676       0.418704         -0.000000
    4.660000       0.320921      -0.828665       0.075361       0.418704         -0.000000
    4.670000       0.312614      -0.832621       0.072075       0.418704         -0.000000
    4.680000       0.304268      -0.836520       0.068821       0.418704         -0.000000
    4.690000       0.295884      -0.840361       0.065601       0.418704         -0.000000
    4.700000       0.287461      -0.844141       0.062417       0.418704         -0.000000
    4.710000       0.279001      -0.847857       0.059273       0.418704         -0.000000
    4.720000       0.270504      -0.851507       0.056172       0.418704         -0.000000
    4.730000       0.261971      -0.855089       0.053115       0.418704         -0.000000
    4.740000       0.253403      -0.858601       0.050106       0.418704         -0.000000
    4.750000       0.244800      -0.862038       0.047149       0.418704         -0.000000
    4.760000       0.236162      -0.865399       0.044246       0.418704         -0.000000
    4.770000       0.227492      -0.868681       0.041400       0.418704         -0.000000
    4.780000       0.218789      -0.871881       0.038616       0.418704         -0.000000
    4.790000       0.210054      -0.874996       0.035895       0.418704         -0.000000
    4.800000       0.201289      -0.878023       0.033242       0.418704         -0.000000
    4.810000       0.192494      -0.880958       0.030660       0.418704         -0.000000
    4.820000       0.183670      -0.883799       0.028153       0.418704         -0.000000
    4.830000       0.174819      -0.886542       0.025725       0.418704         -0.000000
    4.840000       0.165940      -0.889185       0.023379       0.418704         -0.000000
    4.850000       0.157035      -0.891722       0.021120       0.418704         -0.000000
    4.860000       0.148106      -0.894152       0.018950       0.418704         -0.000000
    4.870000       0.139153      -0.896469       0.016875       0.418704         -0.000000
    4.880000       0.130177      -0.898672       0.014899       0.418704         -0.000000
    4.890000       0.121180      -0.900755       0.013025       0.418704         -0.000000
    4.900000       0.112162      -0.902714       0.011257       0.418704         -0.000000
    4.910000       0.103126      -0.904547       0.009601       0.418704         -0.000000
    4.920000       0.094072      -0.906248       0.008061       0.418704         -0.000000
    4.930000       0.085001      -0.907814       0.006640       0.418704         -0.000000
    4.940000       0.075916      -0.909241       0.005344       0.418704         -0.000000
    4.950000       0.066817      -0.910523       0.004177       0.418704         -0.000000
    4.960000       0.057706      -0.911658       0.003144       0.418704         -0.000000
    4.970000       0.048584      -0.912639       0.002249       0.418704         -0.000000
    4.980000       0.039454      -0.913463       0.001497       0.418704         -0.000000
    4.990000       0.030316      -0.914125       0.000892       0.418704         -0.000000
    5.000000       0.021172      -0.914620       0.000439       0.418704         -0.000000
    5.010000       0.012024      -0.914944       0.000143       0.418704         -0.000000
    5.020000       0.002873      -0.915091       0.000008       0.418704         -0.000000
    5.030000      -0.006277      -0.915057       0.000040       0.418704         -0.000000
    5.040000      -0.015427      -0.914836       0.000242       0.418704         -0.000000
    5.050000      -0.024574      -0.914423       0.000619       0.418704         -0.000000
    5.060000      -0.033715      -0.913814       0.001176       0.418704         -0.000000
    5.070000      -0.042849      -0.913003       0.001917       0.418704         -0.000000
    5.080000      -0.051974      -0.911985       0.002846       0.418704         -0.000000
    5.090000      -0.061088      -0.910753       0.003968       0.418704         -0.000000
    5.100000      -0.070189      -0.909304       0.005287       0.418704         -0.000000
    5.110000      -0.079274      -0.907632       0.006806       0.418704         -0.000000
    5.120000      -0.088341      -0.905730       0.008530       0.418704         -0.000000
    5.130000      -0.097387      -0.903594       0.010463       0.418704         -0.000000
    5.140000      -0.106412      -0.901218       0.012607       0.418704         -0.000000
    5.150000      -0.115411      -0.898597       0.014966       0.418704         -0.000000
    5.160000      -0.124383      -0.895724       0.017543       0.418704         -0.000000
    5.170000      -0.133325      -0.892595       0.020341       0.418704         -0.000000
    5.180000      -0.142234      -0.889204       0.023362       0.418704         -0.000000
    5.190000      -0.151108      -0.885545       0.026609       0.418704         -0.000000
    5.200000      -0.159944      -0.881613       0.030083       0.418704         -0.000000
    5.210000      -0.168739      -0.877402       0.033787       0.418704         -0.000000
    5.220000      -0.177491      -0.872907       0.037720       0.418704         -0.000000
    5.230000      -0.186196      -0.868123       0.041885       0.418704         -0.000000
    5.240000      -0.194852      -0.863044       0.046282       0.418704         -0.000000
    5.250000      -0.203456      -0.857665       0.050910       0.418704         -0.000000
    5.260000      -0.212005      -0.851981       0.055768       0.418704         -0.000000
    5.270000      -0.220495      -0.845986       0.060858       0.418704         -0.000000
    5.280000      -0.228923      -0.839677       0.066175       0.418704         -0.000000
    5.290000      -0.237287      -0.833048       0.071720       0.418704         -0.000000
    5.300000      -0.245583      -0.826094       0.077488       0.418704         -0.000000
    5.310000      -0.253808      -0.818812       0.083477       0.418704         -0.000000
    5.320000      -0.261958      -0.811197       0.089684       0.418704         -0.000000
    5.330000      -0.270031      -0.803245       0.096103       0.418704         -0.000000
    5.340000      -0.278022      -0.794951       0.102730       0.418704          0.000000
    5.350000      -0.285929      -0.786314       0.109559       0.418704          0.000000
    5.360000      -0.293747      -0.777328       0.116584       0.418704          0.000000
    5.370000      -0.301474      -0.767992       0.123798       0.418704          0.000000
    5.380000      -0.309106      -0.758301       0.131194       0.418704          0.000000
    5.390000      -0.316639      -0.748255       0.138761       0.418704          0.000000
    5.400000      -0.324070      -0.737850       0.146493       0.418704          0.000000
    5.410000      -0.331395      -0.727085       0.154378       0.418704          0.000000
    5.420000      -0.338610      -0.715958       0.162406       0.418704          0.000000
    5.430000      -0.345713      -0.704468       0.170566       0.418704          0.000000
    5.440000      -0.352698      -0.692615       0.178846       0.418704          0.000000
    5.450000      -0.359564      -0.680398       0.187233       0.418704          0.000000
    5.460000      -0.366305      -0.667818       0.195714       0.418704          0.000000
    5.470000      -0.372919      -0.654874       0.204274       0.418704          0.000000
    5.480000      -0.379401      -0.641569       0.212899       0.418704          0.000000
    5.490000      -0.385749      -0.627903       0.221573       0.418704          0.000000
    5.500000      -0.391958      -0.613878       0.230281       0.418704          0.000000
    5.510000      -0.398025      -0.599497       0.239005       0.418704          0.000000
    5.520000      -0.403947      -0.584764       0.247730       0.418704          0.000000
    5.530000      -0.409720      -0.569680       0.256436       0.418704          0.000000
    5.540000      -0.415339      -0.554252       0.265106       0.418704          0.000000
    5.550000      -0.420803      -0.538482       0.273722       0.418704          0.000000
    5.560000      -0.426108      -0.522377       0.282265       0.418704          0.000000
    5.570000      -0.431250      -0.505942       0.290715       0.418704          0.000000
    5.580000      -0.436226      -0.489184       0.299054       0.418704          0.000000
    5.590000      -0.441032      -0.472108       0.307261       0.418704          0.000000
    5.600000      -0.445667      -0.454723       0.315317       0.418704          0.000000
    5.610000      -0.450126      -0.437037       0.323203       0.418704          0.000000
    5.620000      -0.454407      -0.419058       0.330899       0.418704          0.000000
    5.630000      -0.458506      -0.400795       0.338386       0.418704          0.000000
    5.640000      -0.462422      -0.382257       0.345644       0.418704          0.000000
    5.650000      -0.466150      -0.363456       0.352654       0.418704          0.000000
    5.660000      -0.469690      -0.344401       0.359398       0.418704          0.000000
    5.670000      -0.473038      -0.325104       0.365858       0.418704          0.000000
    5.680000      -0.476191      -0.305576       0.372016       0.418704          0.000000
    5.690000      -0.479148      -0.285830       0.377855       0.418704          0.000000
    5.700000      -0.481907      -0.265878       0.383358       0.418704          0.000000
    5.710000      -0.484465      -0.245734       0.388511       0.418704          0.000000
    5.720000      -0.486821      -0.225410       0.393299       0.418704          0.000000
    5.730000      -0.488973      -0.204921       0.397708       0.418704         -0.000000
    5.740000      -0.490919      -0.184281       0.401724       0.418704         -0.000000
    5.750000      -0.492658      -0.163504       0.405337       0.418704         -0.000000
    5.760000      -0.494189      -0.142606       0.408536       0.418704         -0.000000
    5.770000      -0.495510      -0.121601       0.411311       0.418704         -0.000000
    5.780000      -0.496621      -0.100505       0.413653       0.418704         -0.000000
    5.790000      -0.497520      -0.079334       0.415557       0.418704         -0.000000
    5.800000      -0.498207      -0.058103       0.417016       0.418704         -0.000000
    5.810000      -0.498682      -0.036828       0.418026       0.418704         -0.000000
    5.820000      -0.498943      -0.015525       0.418583       0.418704         -0.000000
    5.830000      -0.498992       0.005789       0.418687       0.418704         -0.000000
    5.840000      -0.498828       0.027099       0.418337       0.418704         -0.000000
    5.850000      -0.498450       0.048389       0.417533       0.418704         -0.000000
    5.860000      -0.497860       0.069642       0.416279       0.418704         -0.000000
    5.870000      -0.497058       0.090843       0.414578       0.418704         -0.000000
    5.880000      -0.496043       0.111975       0.412435       0.418704         -0.000000
    5.890000      -0.494818       0.133023       0.409856       0.418704         -0.000000
    5.900000      -0.493383       0.153972       0.406850       0.418704         -0.000000
    5.910000      -0.491739       0.174806       0.403425       0.418704         -0.000000
    5.920000      -0.489888       0.195510       0.399592       0.418704         -0.000000
    5.930000      -0.487830       0.216070       0.395361       0.418704         -0.000000
    5.940000      -0.485567       0.236471       0.390745       0.418704         -0.000000
    5.950000      -0.483101       0.256699       0.385757       0.418704         -0.000000
    5.960000      -0.480433       0.276741       0.380411       0.418704          0.000000
    5.970000      -0.477567       0.296582       0.374723       0.418704          0.000000
    5.980000      -0.474502       0.316211       0.368709       0.418704          0.000000
    5.990000      -0.471243       0.335615       0.362385       0.418704          0.000000
    6.000000      -0.467791       0.354782       0.355769       0.418704          0.000000
    6.010000      -0.464148       0.373701       0.348878       0.418704          0.000000
    6.020000      -0.460318       0.392360       0.341731       0.418704          0.000000
    6.030000      -0.456302       0.410750       0.334346       0.418704          0.000000
    6.040000      -0.452104       0.428860       0.326744       0.418704          0.000000
    6.050000      -0.447726       0.446681       0.318942       0.418704          0.000000
    6.060000      -0.443171       0.464205       0.310961       0.418704          0.000000
    6.070000      -0.438443       0.481422       0.302820       0.418704          0.000000
    6.080000      -0.433544       0.498327       0.294539       0.418704          0.000000
    6.090000      -0.428477       0.514910       0.286138       0.418704          0.000000
    6.100000      -0.423247       0.531167       0.277635       0.418704          0.000000
    6.110000      -0.417855       0.547090       0.269050       0.418704          0.000000
    6.120000      -0.412306       0.562675       0.260402       0.418704          0.000000
    6.130000      -0.406603       0.577917       0.251710       0.418704          0.000000
    6.140000      -0.400749       0.592810       0.242992       0.418704          0.000000
    6.150000      -0.394748       0.607353       0.234265       0.418704          0.000000
    6.160000      -0.388603       0.621540       0.225548       0.418704          0.000000
    6.170000      -0.382318       0.635371       0.216856       0.418704          0.000000
    6.180000      -0.375897       0.648841       0.208207       0.418704          0.000000
    6.190000      -0.369342       0.661950       0.199615       0.418704          0.000000
    6.200000      -0.362659       0.674697       0.191096       0.418704          0.000000
    6.210000      -0.355850       0.687080       0.182665       0.418704          0.000000
    6.220000      -0.348918       0.699099       0.174334       0.418704          0.000000
    6.230000      -0.341869       0.710755       0.166118       0.418704          0.000000
    6.240000      -0.334705       0.722047       0.158028       0.418704          0.000000
    6.250000      -0.327429       0.732977       0.150076       0.418704          0.000000
    6.260000      -0.320046       0.743546       0.142273       0.418704          0.000000
    6.270000      -0.312559       0.753756       0.134630       0.418704          0.000000
    6.280000      -0.304972       0.763609       0.127155       0.418704         -0.000000
    6.290000      -0.297288       0.773107       0.119857       0.418704         -0.000000
    6.300000      -0.289511       0.782252       0.112745       0.418704         -0.000000
    6.310000      -0.281644       0.791049       0.105825       0.418704         -0.000000
    6.320000      -0.273691       0.799499       0.099105       0.418704         -0.000000
    6.330000      -0.265656       0.807606       0.092590       0.418704         -0.000000
    6.340000      -0.257540       0.815375       0.086286       0.418704         -0.000000
    6.350000      -0.249349       0.822809       0.080197       0.418704         -0.000000
    6.360000      -0.241085       0.829912       0.074327       0.418704         -0.000000
    6.370000      -0.232752       0.836689       0.068680       0.418704         -0.000000
    6.380000      -0.224353       0.843144       0.063258       0.418704         -0.000000
    6.390000      -0.215890       0.849281       0.058065       0.418704         -0.000000
    6.400000      -0.207368       0.855106       0.053100       0.418704         -0.000000
    6.410000      -0.198789       0.860624       0.048367       0.418704         -0.000000
    6.420000      -0.190157       0.865840       0.043865       0.418704         -0.000000
    6.430000      -0.181473       0.870758       0.039594       0.418704         -0.000000
    6.440000      -0.172742       0.875385       0.035555       0.418704         -0.000000
    6.450000      -0.163967       0.879725       0.031746       0.418704         -0.000000
    6.460000      -0.155149       0.883783       0.028168       0.418704         -0.000000
    6.470000      -0.146292       0.887566       0.024817       0.418704         -0.000000
    6.480000      -0.137398       0.891079       0.021693       0.418704         -0.000000
    6.490000      -0.128471       0.894327       0.018793       0.418704         -0.000000
    6.500000      -0.119513       0.897316       0.016116       0.418704         -0.000000
    6.510000      -0.110526       0.900052       0.013657       0.418704         -0.000000
    6.520000      -0.101513       0.902539       0.011416       0.418704         -0.000000
    6.530000      -0.092476       0.904784       0.009387       0.418704         -0.000000
    6.540000      -0.083418       0.906792       0.007568       0.418704         -0.000000
    6.550000      -0.074341       0.908568       0.005956       0.418704         -0.000000
    6.560000      -0.065247       0.910119       0.004546       0.418704         -0.000000
    6.570000      -0.056139       0.911449       0.003334       0.418704         -0.000000
    6.580000      -0.047019       0.912564       0.002318       0.418704         -0.000000
    6.590000      -0.037888       0.913469       0.001491       0.418704         -0.000000
    6.600000      -0.028750       0.914170       0.000851       0.418704         -0.000000
    6.610000      -0.019606       0.914671       0.000392       0.418704         -0.000000
    6.620000      -0.010457       0.914979       0.000111       0.418704         -0.000000
    6.630000      -0.001307       0.915098       0.000002       0.418704         -0.000000
    6.640000       0.007844       0.915033       0.000061       0.418704         -0.000000
    6.650000       0.016993       0.914790       0.000284       0.418704         -0.000000
    6.660000       0.026139       0.914372       0.000666       0.418704         -0.000000
    6.670000       0.035280       0.913786       0.001202       0.418704         -0.000000
    6.680000       0.044414       0.913035       0.001887       0.418704         -0.000000
    6.690000       0.053540       0.912125       0.002718       0.418704         -0.000000
    6.700000       0.062656       0.911060       0.003689       0.418704         -0.000000
    6.710000       0.071761       0.909845       0.004795       0.418704         -0.000000
    6.720000       0.080853       0.908484       0.006033       0.418704         -0.000000
    6.730000       0.089930       0.906981       0.007397       0.418704         -0.000000
    6.740000       0.098992       0.905341       0.008883       0.418704         -0.000000
    6.750000       0.108037       0.903567       0.010487       0.418704         -0.000000
    6.760000       0.117063       0.901665       0.012204       0.418704         -0.000000
    6.770000       0.126070       0.899638       0.014030       0.418704         -0.000000
    6.780000       0.135055       0.897490       0.015960       0.418704         -0.000000
    6.790000       0.144019       0.895225       0.017990       0.418704         -0.000000
    6.800000       0.152959       0.892846       0.020117       0.418704         -0.000000
    6.810000       0.161875       0.890357       0.022336       0.418704         -0.000000
    6.820000       0.170766       0.887762       0.024643       0.418704         -0.000000
    6.830000       0.179630       0.885065       0.027034       0.418704         -0.000000
    6.840000       0.188467       0.882268       0.029506       0.418704         -0.000000
    6.850000       0.197275       0.879375       0.032054       0.418704         -0.000000
    6.860000       0.206054       0.876390       0.034675       0.418704         -0.000000
    6.870000       0.214803       0.873315       0.037365       0.418704         -0.000000
    6.880000       0.223520       0.870153       0.040121       0.418704         -0.000000
    6.890000       0.232206       0.866908       0.042939       0.418704         -0.000000
    6.900000       0.240858       0.863583       0.045816       0.418704         -0.000000
    6.910000       0.249477       0.860180       0.048749       0.418704         -0.000000
    6.920000       0.258062       0.856702       0.051735       0.418704         -0.000000
    6.930000       0.266611       0.853152       0.054770       0.418704         -0.000000
    6.940000       0.275124       0.849533       0.057851       0.418704         -0.000000
    6.950000       0.283601       0.845846       0.060976       0.418704         -0.000000
    6.960000       0.292041       0.842095       0.064142       0.418704         -0.000000
    6.970000       0.300443       0.838282       0.067345       0.418704         -0.000000
    6.980000       0.308807       0.834409       0.070584       0.418704         -0.000000
    6.990000       0.317131       0.830479       0.073856       0.418704         -0.000000
    7.000000       0.325416       0.826494       0.077158       0.418704         -0.000000
    7.010000       0.333661       0.822455       0.080488       0.418704         -0.000000
    7.020000       0.341865       0.818366       0.083843       0.418704         -0.000000
    7.030000       0.350028       0.814228       0.087221       0.418704         -0.000000
    7.040000       0.358149       0.810042       0.090620       0.418704         -0.000000
    7.050000       0.366229       0.805812       0.094038       0.418704         -0.000000
    7.060000       0.374265       0.801538       0.097472       0.418704         -0.000000
    7.070000       0.382259       0.797223       0.100922       0.418704         -0.000000
    7.080000       0.390210       0.792868       0.104384       0.418704         -0.000000
    7.090000       0.398116       0.788475       0.107857       0.418704         -0.000000
    7.100000       0.405979       0.784046       0.111340       0.418704         -0.000000
    7.110000       0.413797       0.779583       0.114829       0.418704         -0.000000
    7.120000       0.421571       0.775085       0.118325       0.418704         -0.000000
    7.130000       0.429299       0.770557       0.121825       0.418704         -0.000000
    7.140000       0.436982       0.765998       0.125328       0.418704         -0.000000
    7.150000       0.444619       0.761410       0.128832       0.418704         -0.000000
    7.160000       0.452210       0.756794       0.132335       0.418704         -0.000000
    7.170000       0.459754       0.752152       0.135837       0.418704         -0.000000
    7.180000       0.467253       0.747485       0.139337       0.418704         -0.000000
    7.190000       0.474704       0.742795       0.142832       0.418704         -0.000000
    7.200000       0.482109       0.738082       0.146322       0.418704         -0.000000
    7.210000       0.489466       0.733347       0.149805       0.418704         -0.000000
    7.220000       0.496775       0.728593       0.153280       0.418704         -0.000000
    7.230000       0.504037       0.723819       0.156747       0.418704         -0.000000
    7.240000       0.511252       0.719026       0.160205       0.418704         -0.000000
    7.250000       0.518418       0.714217       0.163651       0.418704         -0.000000
    7.260000       0.525536       0.709391       0.167086       0.418704         -0.000000
    7.270000       0.532606       0.704550       0.170509       0.418704         -0.000000
    7.280000       0.539627       0.699695       0.173918       0.418704         -0.000000
    7.290000       0.546600       0.694826       0.177313       0.418704         -0.000000
    7.300000       0.553523       0.689944       0.180693       0.418704         -0.000000
    7.310000       0.560398       0.685051       0.184057       0.418704         -0.000000
    7.320000       0.567224       0.680146       0.187405       0.418704         -0.000000
    7.330000       0.574001       0.675231       0.190736       0.418704         -0.000000
    7.340000       0.580729       0.670306       0.194049       0.418704         -0.000000
    7.350000       0.587407       0.665373       0.197344       0.418704         -0.000000
    7.360000       0.594036       0.660431       0.200620       0.418704         -0.000000
    7.370000       0.600616       0.655481       0.203876       0.418704         -0.000000
    7.380000       0.607146       0.650525       0.207113       0.418704         -0.000000
    7.390000       0.613626       0.645562       0.210329       0.418704         -0.000000
    7.400000       0.620057       0.640594       0.213524       0.418704         -0.000000
    7.410000       0.626438       0.635620       0.216698       0.418704         -0.000000
    7.420000       0.632770       0.630641       0.219850       0.418704         -0.000000
    7.430000       0.639051       0.625659       0.222979       0.418704         -0.000000
    7.440000       0.645283       0.620673       0.226087       0.418704         -0.000000
    7.450000       0.651465       0.615683       0.229171       0.418704         -0.000000
    7.460000       0.657596       0.610691       0.232232       0.418704         -0.000000
    7.470000       0.663678       0.605696       0.235270       0.418704         -0.000000
    7.480000       0.669710       0.600700       0.238284       0.418704         -0.000000
    7.490000       0.675692       0.595702       0.241273       0.418704         -0.000000
    7.500000       0.681624       0.590703       0.244239       0.418704         -0.000000
    7.510000       0.687506       0.585704       0.247180       0.418704         -0.000000
    7.520000       0.693338       0.580704       0.250096       0.418704         -0.000000
    7.530000       0.699120       0.575704       0.252987       0.418704         -0.000000
    7.540000       0.704853       0.570704       0.255852       0.418704         -0.000000
    7.550000       0.710535       0.565705       0.258693       0.418704         -0.000000
    7.560000       0.716167       0.560707       0.261508       0.418704         -0.000000
    7.570000       0.721749       0.555710       0.264297       0.418704         -0.000000
    7.580000       0.727281       0.550715       0.267060       0.418704         -0.000000
    7.590000       0.732763       0.545722       0.269798       0.418704         -0.000000
    7.600000       0.738195       0.540730       0.272509       0.418704         -0.000000
    7.610000       0.743578       0.535741       0.275195       0.418704         -0.000000
    7.620000       0.748910       0.530755       0.277854       0.418704         -0.000000
    7.630000       0.754193       0.525771       0.280487       0.418704         -0.000000
    7.640000       0.759426       0.520790       0.283093       0.418704         -0.000000
    7.650000       0.764609       0.515812       0.285673       0.418704         -0.000000
    7.660000       0.769742       0.510837       0.288227       0.418704         -0.000000
    7.670000       0.774825       0.505866       0.290754       0.418704         -0.000000
    7.680000       0.779859       0.500899       0.293254       0.418704         -0.000000
    7.690000       0.784843       0.495935       0.295728       0.418704         -0.000000
    7.700000       0.789778       0.490976       0.298175       0.418704         -0.000000
    7.710000       0.794663       0.486020       0.300596       0.418704         -0.000000
    7.720000       0.799498       0.481069       0.302990       0.418704         -0.000000
    7.730000       0.804284       0.476122       0.305358       0.418704         -0.000000
    7.740000       0.809021       0.471180       0.307699       0.418704         -0.000000
    7.750000       0.813708       0.466242       0.310013       0.418704         -0.000000
    7.760000       0.818346       0.461309       0.312301       0.418704         -0.000000
    7.770000       0.822934       0.456380       0.314562       0.418704         -0.000000
    7.780000       0.827473       0.451457       0.316797       0.418704         -0.000000
    7.790000       0.831963       0.446538       0.319006       0.418704         -0.000000
    7.800000       0.836404       0.441625       0.321188       0.418704         -0.000000
    7.810000       0.840796       0.436716       0.323343       0.418704         -0.000000
    7.820000       0.845138       0.431813       0.325473       0.418704         -0.000000
    7.830000       0.849432       0.426915       0.327576       0.418704         -0.000000
    7.840000       0.853677       0.422023       0.329652       0.418704         -0.000000
    7.850000       0.857872       0.417135       0.331703       0.418704         -0.000000
    7.860000       0.862019       0.412253       0.333728       0.418704         -0.000000
    7.870000       0.866118       0.407377       0.335726       0.418704         -0.000000
    7.880000       0.870167       0.402506       0.337699       0.418704         -0.000000
    7.890000       0.874168       0.397640       0.339645       0.418704         -0.000000
    7.900000       0.878120       0.392780       0.341566       0.418704         -0.000000
    7.910000       0.882023       0.387925       0.343461       0.418704         -0.000000
    7.920000       0.885878       0.383076       0.345330       0.418704         -0.000000
    7.930000       0.889685       0.378232       0.347174       0.418704         -0.000000
    7.940000       0.893443       0.373394       0.348992       0.418704         -0.000000
    7.950000       0.897153       0.368562       0.350785       0.418704         -0.000000
    7.960000       0.900814       0.363735       0.352552       0.418704         -0.000000
    7.970000       0.904427       0.358914       0.354294       0.418704         -0.000000
    7.980000       0.907992       0.354098       0.356011       0.418704         -0.000000
    7.990000       0.911509       0.349287       0.357703       0.418704         -0.000000
    8.000000       0.914978       0.344482       0.359370       0.418704         -0.000000
    8.010000       0.918399       0.339683       0.361012       0.418704         -0.000000
    8.020000       0.921772       0.334889       0.362629       0.418704         -0.000000
    8.030000       0.925097       0.330101       0.364221       0.418704         -0.000000
    8.040000       0.928374       0.325318       0.365788       0.418704         -0.000000
    8.050000       0.931603       0.320540       0.367331       0.418704         -0.000000
    8.060000       0.934785       0.315768       0.368849       0.418704         -0.000000
    8.070000       0.937919       0.311001       0.370343       0.418704         -0.000000
    8.080000       0.941005       0.306239       0.371813       0.418704         -0.000000
    8.090000       0.944043       0.301483       0.373258       0.418704         -0.000000
    8.100000       0.947034       0.296732       0.374679       0.418704         -0.000000
    8.110000       0.949978       0.291986       0.376076       0.418704         -0.000000
    8.120000       0.952874       0.287245       0.377449       0.418704         -0.000000
    8.130000       0.955723       0.282509       0.378798       0.418704         -0.000000
    8.140000       0.958524       0.277778       0.380124       0.418704         -0.000000
    8.150000       0.961279       0.273052       0.381425       0.418704         -0.000000
    8.160000       0.963985       0.268331       0.382703       0.418704         -0.000000
    8.170000       0.966645       0.263615       0.383958       0.418704         -0.000000
    8.180000       0.969258       0.258904       0.385188       0.418704         -0.000000
    8.190000       0.971823       0.254197       0.386396       0.418704         -0.000000
    8.200000       0.974342       0.249495       0.387580       0.418704         -0.000000
    8.210000       0.976813       0.244798       0.388741       0.418704         -0.000000
    8.220000       0.979238       0.240105       0.389879       0.418704         -0.000000
    8.230000       0.981615       0.235417       0.390993       0.418704         -0.000000
    8.240000       0.983946       0.230733       0.392085       0.418704         -0.000000
    8.250000       0.986230       0.226054       0.393154       0.418704         -0.000000
    8.260000       0.988467       0.221378       0.394200       0.418704         -0.000000
    8.270000       0.990658       0.216707       0.395223       0.418704         -0.000000
    8.280000       0.992801       0.212041       0.396223       0.418704         -0.000000
    8.290000       0.994898       0.207378       0.397201       0.418704         -0.000000
    8.300000       0.996949       0.202719       0.398156       0.418704         -0.000000
    8.310000       0.998953       0.198064       0.399089       0.418704         -0.000000
    8.320000       1.000910       0.193413       0.400000       0.418704         -0.000000
    8.330000       1.002821       0.188766       0.400888       0.418704         -0.000000
    8.340000       1.004685       0.184122       0.401753       0.418704         -0.000000
    8.350000       1.006504       0.179482       0.402597       0.418704         -0.000000
    8.360000       1.008275       0.174846       0.403418       0.418704         -0.000000
    8.370000       1.010000       0.170213       0.404218       0.418704         -0.000000
    8.380000       1.011679       0.165583       0.404995       0.418704         -0.000000
    8.390000       1.013312       0.160957       0.405750       0.418704         -0.000000
    8.400000       1.014899       0.156334       0.406484       0.418704         -0.000000
    8.410000       1.016439       0.151714       0.407195       0.418704         -0.000000
    8.420000       1.017933       0.147097       0.407885       0.418704         -0.000000
    8.430000       1.019381       0.142483       0.408553       0.418704         -0.000000
    8.440000       1.020783       0.137872       0.409200       0.418704         -0.000000
    8.450000       1.022138       0.133263       0.409824       0.418704         -0.000000
    8.460000       1.023448       0.128658       0.410428       0.418704         -0.000000
    8.470000       1.024711       0.124055       0.411009       0.418704         -0.000000
    8.480000       1.025929       0.119454       0.411569       0.418704         -0.000000
    8.490000       1.027100       0.114856       0.412108       0.418704         -0.000000
    8.500000       1.028226       0.110260       0.412625       0.418704         -0.000000
    8.510000       1.029306       0.105667       0.413121       0.418704         -0.000000
    8.520000       1.030339       0.101075       0.413596       0.418704         -0.000000
    8.530000       1.031327       0.096486       0.414049       0.418704         -0.000000
    8.540000       1.032269       0.091898       0.414481       0.418704         -0.000000
    8.550000       1.033165       0.087313       0.414892       0.418704         -0.000000
    8.560000       1.034015       0.082729       0.415282       0.418704         -0.000000
    8.570000       1.034820       0.078147       0.415650       0.418704         -0.000000
    8.580000       1.035578       0.073567       0.415998       0.418704         -0.000000
    8.590000       1.036291       0.068988       0.416324       0.418704         -0.000000
    8.600000       1.036958       0.064411       0.416630       0.418704         -0.000000
    8.610000       1.037579       0.059834       0.416914       0.418704         -0.000000
    8.620000       1.038155       0.055260       0.417177       0.418704         -0.000000
    8.630000       1.038685       0.050686       0.417419       0.418704         -0.000000
    8.640000       1.039169       0.046113       0.417641       0.418704         -0.000000
    8.650000       1.039607       0.041541       0.417841       0.418704         -0.000000
    8.660000       1.039999       0.036970       0.418021       0.418704         -0.000000
    8.670000       1.040346       0.032400       0.418179       0.418704         -0.000000
    8.680000       1.040647       0.027831       0.418317       0.418704         -0.000000
    8.690000       1.040903       0.023262       0.418433       0.418704         -0.000000
    8.700000       1.041113       0.018694       0.418529       0.418704         -0.000000
    8.710000       1.041277       0.014126       0.418604       0.418704         -0.000000
    8.720000       1.041395       0.009558       0.418658       0.418704         -0.000000
    8.730000       1.041468       0.004990       0.418691       0.418704         -0.000000
    8.740000       1.041495       0.000423       0.418704       0.418704         -0.000000
    8.750000       1.041476      -0.004144       0.418695       0.418704         -0.000000
    8.760000       1.041412      -0.008712       0.418666       0.418704         -0.000000
    8.770000       1.041302      -0.013280       0.418616       0.418704         -0.000000
    8.780000       1.041146      -0.017848       0.418545       0.418704         -0.000000
    8.790000       1.040945      -0.022416       0.418453       0.418704         -0.000000
    8.800000       1.040698      -0.026985       0.418340       0.418704         -0.000000
    8.810000       1.040405      -0.031554       0.418206       0.418704         -0.000000
    8.820000       1.040067      -0.036124       0.418051       0.418704         -0.000000
    8.830000       1.039683      -0.040695       0.417876       0.418704         -0.000000
    8.840000       1.039253      -0.045266       0.417679       0.418704         -0.000000
    8.850000       1.038778      -0.049839       0.417462       0.418704         -0.000000
    8.860000       1.038256      -0.054412       0.417224       0.418704         -0.000000
    8.870000       1.037689      -0.058987       0.416964       0.418704         -0.000000
    8.880000       1.037077      -0.063563       0.416684       0.418704         -0.000000
    8.890000       1.036418      -0.068140       0.416382       0.418704         -0.000000
    8.900000       1.035714      -0.072719       0.416060       0.418704         -0.000000
    8.910000       1.034964      -0.077299       0.415716       0.418704         -0.000000
    8.920000       1.034168      -0.081881       0.415352       0.418704         -0.000000
    8.930000       1.033326      -0.086464       0.414966       0.418704         -0.000000
    8.940000       1.032439      -0.091049       0.414559       0.418704         -0.000000
    8.950000       1.031505      -0.095636       0.414131       0.418704         -0.000000
    8.960000       1.030526      -0.100225       0.413681       0.418704         -0.000000
    8.970000       1.029501      -0.104816       0.413211       0.418704         -0.000000
    8.980000       1.028429      -0.109409       0.412719       0.418704         -0.000000
    8.990000       1.027312      -0.114005       0.412205       0.418704         -0.000000
    9.000000       1.026149      -0.118602       0.411671       0.418704         -0.000000
    9.010000       1.024940      -0.123202       0.411115       0.418704         -0.000000
    9.020000       1.023685      -0.127805       0.410537       0.418704         -0.000000
    9.030000       1.022384      -0.132410       0.409938       0.418704         -0.000000
    9.040000       1.021037      -0.137018       0.409317       0.418704         -0.000000
    9.050000       1.019644      -0.141629       0.408675       0.418704         -0.000000
    9.060000       1.018205      -0.146242       0.408011       0.418704         -0.000000
    9.070000       1.016719      -0.150859       0.407325       0.418704         -0.000000
    9.080000       1.015187      -0.155478       0.406617       0.418704         -0.000000
    9.090000       1.013609      -0.160101       0.405888       0.418704         -0.000000
    9.100000       1.011985      -0.164726       0.405137       0.418704         -0.000000
    9.110000       1.010315      -0.169355       0.404363       0.418704         -0.000000
    9.120000       1.008598      -0.173988       0.403568       0.418704         -0.000000
    9.130000       1.006835      -0.178623       0.402751       0.418704         -0.000000
    9.140000       1.005026      -0.183263       0.401911       0.418704         -0.000000
    9.150000       1.003170      -0.187906       0.401050       0.418704         -0.000000
    9.160000       1.001268      -0.192552       0.400166       0.418704         -0.000000
    9.170000       0.999319      -0.197202       0.399260       0.418704         -0.000000
    9.180000       0.997324      -0.201857       0.398331       0.418704         -0.000000
    9.190000       0.995282      -0.206515       0.397380       0.418704         -0.000000
    9.200000       0.993193      -0.211177       0.396406       0.418704         -0.000000
    9.210000       0.991058      -0.215843       0.395410       0.418704         -0.000000
    9.220000       0.988876      -0.220513       0.394391       0.418704         -0.000000
    9.230000       0.986648      -0.225187       0.393349       0.418704         -0.000000
    9.240000       0.984373      -0.229866       0.392285       0.418704         -0.000000
    9.250000       0.982051      -0.234549       0.391197       0.418704         -0.000000
    9.260000       0.979682      -0.239236       0.390087       0.418704         -0.000000
    9.270000       0.977266      -0.243928       0.388953       0.418704         -0.000000
    9.280000       0.974803      -0.248625       0.387797       0.418704         -0.000000
    9.290000       0.972293      -0.253326       0.386617       0.418704         -0.000000
    9.300000       0.969736      -0.258032       0.385414       0.418704         -0.000000
    9.310000       0.967133      -0.262742       0.384187       0.418704         -0.000000
    9.320000       0.964482      -0.267457       0.382937       0.418704         -0.000000
    9.330000       0.961783      -0.272177       0.381664       0.418704         -0.000000
    9.340000       0.959038      -0.276902       0.380367       0.418704         -0.000000
    9.350000       0.956245      -0.281632       0.379046       0.418704         -0.000000
    9.360000       0.953405      -0.286367       0.377701       0.418704         -0.000000
    9.370000       0.950518      -0.291107       0.376332       0.418704         -0.000000
    9.380000       0.947583      -0.295852       0.374940       0.418704         -0.000000
    9.390000       0.944601      -0.300602       0.373523       0.418704         -0.000000
    9.400000       0.941571      -0.305358       0.372082       0.418704         -0.000000
    9.410000       0.938494      -0.310119       0.370617       0.418704         -0.000000
    9.420000       0.935369      -0.314885       0.369128       0.418704         -0.000000
    9.430000       0.932196      -0.319656       0.367614       0.418704         -0.000000
    9.440000       0.928976      -0.324433       0.366076       0.418704         -0.000000
    9.450000       0.925707      -0.329215       0.364513       0.418704         -0.000000
    9.460000       0.922391      -0.334002       0.362925       0.418704         -0.000000
    9.470000       0.919027      -0.338795       0.361313       0.418704         -0.000000
    9.480000       0.915615      -0.343593       0.359676       0.418704         -0.000000
    9.490000       0.912155      -0.348397       0.358014       0.418704         -0.000000
    9.500000       0.908647      -0.353206       0.356327       0.418704         -0.000000
    9.510000       0.905091      -0.358021       0.354614       0.418704         -0.000000
    9.520000       0.901487      -0.362842       0.352877       0.418704         -0.000000
    9.530000       0.897834      -0.367668       0.351114       0.418704         -0.000000
    9.540000       0.894134      -0.372499       0.349326       0.418704         -0.000000
    9.550000       0.890384      -0.377336       0.347513       0.418704         -0.000000
    9.560000       0.886587      -0.382179       0.345674       0.418704         -0.000000
    9.570000       0.882741      -0.387027       0.343809       0.418704         -0.000000
    9.580000       0.878846      -0.391880       0.341919       0.418704         -0.000000
    9.590000       0.874903      -0.396739       0.340003       0.418704         -0.000000
    9.600000       0.870912      -0.401604       0.338061       0.418704         -0.000000
    9.610000       0.866871      -0.406474       0.336093       0.418704         -0.000000
    9.620000       0.862782      -0.411350       0.334100       0.418704         -0.000000
    9.630000       0.858644      -0.416231       0.332080       0.418704         -0.000000
    9.640000       0.854457      -0.421117       0.330034       0.418704         -0.000000
    9.650000       0.850222      -0.426009       0.327962       0.418704         -0.000000
    9.660000       0.845937      -0.430906       0.325864       0.418704         -0.000000
    9.670000       0.841604      -0.435808       0.323740       0.418704         -0.000000
    9.680000       0.837221      -0.440715       0.321589       0.418704         -0.000000
    9.690000       0.832789      -0.445628       0.319412       0.418704         -0.000000
    9.700000       0.828308      -0.450546       0.317208       0.418704         -0.000000
    9.710000       0.823778      -0.455468       0.314978       0.418704         -0.000000
    9.720000       0.819199      -0.460396       0.312722       0.418704         -0.000000
    9.730000       0.814570      -0.465328       0.310439       0.418704         -0.000000
    9.740000       0.809893      -0.470265       0.308129       0.418704         -0.000000
    9.750000       0.805165      -0.475206       0.305793       0.418704         -0.000000
    9.760000       0.800388      -0.480152       0.303431       0.418704         -0.000000
    9.770000       0.795562      -0.485103       0.301042       0.418704         -0.000000
    9.780000       0.790686      -0.490058       0.298626       0.418704         -0.000000
    9.790000       0.785761      -0.495016       0.296183       0.418704         -0.000000
    9.800000       0.780786      -0.499979       0.293714       0.418704         -0.000000
    9.810000       0.775761      -0.504946       0.291219       0.418704         -0.000000
    9.820000       0.770687      -0.509916       0.288697       0.418704         -0.000000
    9.830000       0.765563      -0.514890       0.286148       0.418704         -0.000000
    9.840000       0.760389      -0.519868       0.283573       0.418704         -0.000000
    9.850000       0.755166      -0.524848       0.280971       0.418704         -0.000000
    9.860000       0.749892      -0.529831       0.278343       0.418704         -0.000000
    9.870000       0.744569      -0.534817       0.275689       0.418704         -0.000000
    9.880000       0.739196      -0.539806       0.273009       0.418704         -0.000000
    9.890000       0.733773      -0.544797       0.270302       0.418704         -0.000000
    9.900000       0.728300      -0.549790       0.267569       0.418704         -0.000000
    9.910000       0.722777      -0.554785       0.264811       0.418704         -0.000000
    9.920000       0.717204      -0.559782       0.262026       0.418704         -0.000000
    9.930000       0.711581      -0.564779       0.259216       0.418704         -0.000000
    9.940000       0.705909      -0.569778       0.256380       0.418704         -0.000000
    9.950000       0.700186      -0.574778       0.253519       0.418704         -0.000000
    9.960000       0.694413      -0.579778       0.250633       0.418704         -0.000000
    9.970000       0.688590      -0.584778       0.247722       0.418704         -0.000000
    9.980000       0.682718      -0.589777       0.244785       0.418704         -0.000000
    9.990000       0.676795      -0.594776       0.241825       0.418704         -0.000000
   10.000000       0.670822      -0.599774       0.238839       0.418704         -0.000000
   10.010000       0.664799      -0.604771       0.235830       0.418704         -0.000000
   10.020000       0.658727      -0.609766       0.232797       0.418704         -0.000000
   10.030000       0.652604      -0.614759       0.229740       0.418704         -0.000000
   10.040000       0.646431      -0.619749       0.226660       0.418704         -0.000000
   10.050000       0.640209      -0.624736       0.223557       0.418704         -0.000000
   10.060000       0.633937      -0.629719       0.220431       0.418704         -0.000000
   10.070000       0.627615      -0.634698       0.217283       0.418704         -0.000000
   10.080000       0.621243      -0.639673       0.214113       0.418704         -0.000000
   10.090000       0.614821      -0.644643       0.210922       0.418704         -0.000000
   10.100000       0.608350      -0.649606       0.207710       0.418704         -0.000000
   10.110000       0.601829      -0.654564       0.204477       0.418704         -0.000000
   10.120000       0.595259      -0.659515       0.201224       0.418704         -0.000000
   10.130000       0.588639      -0.664458       0.197952       0.418704         -0.000000
   10.140000       0.581970      -0.669393       0.194660       0.418704         -0.000000
   10.150000       0.575251      -0.674320       0.191351       0.418704         -0.000000
   10.160000       0.568483      -0.679236       0.188023       0.418704         -0.000000
   10.170000       0.561666      -0.684143       0.184678       0.418704         -0.000000
   10.180000       0.554800      -0.689039       0.181317       0.418704         -0.000000
   10.190000       0.547886      -0.693923       0.177940       0.418704         -0.000000
   10.200000       0.540922      -0.698794       0.174547       0.418704         -0.000000
   10.210000       0.533910      -0.703652       0.171141       0.418704         -0.000000
   10.220000       0.526849      -0.708496       0.167721       0.418704         -0.000000
   10.230000       0.519740      -0.713324       0.164288       0.418704         -0.000000
   10.240000       0.512583      -0.718137       0.160844       0.418704         -0.000000
   10.250000       0.505377      -0.722932       0.157388       0.418704         -0.000000
   10.260000       0.498124      -0.727710       0.153923       0.418704         -0.000000
   10.270000       0.490823      -0.732468       0.150449       0.418704         -0.000000
   10.280000       0.483475      -0.737207       0.146967       0.418704         -0.000000
   10.290000       0.476079      -0.741924       0.143479       0.418704         -0.000000
   10.300000       0.468636      -0.746619       0.139984       0.418704         -0.000000
   10.310000       0.461147      -0.751290       0.136486       0.418704         -0.000000
   10.320000       0.453611      -0.755936       0.132984       0.418704         -0.000000
   10.330000       0.446028      -0.760557       0.129481       0.418704         -0.000000
   10.340000       0.438399      -0.765150       0.125977       0.418704         -0.000000
   10.350000       0.430725      -0.769715       0.122474       0.418704         -0.000000
   10.360000       0.423005      -0.774249       0.118973       0.418704         -0.000000
   10.370000       0.415240      -0.778752       0.115477       0.418704         -0.000000
   10.380000       0.407430      -0.783222       0.111985       0.418704         -0.000000
   10.390000       0.399576      -0.787658       0.108501       0.418704         -0.000000
   10.400000       0.391677      -0.792057       0.105026       0.418704         -0.000000
   10.410000       0.383735      -0.796419       0.101562       0.418704         -0.000000
   10.420000       0.375749      -0.800742       0.098110       0.418704         -0.000000
   10.430000       0.367720      -0.805023       0.094673       0.418704         -0.000000
   10.440000       0.359649      -0.809262       0.091251       0.418704         -0.000000
   10.450000       0.351535      -0.813456       0.087849       0.418704         -0.000000
   10.460000       0.343380      -0.817603       0.084467       0.418704         -0.000000
   10.470000       0.335183      -0.821702       0.081107       0.418704         -0.000000
   10.480000       0.326946      -0.825750       0.077773       0.418704         -0.000000
   10.490000       0.318668      -0.829745       0.074465       0.418704         -0.000000
   10.500000       0.310351      -0.833686       0.071188       0.418704         -0.000000
   10.510000       0.301995      -0.837569       0.067943       0.418704         -0.000000
   10.520000       0.293600      -0.841394       0.064732       0.418704         -0.000000
   10.530000       0.285167      -0.845156       0.061559       0.418704         -0.000000
   10.540000       0.276697      -0.848855       0.058427       0.418704         -0.000000
   10.550000       0.268190      -0.852487       0.055337       0.418704         -0.000000
   10.560000       0.259648      -0.856050       0.052293       0.418704         -0.000000
   10.570000       0.251070      -0.859542       0.049298       0.418704         -0.000000
   10.580000       0.242457      -0.862959       0.046355       0.418704         -0.000000
   10.590000       0.233811      -0.866299       0.043467       0.418704         -0.000000
   10.600000       0.225131      -0.869558       0.040638       0.418704         -0.000000
   10.610000       0.216420      -0.872736       0.037870       0.418704         -0.000000
   10.620000       0.207677      -0.875827       0.035168       0.418704         -0.000000
   10.630000       0.198904      -0.878829       0.032534       0.418704         -0.000000
   10.640000       0.190101      -0.881739       0.029972       0.418704         -0.000000
   10.650000       0.181269      -0.884554       0.027486       0.418704         -0.000000
   10.660000       0.172410      -0.887270       0.025080       0.418704         -0.000000
   10.670000       0.163524      -0.889884       0.022757       0.418704         -0.000000
   10.680000       0.154613      -0.892393       0.020521       0.418704         -0.000000
   10.690000       0.145676      -0.894792       0.018377       0.418704         -0.000000
   10.700000       0.136717      -0.897079       0.016328       0.418704         -0.000000
   10.710000       0.127735      -0.899249       0.014379       0.418704         -0.000000
   10.720000       0.118732      -0.901299       0.012534       0.418704         -0.000000
   10.730000       0.109710      -0.903225       0.010796       0.418704         -0.000000
   10.740000       0.100668      -0.905022       0.009171       0.418704         -0.000000
   10.750000       0.091610      -0.906687       0.007663       0.418704         -0.000000
   10.760000       0.082535      -0.908216       0.006276       0.418704         -0.000000
   10.770000       0.073446      -0.909604       0.005015       0.418704         -0.000000
   10.780000       0.064343      -0.910846       0.003883       0.418704         -0.000000
   10.790000       0.055229      -0.911939       0.002887       0.418704         -0.000000
   10.800000       0.046105      -0.912879       0.002030       0.418704         -0.000000
   10.810000       0.036972      -0.913659       0.001317       0.418704         -0.000000
   10.820000       0.027833      -0.914276       0.000753       0.418704         -0.000000
   10.830000       0.018687      -0.914725       0.000343       0.418704         -0.000000
   10.840000       0.009539      -0.915001       0.000090       0.418704         -0.000000
   10.850000       0.000388      -0.915100       0.000000       0.418704         -0.000000
   10.860000      -0.008763      -0.915015       0.000077       0.418704         -0.000000
   10.870000      -0.017912      -0.914743       0.000327       0.418704         -0.000000
   10.880000      -0.027057      -0.914278       0.000752       0.418704         -0.000000
   10.890000      -0.036197      -0.913614       0.001359       0.418704         -0.000000
   10.900000      -0.045329      -0.912747       0.002150       0.418704         -0.000000
   10.910000      -0.054451      -0.911671       0.003132       0.418704         -0.000000
   10.920000      -0.063561      -0.910382       0.004307       0.418704         -0.000000
   10.930000      -0.072658      -0.908872       0.005679       0.418704         -0.000000
   10.940000      -0.081738      -0.907138       0.007254       0.418704         -0.000000
   10.950000      -0.090800      -0.905173       0.009034       0.418704         -0.000000
   10.960000      -0.099841      -0.902973       0.011024       0.418704         -0.000000
   10.970000      -0.108858      -0.900531       0.013226       0.418704         -0.000000
   10.980000      -0.117850      -0.897842       0.015644       0.418704         -0.000000
   10.990000      -0.126814      -0.894900       0.018281       0.418704         -0.000000
   11.000000      -0.135748      -0.891701       0.021139       0.418704         -0.000000
   11.010000      -0.144647      -0.888237       0.024221       0.418704         -0.000000
   11.020000      -0.153511      -0.884505       0.027530       0.418704         -0.000000
   11.030000      -0.162337      -0.880497       0.031066       0.418704         -0.000000
   11.040000      -0.171120      -0.876210       0.034832       0.418704         -0.000000
   11.050000      -0.179860      -0.871637       0.038829       0.418704         -0.000000
   11.060000      -0.188552      -0.866773       0.043056       0.418704         -0.000000
   11.070000      -0.197194      -0.861613       0.047516       0.418704         -0.000000
   11.080000      -0.205783      -0.856151       0.052206       0.418704         -0.000000
   11.090000      -0.214316      -0.850383       0.057128       0.418704         -0.000000
   11.100000      -0.222790      -0.844304       0.062279       0.418704         -0.000000
   11.110000      -0.231201      -0.837908       0.067659       0.418704         -0.000000
   11.120000      -0.239547      -0.831192       0.073264       0.418704         -0.000000
   11.130000      -0.247824      -0.824149       0.079093       0.418704         -0.000000
   11.140000      -0.256029      -0.816777       0.085142       0.418704         -0.000000
   11.150000      -0.264159      -0.809071       0.091406       0.418704         -0.000000
   11.160000      -0.272209      -0.801026       0.097883       0.418704         -0.000000
   11.170000      -0.280178      -0.792640       0.104565       0.418704         -0.000000
   11.180000      -0.288061      -0.783908       0.111448       0.418704         -0.000000
   11.190000      -0.295855      -0.774827       0.118525       0.418704         -0.000000
   11.200000      -0.303556      -0.765395       0.125789       0.418704         -0.000000
   11.210000      -0.311162      -0.755608       0.133232       0.418704         -0.000000
   11.220000      -0.318667      -0.745464       0.140845       0.418704          0.000000
   11.230000      -0.326070      -0.734962       0.148620       0.418704          0.000000
   11.240000      -0.333365      -0.724099       0.156545       0.418704          0.000000
   11.250000      -0.340551      -0.712873       0.164610       0.418704          0.000000
   11.260000      -0.347622      -0.701285       0.172804       0.418704          0.000000
   11.270000      -0.354575      -0.689333       0.181114       0.418704          0.000000
   11.280000      -0.361407      -0.677018       0.189528       0.418704          0.000000
   11.290000      -0.368114      -0.664338       0.198031       0.418704          0.000000
   11.300000      -0.374693      -0.651296       0.206610       0.418704          0.000000
   11.310000      -0.381139      -0.637893       0.215250       0.418704          0.000000
   11.320000      -0.387449      -0.624129       0.223936       0.418704          0.000000
   11.330000      -0.393620      -0.610007       0.232650       0.418704          0.000000
   11.340000      -0.399648      -0.595530       0.241376       0.418704          0.000000
   11.350000      -0.405530      -0.580701       0.250097       0.418704          0.000000
   11.360000      -0.411261      -0.565524       0.258795       0.418704          0.000000
   11.370000      -0.416839      -0.550002       0.267453       0.418704          0.000000
   11.380000      -0.422260      -0.534141       0.276051       0.418704          0.000000
   11.390000      -0.427521      -0.517946       0.284570       0.418704          0.000000
   11.400000      -0.432618      -0.501422       0.292992       0.418704          0.000000
   11.410000      -0.437548      -0.484577       0.301297       0.418704          0.000000
   11.420000      -0.442308      -0.467417       0.309465       0.418704          0.000000
   11.430000      -0.446895      -0.449949       0.317477       0.418704          0.000000
   11.440000      -0.451306      -0.432182       0.325313       0.418704          0.000000
   11.450000      -0.455538      -0.414125       0.332954       0.418704          0.000000
   11.460000      -0.459588      -0.395787       0.340380       0.418704          0.000000
   11.470000      -0.463453      -0.377176       0.347573       0.418704          0.000000
   11.480000      -0.467131      -0.358305       0.354513       0.418704          0.000000
   11.490000      -0.470618      -0.339183       0.361181       0.418704          0.000000
   11.500000      -0.473913      -0.319822       0.367561       0.418704         -0.000000
   11.510000      -0.477014      -0.300234       0.373634       0.418704         -0.000000
   11.520000      -0.479917      -0.280431       0.379383       0.418704         -0.000000
   11.530000      -0.482622      -0.260425       0.384793       0.418704         -0.000000
   11.540000      -0.485125      -0.240231       0.389848       0.418704         -0.000000
   11.550000      -0.487426      -0.219861       0.394535       0.418704         -0.000000
   11.560000      -0.489522      -0.199330       0.398838       0.418704         -0.000000
   11.570000      -0.491412      -0.178651       0.402746       0.418704         -0.000000
   11.580000      -0.493095      -0.157840       0.406247       0.418704         -0.000000
   11.590000      -0.494568      -0.136911       0.409332       0.418704         -0.000000
   11.600000      -0.495832      -0.115880       0.411990       0.418704         -0.000000
   11.610000      -0.496886      -0.094762       0.414214       0.418704         -0.000000
   11.620000      -0.497727      -0.073573       0.415997       0.418704         -0.000000
   11.630000      -0.498357      -0.052328       0.417335       0.418704         -0.000000
   11.640000      -0.498774      -0.031044       0.418222       0.418704         -0.000000
   11.650000      -0.498978      -0.009737       0.418657       0.418704         -0.000000
   11.660000      -0.498969       0.011578       0.418637       0.418704         -0.000000
   11.670000      -0.498746       0.032884       0.418163       0.418704         -0.000000
   11.680000      -0.498311       0.054166       0.417237       0.418704         -0.000000
   11.690000      -0.497663       0.075406       0.415861       0.418704         -0.000000
   11.700000      -0.496803       0.096590       0.414039       0.418704         -0.000000
   11.710000      -0.495732       0.117701       0.411777       0.418704         -0.000000
   11.720000      -0.494449       0.138723       0.409082       0.418704         -0.000000
   11.730000      -0.492957       0.159643       0.405961       0.418704         -0.000000
   11.740000      -0.491257       0.180443       0.402424       0.418704         -0.000000
   11.750000      -0.489349       0.201109       0.398481       0.418704         -0.000000
   11.760000      -0.487235       0.221627       0.394145       0.418704         -0.000000
   11.770000      -0.484917       0.241983       0.389426       0.418704         -0.000000
   11.780000      -0.482396       0.262162       0.384340       0.418704         -0.000000
   11.790000      -0.479674       0.282150       0.378900       0.418704         -0.000000
   11.800000      -0.476754       0.301935       0.373122       0.418704         -0.000000
   11.810000      -0.473636       0.321504       0.367021       0.418704         -0.000000
   11.820000      -0.470324       0.340845       0.360616       0.418704         -0.000000
   11.830000      -0.466820       0.359946       0.353924       0.418704         -0.000000
   11.840000      -0.463126       0.378795       0.346961       0.418704         -0.000000
   11.850000      -0.459245       0.397382       0.339748       0.418704         -0.000000
   11.860000      -0.455180       0.415697       0.332302       0.418704          0.000000
   11.870000      -0.450932       0.433729       0.324643       0.418704          0.000000
   11.880000      -0.446506       0.451470       0.316791       0.418704          0.000000
   11.890000      -0.441904       0.468912       0.308765       0.418704          0.000000
   11.900000      -0.437129       0.486045       0.300584       0.418704          0.000000
   11.910000      -0.432184       0.502863       0.292268       0.418704          0.000000
   11.920000      -0.427073       0.519358       0.283837       0.418704          0.000000
   11.930000      -0.421798       0.535525       0.275311       0.418704          0.000000
   11.940000      -0.416363       0.551357       0.266707       0.418704          0.000000
   11.950000      -0.410772       0.566849       0.258045       0.418704          0.000000
   11.960000      -0.405027       0.581996       0.249344       0.418704          0.000000
   11.970000      -0.399133       0.596795       0.240622       0.418704          0.000000
   11.980000      -0.393093       0.611241       0.231896       0.418704          0.000000
   11.990000      -0.386910       0.625332       0.223184       0.418704          0.000000
   12.000000      -0.380587       0.639065       0.214502       0.418704          0.000000
   12.010000      -0.374129       0.652437       0.205867       0.418704          0.000000
   12.020000      -0.367540       0.665448       0.197293       0.418704          0.000000
   12.030000      -0.360822       0.678096       0.188797       0.418704          0.000000
   12.040000      -0.353979       0.690380       0.180392       0.418704          0.000000
   12.050000      -0.347015       0.702301       0.172091       0.418704         -0.000000
   12.060000      -0.339934       0.713857       0.163908       0.418704         -0.000000
   12.070000      -0.332739       0.725051       0.155854       0.418704         -0.000000
   12.080000      -0.325434       0.735883       0.147942       0.418704         -0.000000
   12.090000      -0.318023       0.746355       0.140181       0.418704         -0.000000
   12.100000      -0.310508       0.756468       0.132582       0.418704         -0.000000
   12.110000      -0.302895       0.766224       0.125155       0.418704         -0.000000
   12.120000      -0.295185       0.775626       0.117906       0.418704         -0.000000
   12.130000      -0.287383       0.784676       0.110846       0.418704         -0.000000
   12.140000      -0.279493       0.793378       0.103980       0.418704         -0.000000
   12.150000      -0.271517       0.801735       0.097315       0.418704         -0.000000
   12.160000      -0.263459       0.809750       0.090857       0.418704         -0.000000
   12.170000      -0.255323       0.817427       0.084610       0.418704         -0.000000
   12.180000      -0.247112       0.824771       0.078581       0.418704         -0.000000
   12.190000      -0.238829       0.831785       0.072771       0.418704         -0.000000
   12.200000      -0.230477       0.838473       0.067185       0.418704         -0.000000
   12.210000      -0.222060       0.844842       0.061825       0.418704         -0.000000
   12.220000      -0.213581       0.850894       0.056694       0.418704         -0.000000
   12.230000      -0.205044       0.856635       0.051792       0.418704         -0.000000
   12.240000      -0.196450       0.862070       0.047121       0.418704         -0.000000
   12.250000      -0.187803       0.867205       0.042682       0.418704         -0.000000
   12.260000      -0.179107       0.872043       0.038474       0.418704         -0.000000
   12.270000      -0.170363       0.876591       0.034498       0.418704         -0.000000
   12.280000      -0.161576       0.880854       0.030752       0.418704         -0.000000
   12.290000      -0.152747       0.884838       0.027235       0.418704         -0.000000
   12.300000      -0.143880       0.888547       0.023946       0.418704         -0.000000
   12.310000      -0.134977       0.891987       0.020883       0.418704         -0.000000
   12.320000      -0.126041       0.895164       0.018044       0.418704         -0.000000
   12.330000      -0.117075       0.898084       0.015426       0.418704         -0.000000
   12.340000      -0.108080       0.900752       0.013027       0.418704         -0.000000
   12.350000      -0.099060       0.903172       0.010844       0.418704         -0.000000
   12.360000      -0.090018       0.905352       0.008872       0.418704         -0.000000
   12.370000      -0.080954       0.907297       0.007110       0.418704         -0.000000
   12.380000      -0.071872       0.909012       0.005553       0.418704         -0.000000
   12.390000      -0.062775       0.910502       0.004197       0.418704         -0.000000
   12.400000      -0.053663       0.911773       0.003039       0.418704         -0.000000
   12.410000      -0.044540       0.912830       0.002075       0.418704         -0.000000
   12.420000      -0.035407       0.913679       0.001299       0.418704         -0.000000
   12.430000      -0.026267       0.914326       0.000708       0.418704         -0.000000
   12.440000      -0.017121       0.914774       0.000298       0.418704         -0.000000
   12.450000      -0.007972       0.915030       0.000064       0.418704         -0.000000
   12.460000       0.001179       0.915098       0.000001       0.418704         -0.000000
   12.470000       0.010329       0.914985       0.000106       0.418704         -0.000000
   12.480000       0.019478       0.914693       0.000372       0.418704         -0.000000
   12.490000       0.028622       0.914229       0.000796       0.418704         -0.000000
   12.500000       0.037762       0.913598       0.001373       0.418704         -0.000000
   12.510000       0.046894       0.912804       0.002099       0.418704         -0.000000
   12.520000       0.056017       0.911851       0.002968       0.418704         -0.000000
   12.530000       0.065130       0.910745       0.003976       0.418704         -0.000000
   12.540000       0.074232       0.909489       0.005118       0.418704         -0.000000
   12.550000       0.083320       0.908089       0.006391       0.418704         -0.000000
   12.560000       0.092393       0.906549       0.007789       0.418704         -0.000000
   12.570000       0.101450       0.904872       0.009307       0.418704         -0.000000
   12.580000       0.110490       0.903063       0.010942       0.418704         -0.000000
   12.590000       0.119511       0.901127       0.012689       0.418704         -0.000000
   12.600000       0.128512       0.899066       0.014544       0.418704         -0.000000
   12.610000       0.137492       0.896886       0.016502       0.418704         -0.000000
   12.620000       0.146449       0.894589       0.018559       0.418704         -0.000000
   12.630000       0.155383       0.892180       0.020711       0.418704         -0.000000
   12.640000       0.164293       0.889663       0.022954       0.418704         -0.000000
   12.650000       0.173176       0.887040       0.025284       0.418704         -0.000000
   12.660000       0.182033       0.884315       0.027698       0.418704         -0.000000
   12.670000       0.190862       0.881491       0.030190       0.418704         -0.000000
   12.680000       0.199663       0.878573       0.032758       0.418704         -0.000000
   12.690000       0.208433       0.875563       0.035399       0.418704         -0.000000
   12.700000       0.217174       0.872464       0.038107       0.418704         -0.000000
   12.710000       0.225882       0.869280       0.040880       0.418704         -0.000000
   12.720000       0.234559       0.866013       0.043715       0.418704         -0.000000
   12.730000       0.243202       0.862666       0.046607       0.418704         -0.000000
   12.740000       0.251812       0.859243       0.049555       0.418704         -0.000000
   12.750000       0.260387       0.855745       0.052554       0.418704         -0.000000
   12.760000       0.268927       0.852176       0.055602       0.418704         -0.000000
   12.770000       0.277430       0.848538       0.058696       0.418704         -0.000000
   12.780000       0.285897       0.844834       0.061832       0.418704         -0.000000
   12.790000       0.294327       0.841066       0.065008       0.418704         -0.000000
   12.800000       0.302718       0.837236       0.068222       0.418704         -0.000000
   12.810000       0.311071       0.833348       0.071470       0.418704         -0.000000
   12.820000       0.319385       0.829402       0.074750       0.418704         -0.000000
   12.830000       0.327659       0.825402       0.078060       0.418704         -0.000000
   12.840000       0.335893       0.821350       0.081396       0.418704         -0.000000
   12.850000       0.344086       0.817247       0.084758       0.418704         -0.000000
   12.860000       0.352238       0.813095       0.088142       0.418704         -0.000000
   12.870000       0.360348       0.808898       0.091546       0.418704         -0.000000
   12.880000       0.368416       0.804655       0.094969       0.418704         -0.000000
   12.890000       0.376441       0.800370       0.098408       0.418704         -0.000000
   12.900000       0.384423       0.796044       0.101861       0.418704         -0.000000
   12.910000       0.392361       0.791679       0.105326       0.418704         -0.000000
   12.920000       0.400256       0.787276       0.108802       0.418704         -0.000000
   12.930000       0.408107       0.782837       0.112287       0.418704         -0.000000
   12.940000       0.415913       0.778364       0.115778       0.418704         -0.000000
   12.950000       0.423674       0.773859       0.119275       0.418704         -0.000000
   12.960000       0.431390       0.769321       0.122776       0.418704         -0.000000
   12.970000       0.439060       0.764754       0.126279       0.418704         -0.000000
   12.980000       0.446685       0.760159       0.129783       0.418704         -0.000000
   12.990000       0.454263       0.755536       0.133287       0.418704         -0.000000
   13.000000       0.461796       0.750887       0.136788       0.418704         -0.000000
   13.010000       0.469281       0.746214       0.140286       0.418704         -0.000000
   13.020000       0.476720       0.741517       0.143780       0.418704         -0.000000
   13.030000       0.484111       0.736798       0.147268       0.418704         -0.000000
   13.040000       0.491456       0.732058       0.150750       0.418704         -0.000000
   13.050000       0.498752       0.727298       0.154223       0.418704         -0.000000
   13.060000       0.506002       0.722519       0.157687       0.418704         -0.000000
   13.070000       0.513203       0.717722       0.161142       0.418704         -0.000000
   13.080000       0.520356       0.712908       0.164585       0.418704         -0.000000
   13.090000       0.527461       0.708078       0.168017       0.418704         -0.000000
   13.100000       0.534517       0.703233       0.171436       0.418704         -0.000000
   13.110000       0.541526       0.698374       0.174841       0.418704         -0.000000
   13.120000       0.548485       0.693501       0.178232       0.418704         -0.000000
   13.130000       0.555395       0.688616       0.181608       0.418704         -0.000000
   13.140000       0.562257       0.683719       0.184968       0.418704         -0.000000
   13.150000       0.569070       0.678812       0.188311       0.418704         -0.000000
   13.160000       0.575833       0.673894       0.191637       0.418704         -0.000000
   13.170000       0.582548       0.668967       0.194945       0.418704         -0.000000
   13.180000       0.589213       0.664031       0.198235       0.418704         -0.000000
   13.190000       0.595828       0.659087       0.201506       0.418704         -0.000000
   13.200000       0.602394       0.654136       0.204757       0.418704         -0.000000
   13.210000       0.608911       0.649178       0.207988       0.418704         -0.000000
   13.220000       0.615378       0.644213       0.211199       0.418704         -0.000000
   13.230000       0.621795       0.639243       0.214388       0.418704         -0.000000
   13.240000       0.628163       0.634268       0.217556       0.418704         -0.000000
   13.250000       0.634481       0.629289       0.220702       0.418704         -0.000000
   13.260000       0.640749       0.624305       0.223826       0.418704         -0.000000
   13.270000       0.646967       0.619318       0.226927       0.418704         -0.000000
   13.280000       0.653135       0.614327       0.230005       0.418704         -0.000000
   13.290000       0.659253       0.609335       0.233060       0.418704         -0.000000
   13.300000       0.665322       0.604339       0.236091       0.418704         -0.000000
   13.310000       0.671340       0.599343       0.239098       0.418704         -0.000000
   13.320000       0.677308       0.594344       0.242081       0.418704         -0.000000
   13.330000       0.683227       0.589345       0.245040       0.418704         -0.000000
   13.340000       0.689095       0.584346       0.247974       0.418704         -0.000000
   13.350000       0.694914       0.579346       0.250883       0.418704         -0.000000
   13.360000       0.700682       0.574346       0.253767       0.418704         -0.000000
   13.370000       0.706401       0.569346       0.256626       0.418704         -0.000000
   13.380000       0.712069       0.564348       0.259460       0.418704         -0.000000
   13.390000       0.717688       0.559350       0.262268       0.418704         -0.000000
   13.400000       0.723256       0.554353       0.265050       0.418704         -0.000000
   13.410000       0.728775       0.549359       0.267806       0.418704         -0.000000
   13.420000       0.734243       0.544366       0.270537       0.418704         -0.000000
   13.430000       0.739662       0.539375       0.273241       0.418704         -0.000000
   13.440000       0.745031       0.534387       0.275919       0.418704         -0.000000
   13.450000       0.750350       0.529401       0.278571       0.418704         -0.000000
   13.460000       0.755619       0.524418       0.281197       0.418704         -0.000000
   13.470000       0.760838       0.519437       0.283796       0.418704         -0.000000
   13.480000       0.766008       0.514460       0.286369       0.418704         -0.000000
   13.490000       0.771127       0.509487       0.288916       0.418704         -0.000000
   13.500000       0.776197       0.504517       0.291435       0.418704         -0.000000
   13.510000       0.781218       0.499550       0.293929       0.418704         -0.000000
   13.520000       0.786188       0.494588       0.296395       0.418704         -0.000000
   13.530000       0.791110       0.489629       0.298835       0.418704         -0.000000
   13.540000       0.795981       0.484675       0.301249       0.418704         -0.000000
   13.550000       0.800803       0.479725       0.303636       0.418704         -0.000000
   13.560000       0.805576       0.474779       0.305996       0.418704         -0.000000
   13.570000       0.810299       0.469838       0.308330       0.418704         -0.000000
   13.580000       0.814972       0.464901       0.310637       0.418704         -0.000000
   13.590000       0.819597       0.459970       0.312918       0.418704         -0.000000
   13.600000       0.824172       0.455043       0.315172       0.418704         -0.000000
   13.610000       0.828698       0.450120       0.317400       0.418704         -0.000000
   13.620000       0.833174       0.445203       0.319601       0.418704         -0.000000
   13.630000       0.837602       0.440291       0.321776       0.418704         -0.000000
   13.640000       0.841980       0.435384       0.323924       0.418704         -0.000000
   13.650000       0.846309       0.430482       0.326046       0.418704         -0.000000
   13.660000       0.850590       0.425586       0.328142       0.418704         -0.000000
   13.670000       0.854821       0.420695       0.330212       0.418704         -0.000000
   13.680000       0.859004       0.415809       0.332255       0.418704         -0.000000
   13.690000       0.863137       0.410928       0.334273       0.418704         -0.000000
   13.700000       0.867222       0.406053       0.336264       0.418704         -0.000000
   13.710000       0.871258       0.401184       0.338230       0.418704         -0.000000
   13.720000       0.875246       0.396319       0.340169       0.418704         -0.000000
   13.730000       0.879185       0.391461       0.342083       0.418704         -0.000000
   13.740000       0.883075       0.386608       0.343971       0.418704         -0.000000
   13.750000       0.886917       0.381760       0.345834       0.418704         -0.000000
   13.760000       0.890710       0.376918       0.347670       0.418704         -0.000000
   13.770000       0.894455       0.372081       0.349482       0.418704         -0.000000
   13.780000       0.898152       0.367250       0.351268       0.418704         -0.000000
   13.790000       0.901800       0.362425       0.353028       0.418704         -0.000000
   13.800000       0.905400       0.357605       0.354763       0.418704         -0.000000
   13.810000       0.908952       0.352791       0.356473       0.418704         -0.000000
   13.820000       0.912456       0.347982       0.358158       0.418704         -0.000000
   13.830000       0.915912       0.343178       0.359818       0.418704         -0.000000
   13.840000       0.919320       0.338381       0.361453       0.418704         -0.000000
   13.850000       0.922680       0.333588       0.363063       0.418704         -0.000000
   13.860000       0.925992       0.328801       0.364649       0.418704         -0.000000
   13.870000       0.929256       0.324020       0.366210       0.418704         -0.000000
   13.880000       0.932472       0.319243       0.367746       0.418704         -0.000000
   13.890000       0.935641       0.314473       0.369257       0.418704         -0.000000
   13.900000       0.938762       0.309707       0.370745       0.418704         -0.000000
   13.910000       0.941835       0.304947       0.372208       0.418704         -0.000000
   13.920000       0.944860       0.300192       0.373646       0.418704         -0.000000
   13.930000       0.947839       0.295442       0.375061       0.418704         -0.000000
   13.940000       0.950769       0.290697       0.376451       0.418704         -0.000000
   13.950000       0.953653       0.285958       0.377818       0.418704         -0.000000
   13.960000       0.956489       0.281223       0.379161       0.418704         -0.000000
   13.970000       0.959277       0.276494       0.380480       0.418704         -0.000000
   13.980000       0.962018       0.271769       0.381775       0.418704         -0.000000
   13.990000       0.964713       0.267050       0.383046       0.418704         -0.000000
   14.000000       0.967359       0.262335       0.384294       0.418704         -0.000000
   14.010000       0.969959       0.257625       0.385519       0.418704         -0.000000
   14.020000       0.972512       0.252920       0.386720       0.418704         -0.000000
   14.030000       0.975018       0.248219       0.387898       0.418704         -0.000000
   14.040000       0.977476       0.243523       0.389052       0.418704         -0.000000
   14.050000       0.979888       0.238831       0.390184       0.418704         -0.000000
   14.060000       0.982253       0.234144       0.391292       0.418704         -0.000000
   14.070000       0.984571       0.229462       0.392378       0.418704         -0.000000
   14.080000       0.986842       0.224783       0.393440       0.418704         -0.000000
   14.090000       0.989067       0.220109       0.394480       0.418704         -0.000000
   14.100000       0.991244       0.215439       0.395497       0.418704         -0.000000
   14.110000       0.993375       0.210774       0.396491       0.418704         -0.000000
   14.120000       0.995460       0.206112       0.397463       0.418704         -0.000000
   14.130000       0.997498       0.201454       0.398412       0.418704         -0.000000
   14.140000       0.999489       0.196801       0.399339       0.418704         -0.000000
   14.150000       1.001434       0.192151       0.400243       0.418704         -0.000000
   14.160000       1.003332       0.187504       0.401125       0.418704         -0.000000
   14.170000       1.005184       0.182862       0.401985       0.418704         -0.000000
   14.180000       1.006989       0.178223       0.402822       0.418704         -0.000000
   14.190000       1.008748       0.173587       0.403638       0.418704         -0.000000
   14.200000       1.010461       0.168955       0.404431       0.418704         -0.000000
   14.210000       1.012127       0.164327       0.405202       0.418704         -0.000000
   14.220000       1.013748       0.159701       0.405952       0.418704         -0.000000
   14.230000       1.015321       0.155079       0.406679       0.418704         -0.000000
   14.240000       1.016849       0.150460       0.407385       0.418704         -0.000000
   14.250000       1.018331       0.145844       0.408069       0.418704         -0.000000
   14.260000       1.019766       0.141230       0.408731       0.418704         -0.000000
   14.270000       1.021155       0.136620       0.409371       0.418704         -0.000000
   14.280000       1.022498       0.132012       0.409990       0.418704         -0.000000
   14.290000       1.023796       0.127407       0.410588       0.418704         -0.000000
   14.300000       1.025047       0.122805       0.411163       0.418704         -0.000000
   14.310000       1.026252       0.118205       0.411718       0.418704         -0.000000
   14.320000       1.027411       0.113608       0.412251       0.418704         -0.000000
   14.330000       1.028524       0.109012       0.412762       0.418704         -0.000000
   14.340000       1.029591       0.104419       0.413252       0.418704         -0.000000
   14.350000       1.030612       0.099829       0.413721       0.418704         -0.000000
   14.360000       1.031588       0.095240       0.414169       0.418704         -0.000000
   14.370000       1.032517       0.090653       0.414595       0.418704         -0.000000
   14.380000       1.033401       0.086068       0.415000       0.418704         -0.000000
   14.390000       1.034238       0.081485       0.415384       0.418704         -0.000000
   14.400000       1.035030       0.076903       0.415747       0.418704         -0.000000
   14.410000       1.035776       0.072323       0.416089       0.418704         -0.000000
   14.420000       1.036477       0.067745       0.416409       0.418704         -0.000000
   14.430000       1.037131       0.063168       0.416709       0.418704         -0.000000
   14.440000       1.037740       0.058592       0.416987       0.418704         -0.000000
   14.450000       1.038303       0.054017       0.417245       0.418704         -0.000000
   14.460000       1.038820       0.049444       0.417482       0.418704         -0.000000
   14.470000       1.039292       0.044871       0.417697       0.418704         -0.000000
   14.480000       1.039718       0.040300       0.417892       0.418704         -0.000000
   14.490000       1.040098       0.035729       0.418066       0.418704         -0.000000
   14.500000       1.040433       0.031159       0.418219       0.418704         -0.000000
   14.510000       1.040721       0.026590       0.418350       0.418704         -0.000000
   14.520000       1.040964       0.022021       0.418461       0.418704         -0.000000
   14.530000       1.041162       0.017453       0.418552       0.418704         -0.000000
   14.540000       1.041313       0.012885       0.418621       0.418704         -0.000000
   14.550000       1.041419       0.008317       0.418669       0.418704         -0.000000
   14.560000       1.041480       0.003750       0.418697       0.418704         -0.000000
   14.570000       1.041494      -0.000818       0.418704       0.418704         -0.000000
   14.580000       1.041463      -0.005385       0.418689       0.418704         -0.000000
   14.590000       1.041387      -0.009952       0.418654       0.418704         -0.000000
   14.600000       1.041264      -0.014520       0.418599       0.418704         -0.000000
   14.610000       1.041096      -0.019088       0.418522       0.418704         -0.000000
   14.620000       1.040883      -0.023657       0.418424       0.418704         -0.000000
   14.630000       1.040623      -0.028226       0.418306       0.418704         -0.000000
   14.640000       1.040318      -0.032795       0.418166       0.418704         -0.000000
   14.650000       1.039967      -0.037365       0.418006       0.418704         -0.000000
   14.660000       1.039571      -0.041936       0.417825       0.418704         -0.000000
   14.670000       1.039128      -0.046508       0.417622       0.418704         -0.000000
   14.680000       1.038641      -0.051081       0.417399       0.418704         -0.000000
   14.690000       1.038107      -0.055655       0.417155       0.418704         -0.000000
   14.700000       1.037527      -0.060230       0.416890       0.418704         -0.000000
   14.710000       1.036902      -0.064806       0.416604       0.418704         -0.000000
   14.720000       1.036231      -0.069384       0.416297       0.418704         -0.000000
   14.730000       1.035515      -0.073963       0.415969       0.418704         -0.000000
   14.740000       1.034752      -0.078543       0.415619       0.418704         -0.000000
   14.750000       1.033944      -0.083125       0.415249       0.418704         -0.000000
   14.760000       1.033090      -0.087709       0.414858       0.418704         -0.000000
   14.770000       1.032190      -0.092295       0.414445       0.418704         -0.000000
   14.780000       1.031244      -0.096882       0.414011       0.418704         -0.000000
   14.790000       1.030252      -0.101472       0.413556       0.418704         -0.000000
   14.800000       1.029214      -0.106063       0.413079       0.418704         -0.000000
   14.810000       1.028131      -0.110657       0.412581       0.418704         -0.000000
   14.820000       1.027001      -0.115253       0.412062       0.418704         -0.000000
   14.830000       1.025826      -0.119852       0.411522       0.418704         -0.000000
   14.840000       1.024604      -0.124452       0.410960       0.418704         -0.000000
   14.850000       1.023336      -0.129056       0.410376       0.418704         -0.000000
   14.860000       1.022023      -0.133662       0.409771       0.418704         -0.000000
   14.870000       1.020663      -0.138270       0.409145       0.418704         -0.000000
   14.880000       1.019257      -0.142882       0.408496       0.418704         -0.000000
   14.890000       1.017806      -0.147496       0.407826       0.418704         -0.000000
   14.900000       1.016308      -0.152113       0.407135       0.418704         -0.000000
   14.910000       1.014763      -0.156733       0.406421       0.418704         -0.000000
   14.920000       1.013173      -0.161357       0.405686       0.418704         -0.000000
   14.930000       1.011536      -0.165983       0.404929       0.418704         -0.000000
   14.940000       1.009853      -0.170613       0.404150       0.418704         -0.000000
   14.950000       1.008124      -0.175246       0.403348       0.418704         -0.000000
   14.960000       1.006348      -0.179883       0.402525       0.418704         -0.000000
   14.970000       1.004526      -0.184523       0.401680       0.418704         -0.000000
   14.980000       1.002658      -0.189167       0.400812       0.418704         -0.000000
   14.990000       1.000743      -0.193815       0.399922       0.418704         -0.000000
   15.000000       0.998781      -0.198466       0.399010       0.418704         -0.000000
   15.010000       0.996774      -0.203121       0.398075       0.418704         -0.000000
   15.020000       0.994719      -0.207780       0.397118       0.418704         -0.000000
   15.030000       0.992618      -0.212444       0.396138       0.418704         -0.000000
   15.040000       0.990470      -0.217111       0.395135       0.418704         -0.000000
   15.050000       0.988276      -0.221782       0.394110       0.418704         -0.000000
   15.060000       0.986035      -0.226458       0.393062       0.418704         -0.000000
   15.070000       0.983747      -0.231138       0.391992       0.418704         -0.000000
   15.080000       0.981412      -0.235822       0.390898       0.418704         -0.000000
   15.090000       0.979030      -0.240510       0.389781       0.418704         -0.000000
   15.100000       0.976602      -0.245203       0.388642       0.418704         -0.000000
   15.110000       0.974126      -0.249901       0.387479       0.418704         -0.000000
   15.120000       0.971603      -0.254603       0.386292       0.418704         -0.000000
   15.130000       0.969034      -0.259310       0.385083       0.418704         -0.000000
   15.140000       0.966417      -0.264022       0.383850       0.418704         -0.000000
   15.150000       0.963753      -0.268739       0.382594       0.418704         -0.000000
   15.160000       0.961042      -0.273460       0.381314       0.418704         -0.000000
   15.170000       0.958284      -0.278186       0.380010       0.418704         -0.000000
   15.180000       0.955479      -0.282918       0.378683       0.418704         -0.000000
   15.190000       0.952626      -0.287654       0.377332       0.418704         -0.000000
   15.200000       0.949726      -0.292395       0.375956       0.418704         -0.000000
   15.210000       0.946778      -0.297142       0.374557       0.418704         -0.000000
   15.220000       0.943783      -0.301894       0.373134       0.418704         -0.000000
   15.230000       0.940740      -0.306650       0.371687       0.418704         -0.000000
   15.240000       0.937650      -0.311413       0.370215       0.418704         -0.000000
   15.250000       0.934512      -0.316180       0.368719       0.418704         -0.000000
   15.260000       0.931326      -0.320953       0.367199       0.418704         -0.000000
   15.270000       0.928093      -0.325731       0.365654       0.418704         -0.000000
   15.280000       0.924811      -0.330514       0.364084       0.418704         -0.000000
   15.290000       0.921482      -0.335303       0.362490       0.418704         -0.000000
   15.300000       0.918105      -0.340098       0.360871       0.418704         -0.000000
   15.310000       0.914680      -0.344897       0.359227       0.418704         -0.000000
   15.320000       0.911207      -0.349703       0.357558       0.418704         -0.000000
   15.330000       0.907686      -0.354514       0.355864       0.418704         -0.000000
   15.340000       0.904117      -0.359330       0.354145       0.418704         -0.000000
   15.350000       0.900500      -0.364152       0.352401       0.418704         -0.000000
   15.360000       0.896834      -0.368979       0.350631       0.418704         -0.000000
   15.370000       0.893120      -0.373812       0.348836       0.418704         -0.000000
   15.380000       0.889358      -0.378651       0.347016       0.418704         -0.000000
   15.390000       0.885547      -0.383495       0.345170       0.418704         -0.000000
   15.400000       0.881688      -0.388344       0.343298       0.418704         -0.000000
   15.410000       0.877780      -0.393199       0.341401       0.418704         -0.000000
   15.420000       0.873824      -0.398060       0.339478       0.418704         -0.000000
   15.430000       0.869819      -0.402926       0.337529       0.418704         -0.000000
   15.440000       0.865765      -0.407798       0.335554       0.418704         -0.000000
   15.450000       0.861663      -0.412675       0.333554       0.418704         -0.000000
   15.460000       0.857512      -0.417557       0.331527       0.418704         -0.000000
   15.470000       0.853312      -0.422445       0.329474       0.418704         -0.000000
   15.480000       0.849063      -0.427338       0.327395       0.418704         -0.000000
   15.490000       0.844765      -0.432237       0.325290       0.418704         -0.000000
   15.500000       0.840418      -0.437140       0.323158       0.418704         -0.000000
   15.510000       0.836022      -0.442049       0.321000       0.418704         -0.000000
   15.520000       0.831577      -0.446963       0.318816       0.418704         -0.000000
   15.530000       0.827083      -0.451882       0.316605       0.418704         -0.000000
   15.540000       0.822540      -0.456806       0.314368       0.418704         -0.000000
   15.550000       0.817947      -0.461735       0.312104       0.418704         -0.000000
   15.560000       0.813305      -0.466668       0.309814       0.418704         -0.000000
   15.570000       0.808613      -0.471606       0.307498       0.418704         -0.000000
   15.580000       0.803873      -0.476549       0.305154       0.418704         -0.000000
   15.590000       0.799082      -0.481497       0.302784       0.418704         -0.000000
   15.600000       0.794243      -0.486448       0.300388       0.418704         -0.000000
   15.610000       0.789353      -0.491404       0.297965       0.418704         -0.000000
   15.620000       0.784415      -0.496364       0.295515       0.418704         -0.000000
   15.630000       0.779426      -0.501328       0.293039       0.418704         -0.000000
   15.640000       0.774388      -0.506296       0.290536       0.418704         -0.000000
   15.650000       0.769300      -0.511267       0.288007       0.418704         -0.000000
   15.660000       0.764163      -0.516242       0.285451       0.418704         -0.000000
   15.670000       0.758975      -0.521220       0.282869       0.418704         -0.000000
   15.680000       0.753738      -0.526201       0.280260       0.418704         -0.000000
   15.690000       0.748451      -0.531185       0.277625       0.418704         -0.000000
   15.700000       0.743115      -0.536172       0.274964       0.418704         -0.000000
   15.710000       0.737728      -0.541161       0.272276       0.418704         -0.000000
   15.720000       0.732291      -0.546153       0.269562       0.418704         -0.000000
   15.730000       0.726805      -0.551147       0.266823       0.418704         -0.000000
   15.740000       0.721268      -0.556142       0.264057       0.418704         -0.000000
   15.750000       0.715682      -0.561139       0.261266       0.418704         -0.000000
   15.760000       0.710046      -0.566137       0.258448       0.418704         -0.000000
   15.770000       0.704359      -0.571136       0.255606       0.418704         -0.000000
   15.780000       0.698623      -0.576136       0.252738       0.418704         -0.000000
   15.790000       0.692837      -0.581136       0.249845       0.418704         -0.000000
   15.800000       0.687000      -0.586135       0.246927       0.418704         -0.000000
   15.810000       0.681114      -0.591135       0.243984       0.418704         -0.000000
   15.820000       0.675178      -0.596134       0.241016       0.418704         -0.000000
   15.830000       0.669191      -0.601132       0.238024       0.418704         -0.000000
   15.840000       0.663155      -0.606128       0.235008       0.418704         -0.000000
   15.850000       0.657069      -0.611122       0.231969       0.418704         -0.000000
   15.860000       0.650932      -0.616114       0.228906       0.418704         -0.000000
   15.870000       0.644746      -0.621103       0.225819       0.418704         -0.000000
   15.880000       0.638510      -0.626089       0.222710       0.418704         -0.000000
   15.890000       0.632225      -0.631072       0.219578       0.418704         -0.000000
   15.900000       0.625889      -0.636050       0.216424       0.418704         -0.000000
   15.910000       0.619504      -0.641023       0.213249       0.418704         -0.000000
   15.920000       0.613069      -0.645991       0.210052       0.418704         -0.000000
   15.930000       0.606584      -0.650954       0.206834       0.418704         -0.000000
   15.940000       0.600049      -0.655909       0.203595       0.418704         -0.000000
   15.950000       0.593466      -0.660858       0.200337       0.418704         -0.000000
   15.960000       0.586832      -0.665799       0.197060       0.418704         -0.000000
   15.970000       0.580150      -0.670732       0.193763       0.418704         -0.000000
   15.980000       0.573418      -0.675656       0.190449       0.418704         -0.000000
   15.990000       0.566637      -0.680570       0.187116       0.418704         -0.000000
   16.000000       0.559806      -0.685474       0.183767       0.418704         -0.000000
   16.010000       0.552927      -0.690366       0.180401       0.418704         -0.000000
   16.020000       0.545999      -0.695247       0.177020       0.418704         -0.000000
   16.030000       0.539022      -0.700115       0.173624       0.418704         -0.000000
   16.040000       0.531997      -0.704969       0.170213       0.418704         -0.000000
   16.050000       0.524923      -0.709809       0.166790       0.418704         -0.000000
   16.060000       0.517801      -0.714633       0.163354       0.418704         -0.000000
   16.070000       0.510630      -0.719441       0.159906       0.418704         -0.000000
   16.080000       0.503412      -0.724232       0.156448       0.418704         -0.000000
   16.090000       0.496146      -0.729004       0.152980       0.418704         -0.000000
   16.100000       0.488832      -0.733757       0.149504       0.418704         -0.000000
   16.110000       0.481471      -0.738490       0.146020       0.418704         -0.000000
   16.120000       0.474062      -0.743201       0.142530       0.418704         -0.000000
   16.130000       0.466607      -0.747890       0.139035       0.418704         -0.000000
   16.140000       0.459104      -0.752554       0.135535       0.418704         -0.000000
   16.150000       0.451556      -0.757194       0.132033       0.418704         -0.000000
   16.160000       0.443961      -0.761807       0.128529       0.418704         -0.000000
   16.170000       0.436320      -0.766393       0.125025       0.418704         -0.000000
   16.180000       0.428633      -0.770949       0.121523       0.418704         -0.000000
   16.190000       0.420901      -0.775475       0.118023       0.418704         -0.000000
   16.200000       0.413124      -0.779970       0.114528       0.418704         -0.000000
   16.210000       0.405301      -0.784430       0.111038       0.418704         -0.000000
   16.220000       0.397435      -0.788856       0.107557       0.418704         -0.000000
   16.230000       0.389524      -0.793246       0.104084       0.418704         -0.000000
   16.240000       0.381570      -0.797597       0.100623       0.418704         -0.000000
   16.250000       0.373573      -0.801909       0.097175       0.418704         -0.000000
   16.260000       0.365532      -0.806179       0.093742       0.418704         -0.000000
   16.270000       0.357449      -0.810406       0.090325       0.418704         -0.000000
   16.280000       0.349324      -0.814587       0.086928       0.418704         -0.000000
   16.290000       0.341158      -0.818721       0.083552       0.418704         -0.000000
   16.300000       0.332950      -0.822806       0.080199       0.418704         -0.000000
   16.310000       0.324702      -0.826840       0.076871       0.418704         -0.000000
   16.320000       0.316413      -0.830821       0.073572       0.418704         -0.000000
   16.330000       0.308085      -0.834746       0.070303       0.418704         -0.000000
   16.340000       0.299719      -0.838614       0.067067       0.418704         -0.000000
   16.350000       0.291313      -0.842422       0.063867       0.418704         -0.000000
   16.360000       0.282870      -0.846167       0.060704       0.418704         -0.000000
   16.370000       0.274390      -0.849848       0.057583       0.418704         -0.000000
   16.380000       0.265874      -0.853462       0.054505       0.418704         -0.000000
   16.390000       0.257321      -0.857006       0.051475       0.418704         -0.000000
   16.400000       0.248734      -0.860477       0.048494       0.418704         -0.000000
   16.410000       0.240112      -0.863873       0.045565       0.418704         -0.000000
   16.420000       0.231457      -0.867192       0.042693       0.418704         -0.000000
   16.430000       0.222768      -0.870430       0.039880       0.418704         -0.000000
   16.440000       0.214048      -0.873584       0.037130       0.418704         -0.000000
   16.450000       0.205297      -0.876651       0.034445       0.418704         -0.000000
   16.460000       0.196516      -0.879629       0.031831       0.418704         -0.000000
   16.470000       0.187705      -0.882513       0.029289       0.418704         -0.000000
   16.480000       0.178866      -0.885302       0.026824       0.418704         -0.000000
   16.490000       0.169999      -0.887990       0.024440       0.418704         -0.000000
   16.500000       0.161106      -0.890576       0.022141       0.418704         -0.000000
   16.510000       0.152188      -0.893056       0.019930       0.418704         -0.000000
   16.520000       0.143245      -0.895425       0.017811       0.418704         -0.000000
   16.530000       0.134280      -0.897680       0.015789       0.418704         -0.000000
   16.540000       0.125292      -0.899818       0.013868       0.418704         -0.000000
   16.550000       0.116284      -0.901835       0.012051       0.418704         -0.000000
   16.560000       0.107256      -0.903726       0.010344       0.418704         -0.000000
   16.570000       0.098210      -0.905488       0.008750       0.418704         -0.000000
   16.580000       0.089147      -0.907116       0.007274       0.418704         -0.000000
   16.590000       0.080068      -0.908607       0.005921       0.418704         -0.000000
   16.600000       0.070975      -0.909956       0.004694       0.418704         -0.000000
   16.610000       0.061869      -0.911158       0.003599       0.418704         -0.000000
   16.620000       0.052752      -0.912210       0.002640       0.418704         -0.000000
   16.630000       0.043626      -0.913106       0.001822       0.418704         -0.000000
   16.640000       0.034491      -0.913843       0.001149       0.418704         -0.000000
   16.650000       0.025349      -0.914415       0.000627       0.418704         -0.000000
   16.660000       0.016203      -0.914818       0.000258       0.418704         -0.000000
   16.670000       0.007053      -0.915046       0.000049       0.418704         -0.000000
   16.680000      -0.002097      -0.915095       0.000004       0.418704         -0.000000
   16.690000      -0.011248      -0.914960       0.000128       0.418704         -0.000000
   16.700000      -0.020396      -0.914636       0.000425       0.418704         -0.000000
   16.710000      -0.029540      -0.914117       0.000899       0.418704         -0.000000
   16.720000      -0.038678      -0.913399       0.001555       0.418704         -0.000000
   16.730000      -0.047807      -0.912476       0.002398       0.418704         -0.000000
   16.740000      -0.056926      -0.911342       0.003431       0.418704         -0.000000
   16.750000      -0.066033      -0.909994       0.004660       0.418704         -0.000000
   16.760000      -0.075126      -0.908424       0.006087       0.418704         -0.000000
   16.770000      -0.084201      -0.906628       0.007717       0.418704         -0.000000
   16.780000      -0.093257      -0.904599       0.009554       0.418704         -0.000000
   16.790000      -0.102292      -0.902334       0.011601       0.418704         -0.000000
   16.800000      -0.111303      -0.899825       0.013861       0.418704         -0.000000
   16.810000      -0.120288      -0.897068       0.016338       0.418704         -0.000000
   16.820000      -0.129244      -0.894057       0.019035       0.418704         -0.000000
   16.830000      -0.138168      -0.890786       0.021954       0.418704         -0.000000
   16.840000      -0.147059      -0.887250       0.025097       0.418704         -0.000000
   16.850000      -0.155912      -0.883444       0.028468       0.418704         -0.000000
   16.860000      -0.164727      -0.879361       0.032066       0.418704         -0.000000
   16.870000      -0.173499      -0.874996       0.035895       0.418704         -0.000000
   16.880000      -0.182226      -0.870345       0.039954       0.418704         -0.000000
   16.890000      -0.190904      -0.865401       0.044245       0.418704         -0.000000
   16.900000      -0.199533      -0.860160       0.048767       0.418704         -0.000000
   16.910000      -0.208107      -0.854615       0.053520       0.418704         -0.000000
   16.920000      -0.216624      -0.848763       0.058504       0.418704         -0.000000
   16.930000      -0.225081      -0.842598       0.063718       0.418704         -0.000000
   16.940000      -0.233475      -0.836116       0.069159       0.418704         -0.000000
   16.950000      -0.241802      -0.829311       0.074825       0.418704         -0.000000
   16.960000      -0.250060      -0.822180       0.080714       0.418704         -0.000000
   16.970000      -0.258245      -0.814717       0.086822       0.418704         -0.000000
   16.980000      -0.266353      -0.806919       0.093145       0.418704         -0.000000
   16.990000      -0.274382      -0.798782       0.099677       0.418704         -0.000000
   17.000000      -0.282328      -0.790302       0.106415       0.418704         -0.000000
   17.010000      -0.290187      -0.781476       0.113351       0.418704         -0.000000
   17.020000      -0.297956      -0.772300       0.120480       0.418704         -0.000000
   17.030000      -0.305632      -0.762772       0.127793       0.418704         -0.000000
   17.040000      -0.313210      -0.752888       0.135283       0.418704         -0.000000
   17.050000      -0.320688      -0.742647       0.142941       0.418704         -0.000000
   17.060000      -0.328062      -0.732047       0.150757       0.418704         -0.000000
   17.070000      -0.335328      -0.721086       0.158722       0.418704         -0.000000
   17.080000      -0.342482      -0.709762       0.166823       0.418704         -0.000000
   17.090000      -0.349522      -0.698075       0.175050       0.418704         -0.000000
   17.100000      -0.356443      -0.686024       0.183389       0.418704         -0.000000
   17.110000      -0.363241      -0.673610       0.191829       0.418704          0.000000
   17.120000      -0.369914      -0.660832       0.200354       0.418704          0.000000
   17.130000      -0.376457      -0.647692       0.208952       0.418704          0.000000
   17.140000      -0.382866      -0.634190       0.217606       0.418704          0.000000
   17.150000      -0.389139      -0.620329       0.226300       0.418704          0.000000
   17.160000      -0.395272      -0.606110       0.235019       0.418704          0.000000
   17.170000      -0.401260      -0.591538       0.243746       0.418704          0.000000
   17.180000      -0.407101      -0.576613       0.252462       0.418704          0.000000
   17.190000      -0.412791      -0.561342       0.261151       0.418704          0.000000
   17.200000      -0.418327      -0.545728       0.269795       0.418704          0.000000
   17.210000      -0.423705      -0.529775       0.278373       0.418704          0.000000
   17.220000      -0.428921      -0.513490       0.286868       0.418704          0.000000
   17.230000      -0.433974      -0.496879       0.295260       0.418704          0.000000
   17.240000      -0.438858      -0.479947       0.303529       0.418704          0.000000
   17.250000      -0.443571      -0.462703       0.311657       0.418704          0.000000
   17.260000      -0.448111      -0.445153       0.319623       0.418704         -0.000000
   17.270000      -0.452474      -0.427306       0.327409       0.418704         -0.000000
   17.280000      -0.456656      -0.409172       0.334993       0.418704         -0.000000
   17.290000      -0.460656      -0.390759       0.342358       0.418704         -0.000000
   17.300000      -0.464470      -0.372076       0.349484       0.418704         -0.000000
   17.310000      -0.468097      -0.353136       0.356351       0.418704         -0.000000
   17.320000      -0.471532      -0.333948       0.362943       0.418704         -0.000000
   17.330000      -0.474775      -0.314524       0.369241       0.418704         -0.000000
   17.340000      -0.477822      -0.294876       0.375228       0.418704         -0.000000
   17.350000      -0.480672      -0.275017       0.380887       0.418704         -0.000000
   17.360000      -0.483322      -0.254959       0.386202       0.418704         -0.000000
   17.370000      -0.485770      -0.234715       0.391158       0.418704         -0.000000
   17.380000      -0.488015      -0.214300       0.395742       0.418704         -0.000000
   17.390000      -0.490056      -0.193727       0.399939       0.418704         -0.000000
   17.400000      -0.491890      -0.173011       0.403738       0.418704         -0.000000
   17.410000      -0.493516      -0.152166       0.407127       0.418704         -0.000000
   17.420000      -0.494932      -0.131208       0.410096       0.418704         -0.000000
   17.430000      -0.496139      -0.110152       0.412637       0.418704         -0.000000
   17.440000      -0.497135      -0.089013       0.414742       0.418704         -0.000000
   17.450000      -0.497919      -0.067808       0.416405       0.418704         -0.000000
   17.460000      -0.498491      -0.046551       0.417620       0.418704         -0.000000
   17.470000      -0.498850      -0.025259       0.418385       0.418704         -0.000000
   17.480000      -0.498996      -0.003948       0.418696       0.418704         -0.000000
   17.490000      -0.498929       0.017366       0.418553       0.418704         -0.000000
   17.500000      -0.498649       0.038667       0.417956       0.418704         -0.000000
   17.510000      -0.498156       0.059939       0.416908       0.418704         -0.000000
   17.520000      -0.497450       0.081166       0.415410       0.418704         -0.000000
   17.530000      -0.496533       0.102331       0.413468       0.418704         -0.000000
   17.540000      -0.495404       0.123420       0.411088       0.418704         -0.000000
   17.550000      -0.494065       0.144416       0.408276       0.418704         -0.000000
   17.560000      -0.492516       0.165304       0.405041       0.418704         -0.000000
   17.570000      -0.490759       0.186070       0.401393       0.418704         -0.000000
   17.580000      -0.488795       0.206697       0.397342       0.418704         -0.000000
   17.590000      -0.486626       0.227173       0.392900       0.418704         -0.000000
   17.600000      -0.484252       0.247481       0.388080       0.418704         -0.000000
   17.610000      -0.481677       0.267610       0.382896       0.418704         -0.000000
   17.620000      -0.478901       0.287544       0.377363       0.418704         -0.000000
   17.630000      -0.475926       0.307272       0.371496       0.418704         -0.000000
   17.640000      -0.472756       0.326780       0.365311       0.418704         -0.000000
   17.650000      -0.469392       0.346057       0.358826       0.418704         -0.000000
   17.660000      -0.465836       0.365090       0.352058       0.418704         -0.000000
   17.670000      -0.462091       0.383869       0.345026       0.418704         -0.000000
   17.680000      -0.458159       0.402383       0.337748       0.418704         -0.000000
   17.690000      -0.454044       0.420622       0.330242       0.418704         -0.000000
   17.700000      -0.449748       0.438577       0.322529       0.418704         -0.000000
   17.710000      -0.445273       0.456237       0.314628       0.418704         -0.000000
   17.720000      -0.440624       0.473596       0.306557       0.418704         -0.000000
   17.730000      -0.435802       0.490644       0.298338       0.418704         -0.000000
   17.740000      -0.430812       0.507375       0.289989       0.418704         -0.000000
   17.750000      -0.425656       0.523782       0.281530       0.418704         -0.000000
   17.760000      -0.420338       0.539858       0.272981       0.418704         -0.000000
   17.770000      -0.414860       0.555598       0.264359       0.418704         -0.000000
   17.780000      -0.409227       0.570997       0.255685       0.418704         -0.000000
   17.790000      -0.403441       0.586050       0.246976       0.418704         -0.000000
   17.800000      -0.397507       0.600754       0.238251       0.418704         -0.000000
   17.810000      -0.391427       0.615104       0.229528       0.418704         -0.000000
   17.820000      -0.385206       0.629098       0.220822       0.418704         -0.000000
   17.830000      -0.378847       0.642733       0.212151       0.418704         -0.000000
   17.840000      -0.372353       0.656007       0.203531       0.418704         -0.000000
   17.850000      -0.365728       0.668919       0.194977       0.418704         -0.000000
   17.860000      -0.358975       0.681468       0.186504       0.418704         -0.000000
   17.870000      -0.352099       0.693654       0.178126       0.418704         -0.000000
   17.880000      -0.345104       0.705475       0.169856       0.418704         -0.000000
   17.890000      -0.337991       0.716934       0.161707       0.418704         -0.000000
   17.900000      -0.330766       0.728029       0.153691       0.418704         -0.000000
   17.910000      -0.323432       0.738763       0.145819       0.418704         -0.000000
   17.920000      -0.315992       0.749137       0.138101       0.418704         -0.000000
   17.930000      -0.308450       0.759153       0.130548       0.418704         -0.000000
   17.940000      -0.300810       0.768812       0.123168       0.418704         -0.000000
   17.950000      -0.293075       0.778118       0.115970       0.418704         -0.000000
   17.960000      -0.285249       0.787074       0.108961       0.418704         -0.000000
   17.970000      -0.277335       0.795682       0.102149       0.418704         -0.000000
   17.980000      -0.269336       0.803945       0.095540       0.418704         -0.000000
   17.990000      -0.261257       0.811868       0.089139       0.418704         -0.000000
   18.000000      -0.253100       0.819454       0.082951       0.418704         -0.000000
   18.010000      -0.244869       0.826708       0.076981       0.418704         -0.000000
   18.020000      -0.236567       0.833633       0.071232       0.418704         -0.000000
   18.030000      -0.228198       0.840235       0.065707       0.418704         -0.000000
   18.040000      -0.219764       0.846517       0.060409       0.418704         -0.000000
   18.050000      -0.211268       0.852484       0.055340       0.418704         -0.000000
   18.060000      -0.202715       0.858142       0.050501       0.418704         -0.000000
   18.070000      -0.194106       0.863494       0.045893       0.418704         -0.000000
   18.080000      -0.185446       0.868548       0.041516       0.418704         -0.000000
   18.090000      -0.176736       0.873307       0.037371       0.418704         -0.000000
   18.100000      -0.167981       0.877777       0.033457       0.418704         -0.000000
   18.110000      -0.159182       0.881964       0.029774       0.418704         -0.000000
   18.120000      -0.150342       0.885872       0.026319       0.418704         -0.000000
   18.130000      -0.141465       0.889508       0.023092       0.418704         -0.000000
   18.140000      -0.132553       0.892876       0.020090       0.418704         -0.000000
   18.150000      -0.123609       0.895983       0.017311       0.418704         -0.000000
   18.160000      -0.114634       0.898833       0.014753       0.418704         -0.000000
   18.170000      -0.105633       0.901433       0.012413       0.418704         -0.000000
   18.180000      -0.096607       0.903788       0.010287       0.418704         -0.000000
   18.190000      -0.087558       0.905904       0.008373       0.418704         -0.000000
   18.200000      -0.078489       0.907785       0.006667       0.418704         -0.000000
   18.210000      -0.069403       0.909438       0.005165       0.418704         -0.000000
   18.220000      -0.060301       0.910868       0.003863       0.418704         -0.000000
   18.230000      -0.051186       0.912081       0.002758       0.418704         -0.000000
   18.240000      -0.042060       0.913081       0.001845       0.418704         -0.000000
   18.250000      -0.032925       0.913875       0.001120       0.418704         -0.000000
   18.260000      -0.023784       0.914467       0.000579       0.418704         -0.000000
   18.270000      -0.014637       0.914862       0.000217       0.418704         -0.000000
   18.280000      -0.005487       0.915067       0.000030       0.418704         -0.000000
   18.290000       0.003664       0.915085       0.000013       0.418704         -0.000000
   18.300000       0.012814       0.914923       0.000162       0.418704         -0.000000
   18.310000       0.021962       0.914584       0.000472       0.418704         -0.000000
   18.320000       0.031105       0.914074       0.000938       0.418704         -0.000000
   18.330000       0.040243       0.913398       0.001556       0.418704         -0.000000
   18.340000       0.049373       0.912560       0.002321       0.418704         -0.000000
   18.350000       0.058494       0.911566       0.003228       0.418704         -0.000000
   18.360000       0.067604       0.910418       0.004273       0.418704         -0.000000
   18.370000       0.076701       0.909123       0.005451       0.418704         -0.000000
   18.380000       0.085786       0.907685       0.006758       0.418704         -0.000000
   18.390000       0.094855       0.906107       0.008189       0.418704         -0.000000
   18.400000       0.103907       0.904394       0.009740       0.418704         -0.000000
   18.410000       0.112942       0.902550       0.011406       0.418704         -0.000000
   18.420000       0.121958       0.900579       0.013182       0.418704         -0.000000
   18.430000       0.130953       0.898486       0.015065       0.418704         -0.000000
   18.440000       0.139927       0.896274       0.017051       0.418704         -0.000000
   18.450000       0.148878       0.893946       0.019134       0.418704         -0.000000
   18.460000       0.157806       0.891507       0.021311       0.418704         -0.000000
   18.470000       0.166708       0.888960       0.023579       0.418704         -0.000000
   18.480000       0.175585       0.886309       0.025932       0.418704         -0.000000
   18.490000       0.184434       0.883557       0.028367       0.418704         -0.000000
   18.500000       0.193255       0.880708       0.030881       0.418704         -0.000000
   18.510000       0.202048       0.877765       0.033469       0.418704         -0.000000
   18.520000       0.210810       0.874730       0.036127       0.418704         -0.000000
   18.530000       0.219542       0.871608       0.038854       0.418704         -0.000000
   18.540000       0.228242       0.868401       0.041644       0.418704         -0.000000
   18.550000       0.236910       0.865112       0.044495       0.418704         -0.000000
   18.560000       0.245544       0.861744       0.047403       0.418704         -0.000000
   18.570000       0.254144       0.858300       0.050364       0.418704         -0.000000
   18.580000       0.262710       0.854783       0.053377       0.418704         -0.000000
   18.590000       0.271240       0.851195       0.056438       0.418704         -0.000000
   18.600000       0.279734       0.847538       0.059543       0.418704         -0.000000
   18.610000       0.288190       0.843817       0.062691       0.418704         -0.000000
   18.620000       0.296610       0.840032       0.065877       0.418704         -0.000000
   18.630000       0.304991       0.836186       0.069101       0.418704         -0.000000
   18.640000       0.313333       0.832282       0.072358       0.418704         -0.000000
   18.650000       0.321636       0.828321       0.075646       0.418704         -0.000000
   18.660000       0.329899       0.824307       0.078963       0.418704         -0.000000
   18.670000       0.338122       0.820240       0.082307       0.418704         -0.000000
   18.680000       0.346304       0.816124       0.085675       0.418704         -0.000000
   18.690000       0.354445       0.811960       0.089065       0.418704         -0.000000
   18.700000       0.362543       0.807750       0.092474       0.418704         -0.000000
   18.710000       0.370599       0.803495       0.095901       0.418704         -0.000000
   18.720000       0.378613       0.799199       0.099344       0.418704         -0.000000
   18.730000       0.386583       0.794862       0.102801       0.418704         -0.000000
   18.740000       0.394510       0.790487       0.106269       0.418704         -0.000000
   18.750000       0.402393       0.786074       0.109748       0.418704         -0.000000
   18.760000       0.410231       0.781626       0.113234       0.418704         -0.000000
   18.770000       0.418025       0.777144       0.116728       0.418704         -0.000000
   18.780000       0.425774       0.772629       0.120226       0.418704         -0.000000
   18.790000       0.433478       0.768084       0.123728       0.418704         -0.000000
   18.800000       0.441136       0.763509       0.127231       0.418704         -0.000000
   18.810000       0.448748       0.758906       0.130735       0.418704         -0.000000
   18.820000       0.456314       0.754276       0.134238       0.418704         -0.000000
   18.830000       0.463833       0.749620       0.137739       0.418704         -0.000000
   18.840000       0.471306       0.744940       0.141236       0.418704         -0.000000
   18.850000       0.478732       0.740238       0.144728       0.418704         -0.000000
   18.860000       0.486111       0.735513       0.148214       0.418704         -0.000000
   18.870000       0.493442       0.730767       0.151694       0.418704         -0.000000
   18.880000       0.500726       0.726002       0.155165       0.418704         -0.000000
   18.890000       0.507962       0.721218       0.158627       0.418704         -0.000000
   18.900000       0.515150       0.716416       0.162078       0.418704         -0.000000
   18.910000       0.522290       0.711597       0.165518       0.418704         -0.000000
   18.920000       0.529382       0.706763       0.168947       0.418704         -0.000000
   18.930000       0.536426       0.701914       0.172362       0.418704         -0.000000
   18.940000       0.543421       0.697052       0.175764       0.418704         -0.000000
   18.950000       0.550367       0.692176       0.179150       0.418704         -0.000000
   18.960000       0.557264       0.687287       0.182522       0.418704         -0.000000
   18.970000       0.564112       0.682388       0.185877       0.418704         -0.000000
   18.980000       0.570912       0.677477       0.189216       0.418704         -0.000000
   18.990000       0.577662       0.672557       0.192538       0.418704         -0.000000
   19.000000       0.584363       0.667627       0.195841       0.418704         -0.000000
   19.010000       0.591014       0.662689       0.199125       0.418704         -0.000000
   19.020000       0.597617       0.657743       0.202391       0.418704         -0.000000
   19.030000       0.604169       0.652790       0.205637       0.418704         -0.000000
   19.040000       0.610672       0.647830       0.208862       0.418704         -0.000000
   19.050000       0.617126       0.642864       0.212067       0.418704         -0.000000
   19.060000       0.623530       0.637893       0.215250       0.418704         -0.000000
   19.070000       0.629884       0.632916       0.218412       0.418704         -0.000000
   19.080000       0.636188       0.627935       0.221553       0.418704         -0.000000
   19.090000       0.642442       0.622951       0.224670       0.418704         -0.000000
   19.100000       0.648647       0.617963       0.227765       0.418704         -0.000000
   19.110000       0.654802       0.612972       0.230837       0.418704         -0.000000
   19.120000       0.660906       0.607978       0.233885       0.418704         -0.000000
   19.130000       0.666961       0.602982       0.236910       0.418704         -0.000000
   19.140000       0.672966       0.597985       0.239911       0.418704         -0.000000
   19.150000       0.678921       0.592987       0.242887       0.418704         -0.000000
   19.160000       0.684826       0.587987       0.245839       0.418704         -0.000000
   19.170000       0.690681       0.582988       0.248767       0.418704         -0.000000
   19.180000       0.696485       0.577988       0.251669       0.418704         -0.000000
   19.190000       0.702240       0.572988       0.254546       0.418704         -0.000000
   19.200000       0.707945       0.567988       0.257398       0.418704         -0.000000
   19.210000       0.713600       0.562990       0.260225       0.418704         -0.000000
   19.220000       0.719205       0.557993       0.263026       0.418704         -0.000000
   19.230000       0.724760       0.552997       0.265801       0.418704         -0.000000
   19.240000       0.730265       0.548002       0.268551       0.418704         -0.000000
   19.250000       0.735720       0.543010       0.271274       0.418704         -0.000000
   19.260000       0.741125       0.538020       0.273971       0.418704         -0.000000
   19.270000       0.746480       0.533032       0.276642       0.418704         -0.000000
   19.280000       0.751786       0.528047       0.279287       0.418704         -0.000000
   19.290000       0.757041       0.523065       0.281906       0.418704         -0.000000
   19.300000       0.762247       0.518085       0.284498       0.418704         -0.000000
   19.310000       0.767403       0.513109       0.287063       0.418704         -0.000000
   19.320000       0.772509       0.508137       0.289603       0.418704         -0.000000
   19.330000       0.777566       0.503168       0.292115       0.418704         -0.000000
   19.340000       0.782573       0.498202       0.294601       0.418704         -0.000000
   19.350000       0.787530       0.493241       0.297061       0.418704         -0.000000
   19.360000       0.792438       0.488283       0.299494       0.418704         -0.000000
   19.370000       0.797296       0.483330       0.301900       0.418704         -0.000000
   19.380000       0.802104       0.478381       0.304280       0.418704         -0.000000
   19.390000       0.806863       0.473437       0.306633       0.418704         -0.000000
   19.400000       0.811573       0.468497       0.308959       0.418704         -0.000000
   19.410000       0.816233       0.463562       0.311259       0.418704         -0.000000
   19.420000       0.820844       0.458631       0.313533       0.418704         -0.000000
   19.430000       0.825406       0.453705       0.315780       0.418704         -0.000000
   19.440000       0.829918       0.448784       0.318000       0.418704         -0.000000
   19.450000       0.834382       0.443869       0.320194       0.418704         -0.000000
   19.460000       0.838796       0.438958       0.322362       0.418704         -0.000000
   19.470000       0.843161       0.434052       0.324503       0.418704         -0.000000
   19.480000       0.847477       0.429152       0.326618       0.418704         -0.000000
   19.490000       0.851744       0.424257       0.328707       0.418704         -0.000000
   19.500000       0.855962       0.419367       0.330770       0.418704         -0.000000
   19.510000       0.860131       0.414483       0.332806       0.418704         -0.000000
   19.520000       0.864252       0.409604       0.334816       0.418704         -0.000000
   19.530000       0.868323       0.404730       0.336801       0.418704         -0.000000
   19.540000       0.872346       0.399862       0.338759       0.418704         -0.000000
   19.550000       0.876320       0.394999       0.340692       0.418704         -0.000000
   19.560000       0.880246       0.390142       0.342599       0.418704         -0.000000
   19.570000       0.884123       0.385290       0.344480       0.418704         -0.000000
   19.580000       0.887952       0.380444       0.346335       0.418704         -0.000000
   19.590000       0.891732       0.375604       0.348165       0.418704         -0.000000
   19.600000       0.895464       0.370769       0.349969       0.418704         -0.000000
   19.610000       0.899148       0.365939       0.351748       0.418704         -0.000000
   19.620000       0.902783       0.361115       0.353502       0.418704         -0.000000
   19.630000       0.906370       0.356297       0.355230       0.418704         -0.000000
   19.640000       0.909909       0.351484       0.356933       0.418704         -0.000000
   19.650000       0.913400       0.346677       0.358612       0.418704         -0.000000
   19.660000       0.916842       0.341875       0.360265       0.418704         -0.000000
   19.670000       0.920237       0.337078       0.361893       0.418704         -0.000000
   19.680000       0.923584       0.332287       0.363496       0.418704         -0.000000
   19.690000       0.926883       0.327502       0.365075       0.418704         -0.000000
   19.700000       0.930134       0.322722       0.366629       0.418704         -0.000000
   19.710000       0.933337       0.317947       0.368159       0.418704         -0.000000
   19.720000       0.936493       0.313178       0.369664       0.418704         -0.000000
   19.730000       0.939601       0.308414       0.371144       0.418704         -0.000000
   19.740000       0.942661       0.303655       0.372601       0.418704         -0.000000
   19.750000       0.945674       0.298901       0.374033       0.418704         -0.000000
   19.760000       0.948639       0.294153       0.375441       0.418704         -0.000000
   19.770000       0.951557       0.289410       0.376825       0.418704         -0.000000
   19.780000       0.954428       0.284671       0.378185       0.418704         -0.000000
   19.790000       0.957251       0.279938       0.379521       0.418704         -0.000000
   19.800000       0.960026       0.275210       0.380834       0.418704         -0.000000
   19.810000       0.962755       0.270487       0.382122       0.418704         -0.000000
   19.820000       0.965436       0.265769       0.383387       0.418704         -0.000000
   19.830000       0.968070       0.261055       0.384629       0.418704         -0.000000
   19.840000       0.970657       0.256346       0.385847       0.418704         -0.000000
   19.850000       0.973197       0.251642       0.387042       0.418704         -0.000000
   19.860000       0.975690       0.246943       0.388214       0.418704         -0.000000
   19.870000       0.978136       0.242248       0.389362       0.418704         -0.000000
   19.880000       0.980535       0.237558       0.390487       0.418704         -0.000000
   19.890000       0.982887       0.232872       0.391589       0.418704         -0.000000
   19.900000       0.985192       0.228191       0.392668       0.418704         -0.000000
   19.910000       0.987451       0.223513       0.393725       0.418704         -0.000000
   19.920000       0.989663       0.218841       0.394758       0.418704         -0.000000
   19.930000       0.991828       0.214172       0.395769       0.418704         -0.000000
   19.940000       0.993946       0.209507       0.396757       0.418704         -0.000000
   19.950000       0.996018       0.204847       0.397723       0.418704         -0.000000
   19.960000       0.998043       0.200190       0.398666       0.418704         -0.000000
   19.970000       1.000022       0.195537       0.399587       0.418704         -0.000000
   19.980000       1.001954       0.190888       0.400485       0.418704         -0.000000
   19.990000       1.003840       0.186243       0.401361       0.418704         -0.000000
   20.000000       1.005679       0.181601       0.402214       0.418704         -0.000000
   20.010000       1.007472       0.176963       0.403046       0.418704         -0.000000
   20.020000       1.009218       0.172329       0.403855       0.418704         -0.000000
   20.030000       1.010918       0.167698       0.404643       0.418704         -0.000000
   20.040000       1.012572       0.163070       0.405408       0.418704         -0.000000
   20.050000       1.014180       0.158445       0.406151       0.418704         -0.000000
   20.060000       1.015741       0.153824       0.406873       0.418704         -0.000000
   20.070000       1.017256       0.149206       0.407573       0.418704         -0.000000
   20.080000       1.018725       0.144590       0.408251       0.418704         -0.000000
   20.090000       1.020148       0.139978       0.408907       0.418704         -0.000000
   20.100000       1.021525       0.135368       0.409542       0.418704         -0.000000
   20.110000       1.022855       0.130761       0.410155       0.418704         -0.000000
   20.120000       1.024140       0.126157       0.410746       0.418704         -0.000000
   20.130000       1.025378       0.121555       0.411316       0.418704         -0.000000
   20.140000       1.026571       0.116956       0.411865       0.418704         -0.000000
   20.150000       1.027718       0.112359       0.412392       0.418704         -0.000000
   20.160000       1.028818       0.107765       0.412897       0.418704         -0.000000
   20.170000       1.029873       0.103172       0.413382       0.418704         -0.000000
   20.180000       1.030882       0.098582       0.413845       0.418704         -0.000000
   20.190000       1.031845       0.093994       0.414287       0.418704         -0.000000
   20.200000       1.032762       0.089407       0.414707       0.418704         -0.000000
   20.210000       1.033633       0.084823       0.415106       0.418704         -0.000000
   20.220000       1.034458       0.080240       0.415485       0.418704         -0.000000
   20.230000       1.035237       0.075659       0.415842       0.418704         -0.000000
   20.240000       1.035971       0.071079       0.416178       0.418704         -0.000000
   20.250000       1.036659       0.066501       0.416493       0.418704         -0.000000
   20.260000       1.037301       0.061925       0.416787       0.418704         -0.000000
   20.270000       1.037898       0.057349       0.417059       0.418704         -0.000000
   20.280000       1.038448       0.052775       0.417311       0.418704         -0.000000
   20.290000       1.038953       0.048202       0.417542       0.418704         -0.000000
   20.300000       1.039412       0.043630       0.417752       0.418704         -0.000000
   20.310000       1.039826       0.039058       0.417941       0.418704         -0.000000
   20.320000       1.040193       0.034488       0.418109       0.418704         -0.000000
   20.330000       1.040515       0.029918       0.418256       0.418704         -0.000000
   20.340000       1.040792       0.025349       0.418383       0.418704         -0.000000
   20.350000       1.041022       0.020780       0.418488       0.418704         -0.000000
   20.360000       1.041207       0.016212       0.418573       0.418704         -0.000000
   20.370000       1.041347       0.011644       0.418636       0.418704         -0.000000
   20.380000       1.041440       0.007077       0.418679       0.418704         -0.000000
   20.390000       1.041488       0.002509       0.418701       0.418704         -0.000000
   20.400000       1.041490      -0.002058       0.418702       0.418704         -0.000000
   20.410000       1.041447      -0.006625       0.418682       0.418704         -0.000000
   20.420000       1.041358      -0.011193       0.418641       0.418704         -0.000000
   20.430000       1.041223      -0.015761       0.418580       0.418704         -0.000000
   20.440000       1.041043      -0.020329       0.418497       0.418704         -0.000000
   20.450000       1.040817      -0.024898       0.418394       0.418704         -0.000000
   20.460000       1.040545      -0.029467       0.418270       0.418704         -0.000000
   20.470000       1.040227      -0.034036       0.418125       0.418704         -0.000000
   20.480000       1.039864      -0.038607       0.417959       0.418704         -0.000000
   20.490000       1.039455      -0.043178       0.417772       0.418704         -0.000000
   20.500000       1.039000      -0.047750       0.417564       0.418704         -0.000000
   20.510000       1.038500      -0.052323       0.417335       0.418704         -0.000000
   20.520000       1.037954      -0.056897       0.417085       0.418704         -0.000000
   20.530000       1.037362      -0.061473       0.416815       0.418704         -0.000000
   20.540000       1.036725      -0.066049       0.416523       0.418704         -0.000000
   20.550000       1.036041      -0.070627       0.416210       0.418704         -0.000000
   20.560000       1.035312      -0.075206       0.415876       0.418704         -0.000000
   20.570000       1.034537      -0.079787       0.415521       0.418704         -0.000000
   20.580000       1.033716      -0.084370       0.415145       0.418704         -0.000000
   20.590000       1.032850      -0.088954       0.414748       0.418704         -0.000000
   20.600000       1.031937      -0.093541       0.414329       0.418704         -0.000000
   20.610000       1.030979      -0.098129       0.413889       0.418704         -0.000000
   20.620000       1.029975      -0.102719       0.413428       0.418704         -0.000000
   20.630000       1.028924      -0.107311       0.412946       0.418704         -0.000000
   20.640000       1.027828      -0.111905       0.412443       0.418704         -0.000000
   20.650000       1.026686      -0.116502       0.411918       0.418704         -0.000000
   20.660000       1.025498      -0.121101       0.411371       0.418704         -0.000000
   20.670000       1.024264      -0.125702       0.410803       0.418704         -0.000000
   20.680000       1.022984      -0.130306       0.410214       0.418704         -0.000000
   20.690000       1.021658      -0.134913       0.409603       0.418704         -0.000000
   20.700000       1.020286      -0.139522       0.408971       0.418704         -0.000000
   20.710000       1.018868      -0.144134       0.408317       0.418704         -0.000000
   20.720000       1.017403      -0.148750       0.407641       0.418704         -0.000000
   20.730000       1.015893      -0.153368       0.406943       0.418704         -0.000000
   20.740000       1.014336      -0.157989       0.406224       0.418704         -0.000000
   20.750000       1.012733      -0.162613       0.405482       0.418704         -0.000000
   20.760000       1.011084      -0.167240       0.404719       0.418704         -0.000000
   20.770000       1.009388      -0.171871       0.403934       0.418704         -0.000000
   20.780000       1.007646      -0.176505       0.403127       0.418704         -0.000000
   20.790000       1.005858      -0.181143       0.402298       0.418704         -0.000000
   20.800000       1.004023      -0.185784       0.401446       0.418704         -0.000000
   20.810000       1.002142      -0.190429       0.400572       0.418704         -0.000000
   20.820000       1.000215      -0.195078       0.399676       0.418704         -0.000000
   20.830000       0.998241      -0.199730       0.398758       0.418704         -0.000000
   20.840000       0.996220      -0.204386       0.397817       0.418704         -0.000000
   20.850000       0.994153      -0.209047       0.396854       0.418704         -0.000000
   20.860000       0.992039      -0.213711       0.395868       0.418704         -0.000000
   20.870000       0.989879      -0.218379       0.394859       0.418704         -0.000000
   20.880000       0.987672      -0.223052       0.393828       0.418704         -0.000000
   20.890000       0.985418      -0.227728       0.392774       0.418704         -0.000000
   20.900000       0.983117      -0.232409       0.391697       0.418704         -0.000000
   20.910000       0.980770      -0.237095       0.390597       0.418704         -0.000000
   20.920000       0.978375      -0.241785       0.389474       0.418704         -0.000000
   20.930000       0.975934      -0.246479       0.388328       0.418704         -0.000000
   20.940000       0.973446      -0.251178       0.387159       0.418704         -0.000000
   20.950000       0.970910      -0.255881       0.385966       0.418704         -0.000000
   20.960000       0.968328      -0.260590       0.384750       0.418704         -0.000000
   20.970000       0.965698      -0.265303       0.383511       0.418704         -0.000000
   20.980000       0.963022      -0.270021       0.382248       0.418704         -0.000000
   20.990000       0.960298      -0.274743       0.380962       0.418704         -0.000000
   21.000000       0.957527      -0.279471       0.379652       0.418704         -0.000000
   21.010000       0.954709      -0.284204       0.378318       0.418704         -0.000000
   21.020000       0.951843      -0.288941       0.376960       0.418704         -0.000000
   21.030000       0.948930      -0.293684       0.375579       0.418704         -0.000000
   21.040000       0.945969      -0.298432       0.374173       0.418704         -0.000000
   21.050000       0.942961      -0.303185       0.372743       0.418704         -0.000000
   21.060000       0.939905      -0.307943       0.371289       0.418704         -0.000000
   21.070000       0.936802      -0.312707       0.369811       0.418704         -0.000000
   21.080000       0.933651      -0.317476       0.368309       0.418704         -0.000000
   21.090000       0.930453      -0.322250       0.366781       0.418704         -0.000000
   21.100000       0.927206      -0.327029       0.365230       0.418704         -0.000000
   21.110000       0.923912      -0.331814       0.363654       0.418704         -0.000000
   21.120000       0.920570      -0.336605       0.362053       0.418704         -0.000000
   21.130000       0.917180      -0.341401       0.360427       0.418704         -0.000000
   21.140000       0.913742      -0.346202       0.358776       0.418704         -0.000000
   21.150000       0.910256      -0.351009       0.357100       0.418704         -0.000000
   21.160000       0.906722      -0.355821       0.355400       0.418704         -0.000000
   21.170000       0.903139      -0.360639       0.353674       0.418704         -0.000000
   21.180000       0.899509      -0.365462       0.351923       0.418704         -0.000000
   21.190000       0.895830      -0.370291       0.350146       0.418704         -0.000000
   21.200000       0.892103      -0.375126       0.348344       0.418704         -0.000000
   21.210000       0.888328      -0.379966       0.346517       0.418704         -0.000000
   21.220000       0.884504      -0.384811       0.344664       0.418704         -0.000000
   21.230000       0.880631      -0.389662       0.342786       0.418704         -0.000000
   21.240000       0.876710      -0.394519       0.340881       0.418704         -0.000000
   21.250000       0.872741      -0.399381       0.338951       0.418704         -0.000000
   21.260000       0.868723      -0.404249       0.336995       0.418704         -0.000000
   21.270000       0.864656      -0.409122       0.335014       0.418704         -0.000000
   21.280000       0.860540      -0.414000       0.333006       0.418704         -0.000000
   21.290000       0.856376      -0.418884       0.330972       0.418704         -0.000000
   21.300000       0.852163      -0.423774       0.328912       0.418704         -0.000000
   21.310000       0.847900      -0.428668       0.326826       0.418704         -0.000000
   21.320000       0.843589      -0.433568       0.324713       0.418704         -0.000000
   21.330000       0.839229      -0.438473       0.322575       0.418704         -0.000000
   21.340000       0.834820      -0.443383       0.320410       0.418704         -0.000000
   21.350000       0.830361      -0.448299       0.318218       0.418704         -0.000000
   21.360000       0.825854      -0.453219       0.316000       0.418704         -0.000000
   21.370000       0.821297      -0.458144       0.313756       0.418704         -0.000000
   21.380000       0.816691      -0.463074       0.311485       0.418704         -0.000000
   21.390000       0.812036      -0.468009       0.309188       0.418704         -0.000000
   21.400000       0.807331      -0.472948       0.306864       0.418704         -0.000000
   21.410000       0.802577      -0.477893       0.304513       0.418704         -0.000000
   21.420000       0.797773      -0.482841       0.302136       0.418704         -0.000000
   21.430000       0.792920      -0.487794       0.299733       0.418704         -0.000000
   21.440000       0.788017      -0.492751       0.297302       0.418704         -0.000000
   21.450000       0.783065      -0.497712       0.294845       0.418704         -0.000000
   21.460000       0.778063      -0.502677       0.292362       0.418704         -0.000000
   21.470000       0.773011      -0.507645       0.289852       0.418704         -0.000000
   21.480000       0.767910      -0.512618       0.287315       0.418704         -0.000000
   21.490000       0.762759      -0.517594       0.284752       0.418704         -0.000000
   21.500000       0.757558      -0.522573       0.282163       0.418704         -0.000000
   21.510000       0.752307      -0.527555       0.279547       0.418704         -0.000000
   21.520000       0.747007      -0.532539       0.276905       0.418704         -0.000000
   21.530000       0.741657      -0.537527       0.274236       0.418704         -0.000000
   21.540000       0.736256      -0.542517       0.271542       0.418704         -0.000000
   21.550000       0.730806      -0.547509       0.268821       0.418704         -0.000000
   21.560000       0.725306      -0.552503       0.266074       0.418704         -0.000000
   21.570000       0.719756      -0.557499       0.263301       0.418704         -0.000000
   21.580000       0.714156      -0.562496       0.260503       0.418704         -0.000000
   21.590000       0.708506      -0.567495       0.257679       0.418704         -0.000000
   21.600000       0.702806      -0.572494       0.254829       0.418704         -0.000000
   21.610000       0.697056      -0.577494       0.251955       0.418704         -0.000000
   21.620000       0.691256      -0.582494       0.249055       0.418704         -0.000000
   21.630000       0.685406      -0.587493       0.246130       0.418704         -0.000000
   21.640000       0.679506      -0.592493       0.243180       0.418704         -0.000000
   21.650000       0.673557      -0.597491       0.240206       0.418704         -0.000000
   21.660000       0.667557      -0.602489       0.237208       0.418704         -0.000000
   21.670000       0.661507      -0.607485       0.234185       0.418704         -0.000000
   21.680000       0.655407      -0.612478       0.231139       0.418704         -0.000000
   21.690000       0.649257      -0.617470       0.228070       0.418704         -0.000000
   21.700000       0.643058      -0.622458       0.224977       0.418704         -0.000000
   21.710000       0.636808      -0.627443       0.221862       0.418704         -0.000000
   21.720000       0.630509      -0.632424       0.218724       0.418704         -0.000000
   21.730000       0.624160      -0.637401       0.215564       0.418704         -0.000000
   21.740000       0.617761      -0.642373       0.212382       0.418704         -0.000000
   21.750000       0.611312      -0.647340       0.209180       0.418704         -0.000000
   21.760000       0.604814      -0.652300       0.205956       0.418704         -0.000000
   21.770000       0.598266      -0.657254       0.202712       0.418704         -0.000000
   21.780000       0.591669      -0.662201       0.199449       0.418704         -0.000000
   21.790000       0.585022      -0.667140       0.196166       0.418704         -0.000000
   21.800000       0.578326      -0.672070       0.192865       0.418704         -0.000000
   21.810000       0.571581      -0.676992       0.189545       0.418704         -0.000000
   21.820000       0.564786      -0.681903       0.186208       0.418704         -0.000000
   21.830000       0.557943      -0.686804       0.182854       0.418704         -0.000000
   21.840000       0.551050      -0.691693       0.179484       0.418704         -0.000000
   21.850000       0.544109      -0.696570       0.176099       0.418704         -0.000000
   21.860000       0.537119      -0.701435       0.172699       0.418704         -0.000000
   21.870000       0.530080      -0.706285       0.169285       0.418704         -0.000000
   21.880000       0.522993      -0.711121       0.165858       0.418704         -0.000000
   21.890000       0.515858      -0.715941       0.162419       0.418704         -0.000000
   21.900000       0.508675      -0.720744       0.158968       0.418704         -0.000000
   21.910000       0.501443      -0.725530       0.155507       0.418704         -0.000000
   21.920000       0.494164      -0.730297       0.152037       0.418704         -0.000000
   21.930000       0.486837      -0.735045       0.148559       0.418704         -0.000000
   21.940000       0.479463      -0.739772       0.145073       0.418704         -0.000000
   21.950000       0.472042      -0.744477       0.141581       0.418704         -0.000000
   21.960000       0.464574      -0.749159       0.138084       0.418704         -0.000000
   21.970000       0.457059      -0.753817       0.134584       0.418704         -0.000000
   21.980000       0.449497      -0.758449       0.131081       0.418704         -0.000000
   21.990000       0.441890      -0.763055       0.127577       0.418704         -0.000000
   22.000000       0.434236      -0.767633       0.124074       0.418704         -0.000000
   22.010000       0.426537      -0.772182       0.120572       0.418704         -0.000000
   22.020000       0.418793      -0.776699       0.117073       0.418704         -0.000000
   22.030000       0.411003      -0.781184       0.113579       0.418704         -0.000000
   22.040000       0.403169      -0.785636       0.110092       0.418704         -0.000000
   22.050000       0.395291      -0.790052       0.106613       0.418704         -0.000000
   22.060000       0.387368      -0.794432       0.103143       0.418704         -0.000000
   22.070000       0.379402      -0.798772       0.099685       0.418704         -0.000000
   22.080000       0.371393      -0.803073       0.096241       0.418704         -0.000000
   22.090000       0.363341      -0.807331       0.092812       0.418704         -0.000000
   22.100000       0.355247      -0.811546       0.089401       0.418704         -0.000000
   22.110000       0.347110      -0.815715       0.086009       0.418704         -0.000000
   22.120000       0.338933      -0.819836       0.082639       0.418704         -0.000000
   22.130000       0.330714      -0.823907       0.079292       0.418704         -0.000000
   22.140000       0.322455      -0.827927       0.075973       0.418704         -0.000000
   22.150000       0.314155      -0.831893       0.072681       0.418704         -0.000000
   22.160000       0.305817      -0.835803       0.069421       0.418704         -0.000000
   22.170000       0.297440      -0.839654       0.066194       0.418704         -0.000000
   22.180000       0.289024      -0.843445       0.063004       0.418704         -0.000000
   22.190000       0.280571      -0.847174       0.059852       0.418704         -0.000000
   22.200000       0.272081      -0.850836       0.056743       0.418704         -0.000000
   22.210000       0.263554      -0.854431       0.053678       0.418704         -0.000000
   22.220000       0.254992      -0.857956       0.050660       0.418704         -0.000000
   22.230000       0.246395      -0.861407       0.047693       0.418704         -0.000000
   22.240000       0.237764      -0.864783       0.044779       0.418704         -0.000000
   22.250000       0.229100      -0.868079       0.041923       0.418704         -0.000000
   22.260000       0.220403      -0.871295       0.039127       0.418704         -0.000000
   22.270000       0.211674      -0.874426       0.036394       0.418704         -0.000000
   22.280000       0.202915      -0.877469       0.033728       0.418704         -0.000000
   22.290000       0.194125      -0.880421       0.031133       0.418704         -0.000000
   22.300000       0.185307      -0.883280       0.028612       0.418704         -0.000000
   22.310000       0.176460      -0.886042       0.026169       0.418704         -0.000000
   22.320000       0.167586      -0.888703       0.023807       0.418704         -0.000000
   22.330000       0.158686      -0.891260       0.021531       0.418704         -0.000000
   22.340000       0.149761      -0.893710       0.019345       0.418704         -0.000000
   22.350000       0.140813      -0.896049       0.017252       0.418704         -0.000000
   22.360000       0.131841      -0.898273       0.015257       0.418704         -0.000000
   22.370000       0.122847      -0.900378       0.013364       0.418704         -0.000000
   22.380000       0.113834      -0.902361       0.011576       0.418704         -0.000000
   22.390000       0.104801      -0.904217       0.009899       0.418704         -0.000000
   22.400000       0.095750      -0.905943       0.008337       0.418704         -0.000000
   22.410000       0.086682      -0.907535       0.006894       0.418704         -0.000000
   22.420000       0.077600      -0.908987       0.005575       0.418704         -0.000000
   22.430000       0.068503      -0.910297       0.004384       0.418704         -0.000000
   22.440000       0.059394      -0.911459       0.003325       0.418704         -0.000000
   22.450000       0.050274      -0.912469       0.002404       0.418704         -0.000000
   22.460000       0.041145      -0.913323       0.001625       0.418704         -0.000000
   22.470000       0.032008      -0.914015       0.000992       0.418704         -0.000000
   22.480000       0.022866      -0.914541       0.000511       0.418704         -0.000000
   22.490000       0.013718      -0.914897       0.000186       0.418704         -0.000000
   22.500000       0.004568      -0.915077       0.000021       0.418704         -0.000000
   22.510000      -0.004583      -0.915077       0.000021       0.418704         -0.000000
   22.520000      -0.013733      -0.914891       0.000191       0.418704         -0.000000
   22.530000      -0.022880      -0.914514       0.000536       0.418704         -0.000000
   22.540000      -0.032022      -0.913942       0.001059       0.418704         -0.000000
   22.550000      -0.041158      -0.913169       0.001765       0.418704         -0.000000
   22.560000      -0.050285      -0.912189       0.002660       0.418704         -0.000000
   22.570000      -0.059401      -0.910998       0.003746       0.418704         -0.000000
   22.580000      -0.068504      -0.909589       0.005028       0.418704         -0.000000
   22.590000      -0.077592      -0.907959       0.006510       0.418704         -0.000000
   22.600000      -0.086663      -0.906100       0.008195       0.418704         -0.000000
   22.610000      -0.095713      -0.904008       0.010089       0.418704         -0.000000
   22.620000      -0.104742      -0.901677       0.012194       0.418704         -0.000000
   22.630000      -0.113746      -0.899101       0.014512       0.418704         -0.000000
   22.640000      -0.122723      -0.896276       0.017049       0.418704         -0.000000
   22.650000      -0.131671      -0.893195       0.019806       0.418704         -0.000000
   22.660000      -0.140586      -0.889852       0.022785       0.418704         -0.000000
   22.670000      -0.149467      -0.886243       0.025990       0.418704         -0.000000
   22.680000      -0.158310      -0.882362       0.029422       0.418704         -0.000000
   22.690000      -0.167113      -0.878203       0.033083       0.418704         -0.000000
   22.700000      -0.175873      -0.873762       0.036974       0.418704         -0.000000
   22.710000      -0.184588      -0.869031       0.041096       0.418704         -0.000000
   22.720000      -0.193253      -0.864007       0.045450       0.418704         -0.000000
   22.730000      -0.201867      -0.858684       0.050035       0.418704         -0.000000
   22.740000      -0.210426      -0.853057       0.054851       0.418704         -0.000000
   22.750000      -0.218927      -0.847120       0.059898       0.418704         -0.000000
   22.760000      -0.227367      -0.840869       0.065173       0.418704         -0.000000
   22.770000      -0.235743      -0.834300       0.070676       0.418704         -0.000000
   22.780000      -0.244052      -0.827407       0.076403       0.418704         -0.000000
   22.790000      -0.252290      -0.820186       0.082351       0.418704         -0.000000
   22.800000      -0.260455      -0.812633       0.088518       0.418704         -0.000000
   22.810000      -0.268542      -0.804743       0.094898       0.418704         -0.000000
   22.820000      -0.276548      -0.796513       0.101487       0.418704         -0.000000
   22.830000      -0.284471      -0.787940       0.108280       0.418704         -0.000000
   22.840000      -0.292306      -0.779019       0.115269       0.418704         -0.000000
   22.850000      -0.300050      -0.769747       0.122448       0.418704         -0.000000
   22.860000      -0.307700      -0.760123       0.129811       0.418704         -0.000000
   22.870000      -0.315251      -0.750142       0.137347       0.418704         -0.000000
   22.880000      -0.322701      -0.739804       0.145049       0.418704         -0.000000
   22.890000      -0.330046      -0.729106       0.152906       0.418704         -0.000000
   22.900000      -0.337282      -0.718046       0.160909       0.418704         -0.000000
   22.910000      -0.344406      -0.706624       0.169045       0.418704         -0.000000
   22.920000      -0.351414      -0.694838       0.177304       0.418704         -0.000000
   22.930000      -0.358301      -0.682688       0.185672       0.418704         -0.000000
   22.940000      -0.365066      -0.670175       0.194136       0.418704         -0.000000
   22.950000      -0.371704      -0.657299       0.202683       0.418704         -0.000000
   22.960000      -0.378211      -0.644060       0.211297       0.418704         -0.000000
   22.970000      -0.384584      -0.630461       0.219964       0.418704         -0.000000
   22.980000      -0.390819      -0.616502       0.228666       0.418704         -0.000000
   22.990000      -0.396913      -0.602187       0.237389       0.418704         -0.000000
   23.000000      -0.402861      -0.587519       0.246115       0.418704         -0.000000
   23.010000      -0.408662      -0.572500       0.254826       0.418704         -0.000000
   23.020000      -0.414310      -0.557135       0.263504       0.418704         -0.000000
   23.030000      -0.419803      -0.541428       0.272132       0.418704         -0.000000
   23.040000      -0.425138      -0.525385       0.280689       0.418704         -0.000000
   23.050000      -0.430310      -0.509011       0.289158       0.418704         -0.000000
   23.060000      -0.435317      -0.492311       0.297519       0.418704         -0.000000
   23.070000      -0.440155      -0.475294       0.305752       0.418704         -0.000000
   23.080000      -0.444822      -0.457966       0.313838       0.418704         -0.000000
   23.090000      -0.449313      -0.440335       0.321757       0.418704         -0.000000
   23.100000      -0.453627      -0.422409       0.329489       0.418704         -0.000000
   23.110000      -0.457761      -0.404198       0.337016       0.418704         -0.000000
   23.120000      -0.461710      -0.385711       0.344318       0.418704         -0.000000
   23.130000      -0.465474      -0.366957       0.351375       0.418704         -0.000000
   23.140000      -0.469049      -0.347948       0.358170       0.418704         -0.000000
   23.150000      -0.472432      -0.328695       0.364684       0.418704         -0.000000
   23.160000      -0.475622      -0.309209       0.370899       0.418704         -0.000000
   23.170000      -0.478616      -0.289503       0.376798       0.418704         -0.000000
   23.180000      -0.481411      -0.269588       0.382365       0.418704         -0.000000
   23.190000      -0.484007      -0.249478       0.387584       0.418704         -0.000000
   23.200000      -0.486400      -0.229187       0.392441       0.418704         -0.000000
   23.210000      -0.488590      -0.208727       0.396920       0.418704         -0.000000
   23.220000      -0.490574      -0.188114       0.401010       0.418704         -0.000000
   23.230000      -0.492352      -0.167362       0.404699       0.418704         -0.000000
   23.240000      -0.493921      -0.146485       0.407975       0.418704         -0.000000
   23.250000      -0.495281      -0.125499       0.410829       0.418704         -0.000000
   23.260000      -0.496431      -0.104418       0.413252       0.418704         -0.000000
   23.270000      -0.497369      -0.083260       0.415238       0.418704         -0.000000
   23.280000      -0.498096      -0.062039       0.416780       0.418704         -0.000000
   23.290000      -0.498610      -0.040771       0.417873       0.418704         -0.000000
   23.300000      -0.498911      -0.019472       0.418514       0.418704         -0.000000
   23.310000      -0.498999       0.001842       0.418702       0.418704         -0.000000
   23.320000      -0.498874       0.023154       0.418436       0.418704         -0.000000
   23.330000      -0.498536       0.044448       0.417716       0.418704         -0.000000
   23.340000      -0.497985       0.065709       0.416545       0.418704         -0.000000
   23.350000      -0.497222       0.086921       0.414926       0.418704         -0.000000
   23.360000      -0.496247       0.108067       0.412865       0.418704         -0.000000
   23.370000      -0.495061       0.129132       0.410366       0.418704         -0.000000
   23.380000      -0.493665       0.150101       0.407439       0.418704         -0.000000
   23.390000      -0.492059       0.170957       0.404091       0.418704         -0.000000
   23.400000      -0.490246       0.191686       0.400332       0.418704         -0.000000
   23.410000      -0.488226       0.212274       0.396174       0.418704         -0.000000
   23.420000      -0.486001       0.232706       0.391628       0.418704         -0.000000
   23.430000      -0.483573       0.252967       0.386708       0.418704         -0.000000
   23.440000      -0.480942       0.273044       0.381428       0.418704         -0.000000
   23.450000      -0.478112       0.292923       0.375802       0.418704         -0.000000
   23.460000      -0.475085       0.312593       0.369847       0.418704         -0.000000
   23.470000      -0.471861       0.332039       0.363579       0.418704         -0.000000
   23.480000      -0.468445       0.351251       0.357015       0.418704         -0.000000
   23.490000      -0.464837       0.370216       0.350174       0.418704         -0.000000
   23.500000      -0.461041       0.388924       0.343073       0.418704         -0.000000
   23.510000      -0.457060       0.407365       0.335731       0.418704         -0.000000
   23.520000      -0.452895       0.425527       0.328167       0.418704         -0.000000
   23.530000      -0.448550       0.443403       0.320401       0.418704         -0.000000
   23.540000      -0.444028       0.460982       0.312452       0.418704         -0.000000
   23.550000      -0.439331       0.478257       0.304339       0.418704         -0.000000
   23.560000      -0.434464       0.495220       0.296083       0.418704         -0.000000
   23.570000      -0.429428       0.511864       0.287702       0.418704         -0.000000
   23.580000      -0.424227       0.528181       0.279216       0.418704         -0.000000
   23.590000      -0.418865       0.544167       0.270645       0.418704         -0.000000
   23.600000      -0.413345       0.559815       0.262008       0.418704         -0.000000
   23.610000      -0.407670       0.575120       0.253322       0.418704         -0.000000
   23.620000      -0.401844       0.590079       0.244608       0.418704         -0.000000
   23.630000      -0.395870       0.604686       0.235881       0.418704         -0.000000
   23.640000      -0.389751       0.618940       0.227161       0.418704         -0.000000
   23.650000      -0.383492       0.632836       0.218463       0.418704         -0.000000
   23.660000      -0.377096       0.646374       0.209804       0.418704         -0.000000
   23.670000      -0.370566       0.659550       0.201201       0.418704         -0.000000
   23.680000      -0.363906       0.672363       0.192668       0.418704         -0.000000
   23.690000      -0.357120       0.684814       0.184219       0.418704         -0.000000
   23.700000      -0.350211       0.696900       0.175869       0.418704         -0.000000
   23.710000      -0.343183       0.708623       0.167630       0.418704         -0.000000
   23.720000      -0.336040       0.719983       0.159516       0.418704         -0.000000
   23.730000      -0.328785       0.730980       0.151538       0.418704         -0.000000
   23.740000      -0.321421       0.741616       0.143707       0.418704         -0.000000
   23.750000      -0.313954       0.751892       0.136033       0.418704         -0.000000
   23.760000      -0.306385       0.761811       0.128526       0.418704         -0.000000
   23.770000      -0.298719       0.771375       0.121195       0.418704         -0.000000
   23.780000      -0.290958       0.780585       0.114047       0.418704         -0.000000
   23.790000      -0.283108       0.789446       0.107092       0.418704         -0.000000
   23.800000      -0.275171       0.797960       0.100334       0.418704         -0.000000
   23.810000      -0.267150       0.806131       0.093781       0.418704         -0.000000
   23.820000      -0.259049       0.813962       0.087437       0.418704         -0.000000
   23.830000      -0.250872       0.821457       0.081308       0.418704         -0.000000
   23.840000      -0.242621       0.828621       0.075397       0.418704         -0.000000
   23.850000      -0.234301       0.835458       0.069709       0.418704         -0.000000
   23.860000      -0.225913       0.841972       0.064245       0.418704         -0.000000
   23.870000      -0.217462       0.848168       0.059009       0.418704         -0.000000
   23.880000      -0.208951       0.854051       0.054002       0.418704         -0.000000
   23.890000      -0.200382       0.859625       0.049226       0.418704         -0.000000
   23.900000      -0.191759       0.864896       0.044681       0.418704         -0.000000
   23.910000      -0.183085       0.869869       0.040368       0.418704         -0.000000
   23.920000      -0.174363       0.874550       0.036285       0.418704         -0.000000
   23.930000      -0.165595       0.878942       0.032434       0.418704         -0.000000
   23.940000      -0.156785       0.883053       0.028813       0.418704         -0.000000
   23.950000      -0.147935       0.886886       0.025420       0.418704         -0.000000
   23.960000      -0.139048       0.890449       0.022255       0.418704         -0.000000
   23.970000      -0.130127       0.893745       0.019313       0.418704         -0.000000
   23.980000      -0.121174       0.896782       0.016595       0.418704         -0.000000
   23.990000      -0.112192       0.899564       0.014096       0.418704         -0.000000
   24.000000      -0.103184       0.902097       0.011815       0.418704         -0.000000
   24.010000      -0.094151       0.904386       0.009747       0.418704         -0.000000
   24.020000      -0.085097       0.906438       0.007889       0.418704         -0.000000
   24.030000      -0.076023       0.908256       0.006239       0.418704         -0.000000
   24.040000      -0.066932       0.909848       0.004792       0.418704         -0.000000
   24.050000      -0.057827       0.911219       0.003544       0.418704         -0.000000
   24.060000      -0.048709       0.912373       0.002491       0.418704         -0.000000
   24.070000      -0.039580       0.913317       0.001630       0.418704         -0.000000
   24.080000      -0.030443       0.914055       0.000956       0.418704         -0.000000
   24.090000      -0.021300       0.914593       0.000463       0.418704         -0.000000
   24.100000      -0.012152       0.914937       0.000149       0.418704         -0.000000
   24.110000      -0.003002       0.915090       0.000009       0.418704         -0.000000
   24.120000       0.006149       0.915059       0.000038       0.418704         -0.000000
   24.130000       0.015299       0.914848       0.000231       0.418704         -0.000000
   24.140000       0.024446       0.914462       0.000583       0.418704         -0.000000
   24.150000       0.033588       0.913907       0.001091       0.418704         -0.000000
   24.160000       0.042723       0.913186       0.001749       0.418704         -0.000000
   24.170000       0.051851       0.912306       0.002553       0.418704         -0.000000
   24.180000       0.060969       0.911269       0.003498       0.418704         -0.000000
   24.190000       0.070076       0.910081       0.004580       0.418704         -0.000000
   24.200000       0.079170       0.908747       0.005794       0.418704         -0.000000
   24.210000       0.088250       0.907270       0.007135       0.418704         -0.000000
   24.220000       0.097315       0.905655       0.008599       0.418704         -0.000000
   24.230000       0.106363       0.903906       0.010181       0.418704         -0.000000
   24.240000       0.115393       0.902027       0.011877       0.418704         -0.000000
   24.250000       0.124403       0.900023       0.013683       0.418704         -0.000000
   24.260000       0.133393       0.897897       0.015595       0.418704         -0.000000
   24.270000       0.142361       0.895653       0.017607       0.418704         -0.000000
   24.280000       0.151305       0.893295       0.019716       0.418704         -0.000000
   24.290000       0.160226       0.890826       0.021918       0.418704         -0.000000
   24.300000       0.169122       0.888251       0.024209       0.418704         -0.000000
   24.310000       0.177991       0.885572       0.026585       0.418704         -0.000000
   24.320000       0.186833       0.882793       0.029042       0.418704         -0.000000
   24.330000       0.195646       0.879918       0.031576       0.418704         -0.000000
   24.340000       0.204431       0.876949       0.034184       0.418704         -0.000000
   24.350000       0.213185       0.873891       0.036861       0.418704         -0.000000
   24.360000       0.221908       0.870745       0.039605       0.418704         -0.000000
   24.370000       0.230600       0.867516       0.042412       0.418704         -0.000000
   24.380000       0.239258       0.864205       0.045279       0.418704         -0.000000
   24.390000       0.247883       0.860816       0.048202       0.418704         -0.000000
   24.400000       0.256474       0.857352       0.051178       0.418704         -0.000000
   24.410000       0.265030       0.853815       0.054204       0.418704         -0.000000
   24.420000       0.273550       0.850208       0.057277       0.418704         -0.000000
   24.430000       0.282034       0.846534       0.060394       0.418704         -0.000000
   24.440000       0.290481       0.842795       0.063552       0.418704         -0.000000
   24.450000       0.298890       0.838993       0.066749       0.418704         -0.000000
   24.460000       0.307261       0.835131       0.069982       0.418704         -0.000000
   24.470000       0.315592       0.831211       0.073248       0.418704         -0.000000
   24.480000       0.323885       0.827236       0.076544       0.418704         -0.000000
   24.490000       0.332137       0.823207       0.079869       0.418704         -0.000000
   24.500000       0.340349       0.819127       0.083219       0.418704         -0.000000
   24.510000       0.348519       0.814998       0.086593       0.418704         -0.000000
   24.520000       0.356648       0.810821       0.089989       0.418704         -0.000000
   24.530000       0.364735       0.806598       0.093403       0.418704         -0.000000
   24.540000       0.372780       0.802333       0.096835       0.418704         -0.000000
   24.550000       0.380782       0.798025       0.100282       0.418704         -0.000000
   24.560000       0.388741       0.793678       0.103742       0.418704         -0.000000
   24.570000       0.396655       0.789292       0.107213       0.418704         -0.000000
   24.580000       0.404526       0.784869       0.110694       0.418704         -0.000000
   24.590000       0.412353       0.780412       0.114183       0.418704         -0.000000
   24.600000       0.420134       0.775921       0.117677       0.418704         -0.000000
   24.610000       0.427871       0.771398       0.121177       0.418704         -0.000000
   24.620000       0.435562       0.766844       0.124679       0.418704         -0.000000
   24.630000       0.443208       0.762261       0.128183       0.418704         -0.000000
   24.640000       0.450807       0.757651       0.131687       0.418704         -0.000000
   24.650000       0.458361       0.753014       0.135189       0.418704         -0.000000
   24.660000       0.465868       0.748352       0.138689       0.418704         -0.000000
   24.670000       0.473328       0.743665       0.142185       0.418704         -0.000000
   24.680000       0.480741       0.738956       0.145676       0.418704         -0.000000
   24.690000       0.488107       0.734226       0.149160       0.418704         -0.000000
   24.700000       0.495425       0.729475       0.152637       0.418704         -0.000000
   24.710000       0.502696       0.724704       0.156106       0.418704         -0.000000
   24.720000       0.509919       0.719915       0.159565       0.418704         -0.000000
   24.730000       0.517094       0.715109       0.163014       0.418704         -0.000000
   24.740000       0.524221       0.710286       0.166451       0.418704         -0.000000
   24.750000       0.531300       0.705448       0.169876       0.418704         -0.000000
   24.760000       0.538330       0.700595       0.173287       0.418704         -0.000000
   24.770000       0.545312       0.695728       0.176685       0.418704         -0.000000
   24.780000       0.552245       0.690849       0.180068       0.418704         -0.000000
   24.790000       0.559129       0.685958       0.183435       0.418704         -0.000000
   24.800000       0.565964       0.681055       0.186786       0.418704         -0.000000
   24.810000       0.572750       0.676142       0.190120       0.418704         -0.000000
   24.820000       0.579487       0.671219       0.193437       0.418704         -0.000000
   24.830000       0.586174       0.666287       0.196735       0.418704         -0.000000
   24.840000       0.592812       0.661347       0.200014       0.418704         -0.000000
   24.850000       0.599401       0.656399       0.203274       0.418704         -0.000000
   24.860000       0.605940       0.651443       0.206515       0.418704         -0.000000
   24.870000       0.612430       0.646482       0.209735       0.418704         -0.000000
   24.880000       0.618870       0.641514       0.212934       0.418704         -0.000000
   24.890000       0.625260       0.636541       0.216111       0.418704         -0.000000
   24.900000       0.631601       0.631564       0.219268       0.418704         -0.000000
   24.910000       0.637892       0.626582       0.222401       0.418704         -0.000000
   24.920000       0.644132       0.621596       0.225513       0.418704         -0.000000
   24.930000       0.650323       0.616607       0.228602       0.418704         -0.000000
   24.940000       0.656465       0.611616       0.231667       0.418704         -0.000000
   24.950000       0.662556       0.606621       0.234709       0.418704         -0.000000
   24.960000       0.668597       0.601625       0.237727       0.418704         -0.000000
   24.970000       0.674588       0.596628       0.240722       0.418704         -0.000000
   24.980000       0.680530       0.591629       0.243692       0.418704         -0.000000
   24.990000       0.686421       0.586629       0.246637       0.418704         -0.000000
   25.000000       0.692262       0.581630       0.249557       0.418704         -0.000000
   25.010000       0.698053       0.576630       0.252453       0.418704         -0.000000
   25.020000       0.703795       0.571630       0.255324       0.418704         -0.000000
   25.030000       0.709486       0.566631       0.258169       0.418704         -0.000000
   25.040000       0.715127       0.561633       0.260988       0.418704         -0.000000
   25.050000       0.720719       0.556636       0.263782       0.418704         -0.000000
   25.060000       0.726260       0.551640       0.266551       0.418704         -0.000000
   25.070000       0.731751       0.546646       0.269293       0.418704         -0.000000
   25.080000       0.737193       0.541655       0.272009       0.418704         -0.000000
   25.090000       0.742585       0.536665       0.274699       0.418704         -0.000000
   25.100000       0.747926       0.531678       0.277363       0.418704         -0.000000
   25.110000       0.753218       0.526693       0.280001       0.418704         -0.000000
   25.120000       0.758460       0.521712       0.282612       0.418704         -0.000000
   25.130000       0.763652       0.516734       0.285197       0.418704         -0.000000
   25.140000       0.768795       0.511758       0.287756       0.418704         -0.000000
   25.150000       0.773888       0.506787       0.290288       0.418704         -0.000000
   25.160000       0.778931       0.501819       0.292793       0.418704         -0.000000
   25.170000       0.783924       0.496854       0.295272       0.418704         -0.000000
   25.180000       0.788868       0.491894       0.297724       0.418704         -0.000000
   25.190000       0.793762       0.486938       0.300150       0.418704         -0.000000
   25.200000       0.798606       0.481986       0.302549       0.418704         -0.000000
   25.210000       0.803402       0.477038       0.304921       0.418704         -0.000000
   25.220000       0.808147       0.472095       0.307267       0.418704         -0.000000
   25.230000       0.812843       0.467156       0.309587       0.418704         -0.000000
   25.240000       0.817490       0.462222       0.311879       0.418704         -0.000000
   25.250000       0.822088       0.457293       0.314146       0.418704         -0.000000
   25.260000       0.826636       0.452368       0.316385       0.418704         -0.000000
   25.270000       0.831135       0.447449       0.318599       0.418704         -0.000000
   25.280000       0.835585       0.442534       0.320786       0.418704         -0.000000
   25.290000       0.839986       0.437625       0.322946       0.418704         -0.000000
   25.300000       0.844338       0.432721       0.325080       0.418704         -0.000000
   25.310000       0.848640       0.427822       0.327188       0.418704         -0.000000
   25.320000       0.852894       0.422928       0.329270       0.418704         -0.000000
   25.330000       0.857099       0.418040       0.331325       0.418704         -0.000000
   25.340000       0.861255       0.413157       0.333355       0.418704         -0.000000
   25.350000       0.865362       0.408279       0.335358       0.418704         -0.000000
   25.360000       0.869421       0.403407       0.337335       0.418704         -0.000000
   25.370000       0.873430       0.398541       0.339287       0.418704         -0.000000
   25.380000       0.877391       0.393679       0.341212       0.418704         -0.000000
   25.390000       0.881304       0.388824       0.343112       0.418704         -0.000000
   25.400000       0.885168       0.383974       0.344986       0.418704         -0.000000
   25.410000       0.888983       0.379129       0.346835       0.418704         -0.000000
   25.420000       0.892751       0.374290       0.348657       0.418704         -0.000000
   25.430000       0.896469       0.369456       0.350455       0.418704         -0.000000
   25.440000       0.900140       0.364628       0.352227       0.418704         -0.000000
   25.450000       0.903762       0.359806       0.353974       0.418704         -0.000000
   25.460000       0.907336       0.354989       0.355695       0.418704         -0.000000
   25.470000       0.910862       0.350178       0.357392       0.418704         -0.000000
   25.480000       0.914339       0.345372       0.359063       0.418704         -0.000000
   25.490000       0.917769       0.340572       0.360709       0.418704         -0.000000
   25.500000       0.921151       0.335777       0.362331       0.418704         -0.000000
   25.510000       0.924485       0.330987       0.363928       0.418704         -0.000000
   25.520000       0.927771       0.326203       0.365500       0.418704         -0.000000
   25.530000       0.931009       0.321425       0.367047       0.418704         -0.000000
   25.540000       0.934199       0.316651       0.368570       0.418704         -0.000000
   25.550000       0.937342       0.311883       0.370068       0.418704         -0.000000
   25.560000       0.940437       0.307121       0.371542       0.418704         -0.000000
   25.570000       0.943484       0.302363       0.372992       0.418704         -0.000000
   25.580000       0.946484       0.297611       0.374418       0.418704         -0.000000
   25.590000       0.949436       0.292864       0.375819       0.418704         -0.000000
   25.600000       0.952341       0.288122       0.377197       0.418704         -0.000000
   25.610000       0.955199       0.283385       0.378550       0.418704         -0.000000
   25.620000       0.958009       0.278654       0.379880       0.418704         -0.000000
   25.630000       0.960772       0.273927       0.381186       0.418704         -0.000000
   25.640000       0.963488       0.269205       0.382468       0.418704         -0.000000
   25.650000       0.966156       0.264488       0.383727       0.418704         -0.000000
   25.660000       0.968777       0.259776       0.384962       0.418704         -0.000000
   25.670000       0.971352       0.255068       0.386174       0.418704         -0.000000
   25.680000       0.973879       0.250366       0.387362       0.418704         -0.000000
   25.690000       0.976359       0.245667       0.388528       0.418704         -0.000000
   25.700000       0.978792       0.240974       0.389670       0.418704         -0.000000
   25.710000       0.981179       0.236285       0.390789       0.418704         -0.000000
   25.720000       0.983518       0.231600       0.391885       0.418704         -0.000000
   25.730000       0.985811       0.226920       0.392958       0.418704         -0.000000
   25.740000       0.988056       0.222244       0.394008       0.418704         -0.000000
   25.750000       0.990255       0.217572       0.395035       0.418704         -0.000000
   25.760000       0.992408       0.212905       0.396040       0.418704         -0.000000
   25.770000       0.994514       0.208241       0.397022       0.418704         -0.000000
   25.780000       0.996573       0.203582       0.397981       0.418704         -0.000000
   25.790000       0.998585       0.198926       0.398918       0.418704         -0.000000
   25.800000       1.000551       0.194274       0.399833       0.418704         -0.000000
   25.810000       1.002471       0.189626       0.400725       0.418704         -0.000000
   25.820000       1.004344       0.184982       0.401595       0.418704         -0.000000
   25.830000       1.006170       0.180341       0.402442       0.418704         -0.000000
   25.840000       1.007951       0.175704       0.403268       0.418704         -0.000000
   25.850000       1.009684       0.171071       0.404071       0.418704         -0.000000
   25.860000       1.011372       0.166441       0.404853       0.418704         -0.000000
   25.870000       1.013013       0.161814       0.405612       0.418704         -0.000000
   25.880000       1.014608       0.157190       0.406350       0.418704         -0.000000
   25.890000       1.016157       0.152569       0.407065       0.418704         -0.000000
   25.900000       1.017660       0.147952       0.407759       0.418704         -0.000000
   25.910000       1.019116       0.143337       0.408431       0.418704         -0.000000
   25.920000       1.020526       0.138726       0.409082       0.418704         -0.000000
   25.930000       1.021891       0.134117       0.409710       0.418704         -0.000000
   25.940000       1.023209       0.129511       0.410317       0.418704         -0.000000
   25.950000       1.024481       0.124907       0.410903       0.418704         -0.000000
   25.960000       1.025707       0.120306       0.411467       0.418704         -0.000000
   25.970000       1.026887       0.115707       0.412010       0.418704         -0.000000
   25.980000       1.028021       0.111111       0.412531       0.418704         -0.000000
   25.990000       1.029109       0.106517       0.413031       0.418704         -0.000000
   26.000000       1.030151       0.101925       0.413510       0.418704         -0.000000
   26.010000       1.031148       0.097336       0.413967       0.418704         -0.000000
   26.020000       1.032098       0.092748       0.414403       0.418704         -0.000000
   26.030000       1.033003       0.088162       0.414818       0.418704         -0.000000
   26.040000       1.033861       0.083578       0.415211       0.418704         -0.000000
   26.050000       1.034674       0.078996       0.415584       0.418704         -0.000000
   26.060000       1.035441       0.074415       0.415935       0.418704         -0.000000
   26.070000       1.036163       0.069836       0.416265       0.418704         -0.000000
   26.080000       1.036838       0.065258       0.416575       0.418704         -0.000000
   26.090000       1.037468       0.060682       0.416863       0.418704         -0.000000
   26.100000       1.038052       0.056107       0.417130       0.418704         -0.000000
   26.110000       1.038590       0.051533       0.417376       0.418704         -0.000000
   26.120000       1.039082       0.046960       0.417601       0.418704         -0.000000
   26.130000       1.039529       0.042388       0.417806       0.418704         -0.000000
   26.140000       1.039930       0.037817       0.417989       0.418704         -0.000000
   26.150000       1.040285       0.033247       0.418151       0.418704         -0.000000
   26.160000       1.040595       0.028677       0.418293       0.418704         -0.000000
   26.170000       1.040859       0.024108       0.418413       0.418704         -0.000000
   26.180000       1.041077       0.019540       0.418513       0.418704         -0.000000
   26.190000       1.041250       0.014972       0.418592       0.418704         -0.000000
   26.200000       1.041377       0.010404       0.418650       0.418704         -0.000000
   26.210000       1.041458       0.005836       0.418687       0.418704         -0.000000
   26.220000       1.041493       0.001269       0.418703       0.418704         -0.000000
   26.230000       1.041483      -0.003299       0.418699       0.418704         -0.000000
   26.240000       1.041427      -0.007866       0.418673       0.418704         -0.000000
   26.250000       1.041326      -0.012434       0.418627       0.418704         -0.000000
   26.260000       1.041179      -0.017002       0.418559       0.418704         -0.000000
   26.270000       1.040986      -0.021570       0.418471       0.418704         -0.000000
   26.280000       1.040747      -0.026138       0.418362       0.418704         -0.000000
   26.290000       1.040463      -0.030708       0.418232       0.418704         -0.000000
   26.300000       1.040133      -0.035278       0.418082       0.418704         -0.000000
   26.310000       1.039758      -0.039848       0.417910       0.418704         -0.000000
   26.320000       1.039336      -0.044420       0.417717       0.418704         -0.000000
   26.330000       1.038869      -0.048992       0.417504       0.418704         -0.000000
   26.340000       1.038356      -0.053565       0.417269       0.418704         -0.000000
   26.350000       1.037798      -0.058140       0.417014       0.418704         -0.000000
   26.360000       1.037194      -0.062715       0.416737       0.418704         -0.000000
   26.370000       1.036543      -0.067292       0.416440       0.418704         -0.000000
   26.380000       1.035848      -0.071871       0.416121       0.418704         -0.000000
   26.390000       1.035106      -0.076451       0.415782       0.418704         -0.000000
   26.400000       1.034319      -0.081032       0.415421       0.418704         -0.000000
   26.410000       1.033485      -0.085615       0.415039       0.418704         -0.000000
   26.420000       1.032606      -0.090200       0.414636       0.418704         -0.000000
   26.430000       1.031681      -0.094786       0.414212       0.418704         -0.000000
   26.440000       1.030711      -0.099375       0.413766       0.418704         -0.000000
   26.450000       1.029694      -0.103966       0.413300       0.418704         -0.000000
   26.460000       1.028631      -0.108558       0.412811       0.418704         -0.000000
   26.470000       1.027523      -0.113153       0.412302       0.418704         -0.000000
   26.480000       1.026368      -0.117751       0.411771       0.418704         -0.000000
   26.490000       1.025168      -0.122350       0.411219       0.418704         -0.000000
   26.500000       1.023921      -0.126953       0.410645       0.418704         -0.000000
   26.510000       1.022629      -0.131557       0.410050       0.418704         -0.000000
   26.520000       1.021290      -0.136165       0.409434       0.418704         -0.000000
   26.530000       1.019905      -0.140775       0.408795       0.418704         -0.000000
   26.540000       1.018475      -0.145388       0.408135       0.418704         -0.000000
   26.550000       1.016998      -0.150004       0.407453       0.418704         -0.000000
   26.560000       1.015474      -0.154622       0.406750       0.418704         -0.000000
   26.570000       1.013905      -0.159244       0.406025       0.418704         -0.000000
   26.580000       1.012290      -0.163869       0.405277       0.418704         -0.000000
   26.590000       1.010628      -0.168498       0.404508       0.418704         -0.000000
   26.600000       1.008920      -0.173130       0.403717       0.418704         -0.000000
   26.610000       1.007165      -0.177765       0.402904       0.418704         -0.000000
   26.620000       1.005364      -0.182403       0.402068       0.418704         -0.000000
   26.630000       1.003517      -0.187045       0.401211       0.418704         -0.000000
   26.640000       1.001623      -0.191691       0.400331       0.418704         -0.000000
   26.650000       0.999683      -0.196341       0.399429       0.418704         -0.000000
   26.660000       0.997697      -0.200994       0.398505       0.418704         -0.000000
   26.670000       0.995663      -0.205652       0.397558       0.418704         -0.000000
   26.680000       0.993584      -0.210313       0.396588       0.418704         -0.000000
   26.690000       0.991457      -0.214978       0.395596       0.418704         -0.000000
   26.700000       0.989284      -0.219648       0.394581       0.418704         -0.000000
   26.710000       0.987064      -0.224321       0.393544       0.418704         -0.000000
   26.720000       0.984797      -0.228999       0.392484       0.418704         -0.000000
   26.730000       0.982484      -0.233681       0.391400       0.418704         -0.000000
   26.740000       0.980124      -0.238368       0.390294       0.418704         -0.000000
   26.750000       0.977717      -0.243059       0.389165       0.418704         -0.000000
   26.760000       0.975263      -0.247755       0.388013       0.418704         -0.000000
   26.770000       0.972762      -0.252455       0.386837       0.418704         -0.000000
   26.780000       0.970214      -0.257160       0.385638       0.418704         -0.000000
   26.790000       0.967618      -0.261869       0.384416       0.418704         -0.000000
   26.800000       0.964976      -0.266584       0.383171       0.418704         -0.000000
   26.810000       0.962287      -0.271303       0.381901       0.418704         -0.000000
   26.820000       0.959550      -0.276027       0.380609       0.418704         -0.000000
   26.830000       0.956766      -0.280756       0.379292       0.418704         -0.000000
   26.840000       0.953935      -0.285490       0.377952       0.418704         -0.000000
   26.850000       0.951056      -0.290229       0.376588       0.418704         -0.000000
   26.860000       0.948130      -0.294973       0.375199       0.418704         -0.000000
   26.870000       0.945157      -0.299722       0.373787       0.418704         -0.000000
   26.880000       0.942136      -0.304477       0.372351       0.418704         -0.000000
   26.890000       0.939067      -0.309237       0.370890       0.418704         -0.000000
   26.900000       0.935951      -0.314002       0.369405       0.418704         -0.000000
   26.910000       0.932787      -0.318772       0.367896       0.418704         -0.000000
   26.920000       0.929576      -0.323547       0.366362       0.418704         -0.000000
   26.930000       0.926316      -0.328329       0.364804       0.418704         -0.000000
   26.940000       0.923009      -0.333115       0.363221       0.418704         -0.000000
   26.950000       0.919654      -0.337907       0.361613       0.418704         -0.000000
   26.960000       0.916251      -0.342704       0.359981       0.418704         -0.000000
   26.970000       0.912800      -0.347507       0.358323       0.418704         -0.000000
   26.980000       0.909301      -0.352315       0.356641       0.418704         -0.000000
   26.990000       0.905754      -0.357129       0.354933       0.418704         -0.000000
   27.000000       0.902158      -0.361948       0.353201       0.418704         -0.000000
   27.010000       0.898515      -0.366773       0.351443       0.418704         -0.000000
   27.020000       0.894823      -0.371604       0.349659       0.418704         -0.000000
   27.030000       0.891082      -0.376440       0.347851       0.418704         -0.000000
   27.040000       0.887294      -0.381281       0.346016       0.418704         -0.000000
   27.050000       0.883457      -0.386128       0.344156       0.418704         -0.000000
   27.060000       0.879571      -0.390981       0.342271       0.418704         -0.000000
   27.070000       0.875637      -0.395839       0.340360       0.418704         -0.000000
   27.080000       0.871654      -0.400703       0.338423       0.418704         -0.000000
   27.090000       0.867623      -0.405572       0.336460       0.418704         -0.000000
   27.100000       0.863543      -0.410446       0.334471       0.418704         -0.000000
   27.110000       0.859414      -0.415326       0.332456       0.418704         -0.000000
   27.120000       0.855236      -0.420212       0.330415       0.418704         -0.000000
   27.130000       0.851010      -0.425102       0.328348       0.418704         -0.000000
   27.140000       0.846734      -0.429998       0.326255       0.418704         -0.000000
   27.150000       0.842410      -0.434900       0.324135       0.418704         -0.000000
   27.160000       0.838036      -0.439806       0.321989       0.418704         -0.000000
   27.170000       0.833614      -0.444718       0.319817       0.418704         -0.000000
   27.180000       0.829142      -0.449634       0.317618       0.418704         -0.000000
   27.190000       0.824621      -0.454556       0.315393       0.418704         -0.000000
   27.200000       0.820051      -0.459483       0.313142       0.418704         -0.000000
   27.210000       0.815431      -0.464414       0.310864       0.418704         -0.000000
   27.220000       0.810763      -0.469350       0.308559       0.418704         -0.000000
   27.230000       0.806044      -0.474291       0.306228       0.418704         -0.000000
   27.240000       0.801277      -0.479236       0.303870       0.418704         -0.000000
   27.250000       0.796460      -0.484186       0.301486       0.418704         -0.000000
   27.260000       0.791593      -0.489140       0.299075       0.418704         -0.000000
   27.270000       0.786677      -0.494098       0.296638       0.418704         -0.000000
   27.280000       0.781711      -0.499060       0.294174       0.418704         -0.000000
   27.290000       0.776696      -0.504026       0.291683       0.418704         -0.000000
   27.300000       0.771631      -0.508996       0.289166       0.418704         -0.000000
   27.310000       0.766516      -0.513969       0.286622       0.418704         -0.000000
   27.320000       0.761351      -0.518946       0.284052       0.418704         -0.000000
   27.330000       0.756137      -0.523925       0.281455       0.418704         -0.000000
   27.340000       0.750873      -0.528908       0.278832       0.418704         -0.000000
   27.350000       0.745559      -0.533894       0.276183       0.418704         -0.000000
   27.360000       0.740195      -0.538882       0.273507       0.418704         -0.000000
   27.370000       0.734781      -0.543873       0.270805       0.418704         -0.000000
   27.380000       0.729317      -0.548865       0.268077       0.418704         -0.000000
   27.390000       0.723804      -0.553860       0.265324       0.418704         -0.000000
   27.400000       0.718240      -0.558856       0.262544       0.418704         -0.000000
   27.410000       0.712627      -0.563854       0.259738       0.418704         -0.000000
   27.420000       0.706963      -0.568852       0.256907       0.418704         -0.000000
   27.430000       0.701249      -0.573852       0.254051       0.418704         -0.000000
   27.440000       0.695486      -0.578852       0.251169       0.418704         -0.000000
   27.450000       0.689672      -0.583852       0.248263       0.418704         -0.000000
   27.460000       0.683809      -0.588851       0.245331       0.418704         -0.000000
   27.470000       0.677895      -0.593851       0.242375       0.418704         -0.000000
   27.480000       0.671932      -0.598849       0.239394       0.418704         -0.000000
   27.490000       0.665918      -0.603846       0.236389       0.418704         -0.000000
   27.500000       0.659855      -0.608841       0.233360       0.418704         -0.000000
   27.510000       0.653742      -0.613834       0.230308       0.418704         -0.000000
   27.520000       0.647578      -0.618825       0.227232       0.418704         -0.000000
   27.530000       0.641365      -0.623812       0.224133       0.418704         -0.000000
   27.540000       0.635102      -0.628796       0.221012       0.418704         -0.000000
   27.550000       0.628789      -0.633776       0.217868       0.418704         -0.000000
   27.560000       0.622427      -0.638752       0.214702       0.418704         -0.000000
   27.570000       0.616014      -0.643723       0.211515       0.418704         -0.000000
   27.580000       0.609552      -0.648688       0.208306       0.418704         -0.000000
   27.590000       0.603040      -0.653646       0.205077       0.418704         -0.000000
   27.600000       0.596479      -0.658598       0.201828       0.418704         -0.000000
   27.610000       0.589869      -0.663543       0.198559       0.418704         -0.000000
   27.620000       0.583208      -0.668480       0.195271       0.418704         -0.000000
   27.630000       0.576499      -0.673408       0.191965       0.418704         -0.000000
   27.640000       0.569740      -0.678326       0.188641       0.418704         -0.000000
   27.650000       0.562932      -0.683235       0.185299       0.418704         -0.000000
   27.660000       0.556076      -0.688133       0.181941       0.418704         -0.000000
   27.670000       0.549170      -0.693019       0.178566       0.418704         -0.000000
   27.680000       0.542215      -0.697893       0.175177       0.418704         -0.000000
   27.690000       0.535212      -0.702753       0.171773       0.418704         -0.000000
   27.700000       0.528160      -0.707600       0.168355       0.418704         -0.000000
   27.710000       0.521060      -0.712431       0.164925       0.418704         -0.000000
   27.720000       0.513912      -0.717247       0.161482       0.418704         -0.000000
   27.730000       0.506715      -0.722046       0.158029       0.418704         -0.000000
   27.740000       0.499471      -0.726826       0.154566       0.418704         -0.000000
   27.750000       0.492179      -0.731589       0.151093       0.418704         -0.000000
   27.760000       0.484839      -0.736331       0.147613       0.418704         -0.000000
   27.770000       0.477452      -0.741052       0.144125       0.418704         -0.000000
   27.780000       0.470018      -0.745751       0.140632       0.418704         -0.000000
   27.790000       0.462537      -0.750426       0.137134       0.418704         -0.000000
   27.800000       0.455010      -0.755078       0.133633       0.418704         -0.000000
   27.810000       0.447436      -0.759703       0.130130       0.418704         -0.000000
   27.820000       0.439816      -0.764301       0.126626       0.418704         -0.000000
   27.830000       0.432150      -0.768871       0.123122       0.418704         -0.000000
   27.840000       0.424438      -0.773412       0.119621       0.418704         -0.000000
   27.850000       0.416682      -0.777921       0.116124       0.418704         -0.000000
   27.860000       0.408880      -0.782397       0.112631       0.418704         -0.000000
   27.870000       0.401034      -0.786839       0.109146       0.418704         -0.000000
   27.880000       0.393143      -0.791245       0.105669       0.418704         -0.000000
   27.890000       0.385209      -0.795614       0.102203       0.418704         -0.000000
   27.900000       0.377231      -0.799944       0.098748       0.418704         -0.000000
   27.910000       0.369210      -0.804234       0.095308       0.418704         -0.000000
   27.920000       0.361147      -0.808480       0.091884       0.418704         -0.000000
   27.930000       0.353041      -0.812683       0.088477       0.418704         -0.000000
   27.940000       0.344893      -0.816839       0.085091       0.418704         -0.000000
   27.950000       0.336704      -0.820946       0.081727       0.418704         -0.000000
   27.960000       0.328475      -0.825004       0.078388       0.418704         -0.000000
   27.970000       0.320204      -0.829009       0.075076       0.418704         -0.000000
   27.980000       0.311895      -0.832960       0.071793       0.418704         -0.000000
   27.990000       0.303545      -0.836855       0.068541       0.418704         -0.000000
   28.000000       0.295158      -0.840690       0.065324       0.418704         -0.000000
   28.010000       0.286732      -0.844464       0.062144       0.418704         -0.000000
   28.020000       0.278269      -0.848175       0.059004       0.418704         -0.000000
   28.030000       0.269769      -0.851820       0.055906       0.418704         -0.000000
   28.040000       0.261232      -0.855396       0.052853       0.418704         -0.000000
   28.050000       0.252661      -0.858900       0.049849       0.418704         -0.000000
   28.060000       0.244055      -0.862332       0.046896       0.418704         -0.000000
   28.070000       0.235414      -0.865686       0.043998       0.418704         -0.000000
   28.080000       0.226741      -0.868961       0.041157       0.418704         -0.000000
   28.090000       0.218036      -0.872154       0.038378       0.418704         -0.000000
   28.100000       0.209298      -0.875261       0.035663       0.418704         -0.000000
   28.110000       0.200531      -0.878280       0.033016       0.418704         -0.000000
   28.120000       0.191733      -0.881207       0.030441       0.418704         -0.000000
   28.130000       0.182907      -0.884040       0.027941       0.418704         -0.000000
   28.140000       0.174053      -0.886775       0.025519       0.418704         -0.000000
   28.150000       0.165172      -0.889408       0.023181       0.418704         -0.000000
   28.160000       0.156265      -0.891936       0.020929       0.418704         -0.000000
   28.170000       0.147333      -0.894356       0.018767       0.418704         -0.000000
   28.180000       0.138378      -0.896664       0.016701       0.418704         -0.000000
   28.190000       0.129400      -0.898856       0.014733       0.418704         -0.000000
   28.200000       0.120401      -0.900929       0.012868       0.418704         -0.000000
   28.210000       0.111382      -0.902878       0.011110       0.418704         -0.000000
   28.220000       0.102344      -0.904699       0.009464       0.418704         -0.000000
   28.230000       0.093289      -0.906389       0.007933       0.418704         -0.000000
   28.240000       0.084217      -0.907943       0.006523       0.418704         -0.000000
   28.250000       0.075130      -0.909357       0.005238       0.418704         -0.000000
   28.260000       0.066030      -0.910627       0.004083       0.418704         -0.000000
   28.270000       0.056918      -0.911749       0.003061       0.418704         -0.000000
   28.280000       0.047796      -0.912717       0.002178       0.418704         -0.000000
   28.290000       0.038664      -0.913527       0.001438       0.418704         -0.000000
   28.300000       0.029526      -0.914174       0.000846       0.418704         -0.000000
   28.310000       0.020381      -0.914655       0.000407       0.418704         -0.000000
   28.320000       0.011233      -0.914964       0.000125       0.418704         -0.000000
   28.330000       0.002083      -0.915095       0.000004       0.418704         -0.000000
   28.340000      -0.007068      -0.915045       0.000050       0.418704         -0.000000
   28.350000      -0.016218      -0.914808       0.000267       0.418704         -0.000000
   28.360000      -0.025364      -0.914379       0.000660       0.418704         -0.000000
   28.370000      -0.034504      -0.913752       0.001232       0.418704         -0.000000
   28.380000      -0.043638      -0.912923       0.001990       0.418704         -0.000000
   28.390000      -0.052762      -0.911887       0.002935       0.418704         -0.000000
   28.400000      -0.061875      -0.910637       0.004074       0.418704         -0.000000
   28.410000      -0.070974      -0.909169       0.005410       0.418704         -0.000000
   28.420000      -0.080058      -0.907477       0.006947       0.418704         -0.000000
   28.430000      -0.089123      -0.905555       0.008689       0.418704         -0.000000
   28.440000      -0.098168      -0.903399       0.010640       0.418704         -0.000000
   28.450000      -0.107190      -0.901002       0.012802       0.418704         -0.000000
   28.460000      -0.116187      -0.898359       0.015180       0.418704         -0.000000
   28.470000      -0.125156      -0.895464       0.017776       0.418704         -0.000000
   28.480000      -0.134096      -0.892313       0.020593       0.418704         -0.000000
   28.490000      -0.143002      -0.888899       0.023634       0.418704         -0.000000
   28.500000      -0.151873      -0.885216       0.026900       0.418704         -0.000000
   28.510000      -0.160705      -0.881260       0.030394       0.418704         -0.000000
   28.520000      -0.169497      -0.877025       0.034117       0.418704         -0.000000
   28.530000      -0.178245      -0.872506       0.038071       0.418704         -0.000000
   28.540000      -0.186946      -0.867696       0.042256       0.418704         -0.000000
   28.550000      -0.195598      -0.862591       0.046672       0.418704         -0.000000
   28.560000      -0.204197      -0.857186       0.051320       0.418704         -0.000000
   28.570000      -0.212740      -0.851475       0.056199       0.418704         -0.000000
   28.580000      -0.221225      -0.845454       0.061308       0.418704         -0.000000
   28.590000      -0.229648      -0.839117       0.066645       0.418704         -0.000000
   28.600000      -0.238007      -0.832460       0.072209       0.418704         -0.000000
   28.610000      -0.246297      -0.825478       0.077997       0.418704         -0.000000
   28.620000      -0.254515      -0.818167       0.084005       0.418704         -0.000000
   28.630000      -0.262659      -0.810523       0.090230       0.418704         -0.000000
   28.640000      -0.270724      -0.802542       0.096667       0.418704         -0.000000
   28.650000      -0.278709      -0.794219       0.103312       0.418704         -0.000000
   28.660000      -0.286608      -0.785551       0.110159       0.418704         -0.000000
   28.670000      -0.294418      -0.776535       0.117200       0.418704         -0.000000
   28.680000      -0.302137      -0.767168       0.124430       0.418704         -0.000000
   28.690000      -0.309761      -0.757447       0.131841       0.418704         -0.000000
   28.700000      -0.317285      -0.747370       0.139423       0.418704         -0.000000
   28.710000      -0.324707      -0.736934       0.147168       0.418704         -0.000000
   28.720000      -0.332022      -0.726138       0.155066       0.418704         -0.000000
   28.730000      -0.339228      -0.714980       0.163106       0.418704         -0.000000
   28.740000      -0.346321      -0.703459       0.171277       0.418704         -0.000000
   28.750000      -0.353296      -0.691574       0.179567       0.418704         -0.000000
   28.760000      -0.360151      -0.679326       0.187962       0.418704         -0.000000
   28.770000      -0.366882      -0.666714       0.196450       0.418704         -0.000000
   28.780000      -0.373484      -0.653739       0.205017       0.418704         -0.000000
   28.790000      -0.379955      -0.640402       0.213646       0.418704         -0.000000
   28.800000      -0.386291      -0.626705       0.222324       0.418704         -0.000000
   28.810000      -0.392488      -0.612650       0.231034       0.418704         -0.000000
   28.820000      -0.398543      -0.598238       0.239759       0.418704         -0.000000
   28.830000      -0.404452      -0.583474       0.248483       0.418704         -0.000000
   28.840000      -0.410211      -0.568361       0.257187       0.418704         -0.000000
   28.850000      -0.415818      -0.552903       0.265853       0.418704         -0.000000
   28.860000      -0.421268      -0.537104       0.274464       0.418704         -0.000000
   28.870000      -0.426559      -0.520970       0.282999       0.418704         -0.000000
   28.880000      -0.431686      -0.504507       0.291440       0.418704         -0.000000
   28.890000      -0.436648      -0.487721       0.299768       0.418704         -0.000000
   28.900000      -0.441440      -0.470618       0.307963       0.418704         -0.000000
   28.910000      -0.446059      -0.453207       0.316006       0.418704         -0.000000
   28.920000      -0.450503      -0.435495       0.323876       0.418704         -0.000000
   28.930000      -0.454768      -0.417491       0.331555       0.418704         -0.000000
   28.940000      -0.458852      -0.399204       0.339022       0.418704         -0.000000
   28.950000      -0.462751      -0.380643       0.346259       0.418704         -0.000000
   28.960000      -0.466464      -0.361819       0.353247       0.418704         -0.000000
   28.970000      -0.469987      -0.342743       0.359968       0.418704         -0.000000
   28.980000      -0.473318      -0.323426       0.366402       0.418704         -0.000000
   28.990000      -0.476454      -0.303878       0.372533       0.418704         -0.000000
   29.000000      -0.479395      -0.284114       0.378344       0.418704         -0.000000
   29.010000      -0.482136      -0.264145       0.383818       0.418704         -0.000000
   29.020000      -0.484677      -0.243985       0.388940       0.418704         -0.000000
   29.030000      -0.487015      -0.223646       0.393695       0.418704         -0.000000
   29.040000      -0.489149      -0.203144       0.398070       0.418704         -0.000000
   29.050000      -0.491078      -0.182491       0.402052       0.418704         -0.000000
   29.060000      -0.492799      -0.161703       0.405630       0.418704         -0.000000
   29.070000      -0.494311      -0.140795       0.408792       0.418704         -0.000000
   29.080000      -0.495614      -0.119782       0.411530       0.418704         -0.000000
   29.090000      -0.496707      -0.098679       0.413835       0.418704         -0.000000
   29.100000      -0.497588      -0.077502       0.415701       0.418704         -0.000000
   29.110000      -0.498256      -0.056266       0.417121       0.418704         -0.000000
   29.120000      -0.498713      -0.034988       0.418092       0.418704         -0.000000
   29.130000      -0.498956      -0.013684       0.418610       0.418704         -0.000000
   29.140000      -0.498986       0.007631       0.418675       0.418704         -0.000000
   29.150000      -0.498803       0.028940       0.418285       0.418704         -0.000000
   29.160000      -0.498408       0.050227       0.417443       0.418704         -0.000000
   29.170000      -0.497799       0.071476       0.416150       0.418704         -0.000000
   29.180000      -0.496978       0.092671       0.414410       0.418704         -0.000000
   29.190000      -0.495946       0.113797       0.412229       0.418704         -0.000000
   29.200000      -0.494703       0.134837       0.409613       0.418704         -0.000000
   29.210000      -0.493249       0.155777       0.406571       0.418704         -0.000000
   29.220000      -0.491587       0.176600       0.403110       0.418704         -0.000000
   29.230000      -0.489718       0.197293       0.399242       0.418704         -0.000000
   29.240000      -0.487642       0.217839       0.394977       0.418704         -0.000000
   29.250000      -0.485362       0.238226       0.390328       0.418704         -0.000000
   29.260000      -0.482878       0.258438       0.385309       0.418704         -0.000000
   29.270000      -0.480193       0.278463       0.379933       0.418704         -0.000000
   29.280000      -0.477310       0.298287       0.374216       0.418704         -0.000000
   29.290000      -0.474228       0.317897       0.368175       0.418704         -0.000000
   29.300000      -0.470952       0.337281       0.361825       0.418704         -0.000000
   29.310000      -0.467484       0.356427       0.355184       0.418704         -0.000000
   29.320000      -0.463825       0.375323       0.348270       0.418704         -0.000000
   29.330000      -0.459978       0.393960       0.341102       0.418704         -0.000000
   29.340000      -0.455946       0.412326       0.333698       0.418704         -0.000000
   29.350000      -0.451732       0.430411       0.326077       0.418704         -0.000000
   29.360000      -0.447339       0.448207       0.318259       0.418704         -0.000000
   29.370000      -0.442769       0.465704       0.310264       0.418704         -0.000000
   29.380000      -0.438026       0.482895       0.302110       0.418704         -0.000000
   29.390000      -0.433112       0.499772       0.293818       0.418704         -0.000000
   29.400000      -0.428032       0.516328       0.285407       0.418704         -0.000000
   29.410000      -0.422787       0.532556       0.276896       0.418704         -0.000000
   29.420000      -0.417382       0.548450       0.268305       0.418704         -0.000000
   29.430000      -0.411819       0.564006       0.259653       0.418704         -0.000000
   29.440000      -0.406103       0.579217       0.250958       0.418704         -0.000000
   29.450000      -0.400236       0.594081       0.242238       0.418704         -0.000000
   29.460000      -0.394222       0.608593       0.233511       0.418704         -0.000000
   29.470000      -0.388065       0.622750       0.224795       0.418704         -0.000000
   29.480000      -0.381768       0.636549       0.216107       0.418704         -0.000000
   29.490000      -0.375335       0.649988       0.207462       0.418704         -0.000000
   29.500000      -0.368770       0.663066       0.198876       0.418704         -0.000000
   29.510000      -0.362075       0.675781       0.190364       0.418704         -0.000000
   29.520000      -0.355256       0.688133       0.181941       0.418704         -0.000000
   29.530000      -0.348314       0.700120       0.173620       0.418704         -0.000000
   29.540000      -0.341254       0.711745       0.165414       0.418704         -0.000000
   29.550000      -0.334080       0.723006       0.157335       0.418704         -0.000000
   29.560000      -0.326795       0.733905       0.149396       0.418704         -0.000000
   29.570000      -0.319403       0.744443       0.141606       0.418704         -0.000000
   29.580000      -0.311908       0.754622       0.133977       0.418704         -0.000000
   29.590000      -0.304312       0.764444       0.126517       0.418704         -0.000000
   29.600000      -0.296620       0.773911       0.119235       0.418704         -0.000000
   29.610000      -0.288835       0.783026       0.112139       0.418704         -0.000000
   29.620000      -0.280961       0.791792       0.105236       0.418704         -0.000000
   29.630000      -0.273000       0.800213       0.098534       0.418704         -0.000000
   29.640000      -0.264958       0.808291       0.092037       0.418704         -0.000000
   29.650000      -0.256836       0.816031       0.085751       0.418704         -0.000000
   29.660000      -0.248638       0.823436       0.079681       0.418704         -0.000000
   29.670000      -0.240368       0.830510       0.073830       0.418704         -0.000000
   29.680000      -0.232029       0.837259       0.068203       0.418704         -0.000000
   29.690000      -0.223624       0.843686       0.062801       0.418704         -0.000000
   29.700000      -0.215156       0.849797       0.057627       0.418704         -0.000000
   29.710000      -0.206629       0.855595       0.052682       0.418704         -0.000000
   29.720000      -0.198045       0.861087       0.047969       0.418704         -0.000000
   29.730000      -0.189408       0.866276       0.043487       0.418704         -0.000000
   29.740000      -0.180721       0.871169       0.039236       0.418704         -0.000000
   29.750000      -0.171986       0.875771       0.035217       0.418704         -0.000000
   29.760000      -0.163206       0.880086       0.031428       0.418704         -0.000000
   29.770000      -0.154385       0.884121       0.027869       0.418704         -0.000000
   29.780000      -0.145525       0.887880       0.024538       0.418704         -0.000000
   29.790000      -0.136628       0.891370       0.021434       0.418704         -0.000000
   29.800000      -0.127698       0.894596       0.018553       0.418704         -0.000000
   29.810000      -0.118737       0.897563       0.015895       0.418704         -0.000000
   29.820000      -0.109748       0.900276       0.013455       0.418704         -0.000000
   29.830000      -0.100733       0.902742       0.011232       0.418704         -0.000000
   29.840000      -0.091694       0.904967       0.009222       0.418704         -0.000000
   29.850000      -0.082634       0.906954       0.007421       0.418704         -0.000000
   29.860000      -0.073556       0.908711       0.005826       0.418704         -0.000000
   29.870000      -0.064461       0.910242       0.004433       0.418704         -0.000000
   29.880000      -0.055352       0.911554       0.003239       0.418704         -0.000000
   29.890000      -0.046230       0.912650       0.002239       0.418704         -0.000000
   29.900000      -0.037099       0.913538       0.001429       0.418704         -0.000000
   29.910000      -0.027960       0.914221       0.000804       0.418704         -0.000000
   29.920000      -0.018815       0.914706       0.000361       0.418704         -0.000000
   29.930000      -0.009667       0.914997       0.000094       0.418704         -0.000000
   29.940000      -0.000516       0.915100       0.000000       0.418704         -0.000000
   29.950000       0.008635       0.915019       0.000074       0.418704         -0.000000
   29.960000       0.017784       0.914760       0.000311       0.418704         -0.000000
   29.970000       0.026929       0.914328       0.000706       0.418704         -0.000000
   29.980000       0.036070       0.913727       0.001255       0.418704         -0.000000
   29.990000       0.045203       0.912963       0.001953       0.418704         -0.000000
