           t              x              v              P              E             dE/E0
    0.000000      -0.500000       0.000000       0.420839       0.420839          0.000000
    0.010000      -0.499893       0.021389       0.420611       0.420839         -0.000000
    0.020000      -0.499572       0.042761       0.419925       0.420839         -0.000000
    0.030000      -0.499038       0.064101       0.418785       0.420839         -0.000000
    0.040000      -0.498290       0.085392       0.417193       0.420839         -0.000000
    0.050000      -0.497330       0.106619       0.415155       0.420839         -0.000000
    0.060000      -0.496158       0.127766       0.412677       0.420839         -0.000000
    0.070000      -0.494775       0.148817       0.409766       0.420839         -0.000000
    0.080000      -0.493182       0.169757       0.406430       0.420839         -0.000000
    0.090000      -0.491381       0.190570       0.402681       0.420839         -0.000000
    0.100000      -0.489371       0.211242       0.398528       0.420839         -0.000000
    0.110000      -0.487156       0.231758       0.393983       0.420839         -0.000000
    0.120000      -0.484737       0.252104       0.389061       0.420839         -0.000000
    0.130000      -0.482115       0.272266       0.383775       0.420839         -0.000000
    0.140000      -0.479292       0.292230       0.378140       0.420839         -0.000000
    0.150000      -0.476271       0.311985       0.372172       0.420839         -0.000000
    0.160000      -0.473053       0.331516       0.365888       0.420839         -0.000001
    0.170000      -0.469641       0.350812       0.359305       0.420839         -0.000001
    0.180000      -0.466038       0.369861       0.352441       0.420839         -0.000001
    0.190000      -0.462245       0.388652       0.345314       0.420839         -0.000001
    0.200000      -0.458266       0.407175       0.337943       0.420839         -0.000001
    0.210000      -0.454102       0.425420       0.330348       0.420839         -0.000001
    0.220000      -0.449758       0.443376       0.322548       0.420839         -0.000001
    0.230000      -0.445236       0.461036       0.314562       0.420839         -0.000001
    0.240000      -0.440538       0.478391       0.306410       0.420839         -0.000001
    0.250000      -0.435669       0.495432       0.298113       0.420839         -0.000001
    0.260000      -0.430631       0.512153       0.289689       0.420839         -0.000001
    0.270000      -0.425427       0.528546       0.281158       0.420839         -0.000001
    0.280000      -0.420061       0.544607       0.272541       0.420839         -0.000001
    0.290000      -0.414536       0.560328       0.263855       0.420839         -0.000001
    0.300000      -0.408856       0.575706       0.255120       0.420839         -0.000001
    0.310000      -0.403023       0.590735       0.246355       0.420839         -0.000001
    0.320000      -0.397042       0.605413       0.237577       0.420839         -0.000001
    0.330000      -0.390916       0.619734       0.228804       0.420839         -0.000001
    0.340000      -0.384648       0.633697       0.220053       0.420839         -0.000001
    0.350000      -0.378243       0.647300       0.211341       0.420839         -0.000001
    0.360000      -0.371704       0.660539       0.202683       0.420839         -0.000001
    0.370000      -0.365034       0.673415       0.194095       0.420839         -0.000001
    0.380000      -0.358237       0.685925       0.185592       0.420839         -0.000001
    0.390000      -0.351316       0.698070       0.177188       0.420839         -0.000001
    0.400000      -0.344276       0.709850       0.168895       0.420839         -0.000001
    0.410000      -0.337121       0.721265       0.160727       0.420839         -0.000001
    0.420000      -0.329852       0.732316       0.152696       0.420839         -0.000001
    0.430000      -0.322475       0.743004       0.144811       0.420839         -0.000001
    0.440000      -0.314993       0.753331       0.137085       0.420839         -0.000001
    0.450000      -0.307410       0.763298       0.129527       0.420839         -0.000001
    0.460000      -0.299729       0.772908       0.122145       0.420839         -0.000001
    0.470000      -0.291953       0.782165       0.114948       0.420839         -0.000001
    0.480000      -0.284087       0.791069       0.107944       0.420839         -0.000001
    0.490000      -0.276133       0.799625       0.101139       0.420839         -0.000001
    0.500000      -0.268095       0.807837       0.094539       0.420839         -0.000001
    0.510000      -0.259977       0.815707       0.088150       0.420839         -0.000001
    0.520000      -0.251782       0.823240       0.081977       0.420839         -0.000001
    0.530000      -0.243513       0.830440       0.076023       0.420839         -0.000001
    0.540000      -0.235174       0.837311       0.070294       0.420839         -0.000001
    0.550000      -0.226768       0.843859       0.064790       0.420839         -0.000001
    0.560000      -0.218298       0.850086       0.059516       0.420839         -0.000001
    0.570000      -0.209768       0.855999       0.054472       0.420839         -0.000001
    0.580000      -0.201179       0.861602       0.049660       0.420839         -0.000001
    0.590000      -0.192537       0.866901       0.045080       0.420839         -0.000001
    0.600000      -0.183842       0.871900       0.040734       0.420839         -0.000001
    0.610000      -0.175100       0.876605       0.036621       0.420839         -0.000001
    0.620000      -0.166311       0.881021       0.032740       0.420839         -0.000001
    0.630000      -0.157480       0.885154       0.029090       0.420839         -0.000001
    0.640000      -0.148609       0.889009       0.025670       0.420839         -0.000001
    0.650000      -0.139701       0.892592       0.022479       0.420839         -0.000001
    0.660000      -0.130758       0.895907       0.019514       0.420839         -0.000001
    0.670000      -0.121784       0.898962       0.016773       0.420839         -0.000001
    0.680000      -0.112780       0.901760       0.014253       0.420839         -0.000001
    0.690000      -0.103749       0.904309       0.011951       0.420839         -0.000001
    0.700000      -0.094694       0.906613       0.009865       0.420839         -0.000001
    0.710000      -0.085618       0.908678       0.007991       0.420839         -0.000001
    0.720000      -0.076522       0.910510       0.006324       0.420839         -0.000001
    0.730000      -0.067408       0.912114       0.004863       0.420839         -0.000001
    0.740000      -0.058280       0.913496       0.003601       0.420839         -0.000001
    0.750000      -0.049139       0.914661       0.002537       0.420839         -0.000001
    0.760000      -0.039988       0.915614       0.001664       0.420839         -0.000001
    0.770000      -0.030828       0.916361       0.000980       0.420839         -0.000001
    0.780000      -0.021661       0.916907       0.000479       0.420839         -0.000001
    0.790000      -0.012490       0.917258       0.000158       0.420839         -0.000001
    0.800000      -0.003316       0.917418       0.000011       0.420839         -0.000001
    0.810000       0.005858       0.917393       0.000034       0.420839         -0.000001
    0.820000       0.015031       0.917187       0.000223       0.420839         -0.000001
    0.830000       0.024201       0.916806       0.000572       0.420839         -0.000001
    0.840000       0.033366       0.916255       0.001077       0.420839         -0.000001
    0.850000       0.042525       0.915539       0.001733       0.420839         -0.000001
    0.860000       0.051677       0.914661       0.002537       0.420839         -0.000001
    0.870000       0.060818       0.913627       0.003482       0.420839         -0.000001
    0.880000       0.069949       0.912441       0.004564       0.420839         -0.000001
    0.890000       0.079066       0.911109       0.005779       0.420839         -0.000001
    0.900000       0.088170       0.909633       0.007123       0.420839         -0.000001
    0.910000       0.097259       0.908019       0.008589       0.420839         -0.000001
    0.920000       0.106330       0.906271       0.010175       0.420839         -0.000001
    0.930000       0.115384       0.904393       0.011876       0.420839         -0.000001
    0.940000       0.124418       0.902388       0.013686       0.420839         -0.000001
    0.950000       0.133431       0.900262       0.015603       0.420839         -0.000001
    0.960000       0.142423       0.898017       0.017621       0.420839         -0.000001
    0.970000       0.151391       0.895658       0.019737       0.420839         -0.000001
    0.980000       0.160335       0.893188       0.021946       0.420839         -0.000001
    0.990000       0.169254       0.890611       0.024244       0.420839         -0.000001
    1.000000       0.178147       0.887931       0.026628       0.420839         -0.000001
    1.010000       0.187013       0.885151       0.029093       0.420839         -0.000001
    1.020000       0.195850       0.882273       0.031636       0.420839         -0.000001
    1.030000       0.204658       0.879302       0.034252       0.420839         -0.000001
    1.040000       0.213436       0.876241       0.036939       0.420839         -0.000001
    1.050000       0.222182       0.873093       0.039693       0.420839         -0.000001
    1.060000       0.230897       0.869861       0.042510       0.420839         -0.000001
    1.070000       0.239579       0.866547       0.045387       0.420839         -0.000001
    1.080000       0.248228       0.863156       0.048320       0.420839         -0.000001
    1.090000       0.256842       0.859688       0.051307       0.420839         -0.000001
    1.100000       0.265421       0.856148       0.054344       0.420839         -0.000001
    1.110000       0.273965       0.852538       0.057428       0.420839         -0.000001
    1.120000       0.282472       0.848861       0.060556       0.420839         -0.000001
    1.130000       0.290942       0.845118       0.063726       0.420839         -0.000001
    1.140000       0.299374       0.841313       0.066935       0.420839         -0.000001
    1.150000       0.307768       0.837448       0.070179       0.420839         -0.000001
    1.160000       0.316123       0.833524       0.073457       0.420839         -0.000001
    1.170000       0.324438       0.829545       0.076766       0.420839         -0.000001
    1.180000       0.332714       0.825513       0.080103       0.420839         -0.000001
    1.190000       0.340948       0.821429       0.083466       0.420839         -0.000001
    1.200000       0.349142       0.817296       0.086852       0.420839         -0.000001
    1.210000       0.357294       0.813116       0.090260       0.420839         -0.000001
    1.220000       0.365404       0.808890       0.093687       0.420839         -0.000001
    1.230000       0.373472       0.804620       0.097132       0.420839         -0.000001
    1.240000       0.381496       0.800309       0.100591       0.420839         -0.000001
    1.250000       0.389478       0.795958       0.104064       0.420839         -0.000001
    1.260000       0.397415       0.791569       0.107548       0.420839         -0.000001
    1.270000       0.405309       0.787143       0.111042       0.420839         -0.000001
    1.280000       0.413158       0.782682       0.114543       0.420839         -0.000001
    1.290000       0.420963       0.778187       0.118051       0.420839         -0.000001
    1.300000       0.428722       0.773661       0.121563       0.420839         -0.000001
    1.310000       0.436436       0.769104       0.125078       0.420839         -0.000001
    1.320000       0.444104       0.764518       0.128595       0.420839         -0.000001
    1.330000       0.451726       0.759904       0.132111       0.420839         -0.000001
    1.340000       0.459302       0.755264       0.135627       0.420839         -0.000001
    1.350000       0.466831       0.750599       0.139140       0.420839         -0.000001
    1.360000       0.474314       0.745909       0.142648       0.420839         -0.000001
    1.370000       0.481749       0.741198       0.146152       0.420839         -0.000001
    1.380000       0.489138       0.736464       0.149649       0.420839         -0.000001
    1.390000       0.496479       0.731710       0.153139       0.420839         -0.000001
    1.400000       0.503772       0.726937       0.156620       0.420839         -0.000001
    1.410000       0.511017       0.722145       0.160092       0.420839         -0.000001
    1.420000       0.518215       0.717336       0.163553       0.420839         -0.000001
    1.430000       0.525364       0.712511       0.167003       0.420839         -0.000001
    1.440000       0.532465       0.707670       0.170440       0.420839         -0.000001
    1.450000       0.539517       0.702815       0.173864       0.420839         -0.000001
    1.460000       0.546521       0.697946       0.177274       0.420839         -0.000001
    1.470000       0.553476       0.693065       0.180669       0.420839         -0.000001
    1.480000       0.560382       0.688171       0.184049       0.420839         -0.000001
    1.490000       0.567239       0.683267       0.187412       0.420839         -0.000001
    1.500000       0.574048       0.678351       0.190758       0.420839         -0.000001
    1.510000       0.580806       0.673427       0.194087       0.420839         -0.000001
    1.520000       0.587516       0.668493       0.197397       0.420839         -0.000001
    1.530000       0.594176       0.663551       0.200689       0.420839         -0.000001
    1.540000       0.600787       0.658601       0.203961       0.420839         -0.000001
    1.550000       0.607348       0.653645       0.207213       0.420839         -0.000001
    1.560000       0.613860       0.648682       0.210445       0.420839         -0.000001
    1.570000       0.620322       0.643713       0.213655       0.420839         -0.000001
    1.580000       0.626734       0.638739       0.216845       0.420839         -0.000001
    1.590000       0.633097       0.633761       0.220013       0.420839         -0.000001
    1.600000       0.639409       0.628778       0.223158       0.420839         -0.000001
    1.610000       0.645672       0.623791       0.226281       0.420839         -0.000001
    1.620000       0.651885       0.618801       0.229381       0.420839         -0.000001
    1.630000       0.658048       0.613809       0.232458       0.420839         -0.000001
    1.640000       0.664161       0.608814       0.235511       0.420839         -0.000001
    1.650000       0.670225       0.603818       0.238541       0.420839         -0.000001
    1.660000       0.676238       0.598820       0.241546       0.420839         -0.000001
    1.670000       0.682201       0.593821       0.244527       0.420839         -0.000001
    1.680000       0.688114       0.588821       0.247484       0.420839         -0.000001
    1.690000       0.693977       0.583821       0.250415       0.420839         -0.000001
    1.700000       0.699791       0.578821       0.253322       0.420839         -0.000001
    1.710000       0.705554       0.573822       0.256203       0.420839         -0.000001
    1.720000       0.711267       0.568823       0.259059       0.420839         -0.000001
    1.730000       0.716930       0.563825       0.261889       0.420839         -0.000001
    1.740000       0.722544       0.558829       0.264694       0.420839         -0.000001
    1.750000       0.728107       0.553834       0.267473       0.420839         -0.000001
    1.760000       0.733620       0.548840       0.270226       0.420839         -0.000001
    1.770000       0.739084       0.543849       0.272953       0.420839         -0.000001
    1.780000       0.744497       0.538861       0.275653       0.420839         -0.000001
    1.790000       0.749861       0.533875       0.278328       0.420839         -0.000001
    1.800000       0.755175       0.528891       0.280976       0.420839         -0.000001
    1.810000       0.760439       0.523911       0.283597       0.420839         -0.000001
    1.820000       0.765653       0.518934       0.286193       0.420839         -0.000001
    1.830000       0.770817       0.513960       0.288761       0.420839         -0.000001
    1.840000       0.775932       0.508989       0.291304       0.420839         -0.000001
    1.850000       0.780997       0.504023       0.293819       0.420839         -0.000001
    1.860000       0.786013       0.499060       0.296308       0.420839         -0.000001
    1.870000       0.790978       0.494102       0.298771       0.420839         -0.000001
    1.880000       0.795895       0.489147       0.301206       0.420839         -0.000001
    1.890000       0.800761       0.484197       0.303615       0.420839         -0.000001
    1.900000       0.805579       0.479251       0.305998       0.420839         -0.000001
    1.910000       0.810346       0.474310       0.308354       0.420839         -0.000001
    1.920000       0.815065       0.469374       0.310683       0.420839         -0.000001
    1.930000       0.819734       0.464442       0.312986       0.420839         -0.000001
    1.940000       0.824354       0.459515       0.315262       0.420839         -0.000001
    1.950000       0.828924       0.454593       0.317511       0.420839         -0.000001
    1.960000       0.833446       0.449676       0.319734       0.420839         -0.000001
    1.970000       0.837918       0.444765       0.321931       0.420839         -0.000001
    1.980000       0.842341       0.439858       0.324101       0.420839         -0.000001
    1.990000       0.846715       0.434957       0.326245       0.420839         -0.000001
    2.000000       0.851040       0.430061       0.328363       0.420839         -0.000001
    2.010000       0.855316       0.425170       0.330454       0.420839         -0.000001
    2.020000       0.859543       0.420285       0.332519       0.420839         -0.000001
    2.030000       0.863722       0.415405       0.334558       0.420839         -0.000001
    2.040000       0.867852       0.410531       0.336571       0.420839         -0.000001
    2.050000       0.871933       0.405662       0.338558       0.420839         -0.000001
    2.060000       0.875965       0.400799       0.340519       0.420839         -0.000001
    2.070000       0.879949       0.395941       0.342454       0.420839         -0.000001
    2.080000       0.883884       0.391089       0.344363       0.420839         -0.000001
    2.090000       0.887770       0.386243       0.346247       0.420839         -0.000001
    2.100000       0.891609       0.381402       0.348105       0.420839         -0.000001
    2.110000       0.895398       0.376567       0.349937       0.420839         -0.000001
    2.120000       0.899140       0.371737       0.351744       0.420839         -0.000001
    2.130000       0.902833       0.366913       0.353526       0.420839         -0.000001
    2.140000       0.906478       0.362095       0.355282       0.420839         -0.000001
    2.150000       0.910075       0.357282       0.357013       0.420839         -0.000001
    2.160000       0.913624       0.352475       0.358719       0.420839         -0.000001
    2.170000       0.917125       0.347674       0.360400       0.420839         -0.000001
    2.180000       0.920577       0.342878       0.362056       0.420839         -0.000001
    2.190000       0.923982       0.338088       0.363687       0.420839         -0.000001
    2.200000       0.927339       0.333303       0.365293       0.420839         -0.000001
    2.210000       0.930648       0.328524       0.366875       0.420839         -0.000001
    2.220000       0.933910       0.323750       0.368432       0.420839         -0.000001
    2.230000       0.937123       0.318981       0.369964       0.420839         -0.000001
    2.240000       0.940289       0.314218       0.371472       0.420839         -0.000001
    2.250000       0.943408       0.309461       0.372956       0.420839         -0.000001
    2.260000       0.946478       0.304709       0.374415       0.420839         -0.000001
    2.270000       0.949502       0.299962       0.375850       0.420839         -0.000001
    2.280000       0.952478       0.295220       0.377261       0.420839         -0.000001
    2.290000       0.955406       0.290483       0.378648       0.420839         -0.000001
    2.300000       0.958287       0.285752       0.380012       0.420839         -0.000001
    2.310000       0.961121       0.281026       0.381351       0.420839         -0.000001
    2.320000       0.963908       0.276305       0.382667       0.420839         -0.000001
    2.330000       0.966647       0.271588       0.383959       0.420839         -0.000001
    2.340000       0.969340       0.266877       0.385227       0.420839         -0.000001
    2.350000       0.971985       0.262171       0.386472       0.420839         -0.000001
    2.360000       0.974583       0.257469       0.387693       0.420839         -0.000001
    2.370000       0.977134       0.252773       0.388892       0.420839         -0.000001
    2.380000       0.979639       0.248080       0.390067       0.420839         -0.000001
    2.390000       0.982096       0.243393       0.391219       0.420839         -0.000001
    2.400000       0.984506       0.238710       0.392347       0.420839         -0.000001
    2.410000       0.986870       0.234032       0.393453       0.420839         -0.000001
    2.420000       0.989187       0.229358       0.394536       0.420839         -0.000001
    2.430000       0.991457       0.224688       0.395596       0.420839         -0.000001
    2.440000       0.993681       0.220023       0.396634       0.420839         -0.000001
    2.450000       0.995858       0.215362       0.397648       0.420839         -0.000001
    2.460000       0.997988       0.210705       0.398640       0.420839         -0.000001
    2.470000       1.000072       0.206053       0.399610       0.420839         -0.000001
    2.480000       1.002109       0.201404       0.400557       0.420839         -0.000001
    2.490000       1.004100       0.196759       0.401482       0.420839         -0.000001
    2.500000       1.006044       0.192118       0.402384       0.420839         -0.000001
    2.510000       1.007942       0.187481       0.403264       0.420839         -0.000001
    2.520000       1.009794       0.182847       0.404122       0.420839         -0.000001
    2.530000       1.011599       0.178218       0.404958       0.420839         -0.000001
    2.540000       1.013358       0.173591       0.405772       0.420839         -0.000001
    2.550000       1.015071       0.168968       0.406564       0.420839         -0.000001
    2.560000       1.016738       0.164349       0.407333       0.420839         -0.000001
    2.570000       1.018358       0.159733       0.408081       0.420839         -0.000001
    2.580000       1.019932       0.155119       0.408808       0.420839         -0.000001
    2.590000       1.021461       0.150510       0.409512       0.420839         -0.000001
    2.600000       1.022943       0.145903       0.410195       0.420839         -0.000001
    2.610000       1.024379       0.141299       0.410856       0.420839         -0.000001
    2.620000       1.025769       0.136698       0.411496       0.420839         -0.000001
    2.630000       1.027113       0.132099       0.412114       0.420839         -0.000001
    2.640000       1.028411       0.127504       0.412710       0.420839         -0.000001
    2.650000       1.029663       0.122911       0.413285       0.420839         -0.000001
    2.660000       1.030869       0.118320       0.413839       0.420839         -0.000001
    2.670000       1.032029       0.113732       0.414371       0.420839         -0.000001
    2.680000       1.033144       0.109146       0.414882       0.420839         -0.000001
    2.690000       1.034212       0.104563       0.415372       0.420839         -0.000001
    2.700000       1.035235       0.099981       0.415841       0.420839         -0.000001
    2.710000       1.036212       0.095402       0.416288       0.420839         -0.000001
    2.720000       1.037143       0.090825       0.416714       0.420839         -0.000001
    2.730000       1.038028       0.086249       0.417119       0.420839         -0.000001
    2.740000       1.038868       0.081676       0.417503       0.420839         -0.000001
    2.750000       1.039662       0.077104       0.417866       0.420839         -0.000001
    2.760000       1.040410       0.072533       0.418208       0.420839         -0.000001
    2.770000       1.041112       0.067964       0.418529       0.420839         -0.000001
    2.780000       1.041769       0.063397       0.418829       0.420839         -0.000001
    2.790000       1.042380       0.058831       0.419108       0.420839         -0.000001
    2.800000       1.042946       0.054266       0.419366       0.420839         -0.000001
    2.810000       1.043466       0.049702       0.419604       0.420839         -0.000001
    2.820000       1.043940       0.045139       0.419820       0.420839         -0.000001
    2.830000       1.044368       0.040577       0.420015       0.420839         -0.000001
    2.840000       1.044751       0.036016       0.420190       0.420839         -0.000001
    2.850000       1.045089       0.031456       0.420344       0.420839         -0.000001
    2.860000       1.045381       0.026896       0.420477       0.420839         -0.000001
    2.870000       1.045627       0.022337       0.420589       0.420839         -0.000001
    2.880000       1.045827       0.017779       0.420681       0.420839         -0.000001
    2.890000       1.045982       0.013221       0.420751       0.420839         -0.000001
    2.900000       1.046092       0.008663       0.420801       0.420839         -0.000001
    2.910000       1.046156       0.004105       0.420830       0.420839         -0.000001
    2.920000       1.046174      -0.000453       0.420839       0.420839         -0.000001
    2.930000       1.046146      -0.005010       0.420826       0.420839         -0.000001
    2.940000       1.046074      -0.009568       0.420793       0.420839         -0.000001
    2.950000       1.045955      -0.014126       0.420739       0.420839         -0.000001
    2.960000       1.045791      -0.018684       0.420664       0.420839         -0.000001
    2.970000       1.045581      -0.023243       0.420569       0.420839         -0.000001
    2.980000       1.045326      -0.027802       0.420452       0.420839         -0.000001
    2.990000       1.045025      -0.032362       0.420315       0.420839         -0.000001
    3.000000       1.044679      -0.036922       0.420157       0.420839         -0.000001
    3.010000       1.044287      -0.041483       0.419978       0.420839         -0.000001
    3.020000       1.043849      -0.046045       0.419779       0.420839         -0.000001
    3.030000       1.043366      -0.050608       0.419558       0.420839         -0.000001
    3.040000       1.042837      -0.055172       0.419317       0.420839         -0.000001
    3.050000       1.042263      -0.059738       0.419054       0.420839         -0.000001
    3.060000       1.041642      -0.064304       0.418771       0.420839         -0.000001
    3.070000       1.040976      -0.068872       0.418467       0.420839         -0.000001
    3.080000       1.040265      -0.073441       0.418142       0.420839         -0.000001
    3.090000       1.039508      -0.078012       0.417796       0.420839         -0.000001
    3.100000       1.038705      -0.082584       0.417429       0.420839         -0.000001
    3.110000       1.037856      -0.087158       0.417040       0.420839         -0.000001
    3.120000       1.036962      -0.091734       0.416631       0.420839         -0.000001
    3.130000       1.036021      -0.096312       0.416201       0.420839         -0.000001
    3.140000       1.035035      -0.100891       0.415749       0.420839         -0.000001
    3.150000       1.034003      -0.105473       0.415276       0.420839         -0.000001
    3.160000       1.032926      -0.110057       0.414782       0.420839         -0.000001
    3.170000       1.031802      -0.114643       0.414267       0.420839         -0.000001
    3.180000       1.030633      -0.119232       0.413731       0.420839         -0.000001
    3.190000       1.029418      -0.123823       0.413173       0.420839         -0.000001
    3.200000       1.028156      -0.128417       0.412593       0.420839         -0.000001
    3.210000       1.026849      -0.133013       0.411993       0.420839         -0.000001
    3.220000       1.025496      -0.137611       0.411370       0.420839         -0.000001
    3.230000       1.024097      -0.142213       0.410726       0.420839         -0.000001
    3.240000       1.022652      -0.146818       0.410061       0.420839         -0.000001
    3.250000       1.021161      -0.151425       0.409374       0.420839         -0.000001
    3.260000       1.019623      -0.156036       0.408665       0.420839         -0.000001
    3.270000       1.018040      -0.160649       0.407935       0.420839         -0.000001
    3.280000       1.016410      -0.165266       0.407182       0.420839         -0.000001
    3.290000       1.014735      -0.169886       0.406408       0.420839         -0.000001
    3.300000       1.013013      -0.174510       0.405612       0.420839         -0.000001
    3.310000       1.011244      -0.179137       0.404794       0.420839         -0.000001
    3.320000       1.009430      -0.183768       0.403953       0.420839         -0.000001
    3.330000       1.007569      -0.188402       0.403091       0.420839         -0.000001
    3.340000       1.005662      -0.193040       0.402207       0.420839         -0.000001
    3.350000       1.003708      -0.197681       0.401300       0.420839         -0.000001
    3.360000       1.001708      -0.202327       0.400371       0.420839         -0.000001
    3.370000       0.999662      -0.206977       0.399419       0.420839         -0.000001
    3.380000       0.997569      -0.211630       0.398445       0.420839         -0.000001
    3.390000       0.995429      -0.216288       0.397449       0.420839         -0.000001
    3.400000       0.993243      -0.220950       0.396429       0.420839         -0.000001
    3.410000       0.991010      -0.225616       0.395387       0.420839         -0.000001
    3.420000       0.988731      -0.230286       0.394323       0.420839         -0.000001
    3.430000       0.986404      -0.234961       0.393235       0.420839         -0.000001
    3.440000       0.984031      -0.239640       0.392125       0.420839         -0.000001
    3.450000       0.981612      -0.244324       0.390992       0.420839         -0.000001
    3.460000       0.979145      -0.249012       0.389835       0.420839         -0.000001
    3.470000       0.976631      -0.253705       0.388656       0.420839         -0.000001
    3.480000       0.974071      -0.258403       0.387453       0.420839         -0.000001
    3.490000       0.971463      -0.263105       0.386226       0.420839         -0.000001
    3.500000       0.968809      -0.267813       0.384977       0.420839         -0.000001
    3.510000       0.966107      -0.272525       0.383704       0.420839         -0.000001
    3.520000       0.963358      -0.277242       0.382407       0.420839         -0.000001
    3.530000       0.960562      -0.281964       0.381087       0.420839         -0.000001
    3.540000       0.957719      -0.286692       0.379743       0.420839         -0.000001
    3.550000       0.954828      -0.291424       0.378375       0.420839         -0.000001
    3.560000       0.951890      -0.296161       0.376983       0.420839         -0.000001
    3.570000       0.948905      -0.300904       0.375567       0.420839         -0.000001
    3.580000       0.945872      -0.305652       0.374127       0.420839         -0.000001
    3.590000       0.942792      -0.310406       0.372663       0.420839         -0.000001
    3.600000       0.939664      -0.315164       0.371174       0.420839         -0.000001
    3.610000       0.936489      -0.319928       0.369662       0.420839         -0.000001
    3.620000       0.933265      -0.324698       0.368124       0.420839         -0.000001
    3.630000       0.929995      -0.329473       0.366563       0.420839         -0.000001
    3.640000       0.926676      -0.334253       0.364976       0.420839         -0.000001
    3.650000       0.923310      -0.339039       0.363365       0.420839         -0.000001
    3.660000       0.919895      -0.343830       0.361729       0.420839         -0.000001
    3.670000       0.916433      -0.348627       0.360068       0.420839         -0.000001
    3.680000       0.912923      -0.353430       0.358382       0.420839         -0.000001
    3.690000       0.909364      -0.358238       0.356672       0.420839         -0.000001
    3.700000       0.905758      -0.363052       0.354935       0.420839         -0.000001
    3.710000       0.902103      -0.367871       0.353174       0.420839         -0.000001
    3.720000       0.898400      -0.372696       0.351388       0.420839         -0.000001
    3.730000       0.894649      -0.377527       0.349575       0.420839         -0.000001
    3.740000       0.890850      -0.382363       0.347738       0.420839         -0.000001
    3.750000       0.887002      -0.387205       0.345875       0.420839         -0.000001
    3.760000       0.883106      -0.392053       0.343986       0.420839         -0.000001
    3.770000       0.879161      -0.396906       0.342072       0.420839         -0.000001
    3.780000       0.875168      -0.401764       0.340131       0.420839         -0.000001
    3.790000       0.871126      -0.406629       0.338165       0.420839         -0.000001
    3.800000       0.867035      -0.411499       0.336173       0.420839         -0.000001
    3.810000       0.862896      -0.416374       0.334155       0.420839         -0.000001
    3.820000       0.858708      -0.421255       0.332111       0.420839         -0.000001
    3.830000       0.854471      -0.426141       0.330041       0.420839         -0.000001
    3.840000       0.850185      -0.431033       0.327944       0.420839         -0.000001
    3.850000       0.845850      -0.435930       0.325821       0.420839         -0.000001
    3.860000       0.841466      -0.440832       0.323672       0.420839         -0.000001
    3.870000       0.837033      -0.445740       0.321497       0.420839         -0.000001
    3.880000       0.832551      -0.450653       0.319295       0.420839         -0.000001
    3.890000       0.828020      -0.455571       0.317066       0.420839         -0.000001
    3.900000       0.823440      -0.460493       0.314812       0.420839         -0.000001
    3.910000       0.818810      -0.465421       0.312530       0.420839         -0.000001
    3.920000       0.814131      -0.470354       0.310222       0.420839         -0.000001
    3.930000       0.809403      -0.475291       0.307888       0.420839         -0.000001
    3.940000       0.804626      -0.480233       0.305527       0.420839         -0.000001
    3.950000       0.799799      -0.485180       0.303139       0.420839         -0.000001
    3.960000       0.794922      -0.490131       0.300724       0.420839         -0.000001
    3.970000       0.789996      -0.495086       0.298283       0.420839         -0.000001
    3.980000       0.785020      -0.500046       0.295816       0.420839         -0.000001
    3.990000       0.779995      -0.505009       0.293322       0.420839         -0.000001
    4.000000       0.774920      -0.509977       0.290801       0.420839         -0.000001
    4.010000       0.769795      -0.514948       0.288253       0.420839         -0.000001
    4.020000       0.764621      -0.519922       0.285679       0.420839         -0.000001
    4.030000       0.759397      -0.524900       0.283079       0.420839         -0.000001
    4.040000       0.754123      -0.529881       0.280452       0.420839         -0.000001
    4.050000       0.748799      -0.534865       0.277799       0.420839         -0.000001
    4.060000       0.743426      -0.539852       0.275119       0.420839         -0.000001
    4.070000       0.738002      -0.544841       0.272413       0.420839         -0.000001
    4.080000       0.732529      -0.549832       0.269681       0.420839         -0.000001
    4.090000       0.727006      -0.554826       0.266923       0.420839         -0.000001
    4.100000       0.721432      -0.559821       0.264139       0.420839         -0.000001
    4.110000       0.715809      -0.564818       0.261329       0.420839         -0.000001
    4.120000       0.710136      -0.569816       0.258494       0.420839         -0.000001
    4.130000       0.704413      -0.574815       0.255633       0.420839         -0.000001
    4.140000       0.698640      -0.579815       0.252746       0.420839         -0.000001
    4.150000       0.692817      -0.584815       0.249835       0.420839         -0.000001
    4.160000       0.686943      -0.589814       0.246898       0.420839         -0.000001
    4.170000       0.681020      -0.594814       0.243937       0.420839         -0.000001
    4.180000       0.675047      -0.599813       0.240951       0.420839         -0.000001
    4.190000       0.669024      -0.604811       0.237941       0.420839         -0.000001
    4.200000       0.662951      -0.609807       0.234907       0.420839         -0.000001
    4.210000       0.656828      -0.614801       0.231849       0.420839         -0.000001
    4.220000       0.650655      -0.619793       0.228767       0.420839         -0.000001
    4.230000       0.644432      -0.624782       0.225662       0.420839         -0.000001
    4.240000       0.638159      -0.629768       0.222535       0.420839         -0.000001
    4.250000       0.631837      -0.634750       0.219385       0.420839         -0.000001
    4.260000       0.625464      -0.639728       0.216213       0.420839         -0.000001
    4.270000       0.619042      -0.644701       0.213019       0.420839         -0.000001
    4.280000       0.612570      -0.649668       0.209804       0.420839         -0.000001
    4.290000       0.606049      -0.654630       0.206568       0.420839         -0.000001
    4.300000       0.599478      -0.659585       0.203312       0.420839         -0.000001
    4.310000       0.592857      -0.664533       0.200036       0.420839         -0.000001
    4.320000       0.586187      -0.669474       0.196741       0.420839         -0.000001
    4.330000       0.579468      -0.674406       0.193427       0.420839         -0.000001
    4.340000       0.572699      -0.679329       0.190095       0.420839         -0.000001
    4.350000       0.565881      -0.684242       0.186745       0.420839         -0.000001
    4.360000       0.559014      -0.689144       0.183379       0.420839         -0.000001
    4.370000       0.552098      -0.694035       0.179996       0.420839         -0.000001
    4.380000       0.545134      -0.698914       0.176598       0.420839         -0.000001
    4.390000       0.538120      -0.703781       0.173185       0.420839         -0.000001
    4.400000       0.531058      -0.708633       0.169758       0.420839         -0.000001
    4.410000       0.523947      -0.713471       0.166319       0.420839         -0.000001
    4.420000       0.516789      -0.718293       0.162866       0.420839         -0.000001
    4.430000       0.509582      -0.723098       0.159403       0.420839         -0.000001
    4.440000       0.502327      -0.727886       0.155929       0.420839         -0.000001
    4.450000       0.495024      -0.732656       0.152446       0.420839         -0.000001
    4.460000       0.487674      -0.737406       0.148955       0.420839         -0.000001
    4.470000       0.480276      -0.742135       0.145456       0.420839         -0.000001
    4.480000       0.472831      -0.746843       0.141952       0.420839         -0.000001
    4.490000       0.465339      -0.751527       0.138442       0.420839         -0.000001
    4.500000       0.457801      -0.756188       0.134929       0.420839         -0.000001
    4.510000       0.450215      -0.760823       0.131413       0.420839         -0.000001
    4.520000       0.442584      -0.765431       0.127896       0.420839         -0.000001
    4.530000       0.434907      -0.770012       0.124380       0.420839         -0.000001
    4.540000       0.427184      -0.774563       0.120865       0.420839         -0.000001
    4.550000       0.419416      -0.779083       0.117354       0.420839         -0.000001
    4.560000       0.411603      -0.783571       0.113847       0.420839         -0.000001
    4.570000       0.403744      -0.788025       0.110347       0.420839         -0.000001
    4.580000       0.395842      -0.792444       0.106855       0.420839         -0.000001
    4.590000       0.387896      -0.796826       0.103373       0.420839         -0.000001
    4.600000       0.379906      -0.801169       0.099903       0.420839         -0.000001
    4.610000       0.371873      -0.805472       0.096446       0.420839         -0.000001
    4.620000       0.363796      -0.809733       0.093005       0.420839         -0.000001
    4.630000       0.355678      -0.813950       0.089582       0.420839         -0.000001
    4.640000       0.347518      -0.818121       0.086178       0.420839         -0.000001
    4.650000       0.339316      -0.822244       0.082796       0.420839         -0.000001
    4.660000       0.331073      -0.826318       0.079438       0.420839         -0.000001
    4.670000       0.322790      -0.830340       0.076106       0.420839         -0.000001
    4.680000       0.314466      -0.834308       0.072804       0.420839         -0.000001
    4.690000       0.306104      -0.838220       0.069532       0.420839         -0.000001
    4.700000       0.297702      -0.842074       0.066295       0.420839         -0.000001
    4.710000       0.289262      -0.845867       0.063094       0.420839         -0.000001
    4.720000       0.280785      -0.849597       0.059932       0.420839         -0.000001
    4.730000       0.272271      -0.853261       0.056812       0.420839         -0.000001
    4.740000       0.263720      -0.856857       0.053736       0.420839         -0.000001
    4.750000       0.255134      -0.860383       0.050709       0.420839         -0.000001
    4.760000       0.246513      -0.863836       0.047733       0.420839         -0.000001
    4.770000       0.237857      -0.867212       0.044810       0.420839         -0.000001
    4.780000       0.229169      -0.870510       0.041945       0.420839         -0.000001
    4.790000       0.220447      -0.873725       0.039141       0.420839         -0.000001
    4.800000       0.211694      -0.876856       0.036400       0.420839         -0.000001
    4.810000       0.202910      -0.879900       0.033727       0.420839         -0.000001
    4.820000       0.194097      -0.882852       0.031125       0.420839         -0.000001
    4.830000       0.185254      -0.885711       0.028597       0.420839         -0.000001
    4.840000       0.176383      -0.888472       0.026148       0.420839         -0.000001
    4.850000       0.167485      -0.891132       0.023781       0.420839         -0.000001
    4.860000       0.158560      -0.893688       0.021500       0.420839         -0.000001
    4.870000       0.149611      -0.896136       0.019309       0.420839         -0.000001
    4.880000       0.140638      -0.898472       0.017212       0.420839         -0.000001
    4.890000       0.131642      -0.900694       0.015214       0.420839         -0.000001
    4.900000       0.122625      -0.902796       0.013318       0.420839         -0.000001
    4.910000       0.113587      -0.904776       0.011529       0.420839         -0.000001
    4.920000       0.104530      -0.906629       0.009851       0.420839         -0.000001
    4.930000       0.095455      -0.908351       0.008288       0.420839         -0.000001
    4.940000       0.086363      -0.909937       0.006846       0.420839         -0.000001
    4.950000       0.077256      -0.911385       0.005528       0.420839         -0.000001
    4.960000       0.068136      -0.912689       0.004338       0.420839         -0.000001
    4.970000       0.059003      -0.913844       0.003283       0.420839         -0.000001
    4.980000       0.049859      -0.914848       0.002366       0.420839         -0.000001
    4.990000       0.040707      -0.915694       0.001591       0.420839         -0.000001
    5.000000       0.031546      -0.916378       0.000964       0.420839         -0.000001
    5.010000       0.022380      -0.916896       0.000490       0.420839         -0.000001
    5.020000       0.013209      -0.917242       0.000172       0.420839         -0.000001
    5.030000       0.004035      -0.917412       0.000016       0.420839         -0.000001
    5.040000      -0.005139      -0.917401       0.000027       0.420839         -0.000001
    5.050000      -0.014312      -0.917203       0.000208       0.420839         -0.000001
    5.060000      -0.023482      -0.916814       0.000565       0.420839         -0.000001
    5.070000      -0.032648      -0.916228       0.001101       0.420839         -0.000001
    5.080000      -0.041806      -0.915441       0.001823       0.420839         -0.000001
    5.090000      -0.050956      -0.914446       0.002733       0.420839         -0.000001
    5.100000      -0.060094      -0.913239       0.003836       0.420839         -0.000001
    5.110000      -0.069220      -0.911813       0.005137       0.420839         -0.000001
    5.120000      -0.078330      -0.910165       0.006639       0.420839         -0.000001
    5.130000      -0.087422      -0.908287       0.008346       0.420839         -0.000001
    5.140000      -0.096495      -0.906175       0.010263       0.420839         -0.000001
    5.150000      -0.105545      -0.903822       0.012391       0.420839         -0.000001
    5.160000      -0.114571      -0.901224       0.014736       0.420839         -0.000002
    5.170000      -0.123569      -0.898375       0.017300       0.420839         -0.000002
    5.180000      -0.132537      -0.895269       0.020085       0.420839         -0.000002
    5.190000      -0.141473      -0.891901       0.023095       0.420839         -0.000002
    5.200000      -0.150374      -0.888265       0.026331       0.420839         -0.000002
    5.210000      -0.159238      -0.884355       0.029797       0.420839         -0.000002
    5.220000      -0.168061      -0.880167       0.033492       0.420839         -0.000002
    5.230000      -0.176840      -0.875693       0.037419       0.420839         -0.000002
    5.240000      -0.185573      -0.870930       0.041579       0.420839         -0.000002
    5.250000      -0.194258      -0.865872       0.045971       0.420839         -0.000002
    5.260000      -0.202890      -0.860513       0.050597       0.420839         -0.000002
    5.270000      -0.211467      -0.854849       0.055455       0.420839         -0.000002
    5.280000      -0.219986      -0.848874       0.060545       0.420839         -0.000002
    5.290000      -0.228443      -0.842583       0.065865       0.420839         -0.000002
    5.300000      -0.236836      -0.835972       0.071414       0.420839         -0.000002
    5.310000      -0.245162      -0.829036       0.077188       0.420839         -0.000002
    5.320000      -0.253416      -0.821770       0.083186       0.420839         -0.000002
    5.330000      -0.261596      -0.814170       0.089402       0.420839         -0.000002
    5.340000      -0.269698      -0.806233       0.095833       0.420839         -0.000002
    5.350000      -0.277720      -0.797953       0.102474       0.420839         -0.000002
    5.360000      -0.285656      -0.789328       0.109319       0.420839         -0.000002
    5.370000      -0.293505      -0.780354       0.116363       0.420839         -0.000002
    5.380000      -0.301262      -0.771027       0.123597       0.420839         -0.000002
    5.390000      -0.308924      -0.761346       0.131014       0.420839         -0.000002
    5.400000      -0.316488      -0.751308       0.138607       0.420839         -0.000002
    5.410000      -0.323949      -0.740909       0.146365       0.420839         -0.000002
    5.420000      -0.331305      -0.730149       0.154279       0.420839         -0.000002
    5.430000      -0.338551      -0.719026       0.162339       0.420839         -0.000002
    5.440000      -0.345684      -0.707539       0.170533       0.420839         -0.000002
    5.450000      -0.352701      -0.695687       0.178849       0.420839         -0.000002
    5.460000      -0.359597      -0.683469       0.187274       0.420839         -0.000002
    5.470000      -0.366369      -0.670886       0.195795       0.420839         -0.000002
    5.480000      -0.373013      -0.657938       0.204397       0.420839         -0.000002
    5.490000      -0.379526      -0.644626       0.213067       0.420839         -0.000002
    5.500000      -0.385904      -0.630952       0.221788       0.420839         -0.000002
    5.510000      -0.392144      -0.616917       0.230545       0.420839         -0.000002
    5.520000      -0.398242      -0.602525       0.239320       0.420839         -0.000002
    5.530000      -0.404193      -0.587778       0.248097       0.420839         -0.000002
    5.540000      -0.409996      -0.572679       0.256858       0.420838         -0.000002
    5.550000      -0.415646      -0.557232       0.265585       0.420838         -0.000002
    5.560000      -0.421139      -0.541443       0.274258       0.420838         -0.000002
    5.570000      -0.426474      -0.525316       0.282860       0.420838         -0.000002
    5.580000      -0.431645      -0.508857       0.291371       0.420838         -0.000002
    5.590000      -0.436650      -0.492072       0.299771       0.420838         -0.000002
    5.600000      -0.441485      -0.474968       0.308041       0.420838         -0.000002
    5.610000      -0.446148      -0.457552       0.316162       0.420838         -0.000002
    5.620000      -0.450635      -0.439833       0.324112       0.420838         -0.000002
    5.630000      -0.454944      -0.421818       0.331873       0.420838         -0.000002
    5.640000      -0.459070      -0.403517       0.339425       0.420838         -0.000002
    5.650000      -0.463013      -0.384940       0.346749       0.420838         -0.000002
    5.660000      -0.466768      -0.366097       0.353825       0.420838         -0.000002
    5.670000      -0.470334      -0.346998       0.360635       0.420838         -0.000002
    5.680000      -0.473707      -0.327654       0.367160       0.420838         -0.000002
    5.690000      -0.476886      -0.308078       0.373382       0.420838         -0.000002
    5.700000      -0.479868      -0.288281       0.379285       0.420838         -0.000002
    5.710000      -0.482651      -0.268276       0.384852       0.420838         -0.000002
    5.720000      -0.485233      -0.248077       0.390067       0.420838         -0.000002
    5.730000      -0.487612      -0.227696       0.394916       0.420838         -0.000002
    5.740000      -0.489786      -0.207148       0.399383       0.420838         -0.000002
    5.750000      -0.491755      -0.186447       0.403457       0.420838         -0.000002
    5.760000      -0.493515      -0.165607       0.407125       0.420838         -0.000002
    5.770000      -0.495066      -0.144644       0.410377       0.420838         -0.000002
    5.780000      -0.496407      -0.123573       0.413203       0.420838         -0.000003
    5.790000      -0.497537      -0.102409       0.415594       0.420838         -0.000003
    5.800000      -0.498455      -0.081168       0.417544       0.420838         -0.000003
    5.810000      -0.499161      -0.059865       0.419046       0.420838         -0.000003
    5.820000      -0.499652      -0.038518       0.420096       0.420838         -0.000003
    5.830000      -0.499931      -0.017141       0.420691       0.420838         -0.000003
    5.840000      -0.499995       0.004249       0.420829       0.420838         -0.000003
    5.850000      -0.499846       0.025635       0.420510       0.420838         -0.000003
    5.860000      -0.499483       0.047003       0.419733       0.420838         -0.000003
    5.870000      -0.498906       0.068334       0.418503       0.420838         -0.000003
    5.880000      -0.498116       0.089614       0.416823       0.420838         -0.000003
    5.890000      -0.497114       0.110827       0.414697       0.420838         -0.000003
    5.900000      -0.495900       0.131956       0.412132       0.420838         -0.000003
    5.910000      -0.494475       0.152986       0.409136       0.420838         -0.000003
    5.920000      -0.492840       0.173901       0.405717       0.420838         -0.000003
    5.930000      -0.490997       0.194688       0.401886       0.420838         -0.000003
    5.940000      -0.488947       0.215330       0.397655       0.420838         -0.000003
    5.950000      -0.486691       0.235813       0.393034       0.420838         -0.000003
    5.960000      -0.484231       0.256123       0.388038       0.420838         -0.000003
    5.970000      -0.481569       0.276247       0.382682       0.420838         -0.000003
    5.980000      -0.478707       0.296171       0.376979       0.420838         -0.000003
    5.990000      -0.475647       0.315882       0.370947       0.420838         -0.000003
    6.000000      -0.472390       0.335367       0.364602       0.420838         -0.000003
    6.010000      -0.468940       0.354615       0.357962       0.420838         -0.000003
    6.020000      -0.465299       0.373613       0.351044       0.420838         -0.000003
    6.030000      -0.461469       0.392352       0.343868       0.420838         -0.000003
    6.040000      -0.457453       0.410821       0.336451       0.420838         -0.000003
    6.050000      -0.453253       0.429009       0.328814       0.420838         -0.000003
    6.060000      -0.448873       0.446907       0.320975       0.420838         -0.000003
    6.070000      -0.444316       0.464507       0.312954       0.420838         -0.000003
    6.080000      -0.439584       0.481800       0.304772       0.420838         -0.000003
    6.090000      -0.434681       0.498778       0.296448       0.420838         -0.000003
    6.100000      -0.429610       0.515434       0.288002       0.420838         -0.000003
    6.110000      -0.424374       0.531762       0.279452       0.420838         -0.000004
    6.120000      -0.418976       0.547756       0.270820       0.420838         -0.000004
    6.130000      -0.413420       0.563409       0.262123       0.420838         -0.000004
    6.140000      -0.407709       0.578718       0.253380       0.420838         -0.000004
    6.150000      -0.401846       0.593678       0.244611       0.420838         -0.000004
    6.160000      -0.395836       0.608285       0.235833       0.420838         -0.000004
    6.170000      -0.389682       0.622535       0.227063       0.420838         -0.000004
    6.180000      -0.383387       0.636427       0.218318       0.420838         -0.000004
    6.190000      -0.376955       0.649957       0.209616       0.420838         -0.000004
    6.200000      -0.370389       0.663124       0.200971       0.420838         -0.000004
    6.210000      -0.363693       0.675928       0.192399       0.420838         -0.000004
    6.220000      -0.356871       0.688366       0.183914       0.420838         -0.000004
    6.230000      -0.349927       0.700438       0.175531       0.420838         -0.000004
    6.240000      -0.342864       0.712145       0.167262       0.420838         -0.000004
    6.250000      -0.335685       0.723488       0.159120       0.420838         -0.000004
    6.260000      -0.328395       0.734467       0.151117       0.420838         -0.000004
    6.270000      -0.320997       0.745083       0.143264       0.420838         -0.000004
    6.280000      -0.313495       0.755338       0.135570       0.420838         -0.000004
    6.290000      -0.305892       0.765234       0.128046       0.420838         -0.000004
    6.300000      -0.298191       0.774774       0.120700       0.420838         -0.000004
    6.310000      -0.290397       0.783960       0.113541       0.420838         -0.000004
    6.320000      -0.282513       0.792795       0.106576       0.420838         -0.000004
    6.330000      -0.274543       0.801282       0.099811       0.420838         -0.000004
    6.340000      -0.266489       0.809426       0.093253       0.420838         -0.000004
    6.350000      -0.258355       0.817229       0.086906       0.420838         -0.000004
    6.360000      -0.250145       0.824695       0.080777       0.420838         -0.000004
    6.370000      -0.241863       0.831830       0.074867       0.420838         -0.000004
    6.380000      -0.233510       0.838636       0.069182       0.420838         -0.000004
    6.390000      -0.225091       0.845119       0.063724       0.420838         -0.000004
    6.400000      -0.216609       0.851284       0.058495       0.420838         -0.000004
    6.410000      -0.208066       0.857135       0.053497       0.420838         -0.000004
    6.420000      -0.199467       0.862678       0.048731       0.420838         -0.000004
    6.430000      -0.190814       0.867916       0.044198       0.420838         -0.000004
    6.440000      -0.182110       0.872857       0.039898       0.420838         -0.000004
    6.450000      -0.173358       0.877504       0.035831       0.420838         -0.000004
    6.460000      -0.164560       0.881863       0.031996       0.420838         -0.000004
    6.470000      -0.155721       0.885940       0.028392       0.420838         -0.000004
    6.480000      -0.146843       0.889741       0.025018       0.420838         -0.000004
    6.490000      -0.137927       0.893270       0.021872       0.420838         -0.000004
    6.500000      -0.128978       0.896533       0.018952       0.420838         -0.000004
    6.510000      -0.119997       0.899536       0.016255       0.420838         -0.000004
    6.520000      -0.110988       0.902285       0.013778       0.420838         -0.000004
    6.530000      -0.101953       0.904785       0.011520       0.420838         -0.000004
    6.540000      -0.092893       0.907041       0.009476       0.420838         -0.000004
    6.550000      -0.083813       0.909059       0.007643       0.420838         -0.000004
    6.560000      -0.074713       0.910846       0.006018       0.420838         -0.000004
    6.570000      -0.065596       0.912405       0.004596       0.420838         -0.000004
    6.580000      -0.056466       0.913743       0.003374       0.420838         -0.000004
    6.590000      -0.047322       0.914865       0.002348       0.420838         -0.000004
    6.600000      -0.038169       0.915777       0.001514       0.420838         -0.000004
    6.610000      -0.029007       0.916484       0.000866       0.420838         -0.000004
    6.620000      -0.019840       0.916991       0.000402       0.420838         -0.000004
    6.630000      -0.010668       0.917303       0.000115       0.420838         -0.000004
    6.640000      -0.001494       0.917426       0.000002       0.420838         -0.000004
    6.650000       0.007680       0.917365       0.000059       0.420838         -0.000004
    6.660000       0.016852       0.917124       0.000279       0.420838         -0.000004
    6.670000       0.026022       0.916709       0.000660       0.420838         -0.000004
    6.680000       0.035186       0.916125       0.001195       0.420838         -0.000004
    6.690000       0.044343       0.915376       0.001881       0.420838         -0.000004
    6.700000       0.053493       0.914467       0.002713       0.420838         -0.000004
    6.710000       0.062632       0.913402       0.003686       0.420838         -0.000004
    6.720000       0.071760       0.912187       0.004795       0.420838         -0.000004
    6.730000       0.080876       0.910826       0.006036       0.420838         -0.000004
    6.740000       0.089976       0.909322       0.007404       0.420838         -0.000004
    6.750000       0.099062       0.907681       0.008895       0.420838         -0.000004
    6.760000       0.108130       0.905907       0.010504       0.420838         -0.000004
    6.770000       0.117179       0.904003       0.012227       0.420838         -0.000004
    6.780000       0.126209       0.901974       0.014059       0.420838         -0.000004
    6.790000       0.135218       0.899824       0.015996       0.420838         -0.000004
    6.800000       0.144205       0.897556       0.018034       0.420838         -0.000004
    6.810000       0.153169       0.895175       0.020168       0.420838         -0.000004
    6.820000       0.162108       0.892684       0.022395       0.420838         -0.000004
    6.830000       0.171022       0.890086       0.024711       0.420838         -0.000004
    6.840000       0.179910       0.887385       0.027111       0.420838         -0.000004
    6.850000       0.188770       0.884585       0.029592       0.420838         -0.000004
    6.860000       0.197601       0.881689       0.032150       0.420838         -0.000004
    6.870000       0.206403       0.878700       0.034780       0.420838         -0.000004
    6.880000       0.215175       0.875622       0.037481       0.420838         -0.000004
    6.890000       0.223915       0.872457       0.040247       0.420838         -0.000004
    6.900000       0.232624       0.869208       0.043076       0.420838         -0.000004
    6.910000       0.241299       0.865879       0.045965       0.420838         -0.000004
    6.920000       0.249941       0.862472       0.048909       0.420838         -0.000004
    6.930000       0.258548       0.858990       0.051906       0.420838         -0.000004
    6.940000       0.267121       0.855436       0.054952       0.420838         -0.000004
    6.950000       0.275657       0.851812       0.058046       0.420838         -0.000004
    6.960000       0.284157       0.848121       0.061183       0.420838         -0.000004
    6.970000       0.292619       0.844366       0.064360       0.420838         -0.000004
    6.980000       0.301044       0.840549       0.067576       0.420838         -0.000004
    6.990000       0.309430       0.836672       0.070828       0.420838         -0.000004
    7.000000       0.317777       0.832737       0.074112       0.420838         -0.000004
    7.010000       0.326085       0.828748       0.077426       0.420838         -0.000004
    7.020000       0.334352       0.824705       0.080769       0.420838         -0.000004
    7.030000       0.342578       0.820611       0.084136       0.420838         -0.000004
    7.040000       0.350764       0.816468       0.087527       0.420838         -0.000004
    7.050000       0.358908       0.812279       0.090939       0.420838         -0.000004
    7.060000       0.367009       0.808044       0.094370       0.420838         -0.000004
    7.070000       0.375068       0.803766       0.097817       0.420838         -0.000004
    7.080000       0.383084       0.799447       0.101280       0.420838         -0.000004
    7.090000       0.391057       0.795088       0.104755       0.420838         -0.000004
    7.100000       0.398986       0.790692       0.108241       0.420838         -0.000004
    7.110000       0.406871       0.786259       0.111736       0.420838         -0.000004
    7.120000       0.414711       0.781791       0.115239       0.420838         -0.000004
    7.130000       0.422507       0.777290       0.118748       0.420838         -0.000004
    7.140000       0.430257       0.772757       0.122261       0.420838         -0.000004
    7.150000       0.437962       0.768194       0.125776       0.420838         -0.000004
    7.160000       0.445621       0.763603       0.129293       0.420838         -0.000004
    7.170000       0.453234       0.758984       0.132809       0.420838         -0.000004
    7.180000       0.460800       0.754338       0.136324       0.420838         -0.000004
    7.190000       0.468320       0.749668       0.139836       0.420838         -0.000004
    7.200000       0.475794       0.744974       0.143344       0.420838         -0.000004
    7.210000       0.483220       0.740258       0.146847       0.420838         -0.000004
    7.220000       0.490599       0.735520       0.150342       0.420838         -0.000004
    7.230000       0.497930       0.730762       0.153831       0.420838         -0.000004
    7.240000       0.505214       0.725985       0.157310       0.420838         -0.000004
    7.250000       0.512450       0.721190       0.160780       0.420838         -0.000004
    7.260000       0.519638       0.716378       0.164239       0.420838         -0.000004
    7.270000       0.526777       0.711550       0.167686       0.420838         -0.000004
    7.280000       0.533869       0.706706       0.171121       0.420838         -0.000004
    7.290000       0.540911       0.701848       0.174542       0.420838         -0.000004
    7.300000       0.547905       0.696977       0.177949       0.420838         -0.000004
    7.310000       0.554851       0.692093       0.181341       0.420838         -0.000004
    7.320000       0.561747       0.687197       0.184718       0.420838         -0.000004
    7.330000       0.568595       0.682290       0.188078       0.420838         -0.000004
    7.340000       0.575393       0.677373       0.191420       0.420838         -0.000004
    7.350000       0.582142       0.672446       0.194745       0.420838         -0.000004
    7.360000       0.588842       0.667511       0.198052       0.420838         -0.000004
    7.370000       0.595492       0.662568       0.201340       0.420838         -0.000004
    7.380000       0.602093       0.657617       0.204608       0.420838         -0.000004
    7.390000       0.608645       0.652659       0.207856       0.420838         -0.000004
    7.400000       0.615146       0.647694       0.211083       0.420838         -0.000004
    7.410000       0.621598       0.642725       0.214290       0.420838         -0.000004
    7.420000       0.628001       0.637750       0.217475       0.420838         -0.000004
    7.430000       0.634353       0.632770       0.220639       0.420838         -0.000004
    7.440000       0.640656       0.627787       0.223780       0.420838         -0.000004
    7.450000       0.646909       0.622799       0.226898       0.420838         -0.000004
    7.460000       0.653112       0.617809       0.229994       0.420838         -0.000004
    7.470000       0.659265       0.612816       0.233066       0.420838         -0.000004
    7.480000       0.665369       0.607821       0.236114       0.420838         -0.000004
    7.490000       0.671422       0.602824       0.239139       0.420838         -0.000004
    7.500000       0.677425       0.597826       0.242140       0.420838         -0.000004
    7.510000       0.683378       0.592827       0.245116       0.420838         -0.000004
    7.520000       0.689282       0.587827       0.248067       0.420838         -0.000004
    7.530000       0.695135       0.582827       0.250994       0.420838         -0.000004
    7.540000       0.700938       0.577827       0.253895       0.420838         -0.000004
    7.550000       0.706691       0.572828       0.256772       0.420838         -0.000004
    7.560000       0.712395       0.567829       0.259623       0.420838         -0.000004
    7.570000       0.718048       0.562832       0.262448       0.420838         -0.000004
    7.580000       0.723651       0.557835       0.265247       0.420838         -0.000004
    7.590000       0.729205       0.552841       0.268021       0.420838         -0.000004
    7.600000       0.734708       0.547848       0.270769       0.420838         -0.000004
    7.610000       0.740162       0.542857       0.273491       0.420838         -0.000004
    7.620000       0.745565       0.537869       0.276186       0.420838         -0.000004
    7.630000       0.750919       0.532884       0.278855       0.420838         -0.000004
    7.640000       0.756223       0.527901       0.281498       0.420838         -0.000004
    7.650000       0.761477       0.522921       0.284114       0.420838         -0.000004
    7.660000       0.766681       0.517944       0.286704       0.420838         -0.000004
    7.670000       0.771836       0.512971       0.289268       0.420838         -0.000004
    7.680000       0.776941       0.508002       0.291805       0.420838         -0.000004
    7.690000       0.781996       0.503036       0.294315       0.420838         -0.000004
    7.700000       0.787002       0.498074       0.296799       0.420838         -0.000004
    7.710000       0.791958       0.493116       0.299256       0.420838         -0.000004
    7.720000       0.796864       0.488163       0.301686       0.420838         -0.000004
    7.730000       0.801721       0.483213       0.304090       0.420838         -0.000004
    7.740000       0.806528       0.478269       0.306467       0.420838         -0.000004
    7.750000       0.811286       0.473328       0.308818       0.420838         -0.000004
    7.760000       0.815995       0.468393       0.311142       0.420838         -0.000004
    7.770000       0.820654       0.463462       0.313439       0.420838         -0.000004
    7.780000       0.825264       0.458536       0.315710       0.420838         -0.000004
    7.790000       0.829825       0.453615       0.317954       0.420838         -0.000004
    7.800000       0.834336       0.448699       0.320172       0.420838         -0.000004
    7.810000       0.838799       0.443789       0.322363       0.420838         -0.000004
    7.820000       0.843212       0.438883       0.324528       0.420838         -0.000004
    7.830000       0.847576       0.433983       0.326667       0.420838         -0.000004
    7.840000       0.851892       0.429088       0.328779       0.420838         -0.000004
    7.850000       0.856158       0.424198       0.330866       0.420838         -0.000004
    7.860000       0.860376       0.419314       0.332925       0.420838         -0.000004
    7.870000       0.864545       0.414435       0.334959       0.420838         -0.000004
    7.880000       0.868665       0.409562       0.336967       0.420838         -0.000004
    7.890000       0.872736       0.404695       0.338949       0.420838         -0.000004
    7.900000       0.876758       0.399832       0.340905       0.420838         -0.000004
    7.910000       0.880732       0.394976       0.342835       0.420838         -0.000004
    7.920000       0.884658       0.390125       0.344739       0.420838         -0.000004
    7.930000       0.888535       0.385280       0.346617       0.420838         -0.000004
    7.940000       0.892364       0.380440       0.348470       0.420838         -0.000004
    7.950000       0.896144       0.375606       0.350298       0.420838         -0.000004
    7.960000       0.899876       0.370778       0.352100       0.420838         -0.000004
    7.970000       0.903559       0.365955       0.353876       0.420838         -0.000004
    7.980000       0.907195       0.361138       0.355627       0.420838         -0.000004
    7.990000       0.910782       0.356326       0.357353       0.420838         -0.000004
    8.000000       0.914321       0.351520       0.359054       0.420838         -0.000004
    8.010000       0.917813       0.346720       0.360730       0.420838         -0.000004
    8.020000       0.921256       0.341925       0.362381       0.420838         -0.000004
    8.030000       0.924651       0.337136       0.364007       0.420838         -0.000004
    8.040000       0.927998       0.332352       0.365609       0.420838         -0.000004
    8.050000       0.931298       0.327574       0.367185       0.420838         -0.000004
    8.060000       0.934550       0.322801       0.368737       0.420838         -0.000004
    8.070000       0.937754       0.318034       0.370265       0.420838         -0.000004
    8.080000       0.940911       0.313272       0.371768       0.420838         -0.000004
    8.090000       0.944020       0.308515       0.373247       0.420838         -0.000004
    8.100000       0.947081       0.303764       0.374701       0.420838         -0.000004
    8.110000       0.950095       0.299018       0.376132       0.420838         -0.000004
    8.120000       0.953061       0.294278       0.377538       0.420838         -0.000004
    8.130000       0.955980       0.289542       0.378920       0.420838         -0.000004
    8.140000       0.958852       0.284812       0.380279       0.420838         -0.000004
    8.150000       0.961677       0.280087       0.381613       0.420838         -0.000004
    8.160000       0.964454       0.275366       0.382924       0.420838         -0.000004
    8.170000       0.967184       0.270651       0.384212       0.420838         -0.000004
    8.180000       0.969867       0.265941       0.385475       0.420838         -0.000004
    8.190000       0.972503       0.261236       0.386716       0.420838         -0.000004
    8.200000       0.975092       0.256535       0.387932       0.420838         -0.000004
    8.210000       0.977634       0.251839       0.389126       0.420838         -0.000004
    8.220000       0.980129       0.247148       0.390297       0.420838         -0.000004
    8.230000       0.982577       0.242461       0.391444       0.420838         -0.000004
    8.240000       0.984978       0.237780       0.392568       0.420838         -0.000004
    8.250000       0.987332       0.233102       0.393669       0.420838         -0.000004
    8.260000       0.989640       0.228429       0.394748       0.420838         -0.000004
    8.270000       0.991901       0.223760       0.395803       0.420838         -0.000004
    8.280000       0.994115       0.219096       0.396836       0.420838         -0.000004
    8.290000       0.996283       0.214436       0.397846       0.420838         -0.000004
    8.300000       0.998404       0.209780       0.398834       0.420838         -0.000004
    8.310000       1.000478       0.205128       0.399799       0.420838         -0.000004
    8.320000       1.002506       0.200480       0.400741       0.420838         -0.000004
    8.330000       1.004488       0.195836       0.401662       0.420838         -0.000004
    8.340000       1.006423       0.191196       0.402560       0.420838         -0.000004
    8.350000       1.008312       0.186559       0.403435       0.420838         -0.000004
    8.360000       1.010154       0.181926       0.404289       0.420838         -0.000004
    8.370000       1.011950       0.177297       0.405120       0.420838         -0.000004
    8.380000       1.013700       0.172672       0.405930       0.420838         -0.000004
    8.390000       1.015404       0.168049       0.406717       0.420838         -0.000004
    8.400000       1.017061       0.163430       0.407483       0.420838         -0.000004
    8.410000       1.018672       0.158815       0.408226       0.420838         -0.000004
    8.420000       1.020238       0.154202       0.408948       0.420838         -0.000004
    8.430000       1.021757       0.149593       0.409649       0.420838         -0.000004
    8.440000       1.023229       0.144987       0.410327       0.420838         -0.000004
    8.450000       1.024656       0.140383       0.410984       0.420838         -0.000004
    8.460000       1.026037       0.135783       0.411619       0.420838         -0.000004
    8.470000       1.027372       0.131185       0.412233       0.420838         -0.000004
    8.480000       1.028661       0.126590       0.412825       0.420838         -0.000004
    8.490000       1.029904       0.121998       0.413396       0.420838         -0.000004
    8.500000       1.031101       0.117408       0.413945       0.420838         -0.000004
    8.510000       1.032252       0.112820       0.414473       0.420838         -0.000004
    8.520000       1.033357       0.108235       0.414980       0.420838         -0.000004
    8.530000       1.034417       0.103651       0.415466       0.420838         -0.000004
    8.540000       1.035430       0.099071       0.415930       0.420838         -0.000004
    8.550000       1.036398       0.094492       0.416373       0.420838         -0.000004
    8.560000       1.037320       0.089915       0.416795       0.420838         -0.000004
    8.570000       1.038196       0.085340       0.417196       0.420838         -0.000004
    8.580000       1.039027       0.080766       0.417576       0.420838         -0.000004
    8.590000       1.039812       0.076194       0.417935       0.420838         -0.000004
    8.600000       1.040551       0.071624       0.418273       0.420838         -0.000004
    8.610000       1.041244       0.067056       0.418589       0.420838         -0.000004
    8.620000       1.041892       0.062489       0.418885       0.420838         -0.000004
    8.630000       1.042494       0.057923       0.419160       0.420838         -0.000004
    8.640000       1.043050       0.053358       0.419414       0.420838         -0.000004
    8.650000       1.043561       0.048794       0.419647       0.420838         -0.000004
    8.660000       1.044026       0.044232       0.419859       0.420838         -0.000004
    8.670000       1.044446       0.039670       0.420051       0.420838         -0.000004
    8.680000       1.044820       0.035109       0.420221       0.420838         -0.000004
    8.690000       1.045148       0.030549       0.420371       0.420838         -0.000004
    8.700000       1.045431       0.025990       0.420500       0.420838         -0.000004
    8.710000       1.045668       0.021431       0.420608       0.420838         -0.000004
    8.720000       1.045859       0.016872       0.420695       0.420838         -0.000004
    8.730000       1.046005       0.012314       0.420762       0.420838         -0.000004
    8.740000       1.046106       0.007756       0.420807       0.420838         -0.000004
    8.750000       1.046160       0.003198       0.420832       0.420838         -0.000004
    8.760000       1.046169      -0.001359       0.420837       0.420838         -0.000004
    8.770000       1.046133      -0.005917       0.420820       0.420838         -0.000004
    8.780000       1.046051      -0.010475       0.420783       0.420838         -0.000004
    8.790000       1.045924      -0.015033       0.420725       0.420838         -0.000004
    8.800000       1.045750      -0.019591       0.420646       0.420838         -0.000004
    8.810000       1.045532      -0.024150       0.420546       0.420838         -0.000004
    8.820000       1.045267      -0.028709       0.420425       0.420838         -0.000004
    8.830000       1.044958      -0.033269       0.420284       0.420838         -0.000004
    8.840000       1.044602      -0.037830       0.420122       0.420838         -0.000004
    8.850000       1.044201      -0.042391       0.419939       0.420838         -0.000004
    8.860000       1.043754      -0.046953       0.419735       0.420838         -0.000004
    8.870000       1.043262      -0.051516       0.419511       0.420838         -0.000004
    8.880000       1.042724      -0.056081       0.419265       0.420838         -0.000004
    8.890000       1.042140      -0.060646       0.418999       0.420838         -0.000004
    8.900000       1.041511      -0.065213       0.418711       0.420838         -0.000004
    8.910000       1.040836      -0.069781       0.418403       0.420838         -0.000004
    8.920000       1.040115      -0.074350       0.418074       0.420838         -0.000004
    8.930000       1.039349      -0.078921       0.417723       0.420838         -0.000004
    8.940000       1.038537      -0.083494       0.417352       0.420838         -0.000004
    8.950000       1.037679      -0.088068       0.416960       0.420838         -0.000004
    8.960000       1.036776      -0.092645       0.416546       0.420838         -0.000004
    8.970000       1.035826      -0.097223       0.416111       0.420838         -0.000004
    8.980000       1.034831      -0.101803       0.415656       0.420838         -0.000004
    8.990000       1.033790      -0.106385       0.415179       0.420838         -0.000004
    9.000000       1.032703      -0.110969       0.414680       0.420838         -0.000004
    9.010000       1.031571      -0.115556       0.414161       0.420838         -0.000004
    9.020000       1.030392      -0.120145       0.413620       0.420838         -0.000004
    9.030000       1.029168      -0.124737       0.413058       0.420838         -0.000004
    9.040000       1.027898      -0.129331       0.412474       0.420838         -0.000004
    9.050000       1.026581      -0.133927       0.411869       0.420838         -0.000004
    9.060000       1.025219      -0.138527       0.411243       0.420838         -0.000004
    9.070000       1.023811      -0.143129       0.410595       0.420838         -0.000004
    9.080000       1.022356      -0.147734       0.409925       0.420838         -0.000004
    9.090000       1.020856      -0.152342       0.409234       0.420838         -0.000004
    9.100000       1.019310      -0.156953       0.408520       0.420838         -0.000004
    9.110000       1.017717      -0.161568       0.407786       0.420838         -0.000004
    9.120000       1.016078      -0.166185       0.407029       0.420838         -0.000004
    9.130000       1.014393      -0.170806       0.406250       0.420838         -0.000004
    9.140000       1.012662      -0.175430       0.405450       0.420838         -0.000004
    9.150000       1.010885      -0.180058       0.404627       0.420838         -0.000004
    9.160000       1.009061      -0.184689       0.403782       0.420838         -0.000004
    9.170000       1.007191      -0.189324       0.402916       0.420838         -0.000004
    9.180000       1.005274      -0.193963       0.402027       0.420838         -0.000004
    9.190000       1.003312      -0.198606       0.401116       0.420838         -0.000004
    9.200000       1.001302      -0.203252       0.400182       0.420838         -0.000004
    9.210000       0.999247      -0.207902       0.399226       0.420838         -0.000004
    9.220000       0.997144      -0.212557       0.398247       0.420838         -0.000004
    9.230000       0.994995      -0.217215       0.397246       0.420838         -0.000004
    9.240000       0.992800      -0.221878       0.396223       0.420838         -0.000004
    9.250000       0.990558      -0.226545       0.395176       0.420838         -0.000004
    9.260000       0.988269      -0.231216       0.394107       0.420838         -0.000004
    9.270000       0.985933      -0.235892       0.393015       0.420838         -0.000004
    9.280000       0.983551      -0.240572       0.391900       0.420838         -0.000004
    9.290000       0.981122      -0.245256       0.390762       0.420838         -0.000004
    9.300000       0.978646      -0.249946       0.389601       0.420838         -0.000004
    9.310000       0.976123      -0.254640       0.388417       0.420838         -0.000004
    9.320000       0.973553      -0.259338       0.387209       0.420838         -0.000004
    9.330000       0.970936      -0.264042       0.385979       0.420838         -0.000004
    9.340000       0.968272      -0.268750       0.384724       0.420838         -0.000004
    9.350000       0.965561      -0.273463       0.383447       0.420838         -0.000004
    9.360000       0.962803      -0.278181       0.382145       0.420838         -0.000004
    9.370000       0.959998      -0.282905       0.380820       0.420838         -0.000004
    9.380000       0.957145      -0.287633       0.379471       0.420838         -0.000004
    9.390000       0.954245      -0.292366       0.378099       0.420838         -0.000004
    9.400000       0.951298      -0.297105       0.376702       0.420838         -0.000004
    9.410000       0.948303      -0.301849       0.375281       0.420838         -0.000004
    9.420000       0.945261      -0.306598       0.373837       0.420838         -0.000004
    9.430000       0.942171      -0.311352       0.372368       0.420838         -0.000004
    9.440000       0.939034      -0.316112       0.370874       0.420838         -0.000004
    9.450000       0.935849      -0.320877       0.369357       0.420838         -0.000004
    9.460000       0.932616      -0.325647       0.367814       0.420838         -0.000004
    9.470000       0.929336      -0.330423       0.366248       0.420838         -0.000004
    9.480000       0.926008      -0.335205       0.364656       0.420838         -0.000004
    9.490000       0.922632      -0.339992       0.363040       0.420838         -0.000004
    9.500000       0.919208      -0.344784       0.361399       0.420838         -0.000004
    9.510000       0.915736      -0.349582       0.359734       0.420838         -0.000004
    9.520000       0.912216      -0.354386       0.358043       0.420838         -0.000004
    9.530000       0.908648      -0.359195       0.356327       0.420838         -0.000004
    9.540000       0.905032      -0.364010       0.354586       0.420838         -0.000004
    9.550000       0.901368      -0.368831       0.352819       0.420838         -0.000004
    9.560000       0.897655      -0.373657       0.351028       0.420838         -0.000004
    9.570000       0.893895      -0.378489       0.349211       0.420838         -0.000004
    9.580000       0.890086      -0.383326       0.347368       0.420838         -0.000004
    9.590000       0.886228      -0.388169       0.345500       0.420838         -0.000004
    9.600000       0.882322      -0.393018       0.343606       0.420838         -0.000004
    9.610000       0.878368      -0.397872       0.341686       0.420838         -0.000004
    9.620000       0.874365      -0.402732       0.339741       0.420838         -0.000004
    9.630000       0.870313      -0.407597       0.337770       0.420838         -0.000004
    9.640000       0.866213      -0.412468       0.335772       0.420838         -0.000004
    9.650000       0.862064      -0.417345       0.333749       0.420838         -0.000004
    9.660000       0.857866      -0.422227       0.331700       0.420838         -0.000004
    9.670000       0.853619      -0.427114       0.329624       0.420838         -0.000004
    9.680000       0.849324      -0.432007       0.327523       0.420838         -0.000004
    9.690000       0.844979      -0.436905       0.325395       0.420838         -0.000004
    9.700000       0.840585      -0.441809       0.323240       0.420838         -0.000004
    9.710000       0.836143      -0.446717       0.321059       0.420838         -0.000004
    9.720000       0.831651      -0.451631       0.318852       0.420838         -0.000004
    9.730000       0.827110      -0.456550       0.316619       0.420838         -0.000004
    9.740000       0.822520      -0.461474       0.314359       0.420838         -0.000004
    9.750000       0.817881      -0.466403       0.312072       0.420838         -0.000004
    9.760000       0.813192      -0.471336       0.309759       0.420838         -0.000004
    9.770000       0.808454      -0.476275       0.307419       0.420838         -0.000004
    9.780000       0.803667      -0.481218       0.305052       0.420838         -0.000004
    9.790000       0.798830      -0.486165       0.302659       0.420838         -0.000004
    9.800000       0.793943      -0.491117       0.300240       0.420838         -0.000004
    9.810000       0.789007      -0.496073       0.297793       0.420838         -0.000004
    9.820000       0.784022      -0.501033       0.295320       0.420838         -0.000004
    9.830000       0.778987      -0.505998       0.292821       0.420838         -0.000004
    9.840000       0.773902      -0.510966       0.290295       0.420838         -0.000004
    9.850000       0.768767      -0.515937       0.287742       0.420838         -0.000004
    9.860000       0.763583      -0.520912       0.285163       0.420838         -0.000004
    9.870000       0.758349      -0.525891       0.282557       0.420838         -0.000004
    9.880000       0.753065      -0.530873       0.279925       0.420838         -0.000004
    9.890000       0.747732      -0.535857       0.277266       0.420838         -0.000004
    9.900000       0.742348      -0.540844       0.274581       0.420838         -0.000004
    9.910000       0.736915      -0.545834       0.271870       0.420838         -0.000004
    9.920000       0.731431      -0.550826       0.269133       0.420838         -0.000004
    9.930000       0.725898      -0.555820       0.266370       0.420838         -0.000004
    9.940000       0.720315      -0.560815       0.263581       0.420838         -0.000004
    9.950000       0.714682      -0.565813       0.260766       0.420838         -0.000004
    9.960000       0.708999      -0.570811       0.257925       0.420838         -0.000004
    9.970000       0.703266      -0.575810       0.255059       0.420838         -0.000004
    9.980000       0.697483      -0.580810       0.252168       0.420838         -0.000004
    9.990000       0.691649      -0.585810       0.249251       0.420838         -0.000004
   10.000000       0.685766      -0.590810       0.246310       0.420838         -0.000004
   10.010000       0.679833      -0.595809       0.243343       0.420838         -0.000004
   10.020000       0.673850      -0.600808       0.240353       0.420838         -0.000004
   10.030000       0.667817      -0.605805       0.237338       0.420838         -0.000004
   10.040000       0.661734      -0.610801       0.234299       0.420838         -0.000004
   10.050000       0.655601      -0.615795       0.231236       0.420838         -0.000004
   10.060000       0.649418      -0.620786       0.228150       0.420838         -0.000004
   10.070000       0.643185      -0.625775       0.225041       0.420838         -0.000004
   10.080000       0.636903      -0.630760       0.221909       0.420838         -0.000004
   10.090000       0.630570      -0.635741       0.218754       0.420838         -0.000004
   10.100000       0.624188      -0.640718       0.215578       0.420838         -0.000004
   10.110000       0.617756      -0.645690       0.212380       0.420838         -0.000004
   10.120000       0.611274      -0.650656       0.209161       0.420838         -0.000004
   10.130000       0.604743      -0.655617       0.205921       0.420838         -0.000004
   10.140000       0.598162      -0.660571       0.202661       0.420838         -0.000004
   10.150000       0.591531      -0.665517       0.199381       0.420838         -0.000004
   10.160000       0.584851      -0.670456       0.196082       0.420838         -0.000004
   10.170000       0.578122      -0.675386       0.192764       0.420838         -0.000004
   10.180000       0.571344      -0.680307       0.189429       0.420838         -0.000004
   10.190000       0.564516      -0.685218       0.186076       0.420838         -0.000004
   10.200000       0.557639      -0.690119       0.182706       0.420838         -0.000004
   10.210000       0.550714      -0.695007       0.179320       0.420838         -0.000004
   10.220000       0.543739      -0.699884       0.175919       0.420838         -0.000004
   10.230000       0.536716      -0.704747       0.172503       0.420838         -0.000004
   10.240000       0.529644      -0.709597       0.169074       0.420838         -0.000004
   10.250000       0.522524      -0.714432       0.165631       0.420838         -0.000004
   10.260000       0.515356      -0.719250       0.162177       0.420838         -0.000004
   10.270000       0.508139      -0.724053       0.158711       0.420838         -0.000004
   10.280000       0.500875      -0.728837       0.155236       0.420838         -0.000004
   10.290000       0.493563      -0.733603       0.151751       0.420838         -0.000004
   10.300000       0.486203      -0.738349       0.148258       0.420838         -0.000004
   10.310000       0.478796      -0.743074       0.144758       0.420838         -0.000004
   10.320000       0.471341      -0.747777       0.141252       0.420838         -0.000004
   10.330000       0.463840      -0.752457       0.137742       0.420838         -0.000004
   10.340000       0.456292      -0.757112       0.134228       0.420838         -0.000004
   10.350000       0.448698      -0.761742       0.130712       0.420838         -0.000004
   10.360000       0.441058      -0.766345       0.127195       0.420838         -0.000004
   10.370000       0.433371      -0.770920       0.123679       0.420838         -0.000004
   10.380000       0.425639      -0.775465       0.120165       0.420838         -0.000004
   10.390000       0.417862      -0.779978       0.116654       0.420838         -0.000004
   10.400000       0.410040      -0.784460       0.113149       0.420838         -0.000004
   10.410000       0.402173      -0.788907       0.109650       0.420838         -0.000004
   10.420000       0.394262      -0.793319       0.106160       0.420838         -0.000004
   10.430000       0.386307      -0.797693       0.102680       0.420838         -0.000004
   10.440000       0.378308      -0.802028       0.099213       0.420838         -0.000004
   10.450000       0.370266      -0.806323       0.095759       0.420838         -0.000004
   10.460000       0.362182      -0.810575       0.092321       0.420838         -0.000004
   10.470000       0.354055      -0.814783       0.088902       0.420838         -0.000004
   10.480000       0.345886      -0.818945       0.085502       0.420838         -0.000004
   10.490000       0.337676      -0.823059       0.082125       0.420838         -0.000004
   10.500000       0.329425      -0.827123       0.078772       0.420838         -0.000004
   10.510000       0.321134      -0.831134       0.075446       0.420838         -0.000004
   10.520000       0.312803      -0.835091       0.072149       0.420838         -0.000004
   10.530000       0.304432      -0.838991       0.068884       0.420838         -0.000004
   10.540000       0.296023      -0.842833       0.065654       0.420838         -0.000004
   10.550000       0.287576      -0.846614       0.062460       0.420838         -0.000004
   10.560000       0.279091      -0.850331       0.059306       0.420838         -0.000004
   10.570000       0.270569      -0.853982       0.056195       0.420838         -0.000004
   10.580000       0.262012      -0.857564       0.053129       0.420838         -0.000004
   10.590000       0.253418      -0.861076       0.050112       0.420838         -0.000004
   10.600000       0.244790      -0.864513       0.047146       0.420838         -0.000004
   10.610000       0.236128      -0.867874       0.044235       0.420838         -0.000004
   10.620000       0.227433      -0.871156       0.041381       0.420838         -0.000004
   10.630000       0.218706      -0.874355       0.038589       0.420838         -0.000004
   10.640000       0.209946      -0.877469       0.035862       0.420838         -0.000004
   10.650000       0.201157      -0.880494       0.033203       0.420838         -0.000004
   10.660000       0.192337      -0.883428       0.030615       0.420838         -0.000004
   10.670000       0.183488      -0.886267       0.028103       0.420838         -0.000004
   10.680000       0.174612      -0.889008       0.025669       0.420838         -0.000004
   10.690000       0.165708      -0.891648       0.023319       0.420838         -0.000004
   10.700000       0.156779      -0.894183       0.021056       0.420838         -0.000004
   10.710000       0.147825      -0.896609       0.018884       0.420838         -0.000004
   10.720000       0.138847      -0.898923       0.016806       0.420838         -0.000004
   10.730000       0.129847      -0.901121       0.014828       0.420838         -0.000004
   10.740000       0.120825      -0.903199       0.012953       0.420838         -0.000004
   10.750000       0.111783      -0.905154       0.011186       0.420838         -0.000004
   10.760000       0.102723      -0.906981       0.009530       0.420838         -0.000004
   10.770000       0.093644      -0.908676       0.007991       0.420838         -0.000004
   10.780000       0.084550      -0.910236       0.006573       0.420838         -0.000004
   10.790000       0.075440      -0.911655       0.005280       0.420838         -0.000004
   10.800000       0.066317      -0.912930       0.004117       0.420838         -0.000004
   10.810000       0.057182      -0.914055       0.003089       0.420838         -0.000004
   10.820000       0.048036      -0.915028       0.002200       0.420838         -0.000004
   10.830000       0.038882      -0.915842       0.001454       0.420838         -0.000004
   10.840000       0.029720      -0.916493       0.000857       0.420838         -0.000004
   10.850000       0.020553      -0.916977       0.000414       0.420838         -0.000004
   10.860000       0.011381      -0.917289       0.000128       0.420838         -0.000004
   10.870000       0.002207      -0.917423       0.000005       0.420838         -0.000004
   10.880000      -0.006967      -0.917375       0.000049       0.420838         -0.000004
   10.890000      -0.016139      -0.917140       0.000265       0.420838         -0.000004
   10.900000      -0.025309      -0.916712       0.000657       0.420838         -0.000004
   10.910000      -0.034473      -0.916087       0.001230       0.420838         -0.000004
   10.920000      -0.043630      -0.915258       0.001989       0.420838         -0.000004
   10.930000      -0.052778      -0.914221       0.002937       0.420838         -0.000004
   10.940000      -0.061914      -0.912971       0.004079       0.420838         -0.000004
   10.950000      -0.071036      -0.911502       0.005420       0.420838         -0.000004
   10.960000      -0.080143      -0.909808       0.006963       0.420838         -0.000004
   10.970000      -0.089232      -0.907884       0.008711       0.420838         -0.000004
   10.980000      -0.098300      -0.905724       0.010670       0.420838         -0.000004
   10.990000      -0.107345      -0.903323       0.012841       0.420838         -0.000004
   11.000000      -0.116365      -0.900676       0.015229       0.420838         -0.000004
   11.010000      -0.125358      -0.897776       0.017837       0.420838         -0.000004
   11.020000      -0.134320      -0.894618       0.020667       0.420838         -0.000004
   11.030000      -0.143249      -0.891197       0.023721       0.420838         -0.000004
   11.040000      -0.152143      -0.887507       0.027003       0.420837         -0.000004
   11.050000      -0.160999      -0.883542       0.030514       0.420837         -0.000004
   11.060000      -0.169813      -0.879297       0.034256       0.420837         -0.000004
   11.070000      -0.178584      -0.874767       0.038229       0.420837         -0.000004
   11.080000      -0.187307      -0.869945       0.042435       0.420837         -0.000004
   11.090000      -0.195982      -0.864828       0.046874       0.420837         -0.000004
   11.100000      -0.204603      -0.859408       0.051546       0.420837         -0.000004
   11.110000      -0.213169      -0.853682       0.056451       0.420837         -0.000004
   11.120000      -0.221676      -0.847645       0.061587       0.420837         -0.000004
   11.130000      -0.230121      -0.841291       0.066952       0.420837         -0.000004
   11.140000      -0.238500      -0.834615       0.072546       0.420837         -0.000004
   11.150000      -0.246812      -0.827614       0.078365       0.420837         -0.000004
   11.160000      -0.255051      -0.820282       0.084407       0.420837         -0.000004
   11.170000      -0.263216      -0.812615       0.090666       0.420837         -0.000004
   11.180000      -0.271303      -0.804609       0.097139       0.420837         -0.000004
   11.190000      -0.279307      -0.796261       0.103822       0.420837         -0.000004
   11.200000      -0.287227      -0.787567       0.110707       0.420837         -0.000004
   11.210000      -0.295057      -0.778523       0.117789       0.420837         -0.000004
   11.220000      -0.302796      -0.769126       0.125060       0.420837         -0.000004
   11.230000      -0.310439      -0.759374       0.132513       0.420837         -0.000004
   11.240000      -0.317982      -0.749264       0.140139       0.420837         -0.000004
   11.250000      -0.325423      -0.738794       0.147929       0.420837         -0.000004
   11.260000      -0.332757      -0.727961       0.155874       0.420837         -0.000004
   11.270000      -0.339981      -0.716766       0.163961       0.420837         -0.000004
   11.280000      -0.347091      -0.705206       0.172180       0.420837         -0.000004
   11.290000      -0.354084      -0.693281       0.180518       0.420837         -0.000004
   11.300000      -0.360955      -0.680990       0.188964       0.420837         -0.000004
   11.310000      -0.367702      -0.668334       0.197502       0.420837         -0.000004
   11.320000      -0.374321      -0.655314       0.206119       0.420837         -0.000005
   11.330000      -0.380807      -0.641930       0.214800       0.420837         -0.000005
   11.340000      -0.387158      -0.628184       0.223530       0.420837         -0.000005
   11.350000      -0.393370      -0.614078       0.232292       0.420837         -0.000005
   11.360000      -0.399439      -0.599614       0.241069       0.420837         -0.000005
   11.370000      -0.405361      -0.584797       0.249844       0.420837         -0.000005
   11.380000      -0.411133      -0.569628       0.258599       0.420837         -0.000005
   11.390000      -0.416752      -0.554113       0.267317       0.420837         -0.000005
   11.400000      -0.422214      -0.538256       0.275978       0.420837         -0.000005
   11.410000      -0.427516      -0.522062       0.284563       0.420837         -0.000005
   11.420000      -0.432655      -0.505538       0.293053       0.420837         -0.000005
   11.430000      -0.437626      -0.488689       0.301429       0.420837         -0.000005
   11.440000      -0.442427      -0.471522       0.309671       0.420837         -0.000005
   11.450000      -0.447055      -0.454045       0.317759       0.420837         -0.000005
   11.460000      -0.451507      -0.436266       0.325673       0.420837         -0.000005
   11.470000      -0.455780      -0.418194       0.333394       0.420837         -0.000005
   11.480000      -0.459870      -0.399838       0.340902       0.420837         -0.000005
   11.490000      -0.463776      -0.381207       0.348178       0.420837         -0.000005
   11.500000      -0.467493      -0.362311       0.355202       0.420837         -0.000005
   11.510000      -0.471021      -0.343163       0.361957       0.420837         -0.000005
   11.520000      -0.474356      -0.323772       0.368423       0.420837         -0.000005
   11.530000      -0.477496      -0.304151       0.374583       0.420837         -0.000005
   11.540000      -0.480438      -0.284311       0.380421       0.420837         -0.000005
   11.550000      -0.483181      -0.264267       0.385919       0.420837         -0.000005
   11.560000      -0.485723      -0.244030       0.391062       0.420837         -0.000005
   11.570000      -0.488061      -0.223615       0.395835       0.420837         -0.000005
   11.580000      -0.490195      -0.203035       0.400225       0.420837         -0.000005
   11.590000      -0.492121      -0.182305       0.404219       0.420837         -0.000005
   11.600000      -0.493840      -0.161440       0.407806       0.420837         -0.000005
   11.610000      -0.495350      -0.140454       0.410973       0.420837         -0.000005
   11.620000      -0.496649      -0.119363       0.413713       0.420837         -0.000005
   11.630000      -0.497737      -0.098183       0.416017       0.420837         -0.000005
   11.640000      -0.498612      -0.076928       0.417878       0.420837         -0.000005
   11.650000      -0.499275      -0.055616       0.419290       0.420837         -0.000005
   11.660000      -0.499724      -0.034261       0.420250       0.420837         -0.000005
   11.670000      -0.499960      -0.012880       0.420754       0.420837         -0.000005
   11.680000      -0.499982       0.008510       0.420801       0.420837         -0.000005
   11.690000      -0.499790       0.029894       0.420390       0.420837         -0.000006
   11.700000      -0.499384       0.051255       0.419523       0.420837         -0.000006
   11.710000      -0.498765       0.072578       0.418203       0.420837         -0.000006
   11.720000      -0.497933       0.093846       0.416433       0.420837         -0.000006
   11.730000      -0.496888       0.115043       0.414220       0.420837         -0.000006
   11.740000      -0.495632       0.136153       0.411568       0.420837         -0.000006
   11.750000      -0.494166       0.157162       0.408487       0.420837         -0.000006
   11.760000      -0.492489       0.178053       0.404986       0.420837         -0.000006
   11.770000      -0.490605       0.198811       0.401074       0.420837         -0.000006
   11.780000      -0.488514       0.219423       0.396764       0.420837         -0.000006
   11.790000      -0.486217       0.239873       0.392067       0.420837         -0.000006
   11.800000      -0.483717       0.260147       0.386999       0.420837         -0.000006
   11.810000      -0.481015       0.280232       0.381572       0.420837         -0.000006
   11.820000      -0.478113       0.300114       0.375803       0.420837         -0.000006
   11.830000      -0.475013       0.319781       0.369707       0.420837         -0.000006
   11.840000      -0.471718       0.339220       0.363302       0.420837         -0.000006
   11.850000      -0.468229       0.358419       0.356605       0.420837         -0.000006
   11.860000      -0.464550       0.377367       0.349634       0.420837         -0.000006
   11.870000      -0.460683       0.396053       0.342408       0.420837         -0.000006
   11.880000      -0.456630       0.414466       0.334946       0.420837         -0.000006
   11.890000      -0.452395       0.432597       0.327267       0.420837         -0.000006
   11.900000      -0.447979       0.450437       0.319390       0.420837         -0.000006
   11.910000      -0.443387       0.467976       0.311336       0.420837         -0.000006
   11.920000      -0.438621       0.485206       0.303124       0.420837         -0.000006
   11.930000      -0.433684       0.502121       0.294774       0.420837         -0.000006
   11.940000      -0.428579       0.518712       0.286305       0.420837         -0.000006
   11.950000      -0.423311       0.534974       0.277738       0.420837         -0.000006
   11.960000      -0.417881       0.550900       0.269091       0.420837         -0.000006
   11.970000      -0.412294       0.566486       0.260384       0.420837         -0.000006
   11.980000      -0.406552       0.581725       0.251635       0.420837         -0.000006
   11.990000      -0.400660       0.596615       0.242862       0.420837         -0.000006
   12.000000      -0.394621       0.611151       0.234084       0.420837         -0.000006
   12.010000      -0.388439       0.625330       0.225318       0.420837         -0.000006
   12.020000      -0.382116       0.639150       0.216580       0.420837         -0.000006
   12.030000      -0.375657       0.652608       0.207888       0.420837         -0.000006
   12.040000      -0.369065       0.665703       0.199256       0.420837         -0.000006
   12.050000      -0.362344       0.678433       0.190701       0.420837         -0.000006
   12.060000      -0.355497       0.690798       0.182235       0.420837         -0.000006
   12.070000      -0.348529       0.702798       0.173874       0.420837         -0.000006
   12.080000      -0.341443       0.714433       0.165629       0.420837         -0.000006
   12.090000      -0.334242       0.725703       0.157514       0.420837         -0.000006
   12.100000      -0.326930       0.736609       0.149540       0.420837         -0.000006
   12.110000      -0.319511       0.747153       0.141718       0.420837         -0.000006
   12.120000      -0.311988       0.757337       0.134057       0.420837         -0.000006
   12.130000      -0.304365       0.767162       0.126568       0.420837         -0.000006
   12.140000      -0.296646       0.776631       0.119259       0.420837         -0.000007
   12.150000      -0.288834       0.785746       0.112138       0.420837         -0.000007
   12.160000      -0.280932       0.794512       0.105212       0.420837         -0.000007
   12.170000      -0.272945       0.802931       0.098488       0.420837         -0.000007
   12.180000      -0.264875       0.811006       0.091971       0.420837         -0.000007
   12.190000      -0.256726       0.818741       0.085668       0.420837         -0.000007
   12.200000      -0.248501       0.826142       0.079582       0.420837         -0.000007
   12.210000      -0.240204       0.833210       0.073717       0.420837         -0.000007
   12.220000      -0.231838       0.839952       0.068077       0.420837         -0.000007
   12.230000      -0.223406       0.846372       0.062664       0.420837         -0.000007
   12.240000      -0.214912       0.852473       0.057481       0.420837         -0.000007
   12.250000      -0.206358       0.858262       0.052529       0.420837         -0.000007
   12.260000      -0.197747       0.863744       0.047810       0.420837         -0.000007
   12.270000      -0.189084       0.868923       0.043323       0.420837         -0.000007
   12.280000      -0.180370       0.873804       0.039070       0.420837         -0.000007
   12.290000      -0.171609       0.878394       0.035049       0.420837         -0.000007
   12.300000      -0.162803       0.882697       0.031260       0.420837         -0.000007
   12.310000      -0.153956       0.886718       0.027702       0.420836         -0.000007
   12.320000      -0.145069       0.890464       0.024373       0.420836         -0.000007
   12.330000      -0.136147       0.893940       0.021272       0.420836         -0.000007
   12.340000      -0.127192       0.897151       0.018397       0.420836         -0.000007
   12.350000      -0.118205       0.900103       0.015744       0.420836         -0.000007
   12.360000      -0.109190       0.902801       0.013311       0.420836         -0.000007
   12.370000      -0.100150       0.905252       0.011096       0.420836         -0.000007
   12.380000      -0.091086       0.907461       0.009094       0.420836         -0.000007
   12.390000      -0.082001       0.909432       0.007303       0.420836         -0.000007
   12.400000      -0.072898       0.911173       0.005719       0.420836         -0.000007
   12.410000      -0.063779       0.912688       0.004337       0.420836         -0.000007
   12.420000      -0.054645       0.913982       0.003155       0.420836         -0.000007
   12.430000      -0.045500       0.915062       0.002167       0.420836         -0.000007
   12.440000      -0.036345       0.915933       0.001370       0.420836         -0.000007
   12.450000      -0.027182       0.916599       0.000759       0.420836         -0.000007
   12.460000      -0.018013       0.917067       0.000330       0.420836         -0.000007
   12.470000      -0.008841       0.917341       0.000079       0.420836         -0.000007
   12.480000       0.000333       0.917427       0.000000       0.420836         -0.000007
   12.490000       0.009507       0.917330       0.000090       0.420836         -0.000007
   12.500000       0.018679       0.917054       0.000342       0.420836         -0.000007
   12.510000       0.027847       0.916605       0.000754       0.420836         -0.000007
   12.520000       0.037010       0.915987       0.001320       0.420836         -0.000007
   12.530000       0.046167       0.915206       0.002036       0.420836         -0.000007
   12.540000       0.055314       0.914266       0.002896       0.420836         -0.000007
   12.550000       0.064451       0.913171       0.003896       0.420836         -0.000007
   12.560000       0.073577       0.911926       0.005032       0.420836         -0.000007
   12.570000       0.082689       0.910536       0.006298       0.420836         -0.000007
   12.580000       0.091787       0.909005       0.007691       0.420836         -0.000007
   12.590000       0.100869       0.907337       0.009206       0.420836         -0.000007
   12.600000       0.109933       0.905537       0.010838       0.420836         -0.000007
   12.610000       0.118979       0.903608       0.012583       0.420836         -0.000007
   12.620000       0.128005       0.901554       0.014436       0.420836         -0.000007
   12.630000       0.137010       0.899380       0.016394       0.420836         -0.000007
   12.640000       0.145992       0.897090       0.018451       0.420836         -0.000007
   12.650000       0.154951       0.894686       0.020605       0.420836         -0.000007
   12.660000       0.163886       0.892174       0.022850       0.420836         -0.000007
   12.670000       0.172795       0.889555       0.025182       0.420836         -0.000007
   12.680000       0.181677       0.886834       0.027599       0.420836         -0.000007
   12.690000       0.190531       0.884015       0.030095       0.420836         -0.000007
   12.700000       0.199357       0.881100       0.032668       0.420836         -0.000007
   12.710000       0.208153       0.878093       0.035313       0.420836         -0.000007
   12.720000       0.216918       0.874997       0.038027       0.420836         -0.000007
   12.730000       0.225652       0.871815       0.040806       0.420836         -0.000007
   12.740000       0.234354       0.868550       0.043647       0.420836         -0.000007
   12.750000       0.243023       0.865205       0.046547       0.420836         -0.000007
   12.760000       0.251658       0.861783       0.049502       0.420836         -0.000007
   12.770000       0.260258       0.858286       0.052509       0.420836         -0.000007
   12.780000       0.268823       0.854718       0.055565       0.420836         -0.000007
   12.790000       0.277353       0.851081       0.058667       0.420836         -0.000007
   12.800000       0.285845       0.847377       0.061812       0.420836         -0.000007
   12.810000       0.294300       0.843610       0.064998       0.420836         -0.000007
   12.820000       0.302717       0.839780       0.068221       0.420836         -0.000007
   12.830000       0.311095       0.835891       0.071479       0.420836         -0.000007
   12.840000       0.319434       0.831946       0.074770       0.420836         -0.000007
   12.850000       0.327734       0.827945       0.078090       0.420836         -0.000007
   12.860000       0.335993       0.823892       0.081437       0.420836         -0.000007
   12.870000       0.344212       0.819789       0.084810       0.420836         -0.000007
   12.880000       0.352389       0.815636       0.088205       0.420836         -0.000007
   12.890000       0.360524       0.811438       0.091621       0.420836         -0.000007
   12.900000       0.368617       0.807194       0.095055       0.420836         -0.000007
   12.910000       0.376668       0.802908       0.098506       0.420836         -0.000007
   12.920000       0.384675       0.798581       0.101971       0.420836         -0.000007
   12.930000       0.392639       0.794214       0.105448       0.420836         -0.000007
   12.940000       0.400560       0.789810       0.108936       0.420836         -0.000007
   12.950000       0.408436       0.785370       0.112433       0.420836         -0.000007
   12.960000       0.416267       0.780896       0.115937       0.420836         -0.000007
   12.970000       0.424053       0.776388       0.119447       0.420836         -0.000007
   12.980000       0.431795       0.771850       0.122960       0.420836         -0.000007
   12.990000       0.439490       0.767281       0.126476       0.420836         -0.000007
   13.000000       0.447140       0.762684       0.129993       0.420836         -0.000007
   13.010000       0.454744       0.758059       0.133509       0.420836         -0.000007
   13.020000       0.462301       0.753409       0.137024       0.420836         -0.000007
   13.030000       0.469812       0.748734       0.140535       0.420836         -0.000007
   13.040000       0.477276       0.744036       0.144042       0.420836         -0.000007
   13.050000       0.484693       0.739315       0.147543       0.420836         -0.000007
   13.060000       0.492062       0.734573       0.151038       0.420836         -0.000007
   13.070000       0.499384       0.729811       0.154524       0.420836         -0.000007
   13.080000       0.506658       0.725031       0.158002       0.420836         -0.000007
   13.090000       0.513885       0.720232       0.161469       0.420836         -0.000007
   13.100000       0.521063       0.715416       0.164926       0.420836         -0.000007
   13.110000       0.528193       0.710585       0.168371       0.420836         -0.000007
   13.120000       0.535274       0.705738       0.171803       0.420836         -0.000007
   13.130000       0.542307       0.700878       0.175222       0.420836         -0.000007
   13.140000       0.549292       0.696004       0.178626       0.420836         -0.000007
   13.150000       0.556228       0.691117       0.182015       0.420836         -0.000007
   13.160000       0.563114       0.686219       0.185388       0.420836         -0.000007
   13.170000       0.569952       0.681310       0.188744       0.420836         -0.000007
   13.180000       0.576740       0.676391       0.192084       0.420836         -0.000007
   13.190000       0.583480       0.671463       0.195405       0.420836         -0.000007
   13.200000       0.590170       0.666526       0.198708       0.420836         -0.000007
   13.210000       0.596810       0.661581       0.201992       0.420836         -0.000007
   13.220000       0.603401       0.656628       0.205256       0.420836         -0.000007
   13.230000       0.609943       0.651669       0.208500       0.420836         -0.000007
   13.240000       0.616435       0.646704       0.211723       0.420836         -0.000007
   13.250000       0.622877       0.641733       0.214926       0.420836         -0.000007
   13.260000       0.629269       0.636757       0.218107       0.420836         -0.000007
   13.270000       0.635612       0.631777       0.221266       0.420836         -0.000007
   13.280000       0.641905       0.626792       0.224402       0.420836         -0.000007
   13.290000       0.648148       0.621805       0.227516       0.420836         -0.000007
   13.300000       0.654341       0.616814       0.230607       0.420836         -0.000007
   13.310000       0.660484       0.611820       0.233674       0.420836         -0.000007
   13.320000       0.666577       0.606825       0.236718       0.420836         -0.000007
   13.330000       0.672620       0.601828       0.239738       0.420836         -0.000007
   13.340000       0.678614       0.596829       0.242734       0.420836         -0.000007
   13.350000       0.684557       0.591830       0.245705       0.420836         -0.000007
   13.360000       0.690450       0.586830       0.248652       0.420836         -0.000007
   13.370000       0.696294       0.581830       0.251573       0.420836         -0.000007
   13.380000       0.702087       0.576830       0.254470       0.420836         -0.000007
   13.390000       0.707830       0.571831       0.257341       0.420836         -0.000007
   13.400000       0.713524       0.566833       0.260187       0.420836         -0.000007
   13.410000       0.719167       0.561835       0.263007       0.420836         -0.000007
   13.420000       0.724760       0.556839       0.265801       0.420836         -0.000007
   13.430000       0.730304       0.551845       0.268570       0.420836         -0.000007
   13.440000       0.735797       0.546853       0.271312       0.420836         -0.000007
   13.450000       0.741241       0.541863       0.274029       0.420836         -0.000007
   13.460000       0.746634       0.536875       0.276719       0.420836         -0.000007
   13.470000       0.751978       0.531890       0.279383       0.420836         -0.000007
   13.480000       0.757272       0.526908       0.282021       0.420836         -0.000007
   13.490000       0.762516       0.521928       0.284632       0.420836         -0.000007
   13.500000       0.767711       0.516952       0.287216       0.420836         -0.000007
   13.510000       0.772856       0.511980       0.289775       0.420836         -0.000007
   13.520000       0.777950       0.507011       0.292306       0.420836         -0.000007
   13.530000       0.782996       0.502046       0.294811       0.420836         -0.000007
   13.540000       0.787991       0.497085       0.297290       0.420836         -0.000007
   13.550000       0.792937       0.492128       0.299741       0.420836         -0.000007
   13.560000       0.797834       0.487175       0.302166       0.420836         -0.000007
   13.570000       0.802681       0.482227       0.304565       0.420836         -0.000007
   13.580000       0.807479       0.477283       0.306937       0.420836         -0.000007
   13.590000       0.812227       0.472344       0.309282       0.420836         -0.000007
   13.600000       0.816925       0.467409       0.311601       0.420836         -0.000007
   13.610000       0.821575       0.462479       0.313893       0.420836         -0.000007
   13.620000       0.826175       0.457554       0.316158       0.420836         -0.000007
   13.630000       0.830726       0.452634       0.318397       0.420836         -0.000007
   13.640000       0.835228       0.447720       0.320610       0.420836         -0.000007
   13.650000       0.839680       0.442810       0.322796       0.420836         -0.000007
   13.660000       0.844084       0.437905       0.324956       0.420836         -0.000007
   13.670000       0.848439       0.433006       0.327089       0.420836         -0.000007
   13.680000       0.852744       0.428112       0.329196       0.420836         -0.000007
   13.690000       0.857001       0.423224       0.331277       0.420836         -0.000007
   13.700000       0.861209       0.418341       0.333332       0.420836         -0.000007
   13.710000       0.865368       0.413463       0.335361       0.420836         -0.000007
   13.720000       0.869478       0.408591       0.337363       0.420836         -0.000007
   13.730000       0.873539       0.403725       0.339340       0.420836         -0.000007
   13.740000       0.877552       0.398864       0.341290       0.420836         -0.000007
   13.750000       0.881517       0.394008       0.343215       0.420836         -0.000007
   13.760000       0.885433       0.389158       0.345114       0.420836         -0.000007
   13.770000       0.889300       0.384314       0.346988       0.420836         -0.000007
   13.780000       0.893119       0.379476       0.348836       0.420836         -0.000007
   13.790000       0.896889       0.374643       0.350658       0.420836         -0.000007
   13.800000       0.900612       0.369815       0.352455       0.420836         -0.000007
   13.810000       0.904286       0.364994       0.354226       0.420836         -0.000007
   13.820000       0.907912       0.360178       0.355972       0.420836         -0.000007
   13.830000       0.911489       0.355367       0.357694       0.420836         -0.000007
   13.840000       0.915019       0.350562       0.359389       0.420836         -0.000007
   13.850000       0.918501       0.345763       0.361060       0.420836         -0.000007
   13.860000       0.921934       0.340969       0.362706       0.420836         -0.000007
   13.870000       0.925320       0.336181       0.364327       0.420836         -0.000007
   13.880000       0.928658       0.331399       0.365924       0.420836         -0.000007
   13.890000       0.931948       0.326622       0.367496       0.420836         -0.000007
   13.900000       0.935190       0.321850       0.369043       0.420836         -0.000007
   13.910000       0.938385       0.317084       0.370565       0.420836         -0.000007
   13.920000       0.941532       0.312323       0.372064       0.420836         -0.000007
   13.930000       0.944632       0.307567       0.373538       0.420836         -0.000007
   13.940000       0.947683       0.302817       0.374987       0.420836         -0.000007
   13.950000       0.950688       0.298072       0.376413       0.420836         -0.000007
   13.960000       0.953645       0.293333       0.377814       0.420836         -0.000007
   13.970000       0.956555       0.288598       0.379192       0.420836         -0.000007
   13.980000       0.959417       0.283869       0.380546       0.420836         -0.000007
   13.990000       0.962232       0.279145       0.381876       0.420836         -0.000007
   14.000000       0.965000       0.274426       0.383182       0.420836         -0.000007
   14.010000       0.967720       0.269711       0.384464       0.420836         -0.000007
   14.020000       0.970394       0.265002       0.385723       0.420836         -0.000007
   14.030000       0.973021       0.260298       0.386959       0.420836         -0.000007
   14.040000       0.975600       0.255598       0.388171       0.420836         -0.000007
   14.050000       0.978133       0.250903       0.389360       0.420836         -0.000007
   14.060000       0.980618       0.246213       0.390526       0.420836         -0.000007
   14.070000       0.983057       0.241527       0.391669       0.420836         -0.000007
   14.080000       0.985449       0.236846       0.392788       0.420836         -0.000007
   14.090000       0.987794       0.232170       0.393885       0.420836         -0.000007
   14.100000       0.990092       0.227498       0.394959       0.420836         -0.000007
   14.110000       0.992344       0.222830       0.396010       0.420836         -0.000007
   14.120000       0.994549       0.218166       0.397038       0.420836         -0.000007
   14.130000       0.996707       0.213507       0.398044       0.420836         -0.000007
   14.140000       0.998819       0.208852       0.399027       0.420836         -0.000007
   14.150000       1.000884       0.204200       0.399988       0.420836         -0.000007
   14.160000       1.002903       0.199553       0.400926       0.420836         -0.000007
   14.170000       1.004875       0.194910       0.401841       0.420836         -0.000007
   14.180000       1.006801       0.190271       0.402735       0.420836         -0.000007
   14.190000       1.008681       0.185635       0.403606       0.420836         -0.000007
   14.200000       1.010514       0.181003       0.404455       0.420836         -0.000007
   14.210000       1.012301       0.176374       0.405282       0.420836         -0.000007
   14.220000       1.014041       0.171749       0.406088       0.420836         -0.000007
   14.230000       1.015736       0.167128       0.406871       0.420836         -0.000007
   14.240000       1.017384       0.162510       0.407632       0.420836         -0.000007
   14.250000       1.018986       0.157895       0.408371       0.420836         -0.000007
   14.260000       1.020542       0.153283       0.409089       0.420836         -0.000007
   14.270000       1.022052       0.148674       0.409784       0.420836         -0.000007
   14.280000       1.023515       0.144068       0.410459       0.420836         -0.000007
   14.290000       1.024933       0.139466       0.411111       0.420836         -0.000007
   14.300000       1.026305       0.134866       0.411742       0.420836         -0.000007
   14.310000       1.027630       0.130268       0.412351       0.420836         -0.000007
   14.320000       1.028910       0.125674       0.412939       0.420836         -0.000007
   14.330000       1.030144       0.121082       0.413506       0.420836         -0.000007
   14.340000       1.031332       0.116492       0.414051       0.420836         -0.000007
   14.350000       1.032474       0.111905       0.414575       0.420836         -0.000007
   14.360000       1.033570       0.107320       0.415078       0.420836         -0.000007
   14.370000       1.034620       0.102738       0.415559       0.420836         -0.000007
   14.380000       1.035624       0.098157       0.416019       0.420836         -0.000007
   14.390000       1.036583       0.093578       0.416458       0.420836         -0.000007
   14.400000       1.037496       0.089002       0.416876       0.420836         -0.000007
   14.410000       1.038363       0.084427       0.417272       0.420836         -0.000007
   14.420000       1.039185       0.079854       0.417648       0.420836         -0.000007
   14.430000       1.039960       0.075283       0.418003       0.420836         -0.000007
   14.440000       1.040690       0.070713       0.418336       0.420836         -0.000007
   14.450000       1.041375       0.066145       0.418649       0.420836         -0.000007
   14.460000       1.042013       0.061578       0.418941       0.420836         -0.000007
   14.470000       1.042606       0.057012       0.419211       0.420836         -0.000007
   14.480000       1.043153       0.052447       0.419461       0.420836         -0.000007
   14.490000       1.043655       0.047884       0.419690       0.420836         -0.000007
   14.500000       1.044111       0.043322       0.419898       0.420836         -0.000007
   14.510000       1.044521       0.038760       0.420085       0.420836         -0.000007
   14.520000       1.044886       0.034199       0.420252       0.420836         -0.000007
   14.530000       1.045205       0.029639       0.420397       0.420836         -0.000007
   14.540000       1.045479       0.025080       0.420522       0.420836         -0.000007
   14.550000       1.045707       0.020521       0.420626       0.420836         -0.000007
   14.560000       1.045889       0.015963       0.420709       0.420836         -0.000007
   14.570000       1.046026       0.011405       0.420771       0.420836         -0.000007
   14.580000       1.046118       0.006847       0.420813       0.420836         -0.000007
   14.590000       1.046163       0.002289       0.420834       0.420836         -0.000007
   14.600000       1.046163      -0.002269       0.420834       0.420836         -0.000007
   14.610000       1.046118      -0.006826       0.420813       0.420836         -0.000007
   14.620000       1.046027      -0.011384       0.420772       0.420836         -0.000007
   14.630000       1.045890      -0.015942       0.420709       0.420836         -0.000007
   14.640000       1.045708      -0.020501       0.420626       0.420836         -0.000007
   14.650000       1.045480      -0.025059       0.420522       0.420836         -0.000007
   14.660000       1.045207      -0.029619       0.420398       0.420836         -0.000007
   14.670000       1.044888      -0.034179       0.420252       0.420836         -0.000007
   14.680000       1.044523      -0.038740       0.420086       0.420836         -0.000007
   14.690000       1.044113      -0.043301       0.419899       0.420836         -0.000007
   14.700000       1.043657      -0.047863       0.419691       0.420836         -0.000007
   14.710000       1.043156      -0.052427       0.419462       0.420836         -0.000007
   14.720000       1.042609      -0.056991       0.419212       0.420836         -0.000007
   14.730000       1.042016      -0.061557       0.418942       0.420836         -0.000007
   14.740000       1.041378      -0.066124       0.418650       0.420836         -0.000007
   14.750000       1.040693      -0.070692       0.418338       0.420836         -0.000007
   14.760000       1.039964      -0.075262       0.418004       0.420836         -0.000007
   14.770000       1.039188      -0.079833       0.417650       0.420836         -0.000007
   14.780000       1.038367      -0.084406       0.417274       0.420836         -0.000007
   14.790000       1.037500      -0.088981       0.416878       0.420836         -0.000007
   14.800000       1.036587      -0.093558       0.416460       0.420836         -0.000007
   14.810000       1.035629      -0.098136       0.416021       0.420836         -0.000007
   14.820000       1.034625      -0.102717       0.415561       0.420836         -0.000007
   14.830000       1.033575      -0.107300       0.415080       0.420836         -0.000007
   14.840000       1.032479      -0.111884       0.414577       0.420836         -0.000007
   14.850000       1.031337      -0.116472       0.414054       0.420836         -0.000007
   14.860000       1.030149      -0.121061       0.413509       0.420836         -0.000007
   14.870000       1.028916      -0.125653       0.412942       0.420836         -0.000007
   14.880000       1.027636      -0.130248       0.412354       0.420836         -0.000007
   14.890000       1.026311      -0.134845       0.411745       0.420836         -0.000007
   14.900000       1.024939      -0.139445       0.411114       0.420836         -0.000007
   14.910000       1.023522      -0.144048       0.410462       0.420836         -0.000007
   14.920000       1.022058      -0.148653       0.409788       0.420836         -0.000007
   14.930000       1.020549      -0.153262       0.409092       0.420836         -0.000007
   14.940000       1.018993      -0.157874       0.408374       0.420836         -0.000007
   14.950000       1.017391      -0.162489       0.407635       0.420836         -0.000007
   14.960000       1.015743      -0.167107       0.406874       0.420836         -0.000007
   14.970000       1.014049      -0.171728       0.406091       0.420836         -0.000007
   14.980000       1.012309      -0.176353       0.405286       0.420836         -0.000007
   14.990000       1.010522      -0.180982       0.404459       0.420836         -0.000007
   15.000000       1.008689      -0.185614       0.403610       0.420836         -0.000007
   15.010000       1.006810      -0.190250       0.402739       0.420836         -0.000007
   15.020000       1.004884      -0.194889       0.401846       0.420836         -0.000007
   15.030000       1.002912      -0.199532       0.400930       0.420836         -0.000007
   15.040000       1.000893      -0.204180       0.399992       0.420836         -0.000007
   15.050000       0.998828      -0.208831       0.399031       0.420836         -0.000007
   15.060000       0.996717      -0.213486       0.398048       0.420836         -0.000007
   15.070000       0.994559      -0.218145       0.397043       0.420836         -0.000007
   15.080000       0.992354      -0.222809       0.396015       0.420836         -0.000007
   15.090000       0.990102      -0.227477       0.394964       0.420836         -0.000007
   15.100000       0.987804      -0.232149       0.393890       0.420836         -0.000007
   15.110000       0.985459      -0.236825       0.392793       0.420836         -0.000007
   15.120000       0.983068      -0.241506       0.391674       0.420836         -0.000007
   15.130000       0.980629      -0.246192       0.390531       0.420836         -0.000007
   15.140000       0.978144      -0.250882       0.389366       0.420836         -0.000007
   15.150000       0.975612      -0.255577       0.388177       0.420836         -0.000007
   15.160000       0.973032      -0.260276       0.386965       0.420836         -0.000007
   15.170000       0.970406      -0.264981       0.385729       0.420836         -0.000007
   15.180000       0.967733      -0.269690       0.384470       0.420836         -0.000007
   15.190000       0.965012      -0.274404       0.383188       0.420836         -0.000007
   15.200000       0.962245      -0.279124       0.381881       0.420836         -0.000007
   15.210000       0.959430      -0.283848       0.380552       0.420836         -0.000007
   15.220000       0.956568      -0.288577       0.379198       0.420836         -0.000007
   15.230000       0.953658      -0.293311       0.377821       0.420836         -0.000007
   15.240000       0.950701      -0.298051       0.376419       0.420836         -0.000007
   15.250000       0.947697      -0.302796       0.374994       0.420836         -0.000007
   15.260000       0.944645      -0.307546       0.373544       0.420836         -0.000007
   15.270000       0.941546      -0.312301       0.372070       0.420836         -0.000007
   15.280000       0.938399      -0.317062       0.370572       0.420836         -0.000007
   15.290000       0.935205      -0.321828       0.369050       0.420836         -0.000007
   15.300000       0.931963      -0.326600       0.367503       0.420836         -0.000007
   15.310000       0.928673      -0.331377       0.365931       0.420836         -0.000007
   15.320000       0.925335      -0.336160       0.364335       0.420836         -0.000007
   15.330000       0.921950      -0.340948       0.362714       0.420836         -0.000007
   15.340000       0.918516      -0.345741       0.361068       0.420836         -0.000007
   15.350000       0.915035      -0.350541       0.359397       0.420836         -0.000007
   15.360000       0.911505      -0.355346       0.357701       0.420836         -0.000007
   15.370000       0.907928      -0.360156       0.355980       0.420836         -0.000007
   15.380000       0.904302      -0.364972       0.354234       0.420836         -0.000007
   15.390000       0.900628      -0.369794       0.352463       0.420836         -0.000007
   15.400000       0.896906      -0.374621       0.350666       0.420836         -0.000007
   15.410000       0.893136      -0.379454       0.348844       0.420836         -0.000007
   15.420000       0.889317      -0.384292       0.346996       0.420836         -0.000007
   15.430000       0.885450      -0.389136       0.345123       0.420836         -0.000007
   15.440000       0.881535      -0.393986       0.343224       0.420836         -0.000007
   15.450000       0.877570      -0.398842       0.341299       0.420836         -0.000007
   15.460000       0.873558      -0.403703       0.339349       0.420836         -0.000007
   15.470000       0.869496      -0.408569       0.337372       0.420836         -0.000007
   15.480000       0.865386      -0.413441       0.335370       0.420836         -0.000007
   15.490000       0.861227      -0.418319       0.333341       0.420836         -0.000007
   15.500000       0.857020      -0.423202       0.331287       0.420836         -0.000007
   15.510000       0.852763      -0.428090       0.329206       0.420836         -0.000007
   15.520000       0.848458      -0.432984       0.327099       0.420836         -0.000007
   15.530000       0.844104      -0.437883       0.324966       0.420836         -0.000007
   15.540000       0.839700      -0.442788       0.322806       0.420836         -0.000007
   15.550000       0.835248      -0.447697       0.320620       0.420836         -0.000007
   15.560000       0.830746      -0.452612       0.318407       0.420836         -0.000007
   15.570000       0.826196      -0.457532       0.316169       0.420836         -0.000007
   15.580000       0.821596      -0.462457       0.313903       0.420836         -0.000007
   15.590000       0.816947      -0.467387       0.311611       0.420836         -0.000007
   15.600000       0.812248      -0.472321       0.309293       0.420836         -0.000007
   15.610000       0.807500      -0.477261       0.306948       0.420836         -0.000007
   15.620000       0.802703      -0.482205       0.304576       0.420836         -0.000007
   15.630000       0.797856      -0.487153       0.302177       0.420836         -0.000007
   15.640000       0.792960      -0.492106       0.299752       0.420836         -0.000007
   15.650000       0.788014      -0.497063       0.297301       0.420836         -0.000007
   15.660000       0.783018      -0.502024       0.294822       0.420836         -0.000007
   15.670000       0.777973      -0.506989       0.292318       0.420836         -0.000007
   15.680000       0.772879      -0.511958       0.289786       0.420836         -0.000007
   15.690000       0.767734      -0.516930       0.287228       0.420836         -0.000007
   15.700000       0.762540      -0.521906       0.284644       0.420836         -0.000007
   15.710000       0.757296      -0.526885       0.282032       0.420836         -0.000007
   15.720000       0.752002      -0.531867       0.279395       0.420836         -0.000007
   15.730000       0.746659      -0.536852       0.276731       0.420836         -0.000007
   15.740000       0.741265      -0.541840       0.274041       0.420836         -0.000007
   15.750000       0.735822      -0.546830       0.271325       0.420836         -0.000007
   15.760000       0.730329      -0.551822       0.268582       0.420836         -0.000007
   15.770000       0.724785      -0.556817       0.265814       0.420836         -0.000007
   15.780000       0.719192      -0.561813       0.263020       0.420836         -0.000007
   15.790000       0.713549      -0.566810       0.260200       0.420836         -0.000007
   15.800000       0.707856      -0.571809       0.257354       0.420836         -0.000007
   15.810000       0.702113      -0.576808       0.254483       0.420836         -0.000007
   15.820000       0.696320      -0.581808       0.251586       0.420836         -0.000007
   15.830000       0.690477      -0.586808       0.248665       0.420836         -0.000007
   15.840000       0.684584      -0.591807       0.245718       0.420836         -0.000007
   15.850000       0.678641      -0.596807       0.242747       0.420836         -0.000007
   15.860000       0.672648      -0.601805       0.239752       0.420836         -0.000007
   15.870000       0.666605      -0.606802       0.236732       0.420836         -0.000007
   15.880000       0.660512      -0.611798       0.233688       0.420836         -0.000007
   15.890000       0.654369      -0.616791       0.230621       0.420836         -0.000007
   15.900000       0.648176      -0.621782       0.227530       0.420836         -0.000007
   15.910000       0.641933      -0.626770       0.224416       0.420836         -0.000007
   15.920000       0.635640      -0.631754       0.221280       0.420836         -0.000007
   15.930000       0.629298      -0.636735       0.218121       0.420836         -0.000007
   15.940000       0.622906      -0.641711       0.214940       0.420836         -0.000007
   15.950000       0.616464      -0.646682       0.211738       0.420836         -0.000007
   15.960000       0.609972      -0.651647       0.208515       0.420836         -0.000007
   15.970000       0.603431      -0.656606       0.205271       0.420836         -0.000007
   15.980000       0.596840      -0.661559       0.202007       0.420836         -0.000007
   15.990000       0.590200      -0.666504       0.198723       0.420836         -0.000007
   16.000000       0.583510      -0.671441       0.195420       0.420836         -0.000007
   16.010000       0.576771      -0.676369       0.192099       0.420836         -0.000007
   16.020000       0.569983      -0.681288       0.188760       0.420836         -0.000007
   16.030000       0.563145      -0.686197       0.185403       0.420836         -0.000007
   16.040000       0.556259      -0.691095       0.182030       0.420836         -0.000007
   16.050000       0.549323      -0.695982       0.178641       0.420836         -0.000007
   16.060000       0.542339      -0.700856       0.175237       0.420836         -0.000007
   16.070000       0.535306      -0.705716       0.171819       0.420836         -0.000007
   16.080000       0.528225      -0.710563       0.168386       0.420836         -0.000007
   16.090000       0.521095      -0.715395       0.164942       0.420836         -0.000007
   16.100000       0.513917      -0.720210       0.161485       0.420836         -0.000007
   16.110000       0.506691      -0.725009       0.158017       0.420836         -0.000007
   16.120000       0.499417      -0.729790       0.154540       0.420836         -0.000007
   16.130000       0.492095      -0.734552       0.151053       0.420836         -0.000007
   16.140000       0.484726      -0.739294       0.147559       0.420836         -0.000007
   16.150000       0.477309      -0.744014       0.144058       0.420836         -0.000007
   16.160000       0.469846      -0.748713       0.140551       0.420836         -0.000007
   16.170000       0.462335      -0.753388       0.137040       0.420836         -0.000007
   16.180000       0.454778      -0.758038       0.133525       0.420836         -0.000007
   16.190000       0.447174      -0.762663       0.130009       0.420836         -0.000007
   16.200000       0.439525      -0.767260       0.126492       0.420836         -0.000007
   16.210000       0.431829      -0.771829       0.122976       0.420836         -0.000007
   16.220000       0.424088      -0.776368       0.119463       0.420836         -0.000007
   16.230000       0.416302      -0.780875       0.115953       0.420836         -0.000007
   16.240000       0.408471      -0.785350       0.112449       0.420836         -0.000007
   16.250000       0.400595      -0.789790       0.108952       0.420836         -0.000007
   16.260000       0.392675      -0.794195       0.105464       0.420836         -0.000007
   16.270000       0.384711      -0.798561       0.101986       0.420836         -0.000007
   16.280000       0.376704      -0.802889       0.098521       0.420836         -0.000007
   16.290000       0.368654      -0.807175       0.095071       0.420836         -0.000007
   16.300000       0.360561      -0.811419       0.091636       0.420836         -0.000007
   16.310000       0.352426      -0.815618       0.088220       0.420836         -0.000007
   16.320000       0.344249      -0.819770       0.084825       0.420836         -0.000007
   16.330000       0.336030      -0.823874       0.081452       0.420836         -0.000007
   16.340000       0.327771      -0.827927       0.078105       0.420836         -0.000007
   16.350000       0.319472      -0.831928       0.074784       0.420836         -0.000007
   16.360000       0.311133      -0.835874       0.071494       0.420836         -0.000007
   16.370000       0.302755      -0.839763       0.068236       0.420836         -0.000007
   16.380000       0.294338      -0.843592       0.065012       0.420836         -0.000007
   16.390000       0.285883      -0.847360       0.061827       0.420836         -0.000007
   16.400000       0.277391      -0.851064       0.058681       0.420836         -0.000007
   16.410000       0.268862      -0.854702       0.055579       0.420836         -0.000007
   16.420000       0.260297      -0.858270       0.052522       0.420836         -0.000007
   16.430000       0.251697      -0.861767       0.049515       0.420836         -0.000007
   16.440000       0.243062      -0.865190       0.046560       0.420836         -0.000007
   16.450000       0.234393      -0.868535       0.043660       0.420836         -0.000007
   16.460000       0.225692      -0.871800       0.040818       0.420836         -0.000007
   16.470000       0.216958      -0.874983       0.038039       0.420836         -0.000007
   16.480000       0.208192      -0.878079       0.035325       0.420836         -0.000007
   16.490000       0.199396      -0.881087       0.032680       0.420836         -0.000007
   16.500000       0.190571      -0.884002       0.030107       0.420836         -0.000007
   16.510000       0.181717      -0.886822       0.027610       0.420836         -0.000007
   16.520000       0.172835      -0.889543       0.025193       0.420836         -0.000007
   16.530000       0.163926      -0.892162       0.022860       0.420836         -0.000007
   16.540000       0.154992      -0.894675       0.020615       0.420836         -0.000007
   16.550000       0.146033      -0.897079       0.018461       0.420836         -0.000007
   16.560000       0.137051      -0.899370       0.016403       0.420836         -0.000007
   16.570000       0.128046      -0.901545       0.014445       0.420836         -0.000007
   16.580000       0.119020      -0.903599       0.012591       0.420836         -0.000007
   16.590000       0.109974      -0.905528       0.010846       0.420836         -0.000007
   16.600000       0.100910      -0.907329       0.009213       0.420836         -0.000007
   16.610000       0.091828      -0.908998       0.007698       0.420836         -0.000007
   16.620000       0.082730      -0.910529       0.006304       0.420836         -0.000007
   16.630000       0.073618      -0.911920       0.005037       0.420836         -0.000007
   16.640000       0.064493      -0.913165       0.003901       0.420836         -0.000007
   16.650000       0.055355      -0.914261       0.002900       0.420836         -0.000007
   16.660000       0.046208      -0.915202       0.002039       0.420836         -0.000007
   16.670000       0.037052      -0.915984       0.001323       0.420836         -0.000007
   16.680000       0.027889      -0.916602       0.000756       0.420836         -0.000007
   16.690000       0.018720      -0.917052       0.000344       0.420836         -0.000007
   16.700000       0.009548      -0.917329       0.000090       0.420836         -0.000007
   16.710000       0.000374      -0.917427       0.000000       0.420836         -0.000007
   16.720000      -0.008800      -0.917342       0.000078       0.420836         -0.000007
   16.730000      -0.017972      -0.917069       0.000329       0.420836         -0.000007
   16.740000      -0.027140      -0.916602       0.000757       0.420836         -0.000007
   16.750000      -0.036303      -0.915936       0.001367       0.420836         -0.000007
   16.760000      -0.045459      -0.915067       0.002163       0.420836         -0.000007
   16.770000      -0.054604      -0.913988       0.003150       0.420836         -0.000007
   16.780000      -0.063738      -0.912694       0.004331       0.420836         -0.000007
   16.790000      -0.072857      -0.911180       0.005712       0.420836         -0.000007
   16.800000      -0.081960      -0.909441       0.007295       0.420836         -0.000007
   16.810000      -0.091045      -0.907470       0.009086       0.420836         -0.000007
   16.820000      -0.100109      -0.905262       0.011086       0.420836         -0.000007
   16.830000      -0.109150      -0.902813       0.013301       0.420836         -0.000007
   16.840000      -0.118164      -0.900115       0.015732       0.420836         -0.000007
   16.850000      -0.127151      -0.897165       0.018384       0.420836         -0.000007
   16.860000      -0.136107      -0.893955       0.021259       0.420836         -0.000007
   16.870000      -0.145029      -0.890480       0.024359       0.420836         -0.000007
   16.880000      -0.153916      -0.886736       0.027686       0.420836         -0.000007
   16.890000      -0.162763      -0.882715       0.031243       0.420836         -0.000007
   16.900000      -0.171569      -0.878414       0.035031       0.420836         -0.000007
   16.910000      -0.180330      -0.873825       0.039051       0.420836         -0.000007
   16.920000      -0.189044      -0.868945       0.043303       0.420836         -0.000007
   16.930000      -0.197708      -0.863768       0.047789       0.420836         -0.000007
   16.940000      -0.206319      -0.858288       0.052507       0.420836         -0.000007
   16.950000      -0.214873      -0.852500       0.057458       0.420836         -0.000007
   16.960000      -0.223368      -0.846400       0.062640       0.420836         -0.000007
   16.970000      -0.231800      -0.839982       0.068052       0.420836         -0.000007
   16.980000      -0.240166      -0.833241       0.073691       0.420836         -0.000007
   16.990000      -0.248464      -0.826174       0.079555       0.420836         -0.000007
   17.000000      -0.256689      -0.818775       0.085640       0.420836         -0.000007
   17.010000      -0.264838      -0.811041       0.091942       0.420836         -0.000007
   17.020000      -0.272908      -0.802968       0.098458       0.420836         -0.000007
   17.030000      -0.280896      -0.794551       0.105181       0.420836         -0.000007
   17.040000      -0.288798      -0.785787       0.112106       0.420836         -0.000007
   17.050000      -0.296611      -0.776672       0.119226       0.420836         -0.000007
   17.060000      -0.304330      -0.767205       0.126535       0.420836         -0.000007
   17.070000      -0.311954      -0.757381       0.134023       0.420836         -0.000007
   17.080000      -0.319477      -0.747200       0.141683       0.420836         -0.000007
   17.090000      -0.326897      -0.736657       0.149504       0.420836         -0.000007
   17.100000      -0.334209      -0.725753       0.157478       0.420836         -0.000007
   17.110000      -0.341410      -0.714484       0.165592       0.420836         -0.000007
   17.120000      -0.348497      -0.702851       0.173836       0.420836         -0.000007
   17.130000      -0.355466      -0.690853       0.182197       0.420836         -0.000007
   17.140000      -0.362313      -0.678490       0.190662       0.420836         -0.000007
   17.150000      -0.369035      -0.665761       0.199217       0.420836         -0.000007
   17.160000      -0.375627      -0.652668       0.207849       0.420836         -0.000007
   17.170000      -0.382087      -0.639211       0.216541       0.420836         -0.000007
   17.180000      -0.388410      -0.625393       0.225278       0.420836         -0.000007
   17.190000      -0.394594      -0.611216       0.234044       0.420836         -0.000007
   17.200000      -0.400633      -0.596681       0.242822       0.420836         -0.000007
   17.210000      -0.406526      -0.581793       0.251595       0.420836         -0.000007
   17.220000      -0.412268      -0.566555       0.260344       0.420836         -0.000007
   17.230000      -0.417856      -0.550971       0.269052       0.420836         -0.000007
   17.240000      -0.423286      -0.535047       0.277699       0.420836         -0.000007
   17.250000      -0.428556      -0.518786       0.286267       0.420836         -0.000007
   17.260000      -0.433661      -0.502196       0.294736       0.420836         -0.000007
   17.270000      -0.438599      -0.485283       0.303086       0.420836         -0.000007
   17.280000      -0.443365      -0.468054       0.311299       0.420836         -0.000007
   17.290000      -0.447959      -0.450516       0.319354       0.420836         -0.000007
   17.300000      -0.452375      -0.432678       0.327231       0.420836         -0.000008
   17.310000      -0.456611      -0.414548       0.334911       0.420836         -0.000008
   17.320000      -0.460665      -0.396136       0.342374       0.420836         -0.000008
   17.330000      -0.464533      -0.377452       0.349601       0.420836         -0.000008
   17.340000      -0.468213      -0.358505       0.356573       0.420836         -0.000008
   17.350000      -0.471702      -0.339307       0.363271       0.420836         -0.000008
   17.360000      -0.474998      -0.319869       0.369678       0.420836         -0.000008
   17.370000      -0.478099      -0.300203       0.375775       0.420836         -0.000008
   17.380000      -0.481002      -0.280322       0.381546       0.420836         -0.000008
   17.390000      -0.483705      -0.260238       0.386974       0.420836         -0.000008
   17.400000      -0.486206      -0.239965       0.392044       0.420836         -0.000008
   17.410000      -0.488503      -0.219516       0.396742       0.420836         -0.000008
   17.420000      -0.490596      -0.198905       0.401054       0.420836         -0.000008
   17.430000      -0.492481      -0.178147       0.404968       0.420836         -0.000008
   17.440000      -0.494158      -0.157256       0.408471       0.420836         -0.000008
   17.450000      -0.495626      -0.136248       0.411554       0.420836         -0.000008
   17.460000      -0.496883      -0.115138       0.414208       0.420836         -0.000008
   17.470000      -0.497928      -0.093942       0.416423       0.420836         -0.000008
   17.480000      -0.498761      -0.072674       0.418195       0.420836         -0.000008
   17.490000      -0.499381      -0.051352       0.419517       0.420836         -0.000008
   17.500000      -0.499788      -0.029991       0.420386       0.420836         -0.000008
   17.510000      -0.499981      -0.008607       0.420799       0.420836         -0.000008
   17.520000      -0.499960       0.012783       0.420754       0.420836         -0.000008
   17.530000      -0.499725       0.034164       0.420252       0.420836         -0.000008
   17.540000      -0.499277       0.055519       0.419295       0.420836         -0.000008
   17.550000      -0.498615       0.076832       0.417884       0.420836         -0.000008
   17.560000      -0.497741       0.098086       0.416025       0.420836         -0.000008
   17.570000      -0.496654       0.119267       0.413723       0.420836         -0.000008
   17.580000      -0.495355       0.140359       0.410985       0.420836         -0.000008
   17.590000      -0.493847       0.161345       0.407820       0.420836         -0.000008
   17.600000      -0.492129       0.182211       0.404235       0.420836         -0.000008
   17.610000      -0.490203       0.202941       0.400243       0.420836         -0.000008
   17.620000      -0.488071       0.223521       0.395855       0.420836         -0.000009
   17.630000      -0.485733       0.243937       0.391083       0.420836         -0.000009
   17.640000      -0.483192       0.264175       0.385942       0.420836         -0.000009
   17.650000      -0.480450       0.284220       0.380445       0.420836         -0.000009
   17.660000      -0.477509       0.304060       0.374609       0.420836         -0.000009
   17.670000      -0.474370       0.323683       0.368450       0.420836         -0.000009
   17.680000      -0.471036       0.343074       0.361986       0.420836         -0.000009
   17.690000      -0.467509       0.362224       0.355232       0.420836         -0.000009
   17.700000      -0.463792       0.381121       0.348209       0.420836         -0.000009
   17.710000      -0.459888       0.399753       0.340934       0.420836         -0.000009
   17.720000      -0.455798       0.418110       0.333427       0.420836         -0.000009
   17.730000      -0.451526       0.436184       0.325707       0.420836         -0.000009
   17.740000      -0.447075       0.453964       0.317794       0.420836         -0.000009
   17.750000      -0.442448       0.471442       0.309707       0.420836         -0.000009
   17.760000      -0.437648       0.488610       0.301466       0.420836         -0.000009
   17.770000      -0.432677       0.505461       0.293090       0.420836         -0.000009
   17.780000      -0.427539       0.521987       0.284600       0.420836         -0.000009
   17.790000      -0.422238       0.538182       0.276016       0.420836         -0.000009
   17.800000      -0.416777       0.554040       0.267355       0.420836         -0.000009
   17.810000      -0.411159       0.569557       0.258638       0.420835         -0.000009
   17.820000      -0.405387       0.584727       0.249883       0.420835         -0.000009
   17.830000      -0.399465       0.599546       0.241108       0.420835         -0.000009
   17.840000      -0.393397       0.614011       0.232331       0.420835         -0.000009
   17.850000      -0.387186       0.628119       0.223569       0.420835         -0.000009
   17.860000      -0.380836       0.641867       0.214839       0.420835         -0.000009
   17.870000      -0.374350       0.655252       0.206158       0.420835         -0.000009
   17.880000      -0.367732       0.668274       0.197540       0.420835         -0.000009
   17.890000      -0.360986       0.680932       0.189001       0.420835         -0.000009
   17.900000      -0.354115       0.693224       0.180556       0.420835         -0.000009
   17.910000      -0.347122       0.705151       0.172217       0.420835         -0.000009
   17.920000      -0.340013       0.716712       0.163997       0.420835         -0.000009
   17.930000      -0.332789       0.727909       0.155909       0.420835         -0.000009
   17.940000      -0.325456       0.738743       0.147965       0.420835         -0.000009
   17.950000      -0.318016       0.749215       0.140174       0.420835         -0.000009
   17.960000      -0.310473       0.759327       0.132547       0.420835         -0.000009
   17.970000      -0.302830       0.769081       0.125093       0.420835         -0.000009
   17.980000      -0.295092       0.778479       0.117821       0.420835         -0.000009
   17.990000      -0.287262       0.787524       0.110738       0.420835         -0.000009
   18.000000      -0.279343       0.796220       0.103852       0.420835         -0.000009
   18.010000      -0.271339       0.804570       0.097169       0.420835         -0.000009
   18.020000      -0.263253       0.812577       0.090695       0.420835         -0.000009
   18.030000      -0.255088       0.820245       0.084434       0.420835         -0.000009
   18.040000      -0.246849       0.827579       0.078392       0.420835         -0.000009
   18.050000      -0.238538       0.834582       0.072572       0.420835         -0.000009
   18.060000      -0.230158       0.841259       0.066977       0.420835         -0.000009
   18.070000      -0.221714       0.847614       0.061610       0.420835         -0.000009
   18.080000      -0.213207       0.853653       0.056473       0.420835         -0.000009
   18.090000      -0.204642       0.859381       0.051568       0.420835         -0.000009
   18.100000      -0.196021       0.864801       0.046895       0.420835         -0.000009
   18.110000      -0.187347       0.869920       0.042455       0.420835         -0.000009
   18.120000      -0.178623       0.874743       0.038248       0.420835         -0.000009
   18.130000      -0.169853       0.879275       0.034273       0.420835         -0.000009
   18.140000      -0.161039       0.883521       0.030531       0.420835         -0.000009
   18.150000      -0.152183       0.887487       0.027019       0.420835         -0.000009
   18.160000      -0.143290       0.891179       0.023736       0.420835         -0.000009
   18.170000      -0.134361       0.894601       0.020680       0.420835         -0.000009
   18.180000      -0.125399       0.897760       0.017849       0.420835         -0.000009
   18.190000      -0.116406       0.900661       0.015240       0.420835         -0.000009
   18.200000      -0.107386       0.903309       0.012851       0.420835         -0.000009
   18.210000      -0.098341       0.905711       0.010679       0.420835         -0.000009
   18.220000      -0.089273       0.907872       0.008720       0.420835         -0.000009
   18.230000      -0.080184       0.909797       0.006970       0.420835         -0.000009
   18.240000      -0.071078       0.911492       0.005426       0.420835         -0.000009
   18.250000      -0.061955       0.912962       0.004085       0.420835         -0.000009
   18.260000      -0.052819       0.914214       0.002942       0.420835         -0.000009
   18.270000      -0.043672       0.915252       0.001993       0.420835         -0.000009
   18.280000      -0.034515       0.916081       0.001233       0.420835         -0.000009
   18.290000      -0.025351       0.916707       0.000659       0.420835         -0.000009
   18.300000      -0.016181       0.917136       0.000266       0.420835         -0.000009
   18.310000      -0.007009       0.917372       0.000049       0.420835         -0.000009
   18.320000       0.002166       0.917421       0.000005       0.420835         -0.000009
   18.330000       0.011339       0.917288       0.000127       0.420835         -0.000009
   18.340000       0.020511       0.916977       0.000412       0.420835         -0.000009
   18.350000       0.029678       0.916494       0.000855       0.420835         -0.000009
   18.360000       0.038840       0.915843       0.001451       0.420835         -0.000009
   18.370000       0.047994       0.915029       0.002196       0.420835         -0.000009
   18.380000       0.057140       0.914058       0.003084       0.420835         -0.000009
   18.390000       0.066275       0.912933       0.004112       0.420835         -0.000009
   18.400000       0.075398       0.911659       0.005275       0.420835         -0.000009
   18.410000       0.084508       0.910240       0.006567       0.420835         -0.000009
   18.420000       0.093603       0.908681       0.007984       0.420835         -0.000009
   18.430000       0.102681       0.906987       0.009523       0.420835         -0.000009
   18.440000       0.111742       0.905160       0.011178       0.420835         -0.000009
   18.450000       0.120784       0.903206       0.012945       0.420835         -0.000009
   18.460000       0.129806       0.901128       0.014819       0.420835         -0.000009
   18.470000       0.138806       0.898931       0.016797       0.420835         -0.000009
   18.480000       0.147784       0.896617       0.018874       0.420835         -0.000009
   18.490000       0.156738       0.894192       0.021046       0.420835         -0.000009
   18.500000       0.165667       0.891658       0.023309       0.420835         -0.000009
   18.510000       0.174571       0.889018       0.025658       0.420835         -0.000009
   18.520000       0.183447       0.886278       0.028091       0.420835         -0.000009
   18.530000       0.192296       0.883439       0.030603       0.420835         -0.000009
   18.540000       0.201116       0.880505       0.033190       0.420835         -0.000009
   18.550000       0.209906       0.877480       0.035849       0.420835         -0.000009
   18.560000       0.218665       0.874367       0.038577       0.420835         -0.000009
   18.570000       0.227393       0.871168       0.041368       0.420835         -0.000009
   18.580000       0.236088       0.867887       0.044221       0.420835         -0.000009
   18.590000       0.244750       0.864526       0.047132       0.420835         -0.000009
   18.600000       0.253378       0.861089       0.050098       0.420835         -0.000009
   18.610000       0.261972       0.857578       0.053115       0.420835         -0.000009
   18.620000       0.270530       0.853996       0.056181       0.420835         -0.000009
   18.630000       0.279051       0.850345       0.059292       0.420835         -0.000009
   18.640000       0.287536       0.846628       0.062445       0.420835         -0.000009
   18.650000       0.295984       0.842848       0.065639       0.420835         -0.000009
   18.660000       0.304393       0.839007       0.068869       0.420835         -0.000009
   18.670000       0.312764       0.835107       0.072134       0.420835         -0.000009
   18.680000       0.321095       0.831150       0.075430       0.420835         -0.000009
   18.690000       0.329387       0.827139       0.078756       0.420835         -0.000009
   18.700000       0.337638       0.823075       0.082109       0.420835         -0.000009
   18.710000       0.345848       0.818962       0.085486       0.420835         -0.000009
   18.720000       0.354017       0.814800       0.088886       0.420835         -0.000010
   18.730000       0.362144       0.810592       0.092305       0.420835         -0.000010
   18.740000       0.370228       0.806340       0.095743       0.420835         -0.000010
   18.750000       0.378270       0.802046       0.099197       0.420835         -0.000010
   18.760000       0.386269       0.797711       0.102664       0.420835         -0.000010
   18.770000       0.394225       0.793336       0.106144       0.420835         -0.000010
   18.780000       0.402136       0.788925       0.109634       0.420835         -0.000010
   18.790000       0.410003       0.784478       0.113132       0.420835         -0.000010
   18.800000       0.417825       0.779997       0.116638       0.420835         -0.000010
   18.810000       0.425603       0.775483       0.120148       0.420835         -0.000010
   18.820000       0.433335       0.770938       0.123662       0.420835         -0.000010
   18.830000       0.441021       0.766364       0.127179       0.420835         -0.000010
   18.840000       0.448662       0.761761       0.130695       0.420835         -0.000010
   18.850000       0.456257       0.757131       0.134211       0.420835         -0.000010
   18.860000       0.463805       0.752476       0.137725       0.420835         -0.000010
   18.870000       0.471306       0.747796       0.141236       0.420835         -0.000010
   18.880000       0.478760       0.743093       0.144742       0.420835         -0.000010
   18.890000       0.486168       0.738368       0.148241       0.420835         -0.000010
   18.900000       0.493528       0.733622       0.151734       0.420835         -0.000010
   18.910000       0.500840       0.728857       0.155219       0.420835         -0.000010
   18.920000       0.508105       0.724072       0.158695       0.420835         -0.000010
   18.930000       0.515322       0.719270       0.162160       0.420835         -0.000010
   18.940000       0.522490       0.714451       0.165615       0.420835         -0.000010
   18.950000       0.529611       0.709617       0.169057       0.420835         -0.000010
   18.960000       0.536682       0.704767       0.172487       0.420835         -0.000010
   18.970000       0.543706       0.699904       0.175902       0.420835         -0.000010
   18.980000       0.550680       0.695027       0.179304       0.420835         -0.000010
   18.990000       0.557606       0.690139       0.182690       0.420835         -0.000010
   19.000000       0.564483       0.685238       0.186059       0.420835         -0.000010
   19.010000       0.571311       0.680327       0.189413       0.420835         -0.000010
   19.020000       0.578090       0.675407       0.192748       0.420835         -0.000010
   19.030000       0.584819       0.670476       0.196066       0.420835         -0.000010
   19.040000       0.591499       0.665538       0.199365       0.420835         -0.000010
   19.050000       0.598130       0.660591       0.202645       0.420835         -0.000010
   19.060000       0.604711       0.655637       0.205905       0.420835         -0.000010
   19.070000       0.611243       0.650677       0.209145       0.420835         -0.000010
   19.080000       0.617725       0.645710       0.212364       0.420835         -0.000010
   19.090000       0.624157       0.640738       0.215562       0.420835         -0.000010
   19.100000       0.630539       0.635761       0.218739       0.420835         -0.000010
   19.110000       0.636872       0.630780       0.221893       0.420835         -0.000010
   19.120000       0.643155       0.625795       0.225025       0.420835         -0.000010
   19.130000       0.649388       0.620807       0.228135       0.420835         -0.000010
   19.140000       0.655571       0.615815       0.231221       0.420835         -0.000010
   19.150000       0.661704       0.610822       0.234284       0.420835         -0.000010
   19.160000       0.667787       0.605826       0.237323       0.420835         -0.000010
   19.170000       0.673821       0.600828       0.240338       0.420835         -0.000010
   19.180000       0.679804       0.595830       0.243329       0.420835         -0.000010
   19.190000       0.685737       0.590830       0.246295       0.420835         -0.000010
   19.200000       0.691621       0.585830       0.249237       0.420835         -0.000010
   19.210000       0.697454       0.580830       0.252153       0.420835         -0.000010
   19.220000       0.703237       0.575831       0.255045       0.420835         -0.000010
   19.230000       0.708971       0.570831       0.257911       0.420835         -0.000010
   19.240000       0.714654       0.565833       0.260752       0.420835         -0.000010
   19.250000       0.720287       0.560836       0.263567       0.420835         -0.000010
   19.260000       0.725871       0.555840       0.266356       0.420835         -0.000010
   19.270000       0.731404       0.550847       0.269119       0.420835         -0.000010
   19.280000       0.736888       0.545855       0.271857       0.420835         -0.000010
   19.290000       0.742321       0.540865       0.274568       0.420835         -0.000010
   19.300000       0.747705       0.535878       0.277253       0.420835         -0.000010
   19.310000       0.753039       0.530893       0.279912       0.420835         -0.000010
   19.320000       0.758323       0.525912       0.282544       0.420835         -0.000010
   19.330000       0.763557       0.520933       0.285150       0.420835         -0.000010
   19.340000       0.768741       0.515958       0.287729       0.420835         -0.000010
   19.350000       0.773876       0.510986       0.290282       0.420835         -0.000010
   19.360000       0.778961       0.506018       0.292808       0.420835         -0.000010
   19.370000       0.783996       0.501054       0.295308       0.420835         -0.000010
   19.380000       0.788982       0.496094       0.297781       0.420835         -0.000010
   19.390000       0.793918       0.491137       0.300227       0.420835         -0.000010
   19.400000       0.798805       0.486185       0.302647       0.420835         -0.000010
   19.410000       0.803642       0.481238       0.305040       0.420835         -0.000010
   19.420000       0.808430       0.476295       0.307407       0.420835         -0.000010
   19.430000       0.813168       0.471357       0.309747       0.420835         -0.000010
   19.440000       0.817857       0.466423       0.312060       0.420835         -0.000010
   19.450000       0.822496       0.461494       0.314347       0.420835         -0.000010
   19.460000       0.827087       0.456570       0.316607       0.420835         -0.000010
   19.470000       0.831628       0.451651       0.318841       0.420835         -0.000010
   19.480000       0.836120       0.446737       0.321048       0.420835         -0.000010
   19.490000       0.840563       0.441829       0.323229       0.420835         -0.000010
   19.500000       0.844956       0.436925       0.325383       0.420835         -0.000010
   19.510000       0.849301       0.432027       0.327512       0.420835         -0.000010
   19.520000       0.853597       0.427134       0.329613       0.420835         -0.000010
   19.530000       0.857844       0.422247       0.331689       0.420835         -0.000010
   19.540000       0.862042       0.417365       0.333739       0.420835         -0.000010
   19.550000       0.866191       0.412488       0.335762       0.420835         -0.000010
   19.560000       0.870292       0.407617       0.337759       0.420835         -0.000010
   19.570000       0.874344       0.402752       0.339731       0.420835         -0.000010
   19.580000       0.878347       0.397892       0.341676       0.420835         -0.000010
   19.590000       0.882301       0.393038       0.343596       0.420835         -0.000010
   19.600000       0.886208       0.388189       0.345490       0.420835         -0.000010
   19.610000       0.890065       0.383346       0.347358       0.420835         -0.000010
   19.620000       0.893874       0.378509       0.349201       0.420835         -0.000010
   19.630000       0.897635       0.373677       0.351018       0.420835         -0.000010
   19.640000       0.901348       0.368851       0.352810       0.420835         -0.000010
   19.650000       0.905012       0.364030       0.354576       0.420835         -0.000010
   19.660000       0.908629       0.359215       0.356318       0.420835         -0.000010
   19.670000       0.912197       0.354406       0.358034       0.420835         -0.000010
   19.680000       0.915717       0.349602       0.359724       0.420835         -0.000010
   19.690000       0.919189       0.344804       0.361390       0.420835         -0.000010
   19.700000       0.922613       0.340011       0.363031       0.420835         -0.000010
   19.710000       0.925989       0.335224       0.364648       0.420835         -0.000010
   19.720000       0.929317       0.330443       0.366239       0.420835         -0.000010
   19.730000       0.932598       0.325667       0.367806       0.420835         -0.000010
   19.740000       0.935831       0.320896       0.369348       0.420835         -0.000010
   19.750000       0.939016       0.316131       0.370866       0.420835         -0.000010
   19.760000       0.942153       0.311371       0.372359       0.420835         -0.000010
   19.770000       0.945243       0.306617       0.373828       0.420835         -0.000010
   19.780000       0.948286       0.301868       0.375273       0.420835         -0.000010
   19.790000       0.951281       0.297124       0.376694       0.420835         -0.000010
   19.800000       0.954228       0.292385       0.378091       0.420835         -0.000010
   19.810000       0.957128       0.287652       0.379463       0.420835         -0.000010
   19.820000       0.959981       0.282924       0.380812       0.420835         -0.000010
   19.830000       0.962787       0.278201       0.382138       0.420835         -0.000010
   19.840000       0.965545       0.273482       0.383439       0.420835         -0.000010
   19.850000       0.968257       0.268769       0.384717       0.420835         -0.000010
   19.860000       0.970921       0.264061       0.385971       0.420835         -0.000010
   19.870000       0.973538       0.259357       0.387202       0.420835         -0.000010
   19.880000       0.976108       0.254659       0.388410       0.420835         -0.000010
   19.890000       0.978631       0.249965       0.389594       0.420835         -0.000010
   19.900000       0.981107       0.245275       0.390755       0.420835         -0.000010
   19.910000       0.983537       0.240591       0.391893       0.420835         -0.000010
   19.920000       0.985919       0.235911       0.393008       0.420835         -0.000010
   19.930000       0.988255       0.231235       0.394101       0.420835         -0.000010
   19.940000       0.990544       0.226564       0.395170       0.420835         -0.000010
   19.950000       0.992786       0.221897       0.396216       0.420835         -0.000010
   19.960000       0.994982       0.217234       0.397240       0.420835         -0.000010
   19.970000       0.997131       0.212575       0.398241       0.420835         -0.000010
   19.980000       0.999233       0.207921       0.399220       0.420835         -0.000010
   19.990000       1.001289       0.203271       0.400176       0.420835         -0.000010
   20.000000       1.003299       0.198624       0.401109       0.420835         -0.000010
   20.010000       1.005262       0.193982       0.402021       0.420835         -0.000010
   20.020000       1.007178       0.189343       0.402910       0.420835         -0.000010
   20.030000       1.009049       0.184708       0.403777       0.420835         -0.000010
   20.040000       1.010872       0.180077       0.404621       0.420835         -0.000010
   20.050000       1.012650       0.175449       0.405444       0.420835         -0.000010
   20.060000       1.014381       0.170825       0.406245       0.420835         -0.000010
   20.070000       1.016067       0.166204       0.407023       0.420835         -0.000010
   20.080000       1.017706       0.161586       0.407780       0.420835         -0.000010
   20.090000       1.019298       0.156972       0.408515       0.420835         -0.000010
   20.100000       1.020845       0.152361       0.409228       0.420835         -0.000010
   20.110000       1.022346       0.147753       0.409920       0.420835         -0.000010
   20.120000       1.023800       0.143147       0.410590       0.420835         -0.000010
   20.130000       1.025208       0.138545       0.411238       0.420835         -0.000010
   20.140000       1.026571       0.133946       0.411865       0.420835         -0.000010
   20.150000       1.027887       0.129349       0.412470       0.420835         -0.000010
   20.160000       1.029158       0.124755       0.413053       0.420835         -0.000010
   20.170000       1.030383       0.120163       0.413616       0.420835         -0.000010
   20.180000       1.031561       0.115574       0.414157       0.420835         -0.000010
   20.190000       1.032694       0.110988       0.414676       0.420835         -0.000010
   20.200000       1.033781       0.106403       0.415174       0.420835         -0.000010
   20.210000       1.034822       0.101821       0.415652       0.420835         -0.000010
   20.220000       1.035817       0.097241       0.416107       0.420835         -0.000010
   20.230000       1.036767       0.092663       0.416542       0.420835         -0.000010
   20.240000       1.037671       0.088087       0.416956       0.420835         -0.000010
   20.250000       1.038529       0.083512       0.417348       0.420835         -0.000010
   20.260000       1.039341       0.078939       0.417720       0.420835         -0.000010
   20.270000       1.040107       0.074368       0.418070       0.420835         -0.000010
   20.280000       1.040828       0.069799       0.418399       0.420835         -0.000010
   20.290000       1.041503       0.065231       0.418708       0.420835         -0.000010
   20.300000       1.042133       0.060664       0.418995       0.420835         -0.000010
   20.310000       1.042717       0.056099       0.419262       0.420835         -0.000010
   20.320000       1.043255       0.051534       0.419507       0.420835         -0.000010
   20.330000       1.043747       0.046971       0.419732       0.420835         -0.000010
   20.340000       1.044194       0.042409       0.419936       0.420835         -0.000010
   20.350000       1.044596       0.037848       0.420119       0.420835         -0.000010
   20.360000       1.044951       0.033287       0.420281       0.420835         -0.000010
   20.370000       1.045261       0.028727       0.420423       0.420835         -0.000010
   20.380000       1.045526       0.024168       0.420543       0.420835         -0.000010
   20.390000       1.045745       0.019609       0.420643       0.420835         -0.000010
   20.400000       1.045918       0.015051       0.420722       0.420835         -0.000010
   20.410000       1.046046       0.010493       0.420780       0.420835         -0.000010
   20.420000       1.046128       0.005935       0.420818       0.420835         -0.000010
   20.430000       1.046164       0.001377       0.420834       0.420835         -0.000010
   20.440000       1.046155      -0.003180       0.420830       0.420835         -0.000010
   20.450000       1.046101      -0.007738       0.420805       0.420835         -0.000010
   20.460000       1.046001      -0.012296       0.420760       0.420835         -0.000010
   20.470000       1.045855      -0.016854       0.420693       0.420835         -0.000010
   20.480000       1.045664      -0.021413       0.420606       0.420835         -0.000010
   20.490000       1.045427      -0.025972       0.420498       0.420835         -0.000010
   20.500000       1.045144      -0.030531       0.420369       0.420835         -0.000010
   20.510000       1.044816      -0.035091       0.420220       0.420835         -0.000010
   20.520000       1.044442      -0.039652       0.420049       0.420835         -0.000010
   20.530000       1.044023      -0.044214       0.419858       0.420835         -0.000010
   20.540000       1.043558      -0.048776       0.419646       0.420835         -0.000010
   20.550000       1.043047      -0.053340       0.419413       0.420835         -0.000010
   20.560000       1.042491      -0.057905       0.419159       0.420835         -0.000010
   20.570000       1.041889      -0.062471       0.418884       0.420835         -0.000010
   20.580000       1.041242      -0.067038       0.418588       0.420835         -0.000010
   20.590000       1.040549      -0.071607       0.418272       0.420835         -0.000010
   20.600000       1.039810      -0.076177       0.417934       0.420835         -0.000010
   20.610000       1.039025      -0.080748       0.417575       0.420835         -0.000010
   20.620000       1.038195      -0.085322       0.417195       0.420835         -0.000010
   20.630000       1.037319      -0.089897       0.416795       0.420835         -0.000010
   20.640000       1.036397      -0.094474       0.416373       0.420835         -0.000010
   20.650000       1.035429      -0.099053       0.415930       0.420835         -0.000010
   20.660000       1.034416      -0.103634       0.415465       0.420835         -0.000010
   20.670000       1.033356      -0.108217       0.414980       0.420835         -0.000010
   20.680000       1.032251      -0.112802       0.414473       0.420835         -0.000010
   20.690000       1.031100      -0.117390       0.413945       0.420835         -0.000010
   20.700000       1.029904      -0.121980       0.413396       0.420835         -0.000010
   20.710000       1.028661      -0.126572       0.412825       0.420835         -0.000010
   20.720000       1.027372      -0.131167       0.412233       0.420835         -0.000010
   20.730000       1.026037      -0.135765       0.411619       0.420835         -0.000010
   20.740000       1.024657      -0.140366       0.410984       0.420835         -0.000010
   20.750000       1.023230      -0.144969       0.410327       0.420835         -0.000010
   20.760000       1.021757      -0.149575       0.409649       0.420835         -0.000010
   20.770000       1.020239      -0.154185       0.408949       0.420835         -0.000010
   20.780000       1.018674      -0.158797       0.408227       0.420835         -0.000010
   20.790000       1.017063      -0.163413       0.407483       0.420835         -0.000010
   20.800000       1.015405      -0.168032       0.406718       0.420835         -0.000010
   20.810000       1.013702      -0.172654       0.405931       0.420835         -0.000010
   20.820000       1.011952      -0.177279       0.405121       0.420835         -0.000010
   20.830000       1.010156      -0.181909       0.404290       0.420835         -0.000010
   20.840000       1.008314      -0.186541       0.403436       0.420835         -0.000010
   20.850000       1.006426      -0.191178       0.402561       0.420835         -0.000010
   20.860000       1.004491      -0.195818       0.401663       0.420835         -0.000010
   20.870000       1.002509      -0.200462       0.400743       0.420835         -0.000010
   20.880000       1.000481      -0.205110       0.399800       0.420835         -0.000010
   20.890000       0.998407      -0.209762       0.398835       0.420835         -0.000010
   20.900000       0.996286      -0.214418       0.397848       0.420835         -0.000010
   20.910000       0.994119      -0.219078       0.396838       0.420835         -0.000010
   20.920000       0.991904      -0.223743       0.395805       0.420835         -0.000010
   20.930000       0.989644      -0.228411       0.394749       0.420835         -0.000010
   20.940000       0.987336      -0.233084       0.393671       0.420835         -0.000010
   20.950000       0.984982      -0.237762       0.392570       0.420835         -0.000010
   20.960000       0.982581      -0.242444       0.391446       0.420835         -0.000010
   20.970000       0.980133      -0.247130       0.390299       0.420835         -0.000010
   20.980000       0.977638      -0.251821       0.389128       0.420835         -0.000010
   20.990000       0.975097      -0.256517       0.387935       0.420835         -0.000010
   21.000000       0.972508      -0.261218       0.386718       0.420835         -0.000010
   21.010000       0.969872      -0.265923       0.385478       0.420835         -0.000010
   21.020000       0.967190      -0.270633       0.384214       0.420835         -0.000010
   21.030000       0.964460      -0.275348       0.382927       0.420835         -0.000010
   21.040000       0.961683      -0.280069       0.381616       0.420835         -0.000010
   21.050000       0.958858      -0.284794       0.380282       0.420835         -0.000010
   21.060000       0.955987      -0.289524       0.378923       0.420835         -0.000010
   21.070000       0.953068      -0.294260       0.377541       0.420835         -0.000010
   21.080000       0.950101      -0.299000       0.376135       0.420835         -0.000010
   21.090000       0.947088      -0.303746       0.374704       0.420835         -0.000010
   21.100000       0.944026      -0.308497       0.373250       0.420835         -0.000010
   21.110000       0.940918      -0.313254       0.371771       0.420835         -0.000010
   21.120000       0.937761      -0.318016       0.370268       0.420835         -0.000010
   21.130000       0.934557      -0.322783       0.368741       0.420835         -0.000010
   21.140000       0.931306      -0.327556       0.367189       0.420835         -0.000010
   21.150000       0.928006      -0.332334       0.365612       0.420835         -0.000010
   21.160000       0.924659      -0.337118       0.364011       0.420835         -0.000010
   21.170000       0.921264      -0.341907       0.362385       0.420835         -0.000010
   21.180000       0.917821      -0.346702       0.360734       0.420835         -0.000010
   21.190000       0.914330      -0.351502       0.359058       0.420835         -0.000010
   21.200000       0.910791      -0.356308       0.357358       0.420835         -0.000010
   21.210000       0.907204      -0.361119       0.355632       0.420835         -0.000010
   21.220000       0.903568      -0.365937       0.353880       0.420835         -0.000010
   21.230000       0.899885      -0.370759       0.352104       0.420835         -0.000010
   21.240000       0.896153      -0.375588       0.350302       0.420835         -0.000010
   21.250000       0.892373      -0.380422       0.348475       0.420835         -0.000010
   21.260000       0.888545      -0.385261       0.346622       0.420835         -0.000010
   21.270000       0.884668      -0.390107       0.344744       0.420835         -0.000010
   21.280000       0.880743      -0.394958       0.342840       0.420835         -0.000010
   21.290000       0.876769      -0.399814       0.340910       0.420835         -0.000010
   21.300000       0.872746      -0.404676       0.338954       0.420835         -0.000010
   21.310000       0.868675      -0.409544       0.336972       0.420835         -0.000010
   21.320000       0.864555      -0.414417       0.334965       0.420835         -0.000010
   21.330000       0.860387      -0.419296       0.332931       0.420835         -0.000010
   21.340000       0.856169      -0.424180       0.330871       0.420835         -0.000010
   21.350000       0.851903      -0.429069       0.328785       0.420835         -0.000010
   21.360000       0.847588      -0.433964       0.326673       0.420835         -0.000010
   21.370000       0.843224      -0.438865       0.324534       0.420835         -0.000010
   21.380000       0.838811      -0.443770       0.322369       0.420835         -0.000010
   21.390000       0.834348      -0.448681       0.320178       0.420835         -0.000010
   21.400000       0.829837      -0.453597       0.317960       0.420835         -0.000010
   21.410000       0.825277      -0.458518       0.315716       0.420835         -0.000010
   21.420000       0.820667      -0.463443       0.313445       0.420835         -0.000010
   21.430000       0.816008      -0.468374       0.311148       0.420835         -0.000010
   21.440000       0.811299      -0.473310       0.308824       0.420835         -0.000010
   21.450000       0.806541      -0.478250       0.306474       0.420835         -0.000010
   21.460000       0.801734      -0.483195       0.304097       0.420835         -0.000010
   21.470000       0.796878      -0.488144       0.301693       0.420835         -0.000010
   21.480000       0.791971      -0.493098       0.299263       0.420835         -0.000010
   21.490000       0.787016      -0.498056       0.296806       0.420835         -0.000010
   21.500000       0.782010      -0.503017       0.294322       0.420835         -0.000010
   21.510000       0.776955      -0.507983       0.291812       0.420835         -0.000010
   21.520000       0.771851      -0.512953       0.289275       0.420835         -0.000010
   21.530000       0.766696      -0.517926       0.286712       0.420835         -0.000010
   21.540000       0.761492      -0.522902       0.284122       0.420835         -0.000010
   21.550000       0.756238      -0.527882       0.281506       0.420835         -0.000010
   21.560000       0.750934      -0.532865       0.278863       0.420835         -0.000010
   21.570000       0.745581      -0.537851       0.276194       0.420835         -0.000010
   21.580000       0.740177      -0.542839       0.273498       0.420835         -0.000010
   21.590000       0.734724      -0.547829       0.270777       0.420835         -0.000010
   21.600000       0.729221      -0.552822       0.268029       0.420835         -0.000010
   21.610000       0.723668      -0.557817       0.265256       0.420835         -0.000010
   21.620000       0.718064      -0.562813       0.262456       0.420835         -0.000010
   21.630000       0.712411      -0.567811       0.259631       0.420835         -0.000010
   21.640000       0.706708      -0.572809       0.256780       0.420835         -0.000010
   21.650000       0.700955      -0.577809       0.253904       0.420835         -0.000010
   21.660000       0.695152      -0.582809       0.251002       0.420835         -0.000010
   21.670000       0.689299      -0.587808       0.248076       0.420835         -0.000010
   21.680000       0.683396      -0.592808       0.245124       0.420835         -0.000010
   21.690000       0.677443      -0.597807       0.242148       0.420835         -0.000010
   21.700000       0.671440      -0.602806       0.239148       0.420835         -0.000010
   21.710000       0.665387      -0.607802       0.236123       0.420835         -0.000010
   21.720000       0.659284      -0.612798       0.233075       0.420835         -0.000010
   21.730000       0.653131      -0.617790       0.230003       0.420835         -0.000010
   21.740000       0.646928      -0.622781       0.226907       0.420835         -0.000010
   21.750000       0.640675      -0.627768       0.223789       0.420835         -0.000010
   21.760000       0.634372      -0.632752       0.220648       0.420835         -0.000010
   21.770000       0.628020      -0.637731       0.217485       0.420835         -0.000010
   21.780000       0.621618      -0.642706       0.214300       0.420835         -0.000010
   21.790000       0.615166      -0.647676       0.211093       0.420835         -0.000010
   21.800000       0.608664      -0.652640       0.207866       0.420835         -0.000010
   21.810000       0.602113      -0.657598       0.204618       0.420835         -0.000010
   21.820000       0.595512      -0.662549       0.201350       0.420835         -0.000010
   21.830000       0.588862      -0.667493       0.198062       0.420835         -0.000010
   21.840000       0.582163      -0.672428       0.194756       0.420835         -0.000010
   21.850000       0.575414      -0.677355       0.191431       0.420835         -0.000010
   21.860000       0.568616      -0.682272       0.188088       0.420835         -0.000010
   21.870000       0.561768      -0.687178       0.184728       0.420835         -0.000010
   21.880000       0.554872      -0.692074       0.181352       0.420835         -0.000010
   21.890000       0.547927      -0.696958       0.177960       0.420835         -0.000010
   21.900000       0.540933      -0.701830       0.174553       0.420835         -0.000010
   21.910000       0.533890      -0.706688       0.171132       0.420835         -0.000010
   21.920000       0.526799      -0.711531       0.167697       0.420835         -0.000010
   21.930000       0.519660      -0.716360       0.164250       0.420835         -0.000010
   21.940000       0.512472      -0.721172       0.160791       0.420835         -0.000010
   21.950000       0.505236      -0.725967       0.157321       0.420835         -0.000010
   21.960000       0.497953      -0.730744       0.153842       0.420835         -0.000010
   21.970000       0.490622      -0.735502       0.150353       0.420835         -0.000010
   21.980000       0.483243      -0.740240       0.146858       0.420835         -0.000010
   21.990000       0.475817      -0.744957       0.143355       0.420835         -0.000010
   22.000000       0.468344      -0.749650       0.139847       0.420835         -0.000010
   22.010000       0.460824      -0.754321       0.136335       0.420835         -0.000010
   22.020000       0.453257      -0.758966       0.132821       0.420835         -0.000010
   22.030000       0.445645      -0.763585       0.129304       0.420835         -0.000010
   22.040000       0.437986      -0.768177       0.125787       0.420835         -0.000010
   22.050000       0.430281      -0.772740       0.122272       0.420835         -0.000010
   22.060000       0.422531      -0.777273       0.118759       0.420835         -0.000010
   22.070000       0.414736      -0.781774       0.115250       0.420835         -0.000010
   22.080000       0.406896      -0.786242       0.111747       0.420835         -0.000010
   22.090000       0.399011      -0.790675       0.108252       0.420835         -0.000010
   22.100000       0.391082      -0.795072       0.104766       0.420835         -0.000010
   22.110000       0.383110      -0.799431       0.101291       0.420835         -0.000010
   22.120000       0.375094      -0.803750       0.097828       0.420835         -0.000010
   22.130000       0.367035      -0.808028       0.094381       0.420835         -0.000010
   22.140000       0.358933      -0.812263       0.090950       0.420835         -0.000010
   22.150000       0.350790      -0.816452       0.087538       0.420835         -0.000010
   22.160000       0.342605      -0.820595       0.084147       0.420835         -0.000010
   22.170000       0.334378      -0.824689       0.080779       0.420835         -0.000010
   22.180000       0.326111      -0.828732       0.077437       0.420835         -0.000010
   22.190000       0.317804      -0.832722       0.074122       0.420835         -0.000010
   22.200000       0.309457      -0.836657       0.070838       0.420835         -0.000010
   22.210000       0.301071      -0.840534       0.067587       0.420835         -0.000010
   22.220000       0.292646      -0.844351       0.064371       0.420835         -0.000010
   22.230000       0.284184      -0.848107       0.061193       0.420835         -0.000010
   22.240000       0.275684      -0.851798       0.058056       0.420835         -0.000010
   22.250000       0.267148      -0.855422       0.054962       0.420835         -0.000010
   22.260000       0.258576      -0.858976       0.051916       0.420835         -0.000010
   22.270000       0.249969      -0.862458       0.048918       0.420835         -0.000010
   22.280000       0.241327      -0.865865       0.045974       0.420835         -0.000010
   22.290000       0.232652      -0.869195       0.043086       0.420835         -0.000010
   22.300000       0.223944      -0.872444       0.040256       0.420835         -0.000010
   22.310000       0.215203      -0.875609       0.037490       0.420835         -0.000010
   22.320000       0.206432      -0.878688       0.034789       0.420835         -0.000010
   22.330000       0.197630      -0.881677       0.032158       0.420835         -0.000010
   22.340000       0.188798      -0.884574       0.029600       0.420835         -0.000010
   22.350000       0.179939      -0.887374       0.027119       0.420835         -0.000010
   22.360000       0.171051      -0.890075       0.024719       0.420835         -0.000010
   22.370000       0.162137      -0.892673       0.022403       0.420835         -0.000010
   22.380000       0.153198      -0.895165       0.020175       0.420835         -0.000010
   22.390000       0.144235      -0.897546       0.018041       0.420835         -0.000010
   22.400000       0.135248      -0.899814       0.016002       0.420835         -0.000010
   22.410000       0.126239      -0.901965       0.014065       0.420835         -0.000010
   22.420000       0.117209      -0.903994       0.012232       0.420835         -0.000010
   22.430000       0.108159      -0.905898       0.010509       0.420835         -0.000010
   22.440000       0.099091      -0.907673       0.008900       0.420835         -0.000010
   22.450000       0.090006      -0.909315       0.007409       0.420835         -0.000010
   22.460000       0.080905      -0.910818       0.006040       0.420835         -0.000010
   22.470000       0.071790      -0.912180       0.004799       0.420835         -0.000010
   22.480000       0.062662      -0.913396       0.003689       0.420835         -0.000010
   22.490000       0.053523      -0.914461       0.002716       0.420835         -0.000010
   22.500000       0.044374      -0.915370       0.001884       0.420835         -0.000010
   22.510000       0.035216      -0.916120       0.001197       0.420835         -0.000010
   22.520000       0.026052      -0.916705       0.000661       0.420835         -0.000010
   22.530000       0.016882      -0.917120       0.000280       0.420835         -0.000010
   22.540000       0.007710      -0.917362       0.000059       0.420835         -0.000010
   22.550000      -0.001464      -0.917424       0.000002       0.420835         -0.000010
   22.560000      -0.010638      -0.917301       0.000114       0.420835         -0.000010
   22.570000      -0.019810      -0.916990       0.000400       0.420835         -0.000010
   22.580000      -0.028977      -0.916483       0.000864       0.420835         -0.000010
   22.590000      -0.038139      -0.915777       0.001511       0.420835         -0.000010
   22.600000      -0.047292      -0.914866       0.002345       0.420835         -0.000010
   22.610000      -0.056435      -0.913744       0.003371       0.420835         -0.000010
   22.620000      -0.065566      -0.912407       0.004592       0.420835         -0.000010
   22.630000      -0.074683      -0.910848       0.006013       0.420835         -0.000010
   22.640000      -0.083782      -0.909063       0.007637       0.420835         -0.000010
   22.650000      -0.092863      -0.907045       0.009470       0.420835         -0.000010
   22.660000      -0.101922      -0.904790       0.011513       0.420835         -0.000010
   22.670000      -0.110958      -0.902291       0.013771       0.420835         -0.000010
   22.680000      -0.119967      -0.899543       0.016246       0.420835         -0.000010
   22.690000      -0.128948      -0.896541       0.018942       0.420835         -0.000010
   22.700000      -0.137897      -0.893279       0.021862       0.420835         -0.000010
   22.710000      -0.146813      -0.889750       0.025007       0.420835         -0.000010
   22.720000      -0.155692      -0.885951       0.028381       0.420835         -0.000010
   22.730000      -0.164531      -0.881875       0.031984       0.420835         -0.000010
   22.740000      -0.173328      -0.877516       0.035818       0.420835         -0.000010
   22.750000      -0.182080      -0.872870       0.039884       0.420835         -0.000010
   22.760000      -0.190784      -0.867931       0.044183       0.420835         -0.000010
   22.770000      -0.199438      -0.862693       0.048716       0.420835         -0.000010
   22.780000      -0.208037      -0.857152       0.053481       0.420835         -0.000010
   22.790000      -0.216580      -0.851302       0.058478       0.420835         -0.000010
   22.800000      -0.225062      -0.845138       0.063706       0.420835         -0.000010
   22.810000      -0.233482      -0.838656       0.069163       0.420835         -0.000010
   22.820000      -0.241834      -0.831850       0.074848       0.420835         -0.000010
   22.830000      -0.250117      -0.824717       0.080756       0.420835         -0.000010
   22.840000      -0.258328      -0.817252       0.086885       0.420835         -0.000010
   22.850000      -0.266461      -0.809450       0.093231       0.420835         -0.000010
   22.860000      -0.274515      -0.801307       0.099788       0.420835         -0.000010
   22.870000      -0.282486      -0.792821       0.106552       0.420835         -0.000010
   22.880000      -0.290371      -0.783987       0.113517       0.420835         -0.000010
   22.890000      -0.298165      -0.774803       0.120676       0.420835         -0.000010
   22.900000      -0.305866      -0.765264       0.128021       0.420835         -0.000010
   22.910000      -0.313469      -0.755369       0.135544       0.420835         -0.000010
   22.920000      -0.320972      -0.745115       0.143237       0.420835         -0.000010
   22.930000      -0.328370      -0.734500       0.151090       0.420835         -0.000010
   22.940000      -0.335661      -0.723523       0.159093       0.420835         -0.000010
   22.950000      -0.342839      -0.712181       0.167234       0.420835         -0.000010
   22.960000      -0.349903      -0.700475       0.175502       0.420835         -0.000010
   22.970000      -0.356848      -0.688404       0.183885       0.420835         -0.000010
   22.980000      -0.363670      -0.675967       0.192369       0.420835         -0.000010
   22.990000      -0.370366      -0.663166       0.200941       0.420835         -0.000010
   23.000000      -0.376932      -0.649999       0.209585       0.420835         -0.000010
   23.010000      -0.383365      -0.636470       0.218288       0.420835         -0.000010
   23.020000      -0.389660      -0.622580       0.227032       0.420835         -0.000010
   23.030000      -0.395815      -0.608331       0.235802       0.420835         -0.000010
   23.040000      -0.401826      -0.593725       0.244580       0.420835         -0.000010
   23.050000      -0.407688      -0.578767       0.253350       0.420835         -0.000010
   23.060000      -0.413400      -0.563459       0.262092       0.420835         -0.000010
   23.070000      -0.418956      -0.547807       0.270789       0.420835         -0.000010
   23.080000      -0.424355      -0.531814       0.279422       0.420835         -0.000010
   23.090000      -0.429591      -0.515488       0.287971       0.420835         -0.000010
   23.100000      -0.434663      -0.498832       0.296418       0.420835         -0.000010
   23.110000      -0.439567      -0.481855       0.304743       0.420835         -0.000010
   23.120000      -0.444299      -0.464564       0.312925       0.420835         -0.000010
   23.130000      -0.448857      -0.446965       0.320946       0.420835         -0.000010
   23.140000      -0.453238      -0.429068       0.328785       0.420835         -0.000010
   23.150000      -0.457438      -0.410881       0.336423       0.420835         -0.000010
   23.160000      -0.461454      -0.392413       0.343841       0.420835         -0.000010
   23.170000      -0.465285      -0.373675       0.351018       0.420835         -0.000010
   23.180000      -0.468927      -0.354677       0.357937       0.420835         -0.000010
   23.190000      -0.472378      -0.335431       0.364578       0.420835         -0.000010
   23.200000      -0.475635      -0.315946       0.370924       0.420835         -0.000010
   23.210000      -0.478696      -0.296236       0.376957       0.420835         -0.000010
   23.220000      -0.481559      -0.276313       0.382660       0.420835         -0.000010
   23.230000      -0.484221      -0.256190       0.388018       0.420835         -0.000010
   23.240000      -0.486682      -0.235881       0.393015       0.420835         -0.000011
   23.250000      -0.488938      -0.215398       0.397637       0.420835         -0.000011
   23.260000      -0.490989      -0.194757       0.401870       0.420835         -0.000011
   23.270000      -0.492833      -0.173971       0.405702       0.420835         -0.000011
   23.280000      -0.494468      -0.153056       0.409122       0.420835         -0.000011
   23.290000      -0.495894      -0.132026       0.412119       0.420835         -0.000011
   23.300000      -0.497109      -0.110897       0.414686       0.420835         -0.000011
   23.310000      -0.498111      -0.089685       0.416813       0.420835         -0.000011
   23.320000      -0.498902      -0.068406       0.418495       0.420835         -0.000011
   23.330000      -0.499479      -0.047074       0.419727       0.420835         -0.000011
   23.340000      -0.499843      -0.025708       0.420504       0.420835         -0.000011
   23.350000      -0.499993      -0.004321       0.420825       0.420835         -0.000011
   23.360000      -0.499930       0.017068       0.420689       0.420835         -0.000011
   23.370000      -0.499652       0.038445       0.420096       0.420835         -0.000011
   23.380000      -0.499161       0.059793       0.419047       0.420835         -0.000011
   23.390000      -0.498456       0.081095       0.417546       0.420835         -0.000011
   23.400000      -0.497539       0.102337       0.415598       0.420835         -0.000011
   23.410000      -0.496410       0.123501       0.413208       0.420835         -0.000011
   23.420000      -0.495069       0.144572       0.410384       0.420835         -0.000011
   23.430000      -0.493519       0.165535       0.407134       0.420835         -0.000011
   23.440000      -0.491759       0.186375       0.403467       0.420835         -0.000011
   23.450000      -0.489792       0.207077       0.399394       0.420835         -0.000011
   23.460000      -0.487618       0.227625       0.394928       0.420835         -0.000011
   23.470000      -0.485240       0.248007       0.390081       0.420835         -0.000011
   23.480000      -0.482659       0.268207       0.384867       0.420835         -0.000011
   23.490000      -0.479876       0.288212       0.379301       0.420835         -0.000011
   23.500000      -0.476895       0.308009       0.373400       0.420834         -0.000011
   23.510000      -0.473717       0.327586       0.367178       0.420834         -0.000011
   23.520000      -0.470344       0.346931       0.360654       0.420834         -0.000011
   23.530000      -0.466779       0.366030       0.353845       0.420834         -0.000011
   23.540000      -0.463024       0.384875       0.346770       0.420834         -0.000011
   23.550000      -0.459082       0.403453       0.339447       0.420834         -0.000012
   23.560000      -0.454956       0.421754       0.331896       0.420834         -0.000012
   23.570000      -0.450648       0.439769       0.324136       0.420834         -0.000012
   23.580000      -0.446162       0.457490       0.316186       0.420834         -0.000012
   23.590000      -0.441500       0.474906       0.308066       0.420834         -0.000012
   23.600000      -0.436665       0.492011       0.299797       0.420834         -0.000012
   23.610000      -0.431660       0.508797       0.291397       0.420834         -0.000012
   23.620000      -0.426490       0.525257       0.282887       0.420834         -0.000012
   23.630000      -0.421156       0.541386       0.274285       0.420834         -0.000012
   23.640000      -0.415663       0.557176       0.265612       0.420834         -0.000012
   23.650000      -0.410014       0.572623       0.256886       0.420834         -0.000012
   23.660000      -0.404212       0.587724       0.248125       0.420834         -0.000012
   23.670000      -0.398261       0.602472       0.239348       0.420834         -0.000012
   23.680000      -0.392164       0.616866       0.230573       0.420834         -0.000012
   23.690000      -0.385924       0.630901       0.221816       0.420834         -0.000012
   23.700000      -0.379547       0.644576       0.213095       0.420834         -0.000012
   23.710000      -0.373034       0.657889       0.204425       0.420834         -0.000012
   23.720000      -0.366390       0.670838       0.195822       0.420834         -0.000012
   23.730000      -0.359619       0.683423       0.187301       0.420834         -0.000012
   23.740000      -0.352723       0.695642       0.178876       0.420834         -0.000012
   23.750000      -0.345707       0.707495       0.170560       0.420834         -0.000012
   23.760000      -0.338574       0.718984       0.162365       0.420834         -0.000012
   23.770000      -0.331329       0.730108       0.154305       0.420834         -0.000012
   23.780000      -0.323973       0.740869       0.146391       0.420834         -0.000012
   23.790000      -0.316512       0.751269       0.138632       0.420834         -0.000012
   23.800000      -0.308949       0.761308       0.131039       0.420834         -0.000012
   23.810000      -0.301287       0.770991       0.123621       0.420834         -0.000012
   23.820000      -0.293531       0.780318       0.116386       0.420834         -0.000012
   23.830000      -0.285682       0.789293       0.109342       0.420834         -0.000012
   23.840000      -0.277746       0.797920       0.102496       0.420834         -0.000012
   23.850000      -0.269725       0.806200       0.095855       0.420834         -0.000012
   23.860000      -0.261623       0.814139       0.089423       0.420834         -0.000012
   23.870000      -0.253443       0.821740       0.083206       0.420834         -0.000012
   23.880000      -0.245189       0.829007       0.077208       0.420834         -0.000012
   23.890000      -0.236864       0.835944       0.071433       0.420834         -0.000012
   23.900000      -0.228471       0.842557       0.065883       0.420834         -0.000012
   23.910000      -0.220014       0.848848       0.060562       0.420834         -0.000012
   23.920000      -0.211496       0.854825       0.055472       0.420834         -0.000012
   23.930000      -0.202919       0.860490       0.050613       0.420834         -0.000012
   23.940000      -0.194287       0.865850       0.045986       0.420834         -0.000012
   23.950000      -0.185603       0.870909       0.041593       0.420834         -0.000012
   23.960000      -0.176870       0.875673       0.037433       0.420834         -0.000012
   23.970000      -0.168090       0.880147       0.033505       0.420834         -0.000012
   23.980000      -0.159268       0.884337       0.029809       0.420834         -0.000012
   23.990000      -0.150404       0.888247       0.026343       0.420834         -0.000012
   24.000000      -0.141504       0.891884       0.023105       0.420834         -0.000012
   24.010000      -0.132568       0.895253       0.020095       0.420834         -0.000012
   24.020000      -0.123599       0.898360       0.017309       0.420834         -0.000012
   24.030000      -0.114601       0.901210       0.014744       0.420834         -0.000012
   24.040000      -0.105576       0.903809       0.012399       0.420834         -0.000012
   24.050000      -0.096526       0.906162       0.010269       0.420834         -0.000012
   24.060000      -0.087454       0.908275       0.008352       0.420834         -0.000012
   24.070000      -0.078361       0.910154       0.006644       0.420834         -0.000012
   24.080000      -0.069251       0.911803       0.005142       0.420834         -0.000012
   24.090000      -0.060126       0.913229       0.003840       0.420834         -0.000012
   24.100000      -0.050987       0.914437       0.002736       0.420834         -0.000012
   24.110000      -0.041838       0.915433       0.001825       0.420834         -0.000012
   24.120000      -0.032679       0.916221       0.001104       0.420834         -0.000012
   24.130000      -0.023514       0.916808       0.000566       0.420834         -0.000012
   24.140000      -0.014344       0.917197       0.000209       0.420834         -0.000012
   24.150000      -0.005171       0.917396       0.000027       0.420834         -0.000012
   24.160000       0.004003       0.917407       0.000016       0.420834         -0.000012
   24.170000       0.013177       0.917238       0.000171       0.420834         -0.000012
   24.180000       0.022348       0.916892       0.000488       0.420834         -0.000012
   24.190000       0.031514       0.916375       0.000962       0.420834         -0.000012
   24.200000       0.040675       0.915692       0.001589       0.420834         -0.000012
   24.210000       0.049827       0.914846       0.002363       0.420834         -0.000012
   24.220000       0.058971       0.913843       0.003279       0.420834         -0.000012
   24.230000       0.068104       0.912688       0.004334       0.420834         -0.000012
   24.240000       0.077224       0.911385       0.005523       0.420834         -0.000012
   24.250000       0.086331       0.909938       0.006841       0.420834         -0.000012
   24.260000       0.095422       0.908351       0.008283       0.420834         -0.000012
   24.270000       0.104498       0.906630       0.009845       0.420834         -0.000012
   24.280000       0.113555       0.904778       0.011523       0.420834         -0.000012
   24.290000       0.122593       0.902798       0.013312       0.420834         -0.000012
   24.300000       0.131610       0.900696       0.015207       0.420834         -0.000012
   24.310000       0.140606       0.898475       0.017205       0.420834         -0.000012
   24.320000       0.149579       0.896139       0.019302       0.420834         -0.000012
   24.330000       0.158529       0.893691       0.021492       0.420834         -0.000012
   24.340000       0.167453       0.891136       0.023773       0.420834         -0.000012
   24.350000       0.176351       0.888476       0.026139       0.420834         -0.000012
   24.360000       0.185222       0.885716       0.028588       0.420834         -0.000012
   24.370000       0.194065       0.882858       0.031115       0.420834         -0.000012
   24.380000       0.202879       0.879905       0.033717       0.420834         -0.000012
   24.390000       0.211663       0.876862       0.036390       0.420834         -0.000012
   24.400000       0.220416       0.873732       0.039131       0.420834         -0.000012
   24.410000       0.229137       0.870516       0.041935       0.420834         -0.000012
   24.420000       0.237826       0.867219       0.044800       0.420834         -0.000012
   24.430000       0.246481       0.863843       0.047722       0.420834         -0.000012
   24.440000       0.255102       0.860390       0.050698       0.420834         -0.000012
   24.450000       0.263689       0.856865       0.053725       0.420834         -0.000012
   24.460000       0.272239       0.853269       0.056800       0.420834         -0.000012
   24.470000       0.280754       0.849605       0.059920       0.420834         -0.000012
   24.480000       0.289231       0.845875       0.063082       0.420834         -0.000012
   24.490000       0.297671       0.842082       0.066283       0.420834         -0.000012
   24.500000       0.306073       0.838229       0.069520       0.420834         -0.000012
   24.510000       0.314436       0.834317       0.072792       0.420834         -0.000012
   24.520000       0.322759       0.830349       0.076094       0.420834         -0.000012
   24.530000       0.331042       0.826328       0.079425       0.420834         -0.000012
   24.540000       0.339285       0.822254       0.082783       0.420834         -0.000012
   24.550000       0.347487       0.818131       0.086165       0.420834         -0.000012
   24.560000       0.355648       0.813960       0.089569       0.420834         -0.000012
   24.570000       0.363766       0.809743       0.092992       0.420834         -0.000012
   24.580000       0.371843       0.805482       0.096433       0.420834         -0.000012
   24.590000       0.379876       0.801179       0.099890       0.420834         -0.000012
   24.600000       0.387866       0.796836       0.103360       0.420834         -0.000012
   24.610000       0.395812       0.792454       0.106842       0.420834         -0.000012
   24.620000       0.403715       0.788036       0.110334       0.420834         -0.000012
   24.630000       0.411573       0.783582       0.113834       0.420834         -0.000012
   24.640000       0.419386       0.779094       0.117340       0.420834         -0.000012
   24.650000       0.427155       0.774574       0.120852       0.420834         -0.000012
   24.660000       0.434878       0.770023       0.124366       0.420834         -0.000012
   24.670000       0.442555       0.765443       0.127883       0.420834         -0.000012
   24.680000       0.450187       0.760834       0.131400       0.420834         -0.000012
   24.690000       0.457772       0.756200       0.134915       0.420834         -0.000012
   24.700000       0.465310       0.751539       0.138429       0.420834         -0.000012
   24.710000       0.472802       0.746855       0.141938       0.420834         -0.000012
   24.720000       0.480248       0.742147       0.145443       0.420834         -0.000012
   24.730000       0.487645       0.737418       0.148941       0.420834         -0.000012
   24.740000       0.494996       0.732668       0.152433       0.420834         -0.000012
   24.750000       0.502299       0.727899       0.155916       0.420834         -0.000012
   24.760000       0.509554       0.723111       0.159390       0.420834         -0.000012
   24.770000       0.516761       0.718305       0.162853       0.420834         -0.000012
   24.780000       0.523920       0.713483       0.166305       0.420834         -0.000012
   24.790000       0.531030       0.708645       0.169745       0.420834         -0.000012
   24.800000       0.538093       0.703793       0.173172       0.420834         -0.000012
   24.810000       0.545106       0.698927       0.176585       0.420834         -0.000012
   24.820000       0.552071       0.694048       0.179983       0.420834         -0.000012
   24.830000       0.558987       0.689157       0.183366       0.420834         -0.000012
   24.840000       0.565854       0.684254       0.186732       0.420834         -0.000012
   24.850000       0.572672       0.679341       0.190082       0.420834         -0.000012
   24.860000       0.579441       0.674418       0.193414       0.420834         -0.000012
   24.870000       0.586161       0.669487       0.196728       0.420834         -0.000012
   24.880000       0.592831       0.664546       0.200023       0.420834         -0.000012
   24.890000       0.599451       0.659598       0.203299       0.420834         -0.000012
   24.900000       0.606023       0.654643       0.206555       0.420834         -0.000012
   24.910000       0.612544       0.649681       0.209791       0.420834         -0.000012
   24.920000       0.619016       0.644714       0.213006       0.420834         -0.000012
   24.930000       0.625439       0.639741       0.216200       0.420834         -0.000012
   24.940000       0.631811       0.634763       0.219372       0.420834         -0.000012
   24.950000       0.638134       0.629781       0.222522       0.420834         -0.000012
   24.960000       0.644407       0.624795       0.225650       0.420834         -0.000012
   24.970000       0.650630       0.619806       0.228754       0.420834         -0.000012
   24.980000       0.656803       0.614814       0.231836       0.420834         -0.000012
   24.990000       0.662926       0.609820       0.234894       0.420834         -0.000012
   25.000000       0.668999       0.604824       0.237928       0.420834         -0.000012
   25.010000       0.675022       0.599826       0.240939       0.420834         -0.000012
   25.020000       0.680996       0.594827       0.243925       0.420834         -0.000012
   25.030000       0.686919       0.589827       0.246886       0.420834         -0.000012
   25.040000       0.692792       0.584828       0.249823       0.420834         -0.000012
   25.050000       0.698615       0.579828       0.252734       0.420834         -0.000012
   25.060000       0.704389       0.574828       0.255621       0.420834         -0.000012
   25.070000       0.710112       0.569829       0.258482       0.420834         -0.000012
   25.080000       0.715785       0.564831       0.261317       0.420834         -0.000012
   25.090000       0.721409       0.559834       0.264127       0.420834         -0.000012
   25.100000       0.726982       0.554839       0.266911       0.420834         -0.000012
   25.110000       0.732505       0.549845       0.269669       0.420834         -0.000012
   25.120000       0.737979       0.544854       0.272401       0.420834         -0.000012
   25.130000       0.743403       0.539864       0.275107       0.420834         -0.000012
   25.140000       0.748776       0.534878       0.277787       0.420834         -0.000012
   25.150000       0.754100       0.529894       0.280440       0.420834         -0.000012
   25.160000       0.759374       0.524913       0.283067       0.420834         -0.000012
   25.170000       0.764598       0.519935       0.285668       0.420834         -0.000012
   25.180000       0.769773       0.514960       0.288242       0.420834         -0.000012
   25.190000       0.774898       0.509989       0.290790       0.420834         -0.000012
   25.200000       0.779973       0.505022       0.293310       0.420834         -0.000012
   25.210000       0.784998       0.500059       0.295805       0.420834         -0.000012
   25.220000       0.789974       0.495099       0.298273       0.420834         -0.000012
   25.230000       0.794900       0.490144       0.300714       0.420834         -0.000012
   25.240000       0.799777       0.485193       0.303128       0.420834         -0.000012
   25.250000       0.804604       0.480246       0.305516       0.420834         -0.000012
   25.260000       0.809382       0.475304       0.307877       0.420834         -0.000012
   25.270000       0.814110       0.470367       0.310212       0.420834         -0.000012
   25.280000       0.818789       0.465434       0.312520       0.420834         -0.000012
   25.290000       0.823419       0.460506       0.314801       0.420834         -0.000012
   25.300000       0.827999       0.455583       0.317056       0.420834         -0.000012
   25.310000       0.832530       0.450665       0.319285       0.420834         -0.000012
   25.320000       0.837012       0.445752       0.321487       0.420834         -0.000012
   25.330000       0.841445       0.440845       0.323662       0.420834         -0.000012
   25.340000       0.845829       0.435942       0.325811       0.420834         -0.000012
   25.350000       0.850164       0.431045       0.327934       0.420834         -0.000012
   25.360000       0.854450       0.426154       0.330031       0.420834         -0.000012
   25.370000       0.858687       0.421267       0.332101       0.420834         -0.000012
   25.380000       0.862876       0.416386       0.334145       0.420834         -0.000012
   25.390000       0.867015       0.411511       0.336163       0.420834         -0.000012
   25.400000       0.871106       0.406641       0.338156       0.420834         -0.000012
   25.410000       0.875148       0.401777       0.340122       0.420834         -0.000012
   25.420000       0.879141       0.396918       0.342062       0.420834         -0.000012
   25.430000       0.883086       0.392065       0.343977       0.420834         -0.000012
   25.440000       0.886983       0.387217       0.345866       0.420834         -0.000012
   25.450000       0.890831       0.382375       0.347729       0.420834         -0.000012
   25.460000       0.894630       0.377539       0.349566       0.420834         -0.000012
   25.470000       0.898382       0.372708       0.351378       0.420834         -0.000012
   25.480000       0.902084       0.367883       0.353165       0.420834         -0.000012
   25.490000       0.905739       0.363064       0.354926       0.420834         -0.000012
   25.500000       0.909346       0.358250       0.356663       0.420834         -0.000012
   25.510000       0.912904       0.353442       0.358374       0.420834         -0.000012
   25.520000       0.916415       0.348639       0.360059       0.420834         -0.000012
   25.530000       0.919877       0.343842       0.361720       0.420834         -0.000012
   25.540000       0.923291       0.339051       0.363356       0.420834         -0.000012
   25.550000       0.926658       0.334265       0.364968       0.420834         -0.000012
   25.560000       0.929977       0.329484       0.366554       0.420834         -0.000012
   25.570000       0.933248       0.324710       0.368116       0.420834         -0.000012
   25.580000       0.936471       0.319940       0.369653       0.420834         -0.000012
   25.590000       0.939647       0.315176       0.371166       0.420834         -0.000012
   25.600000       0.942775       0.310417       0.372655       0.420834         -0.000012
   25.610000       0.945855       0.305664       0.374119       0.420834         -0.000012
   25.620000       0.948888       0.300916       0.375559       0.420834         -0.000012
   25.630000       0.951873       0.296173       0.376975       0.420834         -0.000012
   25.640000       0.954811       0.291436       0.378367       0.420834         -0.000012
   25.650000       0.957702       0.286703       0.379735       0.420834         -0.000012
   25.660000       0.960545       0.281976       0.381079       0.420834         -0.000012
   25.670000       0.963342       0.277254       0.382399       0.420834         -0.000012
   25.680000       0.966091       0.272537       0.383696       0.420834         -0.000012
   25.690000       0.968792       0.267824       0.384969       0.420834         -0.000012
   25.700000       0.971447       0.263117       0.386219       0.420834         -0.000012
   25.710000       0.974055       0.258414       0.387445       0.420834         -0.000012
   25.720000       0.976615       0.253717       0.388648       0.420834         -0.000012
   25.730000       0.979129       0.249024       0.389828       0.420834         -0.000012
   25.740000       0.981596       0.244335       0.390984       0.420834         -0.000012
   25.750000       0.984016       0.239652       0.392118       0.420834         -0.000012
   25.760000       0.986389       0.234972       0.393228       0.420834         -0.000012
   25.770000       0.988715       0.230297       0.394316       0.420834         -0.000012
   25.780000       0.990995       0.225627       0.395380       0.420834         -0.000012
   25.790000       0.993228       0.220961       0.396422       0.420834         -0.000012
   25.800000       0.995414       0.216299       0.397441       0.420834         -0.000012
   25.810000       0.997554       0.211641       0.398438       0.420834         -0.000012
   25.820000       0.999647       0.206988       0.399412       0.420834         -0.000012
   25.830000       1.001694       0.202338       0.400364       0.420834         -0.000012
   25.840000       1.003694       0.197693       0.401293       0.420834         -0.000012
   25.850000       1.005647       0.193051       0.402200       0.420834         -0.000012
   25.860000       1.007555       0.188413       0.403084       0.420834         -0.000012
   25.870000       1.009416       0.183779       0.403947       0.420834         -0.000012
   25.880000       1.011230       0.179148       0.404787       0.420834         -0.000012
   25.890000       1.012999       0.174521       0.405605       0.420834         -0.000012
   25.900000       1.014721       0.169897       0.406402       0.420834         -0.000012
   25.910000       1.016397       0.165277       0.407176       0.420834         -0.000012
   25.920000       1.018026       0.160660       0.407928       0.420834         -0.000012
   25.930000       1.019610       0.156046       0.408659       0.420834         -0.000012
   25.940000       1.021147       0.151436       0.409368       0.420834         -0.000012
   25.950000       1.022639       0.146828       0.410055       0.420834         -0.000012
   25.960000       1.024084       0.142224       0.410720       0.420834         -0.000012
   25.970000       1.025483       0.137622       0.411364       0.420834         -0.000012
   25.980000       1.026836       0.133023       0.411987       0.420834         -0.000012
   25.990000       1.028143       0.128427       0.412587       0.420834         -0.000012
   26.000000       1.029405       0.123834       0.413167       0.420834         -0.000012
   26.010000       1.030620       0.119243       0.413725       0.420834         -0.000012
   26.020000       1.031790       0.114654       0.414261       0.420834         -0.000012
   26.030000       1.032913       0.110068       0.414777       0.420834         -0.000012
   26.040000       1.033991       0.105484       0.415271       0.420834         -0.000012
   26.050000       1.035023       0.100902       0.415744       0.420834         -0.000012
   26.060000       1.036009       0.096322       0.416195       0.420834         -0.000012
   26.070000       1.036949       0.091744       0.416626       0.420834         -0.000012
   26.080000       1.037844       0.087169       0.417035       0.420834         -0.000012
   26.090000       1.038693       0.082595       0.417423       0.420834         -0.000012
   26.100000       1.039496       0.078022       0.417790       0.420834         -0.000012
   26.110000       1.040253       0.073451       0.418137       0.420834         -0.000012
   26.120000       1.040965       0.068882       0.418462       0.420834         -0.000012
   26.130000       1.041631       0.064314       0.418766       0.420834         -0.000012
   26.140000       1.042251       0.059748       0.419049       0.420834         -0.000012
   26.150000       1.042826       0.055183       0.419312       0.420834         -0.000012
   26.160000       1.043355       0.050619       0.419553       0.420834         -0.000012
   26.170000       1.043838       0.046056       0.419774       0.420834         -0.000012
   26.180000       1.044276       0.041494       0.419973       0.420834         -0.000012
   26.190000       1.044668       0.036932       0.420152       0.420834         -0.000012
   26.200000       1.045015       0.032372       0.420310       0.420834         -0.000012
   26.210000       1.045316       0.027812       0.420447       0.420834         -0.000012
   26.220000       1.045571       0.023253       0.420564       0.420834         -0.000012
   26.230000       1.045781       0.018694       0.420659       0.420834         -0.000012
   26.240000       1.045945       0.014136       0.420734       0.420834         -0.000012
   26.250000       1.046063       0.009578       0.420788       0.420834         -0.000012
   26.260000       1.046136       0.005020       0.420822       0.420834         -0.000012
   26.270000       1.046164       0.000463       0.420834       0.420834         -0.000012
   26.280000       1.046146      -0.004095       0.420826       0.420834         -0.000012
   26.290000       1.046082      -0.008653       0.420797       0.420834         -0.000012
   26.300000       1.045973      -0.013211       0.420747       0.420834         -0.000012
   26.310000       1.045818      -0.017769       0.420676       0.420834         -0.000012
   26.320000       1.045617      -0.022327       0.420585       0.420834         -0.000012
   26.330000       1.045371      -0.026887       0.420473       0.420834         -0.000012
   26.340000       1.045079      -0.031446       0.420340       0.420834         -0.000012
   26.350000       1.044742      -0.036006       0.420186       0.420834         -0.000012
   26.360000       1.044359      -0.040567       0.420011       0.420834         -0.000012
   26.370000       1.043931      -0.045129       0.419816       0.420834         -0.000012
   26.380000       1.043457      -0.049692       0.419599       0.420834         -0.000012
   26.390000       1.042937      -0.054256       0.419362       0.420834         -0.000012
   26.400000       1.042372      -0.058821       0.419104       0.420834         -0.000012
   26.410000       1.041761      -0.063387       0.418825       0.420834         -0.000012
   26.420000       1.041104      -0.067955       0.418525       0.420834         -0.000012
   26.430000       1.040401      -0.072524       0.418204       0.420834         -0.000012
   26.440000       1.039653      -0.077094       0.417862       0.420834         -0.000012
   26.450000       1.038860      -0.081666       0.417499       0.420834         -0.000012
   26.460000       1.038020      -0.086240       0.417115       0.420834         -0.000012
   26.470000       1.037135      -0.090815       0.416710       0.420834         -0.000012
   26.480000       1.036204      -0.095393       0.416284       0.420834         -0.000012
   26.490000       1.035227      -0.099972       0.415837       0.420834         -0.000012
   26.500000       1.034204      -0.104553       0.415368       0.420834         -0.000012
   26.510000       1.033136      -0.109137       0.414879       0.420834         -0.000012
   26.520000       1.032022      -0.113723       0.414368       0.420834         -0.000012
   26.530000       1.030861      -0.118311       0.413835       0.420834         -0.000012
   26.540000       1.029655      -0.122901       0.413282       0.420834         -0.000012
   26.550000       1.028403      -0.127494       0.412707       0.420834         -0.000012
   26.560000       1.027105      -0.132090       0.412110       0.420834         -0.000012
   26.570000       1.025762      -0.136688       0.411492       0.420834         -0.000012
   26.580000       1.024372      -0.141289       0.410853       0.420834         -0.000012
   26.590000       1.022936      -0.145893       0.410192       0.420834         -0.000012
   26.600000       1.021454      -0.150500       0.409509       0.420834         -0.000012
   26.610000       1.019926      -0.155110       0.408805       0.420834         -0.000012
   26.620000       1.018352      -0.159723       0.408078       0.420834         -0.000012
   26.630000       1.016731      -0.164339       0.407330       0.420834         -0.000012
   26.640000       1.015065      -0.168959       0.406561       0.420834         -0.000012
   26.650000       1.013352      -0.173582       0.405769       0.420834         -0.000012
   26.660000       1.011593      -0.178208       0.404955       0.420834         -0.000012
   26.670000       1.009788      -0.182838       0.404119       0.420834         -0.000012
   26.680000       1.007936      -0.187472       0.403261       0.420834         -0.000012
   26.690000       1.006038      -0.192109       0.402381       0.420834         -0.000012
   26.700000       1.004094      -0.196750       0.401479       0.420834         -0.000012
   26.710000       1.002103      -0.201395       0.400554       0.420834         -0.000012
   26.720000       1.000066      -0.206043       0.399607       0.420834         -0.000012
   26.730000       0.997983      -0.210696       0.398638       0.420834         -0.000012
   26.740000       0.995852      -0.215353       0.397646       0.420834         -0.000012
   26.750000       0.993675      -0.220014       0.396631       0.420834         -0.000012
   26.760000       0.991452      -0.224679       0.395594       0.420834         -0.000012
   26.770000       0.989182      -0.229349       0.394534       0.420834         -0.000012
   26.780000       0.986865      -0.234023       0.393451       0.420834         -0.000012
   26.790000       0.984501      -0.238701       0.392345       0.420834         -0.000012
   26.800000       0.982091      -0.243384       0.391216       0.420834         -0.000012
   26.810000       0.979634      -0.248071       0.390064       0.420834         -0.000012
   26.820000       0.977130      -0.252763       0.388889       0.420834         -0.000012
   26.830000       0.974578      -0.257460       0.387691       0.420834         -0.000012
   26.840000       0.971980      -0.262162       0.386470       0.420834         -0.000012
   26.850000       0.969335      -0.266868       0.385225       0.420834         -0.000012
   26.860000       0.966643      -0.271579       0.383956       0.420834         -0.000012
   26.870000       0.963904      -0.276296       0.382665       0.420834         -0.000012
   26.880000       0.961117      -0.281017       0.381349       0.420834         -0.000012
   26.890000       0.958283      -0.285743       0.380010       0.420834         -0.000012
   26.900000       0.955402      -0.290474       0.378646       0.420834         -0.000012
   26.910000       0.952474      -0.295211       0.377259       0.420834         -0.000012
   26.920000       0.949498      -0.299953       0.375848       0.420834         -0.000012
   26.930000       0.946475      -0.304699       0.374413       0.420834         -0.000012
   26.940000       0.943404      -0.309452       0.372954       0.420834         -0.000012
   26.950000       0.940286      -0.314209       0.371470       0.420834         -0.000012
   26.960000       0.937120      -0.318972       0.369962       0.420834         -0.000012
   26.970000       0.933906      -0.323741       0.368430       0.420834         -0.000012
   26.980000       0.930645      -0.328514       0.366873       0.420834         -0.000012
   26.990000       0.927336      -0.333294       0.365292       0.420834         -0.000012
   27.000000       0.923979      -0.338079       0.363686       0.420834         -0.000012
   27.010000       0.920574      -0.342869       0.362055       0.420834         -0.000012
   27.020000       0.917122      -0.347665       0.360399       0.420834         -0.000012
   27.030000       0.913621      -0.352466       0.358718       0.420834         -0.000012
   27.040000       0.910072      -0.357273       0.357012       0.420834         -0.000012
   27.050000       0.906475      -0.362086       0.355281       0.420834         -0.000012
   27.060000       0.902830      -0.366904       0.353525       0.420834         -0.000012
   27.070000       0.899137      -0.371728       0.351743       0.420834         -0.000012
   27.080000       0.895396      -0.376558       0.349936       0.420834         -0.000012
   27.090000       0.891606      -0.381393       0.348104       0.420834         -0.000012
   27.100000       0.887768      -0.386234       0.346246       0.420834         -0.000012
   27.110000       0.883881      -0.391080       0.344362       0.420834         -0.000012
   27.120000       0.879946      -0.395932       0.342453       0.420834         -0.000012
   27.130000       0.875963      -0.400790       0.340518       0.420834         -0.000012
   27.140000       0.871931      -0.405653       0.338557       0.420834         -0.000012
   27.150000       0.867850      -0.410522       0.336570       0.420834         -0.000012
   27.160000       0.863720      -0.415396       0.334557       0.420834         -0.000012
   27.170000       0.859542      -0.420276       0.332518       0.420834         -0.000012
   27.180000       0.855315      -0.425161       0.330453       0.420834         -0.000012
   27.190000       0.851039      -0.430052       0.328362       0.420834         -0.000012
   27.200000       0.846714      -0.434948       0.326244       0.420834         -0.000012
   27.210000       0.842340      -0.439849       0.324101       0.420834         -0.000012
   27.220000       0.837917      -0.444756       0.321930       0.420834         -0.000012
   27.230000       0.833444      -0.449667       0.319734       0.420834         -0.000012
   27.240000       0.828923      -0.454584       0.317511       0.420834         -0.000012
   27.250000       0.824353      -0.459506       0.315261       0.420834         -0.000012
   27.260000       0.819733      -0.464433       0.312985       0.420834         -0.000012
   27.270000       0.815064      -0.469365       0.310683       0.420834         -0.000012
   27.280000       0.810346      -0.474301       0.308353       0.420834         -0.000012
   27.290000       0.805578      -0.479242       0.305998       0.420834         -0.000012
   27.300000       0.800761      -0.484188       0.303615       0.420834         -0.000012
   27.310000       0.795894      -0.489138       0.301206       0.420834         -0.000012
   27.320000       0.790978      -0.494093       0.298770       0.420834         -0.000012
   27.330000       0.786012      -0.499051       0.296308       0.420834         -0.000012
   27.340000       0.780997      -0.504014       0.293819       0.420834         -0.000012
   27.350000       0.775932      -0.508981       0.291304       0.420834         -0.000012
   27.360000       0.770817      -0.513951       0.288761       0.420834         -0.000012
   27.370000       0.765653      -0.518925       0.286193       0.420834         -0.000012
   27.380000       0.760439      -0.523902       0.283598       0.420834         -0.000012
   27.390000       0.755175      -0.528882       0.280976       0.420834         -0.000012
   27.400000       0.749861      -0.533866       0.278328       0.420834         -0.000012
   27.410000       0.744498      -0.538852       0.275654       0.420834         -0.000012
   27.420000       0.739084      -0.543840       0.272953       0.420834         -0.000012
   27.430000       0.733621      -0.548831       0.270226       0.420834         -0.000012
   27.440000       0.728108      -0.553825       0.267473       0.420834         -0.000012
   27.450000       0.722544      -0.558820       0.264694       0.420834         -0.000012
   27.460000       0.716931      -0.563816       0.261890       0.420834         -0.000012
   27.470000       0.711268      -0.568814       0.259059       0.420834         -0.000012
   27.480000       0.705555      -0.573813       0.256204       0.420834         -0.000012
   27.490000       0.699792      -0.578812       0.253322       0.420834         -0.000012
   27.500000       0.693979      -0.583812       0.250416       0.420834         -0.000012
   27.510000       0.688116      -0.588812       0.247484       0.420834         -0.000012
   27.520000       0.682202      -0.593812       0.244528       0.420834         -0.000012
   27.530000       0.676239      -0.598811       0.241547       0.420834         -0.000012
   27.540000       0.670226      -0.603809       0.238542       0.420834         -0.000012
   27.550000       0.664163      -0.608805       0.235512       0.420834         -0.000012
   27.560000       0.658050      -0.613800       0.232459       0.420834         -0.000012
   27.570000       0.651887      -0.618792       0.229382       0.420834         -0.000012
   27.580000       0.645674      -0.623782       0.226282       0.420834         -0.000012
   27.590000       0.639412      -0.628769       0.223159       0.420834         -0.000012
   27.600000       0.633099      -0.633752       0.220014       0.420834         -0.000012
   27.610000       0.626737      -0.638730       0.216846       0.420834         -0.000012
   27.620000       0.620324      -0.643704       0.213657       0.420834         -0.000012
   27.630000       0.613862      -0.648673       0.210446       0.420834         -0.000012
   27.640000       0.607351      -0.653636       0.207214       0.420834         -0.000012
   27.650000       0.600790      -0.658593       0.203962       0.420834         -0.000012
   27.660000       0.594179      -0.663542       0.200690       0.420834         -0.000012
   27.670000       0.587519      -0.668484       0.197399       0.420834         -0.000012
   27.680000       0.580809      -0.673418       0.194088       0.420834         -0.000012
   27.690000       0.574051      -0.678342       0.190760       0.420834         -0.000012
   27.700000       0.567243      -0.683258       0.187414       0.420834         -0.000012
   27.710000       0.560385      -0.688162       0.184051       0.420834         -0.000012
   27.720000       0.553479      -0.693056       0.180671       0.420834         -0.000012
   27.730000       0.546524      -0.697937       0.177276       0.420834         -0.000012
   27.740000       0.539521      -0.702806       0.173866       0.420834         -0.000012
   27.750000       0.532468      -0.707661       0.170442       0.420834         -0.000012
   27.760000       0.525368      -0.712502       0.167005       0.420834         -0.000012
   27.770000       0.518218      -0.717327       0.163555       0.420834         -0.000012
   27.780000       0.511021      -0.722136       0.160094       0.420834         -0.000012
   27.790000       0.503776      -0.726928       0.156622       0.420834         -0.000012
   27.800000       0.496483      -0.731701       0.153141       0.420834         -0.000012
   27.810000       0.489142      -0.736455       0.149651       0.420834         -0.000012
   27.820000       0.481753      -0.741189       0.146154       0.420834         -0.000012
   27.830000       0.474318      -0.745901       0.142650       0.420834         -0.000012
   27.840000       0.466836      -0.750590       0.139142       0.420834         -0.000012
   27.850000       0.459306      -0.755255       0.135629       0.420834         -0.000012
   27.860000       0.451731      -0.759895       0.132114       0.420834         -0.000012
   27.870000       0.444108      -0.764509       0.128597       0.420834         -0.000012
   27.880000       0.436440      -0.769095       0.125080       0.420834         -0.000012
   27.890000       0.428727      -0.773652       0.121565       0.420834         -0.000012
   27.900000       0.420967      -0.778179       0.118053       0.420834         -0.000012
   27.910000       0.413163      -0.782673       0.114545       0.420834         -0.000012
   27.920000       0.405314      -0.787134       0.111044       0.420834         -0.000012
   27.930000       0.397421      -0.791560       0.107550       0.420834         -0.000012
   27.940000       0.389483      -0.795950       0.104066       0.420834         -0.000012
   27.950000       0.381502      -0.800301       0.100594       0.420834         -0.000012
   27.960000       0.373477      -0.804612       0.097134       0.420834         -0.000012
   27.970000       0.365410      -0.808881       0.093690       0.420834         -0.000012
   27.980000       0.357300      -0.813107       0.090263       0.420834         -0.000012
   27.990000       0.349148      -0.817288       0.086855       0.420834         -0.000012
   28.000000       0.340954      -0.821421       0.083468       0.420834         -0.000012
   28.010000       0.332719      -0.825505       0.080105       0.420834         -0.000012
   28.020000       0.324444      -0.829537       0.076768       0.420834         -0.000012
   28.030000       0.316129      -0.833516       0.073460       0.420834         -0.000012
   28.040000       0.307774      -0.837439       0.070182       0.420834         -0.000012
   28.050000       0.299380      -0.841305       0.066937       0.420834         -0.000012
   28.060000       0.290948      -0.845110       0.063729       0.420834         -0.000012
   28.070000       0.282478      -0.848853       0.060559       0.420834         -0.000012
   28.080000       0.273971      -0.852530       0.057430       0.420834         -0.000012
   28.090000       0.265428      -0.856140       0.054346       0.420834         -0.000012
   28.100000       0.256849      -0.859680       0.051309       0.420834         -0.000012
   28.110000       0.248235      -0.863148       0.048322       0.420834         -0.000012
   28.120000       0.239586      -0.866539       0.045389       0.420834         -0.000012
   28.130000       0.230904      -0.869853       0.042512       0.420834         -0.000012
   28.140000       0.222189      -0.873085       0.039695       0.420834         -0.000012
   28.150000       0.213443      -0.876234       0.036941       0.420834         -0.000012
   28.160000       0.204665      -0.879295       0.034254       0.420834         -0.000012
   28.170000       0.195857      -0.882266       0.031638       0.420834         -0.000012
   28.180000       0.187020      -0.885143       0.029095       0.420834         -0.000012
   28.190000       0.178154      -0.887924       0.026630       0.420834         -0.000012
   28.200000       0.169262      -0.890604       0.024246       0.420834         -0.000012
   28.210000       0.160343      -0.893181       0.021948       0.420834         -0.000012
   28.220000       0.151398      -0.895651       0.019739       0.420834         -0.000012
   28.230000       0.142430      -0.898010       0.017623       0.420834         -0.000012
   28.240000       0.133439      -0.900255       0.015605       0.420834         -0.000012
   28.250000       0.124425      -0.902381       0.013688       0.420834         -0.000012
   28.260000       0.115391      -0.904386       0.011877       0.420834         -0.000012
   28.270000       0.106338      -0.906264       0.010177       0.420834         -0.000012
   28.280000       0.097267      -0.908013       0.008591       0.420834         -0.000012
   28.290000       0.088178      -0.909627       0.007124       0.420834         -0.000012
   28.300000       0.079075      -0.911102       0.005780       0.420834         -0.000012
   28.310000       0.069957      -0.912435       0.004565       0.420834         -0.000012
   28.320000       0.060826      -0.913621       0.003483       0.420834         -0.000012
   28.330000       0.051685      -0.914655       0.002537       0.420834         -0.000012
   28.340000       0.042534      -0.915533       0.001734       0.420834         -0.000012
   28.350000       0.033375      -0.916250       0.001077       0.420834         -0.000012
   28.360000       0.024209      -0.916801       0.000572       0.420834         -0.000012
   28.370000       0.015039      -0.917182       0.000223       0.420834         -0.000012
   28.380000       0.005866      -0.917387       0.000034       0.420834         -0.000012
   28.390000      -0.003308      -0.917413       0.000011       0.420834         -0.000012
   28.400000      -0.012481      -0.917253       0.000158       0.420834         -0.000012
   28.410000      -0.021652      -0.916902       0.000479       0.420834         -0.000012
   28.420000      -0.030819      -0.916356       0.000980       0.420834         -0.000012
   28.430000      -0.039979      -0.915609       0.001664       0.420834         -0.000012
   28.440000      -0.049130      -0.914656       0.002536       0.420834         -0.000012
   28.450000      -0.058271      -0.913492       0.003600       0.420834         -0.000012
   28.460000      -0.067399      -0.912111       0.004861       0.420834         -0.000012
   28.470000      -0.076513      -0.910507       0.006323       0.420834         -0.000012
   28.480000      -0.085609      -0.908675       0.007989       0.420834         -0.000012
   28.490000      -0.094685      -0.906610       0.009863       0.420834         -0.000012
   28.500000      -0.103740      -0.904306       0.011949       0.420834         -0.000012
   28.510000      -0.112771      -0.901758       0.014250       0.420834         -0.000012
   28.520000      -0.121775      -0.898959       0.016770       0.420834         -0.000012
   28.530000      -0.130749      -0.895905       0.019511       0.420834         -0.000012
   28.540000      -0.139692      -0.892590       0.022476       0.420834         -0.000012
   28.550000      -0.148600      -0.889008       0.025667       0.420834         -0.000012
   28.560000      -0.157471      -0.885153       0.029086       0.420834         -0.000012
   28.570000      -0.166302      -0.881020       0.032736       0.420834         -0.000012
   28.580000      -0.175090      -0.876604       0.036616       0.420834         -0.000012
   28.590000      -0.183833      -0.871900       0.040729       0.420834         -0.000012
   28.600000      -0.192527      -0.866901       0.045075       0.420834         -0.000012
   28.610000      -0.201170      -0.861603       0.049655       0.420834         -0.000012
   28.620000      -0.209759      -0.856000       0.054466       0.420834         -0.000012
   28.630000      -0.218289      -0.850087       0.059510       0.420834         -0.000012
   28.640000      -0.226759      -0.843860       0.064784       0.420834         -0.000012
   28.650000      -0.235165      -0.837313       0.070288       0.420834         -0.000012
   28.660000      -0.243504      -0.830442       0.076017       0.420834         -0.000012
   28.670000      -0.251773      -0.823242       0.081970       0.420834         -0.000013
   28.680000      -0.259968      -0.815710       0.088143       0.420834         -0.000013
   28.690000      -0.268086      -0.807840       0.094532       0.420834         -0.000013
   28.700000      -0.276124      -0.799629       0.101131       0.420834         -0.000013
   28.710000      -0.284078      -0.791073       0.107936       0.420834         -0.000013
   28.720000      -0.291944      -0.782169       0.114940       0.420834         -0.000013
   28.730000      -0.299720      -0.772913       0.122137       0.420834         -0.000013
   28.740000      -0.307401      -0.763303       0.129518       0.420834         -0.000013
   28.750000      -0.314985      -0.753336       0.137076       0.420834         -0.000013
   28.760000      -0.322467      -0.743010       0.144802       0.420834         -0.000013
   28.770000      -0.329844      -0.732322       0.152686       0.420834         -0.000013
   28.780000      -0.337112      -0.721272       0.160717       0.420834         -0.000013
   28.790000      -0.344268      -0.709857       0.168885       0.420834         -0.000013
   28.800000      -0.351308      -0.698078       0.177178       0.420834         -0.000013
   28.810000      -0.358228      -0.685933       0.185582       0.420834         -0.000013
   28.820000      -0.365025      -0.673423       0.194085       0.420834         -0.000013
   28.830000      -0.371695      -0.660548       0.202672       0.420834         -0.000013
   28.840000      -0.378235      -0.647309       0.211330       0.420834         -0.000013
   28.850000      -0.384640      -0.633707       0.220042       0.420834         -0.000013
   28.860000      -0.390908      -0.619744       0.228792       0.420834         -0.000013
   28.870000      -0.397034      -0.605423       0.237565       0.420834         -0.000013
   28.880000      -0.403015      -0.590747       0.246343       0.420834         -0.000013
   28.890000      -0.408848      -0.575718       0.255108       0.420834         -0.000013
   28.900000      -0.414528      -0.560340       0.263843       0.420834         -0.000013
   28.910000      -0.420053      -0.544619       0.272529       0.420834         -0.000013
   28.920000      -0.425420      -0.528559       0.281146       0.420834         -0.000013
   28.930000      -0.430624      -0.512166       0.289677       0.420834         -0.000013
   28.940000      -0.435662      -0.495446       0.298101       0.420834         -0.000013
   28.950000      -0.440531      -0.478405       0.306398       0.420834         -0.000013
   28.960000      -0.445229      -0.461051       0.314550       0.420834         -0.000013
   28.970000      -0.449751      -0.443392       0.322536       0.420834         -0.000013
   28.980000      -0.454096      -0.425436       0.330336       0.420834         -0.000013
   28.990000      -0.458259      -0.407191       0.337931       0.420834         -0.000013
   29.000000      -0.462239      -0.388669       0.345302       0.420834         -0.000013
   29.010000      -0.466032      -0.369878       0.352429       0.420834         -0.000013
   29.020000      -0.469635      -0.350829       0.359293       0.420834         -0.000013
   29.030000      -0.473047      -0.331533       0.365877       0.420834         -0.000013
   29.040000      -0.476265      -0.312003       0.372161       0.420834         -0.000013
   29.050000      -0.479287      -0.292249       0.378129       0.420834         -0.000013
   29.060000      -0.482109      -0.272285       0.383764       0.420834         -0.000013
   29.070000      -0.484732      -0.252123       0.389051       0.420834         -0.000013
   29.080000      -0.487151      -0.231778       0.393973       0.420834         -0.000013
   29.090000      -0.489367      -0.211262       0.398518       0.420834         -0.000013
   29.100000      -0.491376      -0.190591       0.402671       0.420834         -0.000013
   29.110000      -0.493178      -0.169778       0.406421       0.420834         -0.000013
   29.120000      -0.494771      -0.148838       0.409757       0.420834         -0.000013
   29.130000      -0.496154      -0.127788       0.412669       0.420834         -0.000013
   29.140000      -0.497327      -0.106641       0.415147       0.420834         -0.000013
   29.150000      -0.498287      -0.085414       0.417186       0.420834         -0.000013
   29.160000      -0.499035      -0.064123       0.418778       0.420834         -0.000014
   29.170000      -0.499569      -0.042783       0.419918       0.420834         -0.000014
   29.180000      -0.499890      -0.021411       0.420604       0.420834         -0.000014
   29.190000      -0.499997      -0.000023       0.420834       0.420834         -0.000014
   29.200000      -0.499891       0.021365       0.420605       0.420834         -0.000014
   29.210000      -0.499570       0.042738       0.419920       0.420834         -0.000014
   29.220000      -0.499036       0.064077       0.418781       0.420834         -0.000014
   29.230000      -0.498289       0.085369       0.417190       0.420833         -0.000014
   29.240000      -0.497329       0.106596       0.415152       0.420833         -0.000014
   29.250000      -0.496157       0.127743       0.412674       0.420833         -0.000014
   29.260000      -0.494774       0.148793       0.409764       0.420833         -0.000014
   29.270000      -0.493181       0.169733       0.406429       0.420833         -0.000014
   29.280000      -0.491380       0.190546       0.402679       0.420833         -0.000014
   29.290000      -0.489371       0.211218       0.398527       0.420833         -0.000014
   29.300000      -0.487156       0.231734       0.393983       0.420833         -0.000014
   29.310000      -0.484737       0.252080       0.389061       0.420833         -0.000014
   29.320000      -0.482115       0.272242       0.383776       0.420833         -0.000014
   29.330000      -0.479293       0.292207       0.378141       0.420833         -0.000014
   29.340000      -0.476272       0.311961       0.372174       0.420833         -0.000014
   29.350000      -0.473054       0.331492       0.365890       0.420833         -0.000014
   29.360000      -0.469643       0.350788       0.359307       0.420833         -0.000014
   29.370000      -0.466039       0.369837       0.352444       0.420833         -0.000014
   29.380000      -0.462247       0.388629       0.345317       0.420833         -0.000014
   29.390000      -0.458268       0.407152       0.337947       0.420833         -0.000014
   29.400000      -0.454105       0.425397       0.330352       0.420833         -0.000014
   29.410000      -0.449761       0.443353       0.322552       0.420833         -0.000014
   29.420000      -0.445238       0.461013       0.314567       0.420833         -0.000014
   29.430000      -0.440541       0.478368       0.306415       0.420833         -0.000014
   29.440000      -0.435672       0.495409       0.298118       0.420833         -0.000014
   29.450000      -0.430634       0.512130       0.289694       0.420833         -0.000014
   29.460000      -0.425431       0.528524       0.281164       0.420833         -0.000014
   29.470000      -0.420065       0.544585       0.272547       0.420833         -0.000014
   29.480000      -0.414540       0.560307       0.263861       0.420833         -0.000014
   29.490000      -0.408860       0.575685       0.255127       0.420833         -0.000014
   29.500000      -0.403028       0.590714       0.246361       0.420833         -0.000014
   29.510000      -0.397047       0.605392       0.237584       0.420833         -0.000014
   29.520000      -0.390921       0.619714       0.228811       0.420833         -0.000015
   29.530000      -0.384654       0.633677       0.220060       0.420833         -0.000015
   29.540000      -0.378249       0.647280       0.211348       0.420833         -0.000015
   29.550000      -0.371709       0.660520       0.202690       0.420833         -0.000015
   29.560000      -0.365039       0.673395       0.194103       0.420833         -0.000015
   29.570000      -0.358243       0.685906       0.185599       0.420833         -0.000015
   29.580000      -0.351322       0.698052       0.177195       0.420833         -0.000015
   29.590000      -0.344283       0.709832       0.168902       0.420833         -0.000015
   29.600000      -0.337127       0.721247       0.160734       0.420833         -0.000015
   29.610000      -0.329859       0.732298       0.152703       0.420833         -0.000015
   29.620000      -0.322482       0.742987       0.144819       0.420833         -0.000015
   29.630000      -0.315000       0.753314       0.137092       0.420833         -0.000015
   29.640000      -0.307417       0.763281       0.129534       0.420833         -0.000015
   29.650000      -0.299736       0.772892       0.122152       0.420833         -0.000015
   29.660000      -0.291960       0.782148       0.114955       0.420833         -0.000015
   29.670000      -0.284094       0.791053       0.107950       0.420833         -0.000015
   29.680000      -0.276141       0.799610       0.101145       0.420833         -0.000015
   29.690000      -0.268103       0.807822       0.094545       0.420833         -0.000015
   29.700000      -0.259985       0.815692       0.088156       0.420833         -0.000015
   29.710000      -0.251790       0.823226       0.081983       0.420833         -0.000015
   29.720000      -0.243522       0.830426       0.076029       0.420833         -0.000015
   29.730000      -0.235183       0.837298       0.070299       0.420833         -0.000015
   29.740000      -0.226777       0.843845       0.064796       0.420833         -0.000015
   29.750000      -0.218307       0.850073       0.059521       0.420833         -0.000015
   29.760000      -0.209777       0.855986       0.054477       0.420833         -0.000015
   29.770000      -0.201188       0.861590       0.049664       0.420833         -0.000015
   29.780000      -0.192546       0.866889       0.045085       0.420833         -0.000015
   29.790000      -0.183852       0.871888       0.040738       0.420833         -0.000015
   29.800000      -0.175109       0.876594       0.036625       0.420833         -0.000015
   29.810000      -0.166321       0.881010       0.032744       0.420833         -0.000015
   29.820000      -0.157490       0.885143       0.029094       0.420833         -0.000015
   29.830000      -0.148619       0.888999       0.025674       0.420833         -0.000015
   29.840000      -0.139711       0.892581       0.022482       0.420833         -0.000015
   29.850000      -0.130768       0.895897       0.019517       0.420833         -0.000015
   29.860000      -0.121794       0.898952       0.016776       0.420833         -0.000015
   29.870000      -0.112790       0.901751       0.014256       0.420833         -0.000015
   29.880000      -0.103759       0.904300       0.011954       0.420833         -0.000015
   29.890000      -0.094705       0.906604       0.009867       0.420833         -0.000015
   29.900000      -0.085628       0.908670       0.007993       0.420833         -0.000015
   29.910000      -0.076532       0.910502       0.006326       0.420833         -0.000015
   29.920000      -0.067419       0.912106       0.004864       0.420833         -0.000015
   29.930000      -0.058291       0.913488       0.003603       0.420833         -0.000015
   29.940000      -0.049150       0.914653       0.002538       0.420833         -0.000015
   29.950000      -0.039998       0.915607       0.001665       0.420833         -0.000015
   29.960000      -0.030838       0.916354       0.000981       0.420833         -0.000015
   29.970000      -0.021672       0.916900       0.000480       0.420833         -0.000015
   29.980000      -0.012501       0.917251       0.000158       0.420833         -0.000015
   29.990000      -0.003328       0.917411       0.000011       0.420833         -0.000015
