           t              x              v              P              E             dE/E0
    0.000000      -0.500000       0.000000       0.420839       0.420839          0.000000
    0.010000      -0.499893       0.021391       0.420611       0.420839          0.000000
    0.020000      -0.499572       0.042766       0.419925       0.420839          0.000000
    0.030000      -0.499038       0.064109       0.418784       0.420839          0.000000
    0.040000      -0.498290       0.085403       0.417193       0.420839          0.000000
    0.050000      -0.497330       0.106633       0.415154       0.420840          0.000001
    0.060000      -0.496157       0.127782       0.412675       0.420840          0.000001
    0.070000      -0.494774       0.148836       0.409764       0.420840          0.000001
    0.080000      -0.493181       0.169778       0.406427       0.420840          0.000001
    0.090000      -0.491379       0.190594       0.402677       0.420840          0.000001
    0.100000      -0.489369       0.211268       0.398523       0.420840          0.000001
    0.110000      -0.487153       0.231786       0.393977       0.420840          0.000001
    0.120000      -0.484733       0.252134       0.389054       0.420840          0.000001
    0.130000      -0.482111       0.272298       0.383767       0.420840          0.000001
    0.140000      -0.479287       0.292265       0.378130       0.420840          0.000001
    0.150000      -0.476265       0.312021       0.372161       0.420840          0.000001
    0.160000      -0.473047       0.331554       0.365876       0.420840          0.000001
    0.170000      -0.469634       0.350852       0.359291       0.420840          0.000001
    0.180000      -0.466030       0.369903       0.352426       0.420840          0.000001
    0.190000      -0.462236       0.388695       0.345298       0.420840          0.000001
    0.200000      -0.458256       0.407220       0.337926       0.420840          0.000001
    0.210000      -0.454092       0.425466       0.330329       0.420840          0.000001
    0.220000      -0.449747       0.443424       0.322528       0.420840          0.000001
    0.230000      -0.445223       0.461084       0.314540       0.420840          0.000001
    0.240000      -0.440525       0.478440       0.306387       0.420840          0.000001
    0.250000      -0.435655       0.495482       0.298089       0.420840          0.000001
    0.260000      -0.430615       0.512203       0.289664       0.420840          0.000001
    0.270000      -0.425411       0.528598       0.281132       0.420840          0.000001
    0.280000      -0.420044       0.544658       0.272513       0.420840          0.000001
    0.290000      -0.414518       0.560380       0.263826       0.420839          0.000000
    0.300000      -0.408836       0.575758       0.255090       0.420839          0.000000
    0.310000      -0.403002       0.590788       0.246324       0.420839         -0.000000
    0.320000      -0.397020       0.605465       0.237545       0.420839         -0.000000
    0.330000      -0.390893       0.619787       0.228771       0.420839         -0.000001
    0.340000      -0.384625       0.633749       0.220020       0.420839         -0.000001
    0.350000      -0.378218       0.647351       0.211307       0.420839         -0.000001
    0.360000      -0.371678       0.660590       0.202649       0.420839         -0.000002
    0.370000      -0.365006       0.673465       0.194061       0.420838         -0.000002
    0.380000      -0.358208       0.685975       0.185557       0.420838         -0.000002
    0.390000      -0.351287       0.698120       0.177152       0.420838         -0.000003
    0.400000      -0.344246       0.709899       0.168860       0.420838         -0.000003
    0.410000      -0.337089       0.721313       0.160692       0.420838         -0.000004
    0.420000      -0.329820       0.732363       0.152660       0.420838         -0.000004
    0.430000      -0.322442       0.743050       0.144776       0.420837         -0.000004
    0.440000      -0.314959       0.753375       0.137050       0.420837         -0.000005
    0.450000      -0.307374       0.763342       0.129492       0.420837         -0.000005
    0.460000      -0.299692       0.772951       0.122110       0.420837         -0.000006
    0.470000      -0.291915       0.782206       0.114914       0.420837         -0.000006
    0.480000      -0.284048       0.791109       0.107910       0.420836         -0.000007
    0.490000      -0.276093       0.799664       0.101105       0.420836         -0.000007
    0.500000      -0.268054       0.807874       0.094506       0.420836         -0.000008
    0.510000      -0.259935       0.815743       0.088118       0.420836         -0.000008
    0.520000      -0.251739       0.823274       0.081945       0.420835         -0.000009
    0.530000      -0.243470       0.830473       0.075993       0.420835         -0.000010
    0.540000      -0.235130       0.837342       0.070264       0.420835         -0.000010
    0.550000      -0.226723       0.843888       0.064761       0.420835         -0.000011
    0.560000      -0.218252       0.850114       0.059488       0.420835         -0.000011
    0.570000      -0.209721       0.856025       0.054445       0.420834         -0.000012
    0.580000      -0.201132       0.861627       0.049634       0.420834         -0.000012
    0.590000      -0.192488       0.866924       0.045055       0.420834         -0.000013
    0.600000      -0.183793       0.871921       0.040710       0.420834         -0.000014
    0.610000      -0.175050       0.876625       0.036598       0.420833         -0.000014
    0.620000      -0.166261       0.881039       0.032718       0.420833         -0.000015
    0.630000      -0.157429       0.885170       0.029069       0.420833         -0.000015
    0.640000      -0.148557       0.889024       0.025651       0.420833         -0.000016
    0.650000      -0.139649       0.892605       0.022461       0.420832         -0.000016
    0.660000      -0.130705       0.895919       0.019497       0.420832         -0.000017
    0.670000      -0.121730       0.898971       0.016757       0.420832         -0.000018
    0.680000      -0.112726       0.901768       0.014238       0.420832         -0.000018
    0.690000      -0.103695       0.904316       0.011938       0.420831         -0.000019
    0.700000      -0.094640       0.906618       0.009853       0.420831         -0.000019
    0.710000      -0.085562       0.908682       0.007980       0.420831         -0.000020
    0.720000      -0.076466       0.910512       0.006315       0.420831         -0.000020
    0.730000      -0.067352       0.912114       0.004854       0.420831         -0.000021
    0.740000      -0.058224       0.913494       0.003594       0.420830         -0.000021
    0.750000      -0.049082       0.914658       0.002531       0.420830         -0.000022
    0.760000      -0.039930       0.915609       0.001660       0.420830         -0.000022
    0.770000      -0.030770       0.916355       0.000976       0.420830         -0.000023
    0.780000      -0.021603       0.916900       0.000477       0.420829         -0.000023
    0.790000      -0.012432       0.917249       0.000156       0.420829         -0.000024
    0.800000      -0.003258       0.917408       0.000011       0.420829         -0.000024
    0.810000       0.005916       0.917381       0.000035       0.420829         -0.000025
    0.820000       0.015089       0.917174       0.000224       0.420829         -0.000025
    0.830000       0.024260       0.916792       0.000574       0.420829         -0.000026
    0.840000       0.033425       0.916240       0.001081       0.420828         -0.000026
    0.850000       0.042584       0.915522       0.001738       0.420828         -0.000026
    0.860000       0.051736       0.914643       0.002542       0.420828         -0.000027
    0.870000       0.060877       0.913608       0.003488       0.420828         -0.000027
    0.880000       0.070008       0.912421       0.004572       0.420828         -0.000028
    0.890000       0.079126       0.911087       0.005788       0.420828         -0.000028
    0.900000       0.088229       0.909611       0.007132       0.420827         -0.000028
    0.910000       0.097318       0.907996       0.008599       0.420827         -0.000029
    0.920000       0.106389       0.906246       0.010186       0.420827         -0.000029
    0.930000       0.115443       0.904367       0.011887       0.420827         -0.000029
    0.940000       0.124477       0.902362       0.013699       0.420827         -0.000030
    0.950000       0.133490       0.900234       0.015616       0.420827         -0.000030
    0.960000       0.142481       0.897989       0.017635       0.420827         -0.000030
    0.970000       0.151450       0.895629       0.019751       0.420826         -0.000031
    0.980000       0.160394       0.893158       0.021961       0.420826         -0.000031
    0.990000       0.169313       0.890580       0.024260       0.420826         -0.000031
    1.000000       0.178206       0.887899       0.026644       0.420826         -0.000031
    1.010000       0.187071       0.885117       0.029110       0.420826         -0.000032
    1.020000       0.195908       0.882239       0.031653       0.420826         -0.000032
    1.030000       0.204716       0.879268       0.034270       0.420826         -0.000032
    1.040000       0.213493       0.876206       0.036957       0.420826         -0.000032
    1.050000       0.222240       0.873057       0.039711       0.420826         -0.000033
    1.060000       0.230954       0.869824       0.042529       0.420825         -0.000033
    1.070000       0.239636       0.866510       0.045406       0.420825         -0.000033
    1.080000       0.248285       0.863118       0.048339       0.420825         -0.000033
    1.090000       0.256899       0.859650       0.051326       0.420825         -0.000033
    1.100000       0.265478       0.856109       0.054364       0.420825         -0.000034
    1.110000       0.274021       0.852498       0.057448       0.420825         -0.000034
    1.120000       0.282528       0.848820       0.060577       0.420825         -0.000034
    1.130000       0.290997       0.845077       0.063747       0.420825         -0.000034
    1.140000       0.299429       0.841271       0.066956       0.420825         -0.000034
    1.150000       0.307823       0.837405       0.070201       0.420825         -0.000035
    1.160000       0.316177       0.833482       0.073479       0.420825         -0.000035
    1.170000       0.324492       0.829502       0.076788       0.420825         -0.000035
    1.180000       0.332767       0.825469       0.080125       0.420825         -0.000035
    1.190000       0.341002       0.821385       0.083488       0.420824         -0.000035
    1.200000       0.349195       0.817252       0.086874       0.420824         -0.000035
    1.210000       0.357347       0.813071       0.090282       0.420824         -0.000035
    1.220000       0.365456       0.808845       0.093710       0.420824         -0.000036
    1.230000       0.373524       0.804575       0.097154       0.420824         -0.000036
    1.240000       0.381548       0.800263       0.100614       0.420824         -0.000036
    1.250000       0.389529       0.795912       0.104086       0.420824         -0.000036
    1.260000       0.397466       0.791522       0.107570       0.420824         -0.000036
    1.270000       0.405359       0.787096       0.111064       0.420824         -0.000036
    1.280000       0.413208       0.782635       0.114566       0.420824         -0.000036
    1.290000       0.421012       0.778140       0.118073       0.420824         -0.000036
    1.300000       0.428771       0.773613       0.121585       0.420824         -0.000036
    1.310000       0.436484       0.769056       0.125100       0.420824         -0.000037
    1.320000       0.444152       0.764470       0.128617       0.420824         -0.000037
    1.330000       0.451774       0.759856       0.132134       0.420824         -0.000037
    1.340000       0.459349       0.755215       0.135649       0.420824         -0.000037
    1.350000       0.466878       0.750550       0.139161       0.420824         -0.000037
    1.360000       0.474360       0.745860       0.142670       0.420824         -0.000037
    1.370000       0.481795       0.741148       0.146174       0.420824         -0.000037
    1.380000       0.489183       0.736414       0.149671       0.420824         -0.000037
    1.390000       0.496524       0.731660       0.153160       0.420824         -0.000037
    1.400000       0.503816       0.726887       0.156642       0.420824         -0.000037
    1.410000       0.511061       0.722095       0.160113       0.420824         -0.000037
    1.420000       0.518258       0.717286       0.163574       0.420824         -0.000037
    1.430000       0.525407       0.712460       0.167024       0.420824         -0.000037
    1.440000       0.532507       0.707619       0.170461       0.420824         -0.000037
    1.450000       0.539559       0.702764       0.173885       0.420824         -0.000038
    1.460000       0.546563       0.697895       0.177295       0.420823         -0.000038
    1.470000       0.553517       0.693014       0.180690       0.420823         -0.000038
    1.480000       0.560423       0.688120       0.184069       0.420823         -0.000038
    1.490000       0.567280       0.683215       0.187432       0.420823         -0.000038
    1.500000       0.574087       0.678300       0.190778       0.420823         -0.000038
    1.510000       0.580846       0.673375       0.194106       0.420823         -0.000038
    1.520000       0.587555       0.668441       0.197416       0.420823         -0.000038
    1.530000       0.594215       0.663499       0.200708       0.420823         -0.000038
    1.540000       0.600825       0.658550       0.203979       0.420823         -0.000038
    1.550000       0.607386       0.653593       0.207231       0.420823         -0.000038
    1.560000       0.613897       0.648630       0.210463       0.420823         -0.000038
    1.570000       0.620358       0.643661       0.213673       0.420823         -0.000038
    1.580000       0.626770       0.638687       0.216863       0.420823         -0.000038
    1.590000       0.633132       0.633708       0.220030       0.420823         -0.000038
    1.600000       0.639444       0.628726       0.223175       0.420823         -0.000038
    1.610000       0.645706       0.623739       0.226298       0.420823         -0.000038
    1.620000       0.651919       0.618749       0.229398       0.420823         -0.000038
    1.630000       0.658081       0.613757       0.232474       0.420823         -0.000038
    1.640000       0.664194       0.608762       0.235528       0.420823         -0.000038
    1.650000       0.670257       0.603766       0.238557       0.420823         -0.000038
    1.660000       0.676269       0.598768       0.241562       0.420823         -0.000038
    1.670000       0.682232       0.593769       0.244543       0.420823         -0.000038
    1.680000       0.688145       0.588769       0.247499       0.420823         -0.000038
    1.690000       0.694007       0.583769       0.250430       0.420823         -0.000038
    1.700000       0.699820       0.578769       0.253336       0.420823         -0.000038
    1.710000       0.705583       0.573769       0.256217       0.420823         -0.000038
    1.720000       0.711295       0.568771       0.259073       0.420823         -0.000038
    1.730000       0.716958       0.563773       0.261903       0.420823         -0.000038
    1.740000       0.722571       0.558776       0.264708       0.420823         -0.000038
    1.750000       0.728134       0.553781       0.267486       0.420823         -0.000038
    1.760000       0.733647       0.548788       0.270239       0.420823         -0.000038
    1.770000       0.739109       0.543797       0.272965       0.420823         -0.000038
    1.780000       0.744522       0.538808       0.275666       0.420823         -0.000038
    1.790000       0.749886       0.533822       0.278340       0.420823         -0.000038
    1.800000       0.755199       0.528839       0.280988       0.420823         -0.000038
    1.810000       0.760462       0.523858       0.283609       0.420823         -0.000038
    1.820000       0.765676       0.518881       0.286204       0.420823         -0.000039
    1.830000       0.770840       0.513907       0.288773       0.420823         -0.000039
    1.840000       0.775954       0.508937       0.291315       0.420823         -0.000039
    1.850000       0.781019       0.503971       0.293830       0.420823         -0.000039
    1.860000       0.786034       0.499008       0.296319       0.420823         -0.000039
    1.870000       0.790999       0.494049       0.298781       0.420823         -0.000039
    1.880000       0.795915       0.489095       0.301216       0.420823         -0.000039
    1.890000       0.800781       0.484145       0.303625       0.420823         -0.000039
    1.900000       0.805598       0.479199       0.306007       0.420823         -0.000039
    1.910000       0.810365       0.474258       0.308363       0.420823         -0.000039
    1.920000       0.815083       0.469321       0.310692       0.420823         -0.000039
    1.930000       0.819751       0.464390       0.312994       0.420823         -0.000039
    1.940000       0.824370       0.459463       0.315270       0.420823         -0.000039
    1.950000       0.828940       0.454541       0.317519       0.420823         -0.000039
    1.960000       0.833461       0.449624       0.319742       0.420823         -0.000039
    1.970000       0.837933       0.444712       0.321938       0.420823         -0.000039
    1.980000       0.842356       0.439806       0.324108       0.420823         -0.000039
    1.990000       0.846729       0.434905       0.326252       0.420823         -0.000039
    2.000000       0.851054       0.430009       0.328369       0.420823         -0.000039
    2.010000       0.855329       0.425118       0.330460       0.420823         -0.000039
    2.020000       0.859556       0.420233       0.332525       0.420823         -0.000039
    2.030000       0.863734       0.415353       0.334564       0.420823         -0.000039
    2.040000       0.867863       0.410479       0.336577       0.420823         -0.000039
    2.050000       0.871943       0.405610       0.338563       0.420823         -0.000039
    2.060000       0.875975       0.400747       0.340524       0.420823         -0.000039
    2.070000       0.879958       0.395889       0.342459       0.420823         -0.000039
    2.080000       0.883893       0.391037       0.344368       0.420823         -0.000039
    2.090000       0.887779       0.386191       0.346251       0.420823         -0.000039
    2.100000       0.891617       0.381350       0.348109       0.420823         -0.000039
    2.110000       0.895406       0.376515       0.349941       0.420823         -0.000039
    2.120000       0.899147       0.371685       0.351748       0.420823         -0.000039
    2.130000       0.902840       0.366862       0.353529       0.420823         -0.000039
    2.140000       0.906484       0.362043       0.355285       0.420823         -0.000039
    2.150000       0.910081       0.357231       0.357016       0.420823         -0.000039
    2.160000       0.913629       0.352424       0.358722       0.420823         -0.000039
    2.170000       0.917129       0.347622       0.360402       0.420823         -0.000039
    2.180000       0.920581       0.342826       0.362058       0.420823         -0.000039
    2.190000       0.923986       0.338036       0.363689       0.420823         -0.000039
    2.200000       0.927342       0.333251       0.365295       0.420823         -0.000039
    2.210000       0.930651       0.328472       0.366876       0.420823         -0.000039
    2.220000       0.933912       0.323698       0.368433       0.420823         -0.000039
    2.230000       0.937125       0.318930       0.369965       0.420823         -0.000039
    2.240000       0.940290       0.314167       0.371473       0.420823         -0.000039
    2.250000       0.943408       0.309409       0.372956       0.420823         -0.000039
    2.260000       0.946478       0.304657       0.374415       0.420823         -0.000039
    2.270000       0.949501       0.299910       0.375850       0.420823         -0.000039
    2.280000       0.952477       0.295168       0.377261       0.420823         -0.000039
    2.290000       0.955405       0.290432       0.378648       0.420823         -0.000039
    2.300000       0.958285       0.285701       0.380011       0.420823         -0.000039
    2.310000       0.961119       0.280974       0.381350       0.420823         -0.000039
    2.320000       0.963905       0.276253       0.382665       0.420823         -0.000039
    2.330000       0.966644       0.271537       0.383957       0.420823         -0.000039
    2.340000       0.969335       0.266826       0.385225       0.420823         -0.000039
    2.350000       0.971980       0.262119       0.386470       0.420823         -0.000039
    2.360000       0.974578       0.257418       0.387691       0.420823         -0.000039
    2.370000       0.977129       0.252721       0.388889       0.420823         -0.000039
    2.380000       0.979632       0.248029       0.390064       0.420823         -0.000039
    2.390000       0.982089       0.243342       0.391215       0.420823         -0.000039
    2.400000       0.984499       0.238659       0.392344       0.420823         -0.000039
    2.410000       0.986862       0.233980       0.393450       0.420823         -0.000039
    2.420000       0.989179       0.229307       0.394532       0.420823         -0.000039
    2.430000       0.991448       0.224637       0.395592       0.420823         -0.000039
    2.440000       0.993671       0.219972       0.396629       0.420823         -0.000039
    2.450000       0.995848       0.215311       0.397644       0.420823         -0.000039
    2.460000       0.997978       0.210654       0.398635       0.420823         -0.000039
    2.470000       1.000061       0.206001       0.399605       0.420823         -0.000039
    2.480000       1.002098       0.201352       0.400552       0.420823         -0.000039
    2.490000       1.004088       0.196708       0.401476       0.420823         -0.000039
    2.500000       1.006032       0.192067       0.402378       0.420823         -0.000039
    2.510000       1.007929       0.187429       0.403258       0.420823         -0.000039
    2.520000       1.009780       0.182796       0.404116       0.420823         -0.000039
    2.530000       1.011585       0.178166       0.404951       0.420823         -0.000039
    2.540000       1.013344       0.173540       0.405765       0.420823         -0.000039
    2.550000       1.015056       0.168917       0.406557       0.420823         -0.000039
    2.560000       1.016722       0.164297       0.407326       0.420823         -0.000039
    2.570000       1.018342       0.159681       0.408074       0.420823         -0.000039
    2.580000       1.019916       0.155068       0.408800       0.420823         -0.000039
    2.590000       1.021443       0.150458       0.409504       0.420823         -0.000039
    2.600000       1.022925       0.145851       0.410187       0.420823         -0.000039
    2.610000       1.024360       0.141247       0.410848       0.420823         -0.000039
    2.620000       1.025750       0.136646       0.411487       0.420823         -0.000039
    2.630000       1.027093       0.132048       0.412105       0.420823         -0.000039
    2.640000       1.028391       0.127452       0.412701       0.420823         -0.000039
    2.650000       1.029642       0.122859       0.413276       0.420823         -0.000039
    2.660000       1.030848       0.118268       0.413829       0.420823         -0.000039
    2.670000       1.032008       0.113680       0.414361       0.420823         -0.000039
    2.680000       1.033122       0.109095       0.414872       0.420823         -0.000039
    2.690000       1.034190       0.104511       0.415362       0.420823         -0.000039
    2.700000       1.035212       0.099930       0.415830       0.420823         -0.000039
    2.710000       1.036188       0.095350       0.416277       0.420823         -0.000039
    2.720000       1.037119       0.090773       0.416703       0.420823         -0.000039
    2.730000       1.038004       0.086197       0.417108       0.420823         -0.000039
    2.740000       1.038843       0.081624       0.417492       0.420823         -0.000039
    2.750000       1.039636       0.077052       0.417855       0.420823         -0.000039
    2.760000       1.040384       0.072481       0.418196       0.420823         -0.000039
    2.770000       1.041086       0.067912       0.418517       0.420823         -0.000039
    2.780000       1.041742       0.063345       0.418817       0.420823         -0.000039
    2.790000       1.042353       0.058778       0.419096       0.420823         -0.000039
    2.800000       1.042918       0.054213       0.419353       0.420823         -0.000039
    2.810000       1.043437       0.049650       0.419590       0.420823         -0.000039
    2.820000       1.043911       0.045087       0.419807       0.420823         -0.000039
    2.830000       1.044339       0.040525       0.420002       0.420823         -0.000039
    2.840000       1.044721       0.035964       0.420176       0.420823         -0.000039
    2.850000       1.045058       0.031404       0.420330       0.420823         -0.000039
    2.860000       1.045349       0.026844       0.420463       0.420823         -0.000039
    2.870000       1.045595       0.022285       0.420575       0.420823         -0.000039
    2.880000       1.045795       0.017726       0.420666       0.420823         -0.000039
    2.890000       1.045949       0.013168       0.420736       0.420823         -0.000039
    2.900000       1.046058       0.008610       0.420786       0.420823         -0.000039
    2.910000       1.046121       0.004052       0.420815       0.420823         -0.000039
    2.920000       1.046139      -0.000506       0.420823       0.420823         -0.000039
    2.930000       1.046111      -0.005063       0.420810       0.420823         -0.000039
    2.940000       1.046038      -0.009621       0.420777       0.420823         -0.000039
    2.950000       1.045919      -0.014179       0.420722       0.420823         -0.000039
    2.960000       1.045754      -0.018737       0.420647       0.420823         -0.000039
    2.970000       1.045544      -0.023296       0.420552       0.420823         -0.000039
    2.980000       1.045288      -0.027855       0.420435       0.420823         -0.000039
    2.990000       1.044987      -0.032415       0.420298       0.420823         -0.000039
    3.000000       1.044640      -0.036976       0.420139       0.420823         -0.000039
    3.010000       1.044248      -0.041537       0.419960       0.420823         -0.000039
    3.020000       1.043809      -0.046099       0.419760       0.420823         -0.000039
    3.030000       1.043326      -0.050662       0.419540       0.420823         -0.000039
    3.040000       1.042796      -0.055226       0.419298       0.420823         -0.000039
    3.050000       1.042221      -0.059791       0.419035       0.420823         -0.000039
    3.060000       1.041600      -0.064358       0.418752       0.420823         -0.000039
    3.070000       1.040934      -0.068926       0.418448       0.420823         -0.000039
    3.080000       1.040222      -0.073495       0.418122       0.420823         -0.000039
    3.090000       1.039464      -0.078066       0.417776       0.420823         -0.000039
    3.100000       1.038661      -0.082638       0.417408       0.420823         -0.000039
    3.110000       1.037811      -0.087212       0.417020       0.420823         -0.000039
    3.120000       1.036916      -0.091788       0.416610       0.420823         -0.000039
    3.130000       1.035976      -0.096366       0.416180       0.420823         -0.000039
    3.140000       1.034989      -0.100946       0.415728       0.420823         -0.000039
    3.150000       1.033957      -0.105528       0.415255       0.420823         -0.000039
    3.160000       1.032878      -0.110112       0.414761       0.420823         -0.000039
    3.170000       1.031754      -0.114698       0.414245       0.420823         -0.000039
    3.180000       1.030584      -0.119287       0.413708       0.420823         -0.000039
    3.190000       1.029369      -0.123878       0.413150       0.420823         -0.000039
    3.200000       1.028107      -0.128471       0.412571       0.420823         -0.000039
    3.210000       1.026799      -0.133068       0.411969       0.420823         -0.000039
    3.220000       1.025446      -0.137667       0.411347       0.420823         -0.000039
    3.230000       1.024046      -0.142268       0.410703       0.420823         -0.000039
    3.240000       1.022600      -0.146873       0.410037       0.420823         -0.000039
    3.250000       1.021108      -0.151480       0.409350       0.420823         -0.000039
    3.260000       1.019571      -0.156091       0.408641       0.420823         -0.000039
    3.270000       1.017987      -0.160705       0.407910       0.420823         -0.000039
    3.280000       1.016356      -0.165322       0.407157       0.420823         -0.000039
    3.290000       1.014680      -0.169942       0.406383       0.420823         -0.000039
    3.300000       1.012958      -0.174566       0.405586       0.420823         -0.000039
    3.310000       1.011189      -0.179193       0.404768       0.420823         -0.000039
    3.320000       1.009374      -0.183824       0.403927       0.420823         -0.000039
    3.330000       1.007512      -0.188458       0.403065       0.420823         -0.000039
    3.340000       1.005605      -0.193096       0.402180       0.420823         -0.000039
    3.350000       1.003650      -0.197738       0.401273       0.420823         -0.000039
    3.360000       1.001650      -0.202383       0.400343       0.420823         -0.000039
    3.370000       0.999603      -0.207033       0.399392       0.420823         -0.000039
    3.380000       0.997509      -0.211687       0.398417       0.420823         -0.000039
    3.390000       0.995369      -0.216344       0.397421       0.420823         -0.000039
    3.400000       0.993182      -0.221006       0.396401       0.420823         -0.000039
    3.410000       0.990949      -0.225673       0.395359       0.420823         -0.000039
    3.420000       0.988669      -0.230343       0.394294       0.420823         -0.000039
    3.430000       0.986342      -0.235018       0.393206       0.420823         -0.000039
    3.440000       0.983968      -0.239697       0.392096       0.420823         -0.000039
    3.450000       0.981548      -0.244381       0.390962       0.420823         -0.000039
    3.460000       0.979081      -0.249070       0.389805       0.420823         -0.000039
    3.470000       0.976567      -0.253763       0.388625       0.420823         -0.000039
    3.480000       0.974006      -0.258460       0.387422       0.420823         -0.000039
    3.490000       0.971398      -0.263163       0.386196       0.420823         -0.000039
    3.500000       0.968742      -0.267871       0.384946       0.420823         -0.000039
    3.510000       0.966040      -0.272583       0.383672       0.420823         -0.000039
    3.520000       0.963291      -0.277300       0.382375       0.420823         -0.000039
    3.530000       0.960494      -0.282022       0.381055       0.420823         -0.000039
    3.540000       0.957650      -0.286750       0.379710       0.420823         -0.000039
    3.550000       0.954759      -0.291482       0.378342       0.420823         -0.000039
    3.560000       0.951821      -0.296220       0.376950       0.420823         -0.000039
    3.570000       0.948835      -0.300963       0.375534       0.420823         -0.000039
    3.580000       0.945801      -0.305711       0.374093       0.420823         -0.000039
    3.590000       0.942720      -0.310464       0.372629       0.420823         -0.000039
    3.600000       0.939592      -0.315223       0.371140       0.420823         -0.000039
    3.610000       0.936416      -0.319987       0.369627       0.420823         -0.000039
    3.620000       0.933192      -0.324757       0.368090       0.420823         -0.000039
    3.630000       0.929921      -0.329532       0.366527       0.420823         -0.000039
    3.640000       0.926602      -0.334312       0.364941       0.420823         -0.000039
    3.650000       0.923235      -0.339098       0.363329       0.420823         -0.000039
    3.660000       0.919820      -0.343890       0.361693       0.420823         -0.000039
    3.670000       0.916357      -0.348687       0.360032       0.420823         -0.000039
    3.680000       0.912846      -0.353490       0.358346       0.420823         -0.000039
    3.690000       0.909287      -0.358298       0.356634       0.420823         -0.000039
    3.700000       0.905680      -0.363112       0.354898       0.420823         -0.000039
    3.710000       0.902025      -0.367931       0.353136       0.420823         -0.000039
    3.720000       0.898321      -0.372756       0.351349       0.420823         -0.000039
    3.730000       0.894570      -0.377587       0.349537       0.420823         -0.000039
    3.740000       0.890770      -0.382423       0.347699       0.420823         -0.000039
    3.750000       0.886921      -0.387266       0.345836       0.420823         -0.000039
    3.760000       0.883024      -0.392113       0.343947       0.420823         -0.000039
    3.770000       0.879079      -0.396966       0.342032       0.420823         -0.000039
    3.780000       0.875085      -0.401825       0.340091       0.420823         -0.000039
    3.790000       0.871042      -0.406690       0.338125       0.420823         -0.000039
    3.800000       0.866951      -0.411560       0.336132       0.420823         -0.000039
    3.810000       0.862811      -0.416435       0.334114       0.420823         -0.000039
    3.820000       0.858623      -0.421316       0.332069       0.420823         -0.000039
    3.830000       0.854385      -0.426203       0.329999       0.420823         -0.000039
    3.840000       0.850098      -0.431094       0.327902       0.420823         -0.000039
    3.850000       0.845763      -0.435992       0.325779       0.420823         -0.000039
    3.860000       0.841379      -0.440894       0.323629       0.420823         -0.000039
    3.870000       0.836945      -0.445802       0.321453       0.420823         -0.000039
    3.880000       0.832463      -0.450715       0.319251       0.420823         -0.000039
    3.890000       0.827931      -0.455633       0.317023       0.420823         -0.000039
    3.900000       0.823350      -0.460556       0.314767       0.420823         -0.000039
    3.910000       0.818720      -0.465483       0.312486       0.420823         -0.000039
    3.920000       0.814040      -0.470416       0.310177       0.420823         -0.000039
    3.930000       0.809311      -0.475354       0.307842       0.420823         -0.000039
    3.940000       0.804533      -0.480296       0.305481       0.420823         -0.000039
    3.950000       0.799706      -0.485243       0.303093       0.420823         -0.000039
    3.960000       0.794828      -0.490194       0.300678       0.420823         -0.000039
    3.970000       0.789902      -0.495149       0.298237       0.420823         -0.000039
    3.980000       0.784925      -0.500109       0.295769       0.420823         -0.000039
    3.990000       0.779899      -0.505072       0.293274       0.420823         -0.000039
    4.000000       0.774824      -0.510039       0.290753       0.420823         -0.000039
    4.010000       0.769699      -0.515011       0.288205       0.420823         -0.000039
    4.020000       0.764524      -0.519985       0.285631       0.420823         -0.000039
    4.030000       0.759299      -0.524963       0.283030       0.420823         -0.000039
    4.040000       0.754024      -0.529944       0.280403       0.420823         -0.000038
    4.050000       0.748700      -0.534928       0.277749       0.420823         -0.000038
    4.060000       0.743326      -0.539915       0.275069       0.420823         -0.000038
    4.070000       0.737902      -0.544904       0.272363       0.420823         -0.000038
    4.080000       0.732428      -0.549896       0.269631       0.420823         -0.000038
    4.090000       0.726904      -0.554889       0.266872       0.420823         -0.000038
    4.100000       0.721330      -0.559885       0.264088       0.420823         -0.000038
    4.110000       0.715706      -0.564881       0.261278       0.420823         -0.000038
    4.120000       0.710032      -0.569879       0.258442       0.420823         -0.000038
    4.130000       0.704309      -0.574879       0.255580       0.420823         -0.000038
    4.140000       0.698535      -0.579878       0.252694       0.420823         -0.000038
    4.150000       0.692711      -0.584878       0.249782       0.420823         -0.000038
    4.160000       0.686837      -0.589878       0.246845       0.420823         -0.000038
    4.170000       0.680913      -0.594878       0.243883       0.420823         -0.000038
    4.180000       0.674940      -0.599876       0.240897       0.420823         -0.000038
    4.190000       0.668916      -0.604874       0.237887       0.420823         -0.000038
    4.200000       0.662842      -0.609870       0.234852       0.420823         -0.000038
    4.210000       0.656719      -0.614865       0.231794       0.420823         -0.000038
    4.220000       0.650545      -0.619856       0.228712       0.420823         -0.000038
    4.230000       0.644321      -0.624846       0.225607       0.420823         -0.000038
    4.240000       0.638048      -0.629831       0.222479       0.420823         -0.000038
    4.250000       0.631725      -0.634813       0.219329       0.420823         -0.000038
    4.260000       0.625352      -0.639791       0.216157       0.420823         -0.000038
    4.270000       0.618929      -0.644764       0.212963       0.420823         -0.000038
    4.280000       0.612456      -0.649732       0.209748       0.420823         -0.000038
    4.290000       0.605934      -0.654693       0.206512       0.420823         -0.000038
    4.300000       0.599363      -0.659648       0.203255       0.420823         -0.000038
    4.310000       0.592741      -0.664596       0.199979       0.420823         -0.000038
    4.320000       0.586071      -0.669537       0.196684       0.420823         -0.000038
    4.330000       0.579351      -0.674469       0.193369       0.420823         -0.000038
    4.340000       0.572581      -0.679391       0.190037       0.420823         -0.000038
    4.350000       0.565763      -0.684304       0.186687       0.420823         -0.000038
    4.360000       0.558895      -0.689207       0.183321       0.420823         -0.000038
    4.370000       0.551979      -0.694098       0.179938       0.420823         -0.000038
    4.380000       0.545013      -0.698977       0.176539       0.420823         -0.000038
    4.390000       0.537999      -0.703842       0.173126       0.420824         -0.000037
    4.400000       0.530936      -0.708695       0.169699       0.420824         -0.000037
    4.410000       0.523825      -0.713532       0.166260       0.420824         -0.000037
    4.420000       0.516666      -0.718354       0.162807       0.420824         -0.000037
    4.430000       0.509458      -0.723159       0.159344       0.420824         -0.000037
    4.440000       0.502203      -0.727947       0.155870       0.420824         -0.000037
    4.450000       0.494899      -0.732717       0.152387       0.420824         -0.000037
    4.460000       0.487548      -0.737466       0.148895       0.420824         -0.000037
    4.470000       0.480150      -0.742195       0.145397       0.420824         -0.000037
    4.480000       0.472704      -0.746902       0.141892       0.420824         -0.000037
    4.490000       0.465212      -0.751587       0.138382       0.420824         -0.000037
    4.500000       0.457673      -0.756247       0.134869       0.420824         -0.000037
    4.510000       0.450087      -0.760881       0.131354       0.420824         -0.000037
    4.520000       0.442455      -0.765489       0.127837       0.420824         -0.000037
    4.530000       0.434777      -0.770069       0.124320       0.420824         -0.000036
    4.540000       0.427054      -0.774620       0.120806       0.420824         -0.000036
    4.550000       0.419285      -0.779140       0.117295       0.420824         -0.000036
    4.560000       0.411471      -0.783627       0.113788       0.420824         -0.000036
    4.570000       0.403612      -0.788081       0.110288       0.420824         -0.000036
    4.580000       0.395709      -0.792499       0.106797       0.420824         -0.000036
    4.590000       0.387762      -0.796881       0.103315       0.420824         -0.000036
    4.600000       0.379772      -0.801223       0.099845       0.420824         -0.000036
    4.610000       0.371738      -0.805526       0.096388       0.420824         -0.000036
    4.620000       0.363661      -0.809786       0.092948       0.420824         -0.000035
    4.630000       0.355542      -0.814002       0.089525       0.420824         -0.000035
    4.640000       0.347381      -0.818173       0.086121       0.420824         -0.000035
    4.650000       0.339179      -0.822296       0.082740       0.420825         -0.000035
    4.660000       0.330935      -0.826369       0.079382       0.420825         -0.000035
    4.670000       0.322651      -0.830390       0.076051       0.420825         -0.000035
    4.680000       0.314327      -0.834357       0.072749       0.420825         -0.000035
    4.690000       0.305964      -0.838268       0.069478       0.420825         -0.000034
    4.700000       0.297562      -0.842121       0.066241       0.420825         -0.000034
    4.710000       0.289122      -0.845913       0.063041       0.420825         -0.000034
    4.720000       0.280644      -0.849642       0.059879       0.420825         -0.000034
    4.730000       0.272129      -0.853305       0.056760       0.420825         -0.000034
    4.740000       0.263578      -0.856901       0.053686       0.420825         -0.000033
    4.750000       0.254991      -0.860425       0.050659       0.420825         -0.000033
    4.760000       0.246369      -0.863877       0.047684       0.420825         -0.000033
    4.770000       0.237713      -0.867252       0.044762       0.420825         -0.000033
    4.780000       0.229024      -0.870548       0.041898       0.420826         -0.000033
    4.790000       0.220302      -0.873763       0.039095       0.420826         -0.000032
    4.800000       0.211549      -0.876893       0.036355       0.420826         -0.000032
    4.810000       0.202764      -0.879935       0.033683       0.420826         -0.000032
    4.820000       0.193950      -0.882886       0.031082       0.420826         -0.000032
    4.830000       0.185107      -0.885743       0.028556       0.420826         -0.000031
    4.840000       0.176235      -0.888502       0.026108       0.420826         -0.000031
    4.850000       0.167337      -0.891161       0.023742       0.420826         -0.000031
    4.860000       0.158412      -0.893715       0.021463       0.420826         -0.000031
    4.870000       0.149462      -0.896162       0.019274       0.420827         -0.000030
    4.880000       0.140489      -0.898497       0.017178       0.420827         -0.000030
    4.890000       0.131492      -0.900717       0.015182       0.420827         -0.000030
    4.900000       0.122475      -0.902817       0.013288       0.420827         -0.000029
    4.910000       0.113436      -0.904795       0.011500       0.420827         -0.000029
    4.920000       0.104379      -0.906646       0.009824       0.420827         -0.000029
    4.930000       0.095303      -0.908366       0.008263       0.420827         -0.000028
    4.940000       0.086211      -0.909950       0.006823       0.420828         -0.000028
    4.950000       0.077104      -0.911396       0.005507       0.420828         -0.000027
    4.960000       0.067983      -0.912697       0.004320       0.420828         -0.000027
    4.970000       0.058850      -0.913851       0.003266       0.420828         -0.000027
    4.980000       0.049706      -0.914852       0.002351       0.420828         -0.000026
    4.990000       0.040553      -0.915695       0.001579       0.420828         -0.000026
    5.000000       0.031393      -0.916377       0.000955       0.420829         -0.000025
    5.010000       0.022226      -0.916892       0.000483       0.420829         -0.000025
    5.020000       0.013055      -0.917236       0.000168       0.420829         -0.000025
    5.030000       0.003881      -0.917403       0.000015       0.420829         -0.000024
    5.040000      -0.005293      -0.917389       0.000028       0.420829         -0.000024
    5.050000      -0.014467      -0.917188       0.000212       0.420830         -0.000023
    5.060000      -0.023637      -0.916796       0.000572       0.420830         -0.000023
    5.070000      -0.032803      -0.916207       0.001112       0.420830         -0.000022
    5.080000      -0.041961      -0.915417       0.001836       0.420830         -0.000022
    5.090000      -0.051111      -0.914418       0.002750       0.420830         -0.000021
    5.100000      -0.060250      -0.913208       0.003857       0.420831         -0.000021
    5.110000      -0.069375      -0.911779       0.005161       0.420831         -0.000020
    5.120000      -0.078485      -0.910126       0.006666       0.420831         -0.000020
    5.130000      -0.087578      -0.908245       0.008377       0.420831         -0.000019
    5.140000      -0.096650      -0.906128       0.010297       0.420832         -0.000018
    5.150000      -0.105700      -0.903772       0.012430       0.420832         -0.000018
    5.160000      -0.114726      -0.901170       0.014778       0.420832         -0.000017
    5.170000      -0.123724      -0.898317       0.017346       0.420832         -0.000017
    5.180000      -0.132692      -0.895207       0.020135       0.420833         -0.000016
    5.190000      -0.141628      -0.891834       0.023149       0.420833         -0.000015
    5.200000      -0.150529      -0.888193       0.026390       0.420833         -0.000015
    5.210000      -0.159392      -0.884279       0.029859       0.420833         -0.000014
    5.220000      -0.168214      -0.880085       0.033559       0.420834         -0.000014
    5.230000      -0.176993      -0.875607       0.037490       0.420834         -0.000013
    5.240000      -0.185726      -0.870839       0.041654       0.420834         -0.000012
    5.250000      -0.194410      -0.865776       0.046051       0.420834         -0.000012
    5.260000      -0.203042      -0.860411       0.050681       0.420835         -0.000011
    5.270000      -0.211618      -0.854742       0.055543       0.420835         -0.000011
    5.280000      -0.220137      -0.848761       0.060638       0.420835         -0.000010
    5.290000      -0.228594      -0.842464       0.065962       0.420835         -0.000009
    5.300000      -0.236986      -0.835847       0.071515       0.420836         -0.000009
    5.310000      -0.245310      -0.828905       0.077294       0.420836         -0.000008
    5.320000      -0.253564      -0.821633       0.083296       0.420836         -0.000007
    5.330000      -0.261743      -0.814027       0.089516       0.420836         -0.000007
    5.340000      -0.269845      -0.806083       0.095952       0.420837         -0.000006
    5.350000      -0.277865      -0.797797       0.102597       0.420837         -0.000006
    5.360000      -0.285800      -0.789165       0.109446       0.420837         -0.000005
    5.370000      -0.293648      -0.780184       0.116494       0.420837         -0.000004
    5.380000      -0.301404      -0.770851       0.123732       0.420838         -0.000004
    5.390000      -0.309065      -0.761163       0.131153       0.420838         -0.000003
    5.400000      -0.316627      -0.751117       0.138750       0.420838         -0.000003
    5.410000      -0.324087      -0.740712       0.146512       0.420838         -0.000002
    5.420000      -0.331442      -0.729944       0.154429       0.420839         -0.000002
    5.430000      -0.338686      -0.718814       0.162492       0.420839         -0.000001
    5.440000      -0.345818      -0.707319       0.170689       0.420839         -0.000000
    5.450000      -0.352833      -0.695459       0.179008       0.420839          0.000000
    5.460000      -0.359727      -0.683233       0.187436       0.420840          0.000001
    5.470000      -0.366497      -0.670642       0.195959       0.420840          0.000001
    5.480000      -0.373140      -0.657687       0.204564       0.420840          0.000001
    5.490000      -0.379651      -0.644367       0.213236       0.420840          0.000002
    5.500000      -0.386027      -0.630685       0.221959       0.420840          0.000002
    5.510000      -0.392265      -0.616642       0.230717       0.420840          0.000003
    5.520000      -0.398360      -0.602242       0.239493       0.420841          0.000003
    5.530000      -0.404310      -0.587486       0.248271       0.420841          0.000003
    5.540000      -0.410110      -0.572379       0.257032       0.420841          0.000004
    5.550000      -0.415757      -0.556924       0.265759       0.420841          0.000004
    5.560000      -0.421248      -0.541127       0.274432       0.420841          0.000005
    5.570000      -0.426580      -0.524991       0.283033       0.420841          0.000005
    5.580000      -0.431748      -0.508524       0.291543       0.420841          0.000005
    5.590000      -0.436750      -0.491731       0.299942       0.420842          0.000005
    5.600000      -0.441583      -0.474618       0.308210       0.420842          0.000006
    5.610000      -0.446243      -0.457195       0.316328       0.420842          0.000006
    5.620000      -0.450727      -0.439467       0.324276       0.420842          0.000006
    5.630000      -0.455032      -0.421445       0.332034       0.420842          0.000006
    5.640000      -0.459156      -0.403136       0.339583       0.420842          0.000007
    5.650000      -0.463095      -0.384551       0.346902       0.420842          0.000007
    5.660000      -0.466847      -0.365700       0.353974       0.420842          0.000007
    5.670000      -0.470409      -0.346594       0.360779       0.420842          0.000007
    5.680000      -0.473779      -0.327243       0.367298       0.420842          0.000007
    5.690000      -0.476954      -0.307659       0.373515       0.420842          0.000007
    5.700000      -0.479932      -0.287855       0.379412       0.420842          0.000007
    5.710000      -0.482711      -0.267844       0.384972       0.420842          0.000008
    5.720000      -0.485289      -0.247638       0.390180       0.420843          0.000008
    5.730000      -0.487664      -0.227251       0.395021       0.420843          0.000008
    5.740000      -0.489834      -0.206696       0.399481       0.420843          0.000008
    5.750000      -0.491798      -0.185989       0.403547       0.420843          0.000008
    5.760000      -0.493554      -0.165144       0.407206       0.420843          0.000008
    5.770000      -0.495101      -0.144176       0.410449       0.420843          0.000008
    5.780000      -0.496437      -0.123100       0.413266       0.420843          0.000008
    5.790000      -0.497563      -0.101931       0.415648       0.420843          0.000009
    5.800000      -0.498476      -0.080685       0.417588       0.420843          0.000009
    5.810000      -0.499176      -0.059379       0.419080       0.420843          0.000009
    5.820000      -0.499664      -0.038028       0.420120       0.420843          0.000009
    5.830000      -0.499937      -0.016648       0.420704       0.420843          0.000009
    5.840000      -0.499997       0.004745       0.420832       0.420843          0.000009
    5.850000      -0.499842       0.026134       0.420502       0.420843          0.000009
    5.860000      -0.499474       0.047504       0.419715       0.420843          0.000009
    5.870000      -0.498892       0.068837       0.418474       0.420843          0.000009
    5.880000      -0.498097       0.090119       0.416783       0.420843          0.000009
    5.890000      -0.497090       0.111332       0.414646       0.420843          0.000010
    5.900000      -0.495871       0.132462       0.412070       0.420843          0.000010
    5.910000      -0.494441       0.153492       0.409063       0.420843          0.000010
    5.920000      -0.492801       0.174408       0.405634       0.420843          0.000010
    5.930000      -0.490952       0.195193       0.401793       0.420843          0.000010
    5.940000      -0.488897       0.215834       0.397551       0.420843          0.000010
    5.950000      -0.486636       0.236316       0.392921       0.420844          0.000010
    5.960000      -0.484171       0.256625       0.387915       0.420844          0.000010
    5.970000      -0.481503       0.276746       0.382549       0.420844          0.000010
    5.980000      -0.478636       0.296667       0.376838       0.420844          0.000010
    5.990000      -0.475570       0.316375       0.370797       0.420844          0.000010
    6.000000      -0.472308       0.335857       0.364444       0.420844          0.000010
    6.010000      -0.468853       0.355101       0.357795       0.420844          0.000010
    6.020000      -0.465206       0.374096       0.350870       0.420844          0.000010
    6.030000      -0.461371       0.392830       0.343686       0.420844          0.000010
    6.040000      -0.457350       0.411294       0.336262       0.420844          0.000010
    6.050000      -0.453145       0.429477       0.328619       0.420844          0.000010
    6.060000      -0.448760       0.447369       0.320774       0.420844          0.000010
    6.070000      -0.444198       0.464963       0.312748       0.420844          0.000010
    6.080000      -0.439461       0.482250       0.304561       0.420844          0.000010
    6.090000      -0.434553       0.499221       0.296232       0.420843          0.000010
    6.100000      -0.429477       0.515871       0.287782       0.420843          0.000010
    6.110000      -0.424235       0.532192       0.279229       0.420843          0.000010
    6.120000      -0.418833       0.548178       0.270594       0.420843          0.000009
    6.130000      -0.413272       0.563824       0.261894       0.420843          0.000009
    6.140000      -0.407556       0.579126       0.253150       0.420843          0.000009
    6.150000      -0.401689       0.594077       0.244379       0.420843          0.000009
    6.160000      -0.395675       0.608676       0.235600       0.420843          0.000009
    6.170000      -0.389516       0.622918       0.226829       0.420843          0.000008
    6.180000      -0.383216       0.636801       0.218085       0.420843          0.000008
    6.190000      -0.376780       0.650323       0.209383       0.420843          0.000008
    6.200000      -0.370210       0.663481       0.200739       0.420842          0.000007
    6.210000      -0.363510       0.676276       0.192168       0.420842          0.000007
    6.220000      -0.356684       0.688705       0.183685       0.420842          0.000007
    6.230000      -0.349736       0.700768       0.175304       0.420842          0.000006
    6.240000      -0.342669       0.712466       0.167038       0.420842          0.000006
    6.250000      -0.335487       0.723799       0.158899       0.420842          0.000005
    6.260000      -0.328193       0.734769       0.150899       0.420841          0.000005
    6.270000      -0.320792       0.745375       0.143049       0.420841          0.000004
    6.280000      -0.313286       0.755621       0.135359       0.420841          0.000004
    6.290000      -0.305679       0.765508       0.127840       0.420841          0.000004
    6.300000      -0.297975       0.775038       0.120498       0.420841          0.000003
    6.310000      -0.290178       0.784215       0.113344       0.420840          0.000003
    6.320000      -0.282291       0.793041       0.106383       0.420840          0.000002
    6.330000      -0.274318       0.801519       0.099624       0.420840          0.000001
    6.340000      -0.266261       0.809653       0.093071       0.420840          0.000001
    6.350000      -0.258124       0.817446       0.086730       0.420839          0.000000
    6.360000      -0.249912       0.824904       0.080606       0.420839         -0.000000
    6.370000      -0.241626       0.832029       0.074703       0.420839         -0.000001
    6.380000      -0.233271       0.838826       0.069024       0.420839         -0.000001
    6.390000      -0.224850       0.845301       0.063572       0.420838         -0.000002
    6.400000      -0.216365       0.851456       0.058349       0.420838         -0.000002
    6.410000      -0.207821       0.857299       0.053358       0.420838         -0.000003
    6.420000      -0.199219       0.862832       0.048598       0.420838         -0.000004
    6.430000      -0.190564       0.868062       0.044071       0.420838         -0.000004
    6.440000      -0.181858       0.872994       0.039778       0.420837         -0.000005
    6.450000      -0.173104       0.877633       0.035717       0.420837         -0.000005
    6.460000      -0.164305       0.881984       0.031889       0.420837         -0.000006
    6.470000      -0.155465       0.886053       0.028291       0.420837         -0.000006
    6.480000      -0.146584       0.889846       0.024924       0.420836         -0.000007
    6.490000      -0.137668       0.893367       0.021784       0.420836         -0.000008
    6.500000      -0.128717       0.896622       0.018870       0.420836         -0.000008
    6.510000      -0.119735       0.899618       0.016179       0.420836         -0.000009
    6.520000      -0.110725       0.902359       0.013709       0.420835         -0.000009
    6.530000      -0.101688       0.904851       0.011457       0.420835         -0.000010
    6.540000      -0.092628       0.907100       0.009419       0.420835         -0.000010
    6.550000      -0.083546       0.909112       0.007593       0.420835         -0.000011
    6.560000      -0.074445       0.910891       0.005973       0.420834         -0.000011
    6.570000      -0.065328       0.912444       0.004557       0.420834         -0.000012
    6.580000      -0.056196       0.913775       0.003341       0.420834         -0.000012
    6.590000      -0.047053       0.914891       0.002321       0.420834         -0.000013
    6.600000      -0.037899       0.915797       0.001492       0.420834         -0.000013
    6.610000      -0.028737       0.916497       0.000850       0.420833         -0.000014
    6.620000      -0.019569       0.916998       0.000391       0.420833         -0.000014
    6.630000      -0.010397       0.917305       0.000109       0.420833         -0.000015
    6.640000      -0.001223       0.917422       0.000001       0.420833         -0.000015
    6.650000       0.007952       0.917355       0.000063       0.420833         -0.000016
    6.660000       0.017125       0.917109       0.000288       0.420832         -0.000016
    6.670000       0.026294       0.916688       0.000673       0.420832         -0.000017
    6.680000       0.035458       0.916099       0.001214       0.420832         -0.000017
    6.690000       0.044616       0.915345       0.001904       0.420832         -0.000017
    6.700000       0.053765       0.914431       0.002740       0.420832         -0.000018
    6.710000       0.062905       0.913362       0.003717       0.420832         -0.000018
    6.720000       0.072032       0.912142       0.004830       0.420831         -0.000019
    6.730000       0.081147       0.910776       0.006075       0.420831         -0.000019
    6.740000       0.090248       0.909268       0.007447       0.420831         -0.000019
    6.750000       0.099333       0.907623       0.008941       0.420831         -0.000020
    6.760000       0.108400       0.905844       0.010554       0.420831         -0.000020
    6.770000       0.117450       0.903937       0.012280       0.420831         -0.000020
    6.780000       0.126479       0.901904       0.014115       0.420831         -0.000021
    6.790000       0.135488       0.899750       0.016055       0.420830         -0.000021
    6.800000       0.144474       0.897479       0.018096       0.420830         -0.000021
    6.810000       0.153437       0.895094       0.020234       0.420830         -0.000022
    6.820000       0.162376       0.892599       0.022464       0.420830         -0.000022
    6.830000       0.171289       0.889998       0.024782       0.420830         -0.000022
    6.840000       0.180176       0.887294       0.027184       0.420830         -0.000022
    6.850000       0.189035       0.884491       0.029668       0.420830         -0.000023
    6.860000       0.197866       0.881592       0.032227       0.420830         -0.000023
    6.870000       0.206667       0.878600       0.034860       0.420830         -0.000023
    6.880000       0.215438       0.875519       0.037563       0.420829         -0.000023
    6.890000       0.224177       0.872351       0.040331       0.420829         -0.000024
    6.900000       0.232885       0.869100       0.043162       0.420829         -0.000024
    6.910000       0.241559       0.865768       0.046052       0.420829         -0.000024
    6.920000       0.250200       0.862358       0.048998       0.420829         -0.000024
    6.930000       0.258807       0.858874       0.051997       0.420829         -0.000024
    6.940000       0.267378       0.855318       0.055045       0.420829         -0.000025
    6.950000       0.275913       0.851692       0.058139       0.420829         -0.000025
    6.960000       0.284412       0.847999       0.061278       0.420829         -0.000025
    6.970000       0.292873       0.844242       0.064457       0.420829         -0.000025
    6.980000       0.301296       0.840422       0.067674       0.420829         -0.000025
    6.990000       0.309681       0.836544       0.070926       0.420829         -0.000026
    7.000000       0.318027       0.832607       0.074211       0.420828         -0.000026
    7.010000       0.326334       0.828616       0.077526       0.420828         -0.000026
    7.020000       0.334600       0.824571       0.080869       0.420828         -0.000026
    7.030000       0.342825       0.820476       0.084238       0.420828         -0.000026
    7.040000       0.351009       0.816332       0.087629       0.420828         -0.000026
    7.050000       0.359152       0.812141       0.091042       0.420828         -0.000026
    7.060000       0.367252       0.807905       0.094473       0.420828         -0.000027
    7.070000       0.375310       0.803625       0.097921       0.420828         -0.000027
    7.080000       0.383324       0.799305       0.101384       0.420828         -0.000027
    7.090000       0.391296       0.794945       0.104859       0.420828         -0.000027
    7.100000       0.399223       0.790547       0.108346       0.420828         -0.000027
    7.110000       0.407107       0.786113       0.111841       0.420828         -0.000027
    7.120000       0.414946       0.781644       0.115344       0.420828         -0.000027
    7.130000       0.422740       0.777142       0.118853       0.420828         -0.000027
    7.140000       0.430488       0.772608       0.122366       0.420828         -0.000027
    7.150000       0.438192       0.768044       0.125882       0.420828         -0.000028
    7.160000       0.445849       0.763452       0.129398       0.420828         -0.000028
    7.170000       0.453461       0.758832       0.132915       0.420828         -0.000028
    7.180000       0.461026       0.754186       0.136430       0.420828         -0.000028
    7.190000       0.468545       0.749515       0.139941       0.420828         -0.000028
    7.200000       0.476016       0.744820       0.143449       0.420828         -0.000028
    7.210000       0.483441       0.740103       0.146951       0.420827         -0.000028
    7.220000       0.490818       0.735365       0.150447       0.420827         -0.000028
    7.230000       0.498148       0.730606       0.153935       0.420827         -0.000028
    7.240000       0.505430       0.725829       0.157414       0.420827         -0.000028
    7.250000       0.512665       0.721033       0.160883       0.420827         -0.000028
    7.260000       0.519851       0.716220       0.164342       0.420827         -0.000028
    7.270000       0.526989       0.711391       0.167789       0.420827         -0.000028
    7.280000       0.534079       0.706547       0.171223       0.420827         -0.000028
    7.290000       0.541120       0.701689       0.174644       0.420827         -0.000029
    7.300000       0.548113       0.696817       0.178050       0.420827         -0.000029
    7.310000       0.555056       0.691932       0.181442       0.420827         -0.000029
    7.320000       0.561951       0.687036       0.184818       0.420827         -0.000029
    7.330000       0.568797       0.682129       0.188177       0.420827         -0.000029
    7.340000       0.575594       0.677212       0.191519       0.420827         -0.000029
    7.350000       0.582341       0.672285       0.194844       0.420827         -0.000029
    7.360000       0.589040       0.667349       0.198150       0.420827         -0.000029
    7.370000       0.595688       0.662405       0.201437       0.420827         -0.000029
    7.380000       0.602288       0.657454       0.204704       0.420827         -0.000029
    7.390000       0.608837       0.652496       0.207952       0.420827         -0.000029
    7.400000       0.615338       0.647532       0.211178       0.420827         -0.000029
    7.410000       0.621788       0.642562       0.214384       0.420827         -0.000029
    7.420000       0.628189       0.637586       0.217569       0.420827         -0.000029
    7.430000       0.634540       0.632607       0.220731       0.420827         -0.000029
    7.440000       0.640841       0.627623       0.223872       0.420827         -0.000029
    7.450000       0.647092       0.622636       0.226989       0.420827         -0.000029
    7.460000       0.653294       0.617645       0.230084       0.420827         -0.000029
    7.470000       0.659445       0.612652       0.233156       0.420827         -0.000029
    7.480000       0.665547       0.607657       0.236203       0.420827         -0.000029
    7.490000       0.671598       0.602660       0.239227       0.420827         -0.000029
    7.500000       0.677600       0.597662       0.242227       0.420827         -0.000029
    7.510000       0.683552       0.592663       0.245202       0.420827         -0.000029
    7.520000       0.689453       0.587663       0.248153       0.420827         -0.000029
    7.530000       0.695305       0.582663       0.251079       0.420827         -0.000029
    7.540000       0.701106       0.577663       0.253980       0.420827         -0.000029
    7.550000       0.706858       0.572664       0.256855       0.420827         -0.000029
    7.560000       0.712560       0.567665       0.259705       0.420827         -0.000029
    7.570000       0.718211       0.562668       0.262530       0.420827         -0.000029
    7.580000       0.723813       0.557671       0.265328       0.420827         -0.000029
    7.590000       0.729365       0.552677       0.268101       0.420827         -0.000029
    7.600000       0.734867       0.547684       0.270848       0.420827         -0.000029
    7.610000       0.740319       0.542693       0.273569       0.420827         -0.000029
    7.620000       0.745721       0.537705       0.276263       0.420827         -0.000029
    7.630000       0.751073       0.532720       0.278932       0.420827         -0.000029
    7.640000       0.756375       0.527737       0.281574       0.420827         -0.000029
    7.650000       0.761627       0.522757       0.284189       0.420827         -0.000029
    7.660000       0.766830       0.517781       0.286778       0.420827         -0.000030
    7.670000       0.771983       0.512808       0.289341       0.420827         -0.000030
    7.680000       0.777086       0.507838       0.291877       0.420827         -0.000030
    7.690000       0.782140       0.502873       0.294386       0.420827         -0.000030
    7.700000       0.787144       0.497911       0.296869       0.420827         -0.000030
    7.710000       0.792098       0.492953       0.299325       0.420827         -0.000030
    7.720000       0.797003       0.488000       0.301755       0.420827         -0.000030
    7.730000       0.801858       0.483051       0.304158       0.420827         -0.000030
    7.740000       0.806664       0.478106       0.306534       0.420827         -0.000030
    7.750000       0.811420       0.473166       0.308884       0.420827         -0.000030
    7.760000       0.816127       0.468230       0.311207       0.420827         -0.000030
    7.770000       0.820785       0.463300       0.313503       0.420827         -0.000030
    7.780000       0.825393       0.458374       0.315773       0.420827         -0.000030
    7.790000       0.829952       0.453453       0.318017       0.420827         -0.000030
    7.800000       0.834462       0.448538       0.320234       0.420827         -0.000030
    7.810000       0.838923       0.443627       0.322424       0.420827         -0.000030
    7.820000       0.843335       0.438722       0.324589       0.420827         -0.000030
    7.830000       0.847697       0.433821       0.326726       0.420827         -0.000030
    7.840000       0.852011       0.428927       0.328838       0.420827         -0.000030
    7.850000       0.856276       0.424037       0.330923       0.420827         -0.000030
    7.860000       0.860492       0.419153       0.332982       0.420827         -0.000030
    7.870000       0.864659       0.414275       0.335015       0.420827         -0.000030
    7.880000       0.868777       0.409402       0.337022       0.420827         -0.000030
    7.890000       0.872847       0.404534       0.339003       0.420827         -0.000030
    7.900000       0.876868       0.399672       0.340958       0.420827         -0.000030
    7.910000       0.880840       0.394816       0.342887       0.420827         -0.000030
    7.920000       0.884764       0.389965       0.344790       0.420827         -0.000030
    7.930000       0.888640       0.385120       0.346668       0.420827         -0.000030
    7.940000       0.892467       0.380280       0.348520       0.420827         -0.000030
    7.950000       0.896245       0.375447       0.350347       0.420827         -0.000030
    7.960000       0.899976       0.370618       0.352148       0.420827         -0.000030
    7.970000       0.903658       0.365796       0.353924       0.420827         -0.000030
    7.980000       0.907292       0.360979       0.355674       0.420827         -0.000030
    7.990000       0.910877       0.356167       0.357399       0.420827         -0.000030
    8.000000       0.914415       0.351362       0.359099       0.420827         -0.000030
    8.010000       0.917905       0.346561       0.360774       0.420827         -0.000030
    8.020000       0.921346       0.341767       0.362425       0.420827         -0.000030
    8.030000       0.924740       0.336978       0.364050       0.420827         -0.000030
    8.040000       0.928086       0.332194       0.365650       0.420827         -0.000030
    8.050000       0.931384       0.327416       0.367226       0.420827         -0.000030
    8.060000       0.934634       0.322643       0.368777       0.420827         -0.000030
    8.070000       0.937837       0.317876       0.370304       0.420827         -0.000030
    8.080000       0.940992       0.313115       0.371806       0.420827         -0.000030
    8.090000       0.944099       0.308358       0.373284       0.420827         -0.000030
    8.100000       0.947159       0.303607       0.374738       0.420827         -0.000030
    8.110000       0.950171       0.298861       0.376168       0.420827         -0.000030
    8.120000       0.953136       0.294121       0.377573       0.420827         -0.000030
    8.130000       0.956053       0.289386       0.378955       0.420827         -0.000030
    8.140000       0.958924       0.284655       0.380312       0.420827         -0.000030
    8.150000       0.961747       0.279930       0.381646       0.420827         -0.000030
    8.160000       0.964522       0.275210       0.382956       0.420827         -0.000030
    8.170000       0.967251       0.270495       0.384243       0.420827         -0.000030
    8.180000       0.969932       0.265785       0.385506       0.420827         -0.000030
    8.190000       0.972566       0.261080       0.386745       0.420827         -0.000030
    8.200000       0.975154       0.256379       0.387962       0.420827         -0.000030
    8.210000       0.977694       0.251684       0.389154       0.420827         -0.000030
    8.220000       0.980187       0.246993       0.390324       0.420827         -0.000030
    8.230000       0.982634       0.242306       0.391471       0.420827         -0.000030
    8.240000       0.985034       0.237624       0.392594       0.420827         -0.000030
    8.250000       0.987386       0.232947       0.393695       0.420827         -0.000030
    8.260000       0.989693       0.228274       0.394772       0.420827         -0.000030
    8.270000       0.991952       0.223606       0.395827       0.420827         -0.000030
    8.280000       0.994165       0.218941       0.396859       0.420827         -0.000030
    8.290000       0.996331       0.214281       0.397869       0.420827         -0.000030
    8.300000       0.998450       0.209625       0.398855       0.420827         -0.000030
    8.310000       1.000523       0.204973       0.399820       0.420827         -0.000030
    8.320000       1.002550       0.200326       0.400762       0.420827         -0.000030
    8.330000       1.004530       0.195682       0.401681       0.420827         -0.000030
    8.340000       1.006463       0.191042       0.402578       0.420827         -0.000030
    8.350000       1.008351       0.186405       0.403453       0.420827         -0.000030
    8.360000       1.010191       0.181772       0.404306       0.420827         -0.000030
    8.370000       1.011986       0.177143       0.405137       0.420827         -0.000030
    8.380000       1.013734       0.172518       0.405946       0.420827         -0.000030
    8.390000       1.015436       0.167896       0.406732       0.420827         -0.000030
    8.400000       1.017092       0.163277       0.407497       0.420827         -0.000030
    8.410000       1.018702       0.158661       0.408240       0.420827         -0.000030
    8.420000       1.020265       0.154049       0.408961       0.420827         -0.000030
    8.430000       1.021783       0.149440       0.409661       0.420827         -0.000030
    8.440000       1.023254       0.144834       0.410338       0.420827         -0.000030
    8.450000       1.024680       0.140230       0.410995       0.420827         -0.000030
    8.460000       1.026059       0.135630       0.411629       0.420827         -0.000030
    8.470000       1.027392       0.131032       0.412242       0.420827         -0.000030
    8.480000       1.028679       0.126437       0.412834       0.420827         -0.000030
    8.490000       1.029921       0.121845       0.413404       0.420827         -0.000030
    8.500000       1.031116       0.117255       0.413952       0.420827         -0.000030
    8.510000       1.032266       0.112667       0.414480       0.420827         -0.000030
    8.520000       1.033370       0.108082       0.414986       0.420827         -0.000030
    8.530000       1.034428       0.103499       0.415471       0.420827         -0.000030
    8.540000       1.035440       0.098918       0.415934       0.420827         -0.000030
    8.550000       1.036406       0.094339       0.416377       0.420827         -0.000030
    8.560000       1.037326       0.089762       0.416798       0.420827         -0.000030
    8.570000       1.038201       0.085187       0.417198       0.420827         -0.000030
    8.580000       1.039030       0.080613       0.417578       0.420827         -0.000030
    8.590000       1.039813       0.076042       0.417936       0.420827         -0.000030
    8.600000       1.040551       0.071472       0.418273       0.420827         -0.000030
    8.610000       1.041243       0.066903       0.418589       0.420827         -0.000030
    8.620000       1.041889       0.062336       0.418884       0.420827         -0.000030
    8.630000       1.042490       0.057770       0.419158       0.420827         -0.000030
    8.640000       1.043045       0.053205       0.419411       0.420827         -0.000030
    8.650000       1.043554       0.048642       0.419644       0.420827         -0.000030
    8.660000       1.044017       0.044079       0.419855       0.420827         -0.000030
    8.670000       1.044435       0.039517       0.420046       0.420827         -0.000030
    8.680000       1.044808       0.034957       0.420216       0.420827         -0.000030
    8.690000       1.045134       0.030396       0.420365       0.420827         -0.000030
    8.700000       1.045416       0.025837       0.420493       0.420827         -0.000030
    8.710000       1.045651       0.021278       0.420600       0.420827         -0.000030
    8.720000       1.045841       0.016719       0.420687       0.420827         -0.000030
    8.730000       1.045986       0.012161       0.420753       0.420827         -0.000030
    8.740000       1.046084       0.007603       0.420798       0.420827         -0.000030
    8.750000       1.046138       0.003046       0.420822       0.420827         -0.000030
    8.760000       1.046145      -0.001512       0.420826       0.420827         -0.000030
    8.770000       1.046107      -0.006070       0.420808       0.420827         -0.000030
    8.780000       1.046024      -0.010628       0.420770       0.420827         -0.000030
    8.790000       1.045895      -0.015186       0.420711       0.420827         -0.000030
    8.800000       1.045720      -0.019744       0.420632       0.420827         -0.000030
    8.810000       1.045500      -0.024303       0.420531       0.420827         -0.000030
    8.820000       1.045234      -0.028862       0.420410       0.420827         -0.000030
    8.830000       1.044923      -0.033422       0.420268       0.420827         -0.000030
    8.840000       1.044566      -0.037983       0.420105       0.420827         -0.000030
    8.850000       1.044163      -0.042544       0.419922       0.420827         -0.000030
    8.860000       1.043715      -0.047106       0.419717       0.420827         -0.000030
    8.870000       1.043221      -0.051670       0.419492       0.420827         -0.000030
    8.880000       1.042681      -0.056234       0.419246       0.420827         -0.000030
    8.890000       1.042096      -0.060800       0.418978       0.420827         -0.000030
    8.900000       1.041465      -0.065366       0.418690       0.420827         -0.000030
    8.910000       1.040789      -0.069934       0.418381       0.420827         -0.000030
    8.920000       1.040067      -0.074504       0.418051       0.420827         -0.000030
    8.930000       1.039299      -0.079075       0.417700       0.420827         -0.000030
    8.940000       1.038485      -0.083648       0.417328       0.420827         -0.000030
    8.950000       1.037626      -0.088222       0.416935       0.420827         -0.000030
    8.960000       1.036721      -0.092799       0.416521       0.420827         -0.000030
    8.970000       1.035770      -0.097377       0.416086       0.420827         -0.000030
    8.980000       1.034773      -0.101957       0.415629       0.420827         -0.000030
    8.990000       1.033731      -0.106539       0.415151       0.420827         -0.000030
    9.000000       1.032642      -0.111124       0.414653       0.420827         -0.000030
    9.010000       1.031508      -0.115711       0.414132       0.420827         -0.000030
    9.020000       1.030328      -0.120300       0.413591       0.420827         -0.000030
    9.030000       1.029102      -0.124892       0.413028       0.420827         -0.000030
    9.040000       1.027830      -0.129486       0.412443       0.420827         -0.000030
    9.050000       1.026513      -0.134082       0.411838       0.420827         -0.000030
    9.060000       1.025149      -0.138682       0.411210       0.420827         -0.000030
    9.070000       1.023739      -0.143284       0.410562       0.420827         -0.000030
    9.080000       1.022283      -0.147890       0.409891       0.420827         -0.000030
    9.090000       1.020781      -0.152498       0.409199       0.420827         -0.000030
    9.100000       1.019233      -0.157109       0.408485       0.420827         -0.000030
    9.110000       1.017639      -0.161724       0.407750       0.420827         -0.000030
    9.120000       1.015999      -0.166341       0.406992       0.420827         -0.000030
    9.130000       1.014312      -0.170962       0.406213       0.420827         -0.000030
    9.140000       1.012579      -0.175587       0.405411       0.420827         -0.000030
    9.150000       1.010800      -0.180215       0.404588       0.420827         -0.000030
    9.160000       1.008975      -0.184846       0.403743       0.420827         -0.000030
    9.170000       1.007103      -0.189481       0.402875       0.420827         -0.000030
    9.180000       1.005185      -0.194120       0.401985       0.420827         -0.000030
    9.190000       1.003221      -0.198763       0.401073       0.420827         -0.000030
    9.200000       1.001210      -0.203409       0.400139       0.420827         -0.000030
    9.210000       0.999153      -0.208060       0.399182       0.420827         -0.000030
    9.220000       0.997049      -0.212714       0.398203       0.420827         -0.000030
    9.230000       0.994899      -0.217373       0.397201       0.420827         -0.000030
    9.240000       0.992702      -0.222036       0.396177       0.420827         -0.000030
    9.250000       0.990458      -0.226703       0.395130       0.420827         -0.000030
    9.260000       0.988168      -0.231374       0.394060       0.420827         -0.000030
    9.270000       0.985830      -0.236050       0.392967       0.420827         -0.000030
    9.280000       0.983447      -0.240730       0.391851       0.420827         -0.000030
    9.290000       0.981016      -0.245415       0.390712       0.420827         -0.000030
    9.300000       0.978538      -0.250105       0.389551       0.420827         -0.000030
    9.310000       0.976014      -0.254799       0.388366       0.420827         -0.000030
    9.320000       0.973442      -0.259498       0.387157       0.420827         -0.000030
    9.330000       0.970824      -0.264201       0.385926       0.420827         -0.000030
    9.340000       0.968158      -0.268910       0.384671       0.420827         -0.000030
    9.350000       0.965446      -0.273623       0.383392       0.420827         -0.000030
    9.360000       0.962686      -0.278342       0.382090       0.420827         -0.000030
    9.370000       0.959879      -0.283065       0.380764       0.420827         -0.000030
    9.380000       0.957024      -0.287793       0.379414       0.420827         -0.000030
    9.390000       0.954123      -0.292527       0.378041       0.420827         -0.000030
    9.400000       0.951174      -0.297266       0.376643       0.420827         -0.000030
    9.410000       0.948178      -0.302010       0.375222       0.420827         -0.000030
    9.420000       0.945134      -0.306759       0.373776       0.420827         -0.000030
    9.430000       0.942042      -0.311514       0.372306       0.420827         -0.000030
    9.440000       0.938903      -0.316274       0.370812       0.420827         -0.000030
    9.450000       0.935717      -0.321039       0.369294       0.420827         -0.000030
    9.460000       0.932483      -0.325810       0.367751       0.420827         -0.000030
    9.470000       0.929201      -0.330586       0.366183       0.420827         -0.000030
    9.480000       0.925871      -0.335368       0.364591       0.420827         -0.000030
    9.490000       0.922493      -0.340155       0.362974       0.420827         -0.000030
    9.500000       0.919068      -0.344947       0.361332       0.420827         -0.000030
    9.510000       0.915594      -0.349746       0.359666       0.420827         -0.000030
    9.520000       0.912073      -0.354550       0.357974       0.420827         -0.000030
    9.530000       0.908503      -0.359359       0.356257       0.420827         -0.000030
    9.540000       0.904886      -0.364174       0.354515       0.420827         -0.000030
    9.550000       0.901220      -0.368995       0.352748       0.420827         -0.000030
    9.560000       0.897506      -0.373821       0.350956       0.420827         -0.000030
    9.570000       0.893743      -0.378653       0.349138       0.420827         -0.000030
    9.580000       0.889933      -0.383491       0.347294       0.420827         -0.000030
    9.590000       0.886074      -0.388334       0.345425       0.420827         -0.000030
    9.600000       0.882166      -0.393183       0.343530       0.420827         -0.000030
    9.610000       0.878210      -0.398038       0.341610       0.420827         -0.000030
    9.620000       0.874205      -0.402898       0.339664       0.420827         -0.000030
    9.630000       0.870152      -0.407763       0.337691       0.420827         -0.000030
    9.640000       0.866050      -0.412635       0.335693       0.420827         -0.000030
    9.650000       0.861899      -0.417511       0.333669       0.420827         -0.000030
    9.660000       0.857700      -0.422393       0.331619       0.420827         -0.000030
    9.670000       0.853452      -0.427281       0.329542       0.420827         -0.000030
    9.680000       0.849154      -0.432174       0.327440       0.420827         -0.000030
    9.690000       0.844808      -0.437072       0.325311       0.420827         -0.000030
    9.700000       0.840413      -0.441976       0.323155       0.420827         -0.000030
    9.710000       0.835969      -0.446885       0.320974       0.420827         -0.000030
    9.720000       0.831475      -0.451799       0.318766       0.420827         -0.000030
    9.730000       0.826933      -0.456718       0.316531       0.420827         -0.000030
    9.740000       0.822341      -0.461642       0.314270       0.420827         -0.000030
    9.750000       0.817700      -0.466571       0.311983       0.420827         -0.000030
    9.760000       0.813009      -0.471505       0.309668       0.420827         -0.000030
    9.770000       0.808270      -0.476443       0.307328       0.420827         -0.000030
    9.780000       0.803480      -0.481386       0.304960       0.420827         -0.000030
    9.790000       0.798642      -0.486334       0.302566       0.420827         -0.000030
    9.800000       0.793754      -0.491286       0.300146       0.420827         -0.000030
    9.810000       0.788816      -0.496242       0.297699       0.420827         -0.000030
    9.820000       0.783829      -0.501203       0.295225       0.420827         -0.000030
    9.830000       0.778792      -0.506167       0.292724       0.420827         -0.000030
    9.840000       0.773706      -0.511135       0.290197       0.420827         -0.000030
    9.850000       0.768569      -0.516107       0.287643       0.420827         -0.000030
    9.860000       0.763383      -0.521083       0.285063       0.420827         -0.000030
    9.870000       0.758148      -0.526061       0.282457       0.420827         -0.000030
    9.880000       0.752862      -0.531043       0.279824       0.420827         -0.000029
    9.890000       0.747527      -0.536028       0.277164       0.420827         -0.000029
    9.900000       0.742142      -0.541015       0.274478       0.420827         -0.000029
    9.910000       0.736707      -0.546005       0.271766       0.420827         -0.000029
    9.920000       0.731222      -0.550997       0.269028       0.420827         -0.000029
    9.930000       0.725687      -0.555991       0.266264       0.420827         -0.000029
    9.940000       0.720102      -0.560986       0.263474       0.420827         -0.000029
    9.950000       0.714467      -0.565983       0.260658       0.420827         -0.000029
    9.960000       0.708782      -0.570982       0.257817       0.420827         -0.000029
    9.970000       0.703047      -0.575981       0.254950       0.420827         -0.000029
    9.980000       0.697262      -0.580981       0.252058       0.420827         -0.000029
    9.990000       0.691428      -0.585981       0.249140       0.420827         -0.000029
   10.000000       0.685543      -0.590981       0.246198       0.420827         -0.000029
   10.010000       0.679608      -0.595980       0.243231       0.420827         -0.000029
   10.020000       0.673623      -0.600979       0.240239       0.420827         -0.000029
   10.030000       0.667588      -0.605976       0.237223       0.420827         -0.000029
   10.040000       0.661504      -0.610972       0.234184       0.420827         -0.000029
   10.050000       0.655369      -0.615966       0.231120       0.420827         -0.000029
   10.060000       0.649184      -0.620957       0.228033       0.420827         -0.000029
   10.070000       0.642950      -0.625945       0.224923       0.420827         -0.000029
   10.080000       0.636666      -0.630930       0.221791       0.420827         -0.000029
   10.090000       0.630331      -0.635911       0.218635       0.420827         -0.000029
   10.100000       0.623947      -0.640888       0.215458       0.420827         -0.000029
   10.110000       0.617514      -0.645860       0.212260       0.420827         -0.000029
   10.120000       0.611030      -0.650826       0.209040       0.420827         -0.000029
   10.130000       0.604497      -0.655787       0.205799       0.420827         -0.000029
   10.140000       0.597914      -0.660740       0.202538       0.420827         -0.000029
   10.150000       0.591282      -0.665687       0.199258       0.420827         -0.000029
   10.160000       0.584601      -0.670625       0.195958       0.420827         -0.000029
   10.170000       0.577870      -0.675555       0.192640       0.420827         -0.000029
   10.180000       0.571090      -0.680476       0.189304       0.420827         -0.000029
   10.190000       0.564260      -0.685386       0.185950       0.420827         -0.000029
   10.200000       0.557382      -0.690286       0.182580       0.420827         -0.000029
   10.210000       0.550454      -0.695175       0.179193       0.420827         -0.000029
   10.220000       0.543478      -0.700051       0.175792       0.420827         -0.000029
   10.230000       0.536453      -0.704914       0.172376       0.420827         -0.000028
   10.240000       0.529380      -0.709763       0.168946       0.420827         -0.000028
   10.250000       0.522258      -0.714597       0.165503       0.420827         -0.000028
   10.260000       0.515088      -0.719415       0.162048       0.420827         -0.000028
   10.270000       0.507870      -0.724217       0.158582       0.420827         -0.000028
   10.280000       0.500604      -0.729001       0.155106       0.420827         -0.000028
   10.290000       0.493290      -0.733766       0.151621       0.420827         -0.000028
   10.300000       0.485928      -0.738511       0.148128       0.420827         -0.000028
   10.310000       0.478520      -0.743235       0.144628       0.420828         -0.000028
   10.320000       0.471064      -0.747938       0.141122       0.420828         -0.000028
   10.330000       0.463561      -0.752617       0.137612       0.420828         -0.000028
   10.340000       0.456011      -0.757271       0.134098       0.420828         -0.000028
   10.350000       0.448415      -0.761900       0.130582       0.420828         -0.000028
   10.360000       0.440773      -0.766502       0.127065       0.420828         -0.000028
   10.370000       0.433085      -0.771076       0.123549       0.420828         -0.000027
   10.380000       0.425352      -0.775620       0.120035       0.420828         -0.000027
   10.390000       0.417573      -0.780133       0.116524       0.420828         -0.000027
   10.400000       0.409749      -0.784613       0.113019       0.420828         -0.000027
   10.410000       0.401881      -0.789059       0.109521       0.420828         -0.000027
   10.420000       0.393968      -0.793469       0.106031       0.420828         -0.000027
   10.430000       0.386011      -0.797842       0.102552       0.420828         -0.000027
   10.440000       0.378011      -0.802176       0.099085       0.420828         -0.000027
   10.450000       0.369968      -0.806470       0.095632       0.420828         -0.000027
   10.460000       0.361882      -0.810720       0.092194       0.420828         -0.000026
   10.470000       0.353753      -0.814927       0.088775       0.420828         -0.000026
   10.480000       0.345583      -0.819087       0.085377       0.420828         -0.000026
   10.490000       0.337372      -0.823199       0.082000       0.420828         -0.000026
   10.500000       0.329119      -0.827261       0.078648       0.420828         -0.000026
   10.510000       0.320827      -0.831270       0.075323       0.420828         -0.000026
   10.520000       0.312494      -0.835225       0.072028       0.420829         -0.000026
   10.530000       0.304122      -0.839124       0.068764       0.420829         -0.000025
   10.540000       0.295711      -0.842964       0.065535       0.420829         -0.000025
   10.550000       0.287263      -0.846742       0.062343       0.420829         -0.000025
   10.560000       0.278777      -0.850457       0.059191       0.420829         -0.000025
   10.570000       0.270254      -0.854105       0.056081       0.420829         -0.000025
   10.580000       0.261694      -0.857685       0.053017       0.420829         -0.000024
   10.590000       0.253100      -0.861194       0.050001       0.420829         -0.000024
   10.600000       0.244471      -0.864629       0.047037       0.420829         -0.000024
   10.610000       0.235807      -0.867987       0.044128       0.420829         -0.000024
   10.620000       0.227111      -0.871266       0.041277       0.420829         -0.000024
   10.630000       0.218382      -0.874462       0.038487       0.420829         -0.000023
   10.640000       0.209622      -0.877573       0.035762       0.420830         -0.000023
   10.650000       0.200831      -0.880596       0.033105       0.420830         -0.000023
   10.660000       0.192010      -0.883526       0.030520       0.420830         -0.000023
   10.670000       0.183160      -0.886362       0.028011       0.420830         -0.000022
   10.680000       0.174282      -0.889100       0.025581       0.420830         -0.000022
   10.690000       0.165378      -0.891736       0.023234       0.420830         -0.000022
   10.700000       0.156448      -0.894267       0.020974       0.420830         -0.000021
   10.710000       0.147493      -0.896689       0.018805       0.420830         -0.000021
   10.720000       0.138514      -0.898999       0.016731       0.420831         -0.000021
   10.730000       0.129513      -0.901193       0.014757       0.420831         -0.000021
   10.740000       0.120490      -0.903267       0.012885       0.420831         -0.000020
   10.750000       0.111447      -0.905217       0.011122       0.420831         -0.000020
   10.760000       0.102386      -0.907039       0.009471       0.420831         -0.000019
   10.770000       0.093307      -0.908730       0.007936       0.420831         -0.000019
   10.780000       0.084211      -0.910284       0.006523       0.420831         -0.000019
   10.790000       0.075101      -0.911698       0.005235       0.420832         -0.000018
   10.800000       0.065977      -0.912968       0.004077       0.420832         -0.000018
   10.810000       0.056842      -0.914088       0.003053       0.420832         -0.000018
   10.820000       0.047696      -0.915055       0.002169       0.420832         -0.000017
   10.830000       0.038541      -0.915863       0.001429       0.420832         -0.000017
   10.840000       0.029378      -0.916509       0.000838       0.420832         -0.000016
   10.850000       0.020210      -0.916987       0.000400       0.420833         -0.000016
   10.860000       0.011039      -0.917292       0.000121       0.420833         -0.000015
   10.870000       0.001865      -0.917420       0.000003       0.420833         -0.000015
   10.880000      -0.007310      -0.917365       0.000054       0.420833         -0.000015
   10.890000      -0.016483      -0.917123       0.000276       0.420833         -0.000014
   10.900000      -0.025652      -0.916688       0.000675       0.420834         -0.000014
   10.910000      -0.034817      -0.916055       0.001255       0.420834         -0.000013
   10.920000      -0.043973      -0.915219       0.002021       0.420834         -0.000013
   10.930000      -0.053121      -0.914175       0.002976       0.420834         -0.000012
   10.940000      -0.062257      -0.912916       0.004126       0.420834         -0.000011
   10.950000      -0.071379      -0.911439       0.005474       0.420835         -0.000011
   10.960000      -0.080486      -0.909736       0.007025       0.420835         -0.000010
   10.970000      -0.089574      -0.907804       0.008781       0.420835         -0.000010
   10.980000      -0.098642      -0.905635       0.010748       0.420835         -0.000009
   10.990000      -0.107687      -0.903226       0.012927       0.420836         -0.000009
   11.000000      -0.116706      -0.900569       0.015324       0.420836         -0.000008
   11.010000      -0.125698      -0.897659       0.017940       0.420836         -0.000008
   11.020000      -0.134659      -0.894492       0.020778       0.420836         -0.000007
   11.030000      -0.143588      -0.891061       0.023842       0.420837         -0.000006
   11.040000      -0.152481      -0.887360       0.027133       0.420837         -0.000006
   11.050000      -0.161335      -0.883385       0.030653       0.420837         -0.000005
   11.060000      -0.170148      -0.879129       0.034403       0.420837         -0.000004
   11.070000      -0.178918      -0.874588       0.038386       0.420838         -0.000004
   11.080000      -0.187640      -0.869755       0.042601       0.420838         -0.000003
   11.090000      -0.196313      -0.864626       0.047049       0.420838         -0.000003
   11.100000      -0.204933      -0.859195       0.051730       0.420838         -0.000002
   11.110000      -0.213497      -0.853458       0.056644       0.420839         -0.000001
   11.120000      -0.222002      -0.847408       0.061789       0.420839         -0.000001
   11.130000      -0.230445      -0.841041       0.067164       0.420839         -0.000000
   11.140000      -0.238823      -0.834353       0.072767       0.420840          0.000001
   11.150000      -0.247132      -0.827339       0.078595       0.420840          0.000001
   11.160000      -0.255369      -0.819994       0.084645       0.420840          0.000002
   11.170000      -0.263532      -0.812314       0.090913       0.420840          0.000002
   11.180000      -0.271616      -0.804295       0.097396       0.420841          0.000003
   11.190000      -0.279618      -0.795933       0.104086       0.420841          0.000004
   11.200000      -0.287534      -0.787225       0.110980       0.420841          0.000004
   11.210000      -0.295362      -0.778166       0.118070       0.420841          0.000005
   11.220000      -0.303098      -0.768756       0.125349       0.420842          0.000005
   11.230000      -0.310737      -0.758989       0.132810       0.420842          0.000006
   11.240000      -0.318277      -0.748864       0.140443       0.420842          0.000007
   11.250000      -0.325715      -0.738379       0.148240       0.420842          0.000007
   11.260000      -0.333045      -0.727532       0.156191       0.420842          0.000008
   11.270000      -0.340265      -0.716321       0.164284       0.420843          0.000008
   11.280000      -0.347371      -0.704746       0.172509       0.420843          0.000009
   11.290000      -0.354360      -0.692806       0.180853       0.420843          0.000009
   11.300000      -0.361228      -0.680500       0.189303       0.420843          0.000010
   11.310000      -0.367970      -0.667829       0.197846       0.420844          0.000010
   11.320000      -0.374584      -0.654793       0.206467       0.420844          0.000011
   11.330000      -0.381066      -0.641393       0.215151       0.420844          0.000011
   11.340000      -0.387412      -0.627631       0.223884       0.420844          0.000011
   11.350000      -0.393619      -0.613510       0.232647       0.420844          0.000012
   11.360000      -0.399682      -0.599031       0.241426       0.420844          0.000012
   11.370000      -0.405599      -0.584197       0.250201       0.420845          0.000013
   11.380000      -0.411366      -0.569013       0.258957       0.420845          0.000013
   11.390000      -0.416980      -0.553483       0.267673       0.420845          0.000013
   11.400000      -0.422436      -0.537610       0.276332       0.420845          0.000014
   11.410000      -0.427732      -0.521402       0.284915       0.420845          0.000014
   11.420000      -0.432864      -0.504862       0.293402       0.420845          0.000014
   11.430000      -0.437829      -0.487998       0.301774       0.420845          0.000014
   11.440000      -0.442624      -0.470816       0.310011       0.420845          0.000015
   11.450000      -0.447245      -0.453325       0.318094       0.420846          0.000015
   11.460000      -0.451690      -0.435532       0.326002       0.420846          0.000015
   11.470000      -0.455956      -0.417446       0.333715       0.420846          0.000015
   11.480000      -0.460039      -0.399075       0.341215       0.420846          0.000016
   11.490000      -0.463938      -0.380431       0.348482       0.420846          0.000016
   11.500000      -0.467648      -0.361523       0.355497       0.420846          0.000016
   11.510000      -0.471168      -0.342361       0.362240       0.420846          0.000016
   11.520000      -0.474495      -0.322958       0.368695       0.420846          0.000016
   11.530000      -0.477627      -0.303325       0.374843       0.420846          0.000016
   11.540000      -0.480562      -0.283474       0.380667       0.420846          0.000017
   11.550000      -0.483297      -0.263419       0.386152       0.420846          0.000017
   11.560000      -0.485830      -0.243171       0.391280       0.420846          0.000017
   11.570000      -0.488160      -0.222746       0.396038       0.420846          0.000017
   11.580000      -0.490285      -0.202157       0.400413       0.420846          0.000017
   11.590000      -0.492203      -0.181418       0.404390       0.420846          0.000017
   11.600000      -0.493914      -0.160545       0.407959       0.420847          0.000017
   11.610000      -0.495414      -0.139551       0.411109       0.420847          0.000017
   11.620000      -0.496705      -0.118453       0.413831       0.420847          0.000017
   11.630000      -0.497783      -0.097266       0.416116       0.420847          0.000018
   11.640000      -0.498650      -0.076005       0.417958       0.420847          0.000018
   11.650000      -0.499304      -0.054688       0.419351       0.420847          0.000018
   11.660000      -0.499744      -0.033328       0.420291       0.420847          0.000018
   11.670000      -0.499970      -0.011944       0.420776       0.420847          0.000018
   11.680000      -0.499983       0.009449       0.420802       0.420847          0.000018
   11.690000      -0.499781       0.030836       0.420372       0.420847          0.000018
   11.700000      -0.499366       0.052199       0.419485       0.420847          0.000018
   11.710000      -0.498737       0.073522       0.418144       0.420847          0.000018
   11.720000      -0.497896       0.094790       0.416354       0.420847          0.000018
   11.730000      -0.496842       0.115987       0.414121       0.420847          0.000019
   11.740000      -0.495576       0.137096       0.411449       0.420847          0.000019
   11.750000      -0.494100       0.158102       0.408349       0.420847          0.000019
   11.760000      -0.492414       0.178991       0.404828       0.420847          0.000019
   11.770000      -0.490520       0.199746       0.400898       0.420847          0.000019
   11.780000      -0.488419       0.220354       0.396569       0.420847          0.000019
   11.790000      -0.486113       0.240799       0.391855       0.420847          0.000019
   11.800000      -0.483603       0.261067       0.386769       0.420847          0.000019
   11.810000      -0.480892       0.281146       0.381326       0.420847          0.000019
   11.820000      -0.477980       0.301022       0.375540       0.420847          0.000019
   11.830000      -0.474871       0.320681       0.369429       0.420847          0.000019
   11.840000      -0.471567       0.340111       0.363010       0.420847          0.000019
   11.850000      -0.468069       0.359302       0.356299       0.420847          0.000019
   11.860000      -0.464381       0.378240       0.349315       0.420847          0.000019
   11.870000      -0.460504       0.396916       0.342076       0.420847          0.000019
   11.880000      -0.456442       0.415319       0.334602       0.420847          0.000019
   11.890000      -0.452198       0.433439       0.326913       0.420847          0.000019
   11.900000      -0.447774       0.451267       0.319026       0.420847          0.000019
   11.910000      -0.443172       0.468794       0.310963       0.420847          0.000019
   11.920000      -0.438398       0.486012       0.302743       0.420847          0.000019
   11.930000      -0.433452       0.502913       0.294386       0.420847          0.000019
   11.940000      -0.428339       0.519491       0.285912       0.420847          0.000019
   11.950000      -0.423062       0.535739       0.277339       0.420847          0.000019
   11.960000      -0.417625       0.551651       0.268687       0.420847          0.000018
   11.970000      -0.412029       0.567222       0.259977       0.420847          0.000018
   11.980000      -0.406280       0.582447       0.251225       0.420847          0.000018
   11.990000      -0.400381       0.597321       0.242450       0.420847          0.000018
   12.000000      -0.394334       0.611842       0.233671       0.420847          0.000018
   12.010000      -0.388144       0.626005       0.224905       0.420847          0.000017
   12.020000      -0.381814       0.639809       0.216168       0.420846          0.000017
   12.030000      -0.375348       0.653251       0.207478       0.420846          0.000017
   12.040000      -0.368749       0.666330       0.198848       0.420846          0.000016
   12.050000      -0.362021       0.679044       0.190296       0.420846          0.000016
   12.060000      -0.355168       0.691392       0.181834       0.420846          0.000016
   12.070000      -0.348193       0.703376       0.173477       0.420846          0.000015
   12.080000      -0.341100       0.714993       0.165238       0.420845          0.000015
   12.090000      -0.333893       0.726247       0.157128       0.420845          0.000014
   12.100000      -0.326575       0.737136       0.149160       0.420845          0.000014
   12.110000      -0.319151       0.747663       0.141345       0.420845          0.000013
   12.120000      -0.311622       0.757830       0.133692       0.420845          0.000013
   12.130000      -0.303994       0.767638       0.126210       0.420845          0.000012
   12.140000      -0.296269       0.777091       0.118909       0.420844          0.000012
   12.150000      -0.288452       0.786190       0.111797       0.420844          0.000011
   12.160000      -0.280546       0.794939       0.104880       0.420844          0.000011
   12.170000      -0.272553       0.803341       0.098165       0.420844          0.000010
   12.180000      -0.264479       0.811400       0.091659       0.420843          0.000010
   12.190000      -0.256325       0.819119       0.085365       0.420843          0.000009
   12.200000      -0.248096       0.826503       0.079289       0.420843          0.000009
   12.210000      -0.239795       0.833556       0.073435       0.420843          0.000008
   12.220000      -0.231425       0.840282       0.067806       0.420842          0.000008
   12.230000      -0.222990       0.846686       0.062404       0.420842          0.000007
   12.240000      -0.214492       0.852772       0.057232       0.420842          0.000006
   12.250000      -0.205934       0.858546       0.052291       0.420842          0.000006
   12.260000      -0.197321       0.864012       0.047583       0.420842          0.000005
   12.270000      -0.188654       0.869177       0.043107       0.420841          0.000005
   12.280000      -0.179937       0.874043       0.038865       0.420841          0.000004
   12.290000      -0.171173       0.878619       0.034855       0.420841          0.000004
   12.300000      -0.162365       0.882907       0.031078       0.420841          0.000003
   12.310000      -0.153515       0.886915       0.027531       0.420840          0.000002
   12.320000      -0.144626       0.890647       0.024214       0.420840          0.000002
   12.330000      -0.135702       0.894110       0.021124       0.420840          0.000001
   12.340000      -0.126744       0.897307       0.018259       0.420840          0.000001
   12.350000      -0.117756       0.900247       0.015617       0.420839          0.000000
   12.360000      -0.108739       0.902933       0.013196       0.420839         -0.000000
   12.370000      -0.099697       0.905371       0.010991       0.420839         -0.000001
   12.380000      -0.090632       0.907567       0.009000       0.420839         -0.000001
   12.390000      -0.081546       0.909527       0.007219       0.420838         -0.000002
   12.400000      -0.072441       0.911256       0.005644       0.420838         -0.000003
   12.410000      -0.063321       0.912760       0.004273       0.420838         -0.000003
   12.420000      -0.054186       0.914043       0.003100       0.420838         -0.000004
   12.430000      -0.045040       0.915112       0.002122       0.420838         -0.000004
   12.440000      -0.035884       0.915972       0.001335       0.420837         -0.000005
   12.450000      -0.026720       0.916628       0.000733       0.420837         -0.000005
   12.460000      -0.017551       0.917086       0.000314       0.420837         -0.000005
   12.470000      -0.008379       0.917351       0.000071       0.420837         -0.000006
   12.480000       0.000796       0.917427       0.000001       0.420837         -0.000006
   12.490000       0.009970       0.917320       0.000098       0.420836         -0.000007
   12.500000       0.019142       0.917035       0.000359       0.420836         -0.000007
   12.510000       0.028311       0.916577       0.000779       0.420836         -0.000008
   12.520000       0.037474       0.915951       0.001353       0.420836         -0.000008
   12.530000       0.046630       0.915161       0.002076       0.420836         -0.000009
   12.540000       0.055777       0.914213       0.002943       0.420836         -0.000009
   12.550000       0.064914       0.913110       0.003950       0.420835         -0.000009
   12.560000       0.074039       0.911858       0.005093       0.420835         -0.000010
   12.570000       0.083151       0.910460       0.006366       0.420835         -0.000010
   12.580000       0.092248       0.908922       0.007765       0.420835         -0.000010
   12.590000       0.101329       0.907247       0.009286       0.420835         -0.000011
   12.600000       0.110393       0.905440       0.010924       0.420835         -0.000011
   12.610000       0.119438       0.903504       0.012675       0.420834         -0.000011
   12.620000       0.128463       0.901444       0.014533       0.420834         -0.000012
   12.630000       0.137467       0.899264       0.016496       0.420834         -0.000012
   12.640000       0.146449       0.896968       0.018559       0.420834         -0.000012
   12.650000       0.155407       0.894558       0.020717       0.420834         -0.000013
   12.660000       0.164340       0.892040       0.022966       0.420834         -0.000013
   12.670000       0.173247       0.889416       0.025303       0.420834         -0.000013
   12.680000       0.182128       0.886690       0.027724       0.420834         -0.000013
   12.690000       0.190981       0.883865       0.030224       0.420834         -0.000014
   12.700000       0.199805       0.880946       0.032801       0.420833         -0.000014
   12.710000       0.208600       0.877934       0.035449       0.420833         -0.000014
   12.720000       0.217364       0.874833       0.038167       0.420833         -0.000014
   12.730000       0.226097       0.871647       0.040949       0.420833         -0.000015
   12.740000       0.234797       0.868377       0.043793       0.420833         -0.000015
   12.750000       0.243464       0.865028       0.046696       0.420833         -0.000015
   12.760000       0.252098       0.861602       0.049654       0.420833         -0.000015
   12.770000       0.260696       0.858102       0.052663       0.420833         -0.000016
   12.780000       0.269260       0.854530       0.055722       0.420833         -0.000016
   12.790000       0.277787       0.850889       0.058827       0.420833         -0.000016
   12.800000       0.286277       0.847182       0.061974       0.420833         -0.000016
   12.810000       0.294731       0.843411       0.065162       0.420832         -0.000016
   12.820000       0.303146       0.839578       0.068387       0.420832         -0.000016
   12.830000       0.311522       0.835686       0.071646       0.420832         -0.000017
   12.840000       0.319859       0.831738       0.074938       0.420832         -0.000017
   12.850000       0.328157       0.827734       0.078260       0.420832         -0.000017
   12.860000       0.336414       0.823679       0.081609       0.420832         -0.000017
   12.870000       0.344630       0.819572       0.084983       0.420832         -0.000017
   12.880000       0.352806       0.815418       0.088379       0.420832         -0.000017
   12.890000       0.360939       0.811216       0.091796       0.420832         -0.000017
   12.900000       0.369030       0.806971       0.095231       0.420832         -0.000018
   12.910000       0.377078       0.802682       0.098682       0.420832         -0.000018
   12.920000       0.385084       0.798353       0.102148       0.420832         -0.000018
   12.930000       0.393045       0.793984       0.105626       0.420832         -0.000018
   12.940000       0.400963       0.789578       0.109115       0.420832         -0.000018
   12.950000       0.408837       0.785136       0.112612       0.420832         -0.000018
   12.960000       0.416666       0.780660       0.116117       0.420832         -0.000018
   12.970000       0.424450       0.776151       0.119626       0.420832         -0.000018
   12.980000       0.432189       0.771611       0.123140       0.420832         -0.000018
   12.990000       0.439882       0.767040       0.126656       0.420831         -0.000019
   13.000000       0.447530       0.762442       0.130173       0.420831         -0.000019
   13.010000       0.455131       0.757816       0.133689       0.420831         -0.000019
   13.020000       0.462686       0.753164       0.137203       0.420831         -0.000019
   13.030000       0.470194       0.748488       0.140714       0.420831         -0.000019
   13.040000       0.477656       0.743788       0.144221       0.420831         -0.000019
   13.050000       0.485070       0.739066       0.147722       0.420831         -0.000019
   13.060000       0.492437       0.734323       0.151216       0.420831         -0.000019
   13.070000       0.499757       0.729560       0.154702       0.420831         -0.000019
   13.080000       0.507028       0.724779       0.158179       0.420831         -0.000019
   13.090000       0.514252       0.719979       0.161646       0.420831         -0.000019
   13.100000       0.521428       0.715163       0.165102       0.420831         -0.000019
   13.110000       0.528555       0.710330       0.168546       0.420831         -0.000019
   13.120000       0.535635       0.705483       0.171978       0.420831         -0.000019
   13.130000       0.542665       0.700622       0.175396       0.420831         -0.000020
   13.140000       0.549647       0.695747       0.178799       0.420831         -0.000020
   13.150000       0.556580       0.690860       0.182187       0.420831         -0.000020
   13.160000       0.563464       0.685961       0.185560       0.420831         -0.000020
   13.170000       0.570299       0.681052       0.188915       0.420831         -0.000020
   13.180000       0.577085       0.676132       0.192254       0.420831         -0.000020
   13.190000       0.583822       0.671203       0.195574       0.420831         -0.000020
   13.200000       0.590509       0.666266       0.198876       0.420831         -0.000020
   13.210000       0.597147       0.661320       0.202159       0.420831         -0.000020
   13.220000       0.603736       0.656368       0.205422       0.420831         -0.000020
   13.230000       0.610275       0.651408       0.208665       0.420831         -0.000020
   13.240000       0.616764       0.646442       0.211887       0.420831         -0.000020
   13.250000       0.623203       0.641471       0.215088       0.420831         -0.000020
   13.260000       0.629593       0.636495       0.218268       0.420831         -0.000020
   13.270000       0.635933       0.631514       0.221426       0.420831         -0.000020
   13.280000       0.642224       0.626530       0.224561       0.420831         -0.000020
   13.290000       0.648464       0.621542       0.227674       0.420831         -0.000020
   13.300000       0.654654       0.616551       0.230763       0.420831         -0.000020
   13.310000       0.660795       0.611557       0.233830       0.420831         -0.000020
   13.320000       0.666886       0.606562       0.236872       0.420831         -0.000020
   13.330000       0.672926       0.601564       0.239891       0.420831         -0.000020
   13.340000       0.678917       0.596566       0.242885       0.420831         -0.000020
   13.350000       0.684857       0.591567       0.245855       0.420831         -0.000020
   13.360000       0.690748       0.586567       0.248800       0.420831         -0.000020
   13.370000       0.696589       0.581567       0.251721       0.420831         -0.000020
   13.380000       0.702379       0.576567       0.254616       0.420831         -0.000020
   13.390000       0.708120       0.571568       0.257486       0.420831         -0.000020
   13.400000       0.713811       0.566569       0.260330       0.420831         -0.000020
   13.410000       0.719452       0.561572       0.263149       0.420831         -0.000020
   13.420000       0.725042       0.556576       0.265942       0.420831         -0.000020
   13.430000       0.730583       0.551582       0.268709       0.420831         -0.000020
   13.440000       0.736074       0.546590       0.271451       0.420831         -0.000020
   13.450000       0.741515       0.541600       0.274166       0.420831         -0.000020
   13.460000       0.746906       0.536612       0.276854       0.420831         -0.000020
   13.470000       0.752247       0.531627       0.279517       0.420831         -0.000020
   13.480000       0.757538       0.526645       0.282153       0.420831         -0.000020
   13.490000       0.762780       0.521666       0.284763       0.420831         -0.000021
   13.500000       0.767972       0.516690       0.287346       0.420831         -0.000021
   13.510000       0.773114       0.511718       0.289903       0.420831         -0.000021
   13.520000       0.778206       0.506749       0.292433       0.420831         -0.000021
   13.530000       0.783249       0.501785       0.294937       0.420831         -0.000021
   13.540000       0.788242       0.496824       0.297414       0.420831         -0.000021
   13.550000       0.793185       0.491867       0.299864       0.420831         -0.000021
   13.560000       0.798079       0.486914       0.302288       0.420831         -0.000021
   13.570000       0.802924       0.481966       0.304685       0.420831         -0.000021
   13.580000       0.807718       0.477022       0.307055       0.420831         -0.000021
   13.590000       0.812464       0.472083       0.309399       0.420831         -0.000021
   13.600000       0.817160       0.467149       0.311717       0.420831         -0.000021
   13.610000       0.821807       0.462219       0.314007       0.420831         -0.000021
   13.620000       0.826405       0.457295       0.316271       0.420831         -0.000021
   13.630000       0.830953       0.452375       0.318509       0.420831         -0.000021
   13.640000       0.835452       0.447460       0.320720       0.420831         -0.000021
   13.650000       0.839902       0.442551       0.322905       0.420831         -0.000021
   13.660000       0.844303       0.437647       0.325063       0.420831         -0.000021
   13.670000       0.848655       0.432748       0.327195       0.420831         -0.000021
   13.680000       0.852958       0.427854       0.329301       0.420831         -0.000021
   13.690000       0.857212       0.422966       0.331380       0.420831         -0.000021
   13.700000       0.861417       0.418083       0.333434       0.420831         -0.000021
   13.710000       0.865574       0.413206       0.335461       0.420831         -0.000021
   13.720000       0.869681       0.408334       0.337462       0.420831         -0.000021
   13.730000       0.873740       0.403468       0.339437       0.420831         -0.000021
   13.740000       0.877751       0.398607       0.341387       0.420831         -0.000021
   13.750000       0.881713       0.393752       0.343310       0.420831         -0.000021
   13.760000       0.885626       0.388903       0.345208       0.420831         -0.000021
   13.770000       0.889491       0.384059       0.347080       0.420831         -0.000021
   13.780000       0.893307       0.379220       0.348927       0.420831         -0.000021
   13.790000       0.897075       0.374388       0.350748       0.420831         -0.000021
   13.800000       0.900795       0.369561       0.352543       0.420831         -0.000021
   13.810000       0.904466       0.364739       0.354313       0.420831         -0.000021
   13.820000       0.908090       0.359924       0.356058       0.420831         -0.000021
   13.830000       0.911665       0.355113       0.357778       0.420831         -0.000021
   13.840000       0.915192       0.350309       0.359472       0.420831         -0.000021
   13.850000       0.918671       0.345510       0.361142       0.420831         -0.000021
   13.860000       0.922102       0.340717       0.362787       0.420831         -0.000021
   13.870000       0.925485       0.335929       0.364407       0.420831         -0.000021
   13.880000       0.928821       0.331146       0.366002       0.420831         -0.000021
   13.890000       0.932108       0.326370       0.367572       0.420831         -0.000021
   13.900000       0.935348       0.321598       0.369118       0.420831         -0.000021
   13.910000       0.938540       0.316832       0.370639       0.420831         -0.000021
   13.920000       0.941685       0.312072       0.372136       0.420831         -0.000021
   13.930000       0.944782       0.307316       0.373609       0.420831         -0.000021
   13.940000       0.947831       0.302567       0.375057       0.420831         -0.000021
   13.950000       0.950833       0.297822       0.376482       0.420831         -0.000021
   13.960000       0.953787       0.293083       0.377882       0.420831         -0.000021
   13.970000       0.956695       0.288348       0.379258       0.420831         -0.000021
   13.980000       0.959554       0.283619       0.380611       0.420831         -0.000021
   13.990000       0.962367       0.278895       0.381939       0.420831         -0.000021
   14.000000       0.965132       0.274176       0.383244       0.420831         -0.000021
   14.010000       0.967850       0.269463       0.384526       0.420831         -0.000021
   14.020000       0.970522       0.264753       0.385783       0.420831         -0.000021
   14.030000       0.973146       0.260049       0.387018       0.420831         -0.000021
   14.040000       0.975723       0.255350       0.388229       0.420831         -0.000021
   14.050000       0.978253       0.250655       0.389417       0.420831         -0.000021
   14.060000       0.980736       0.245965       0.390581       0.420831         -0.000021
   14.070000       0.983172       0.241280       0.391723       0.420831         -0.000021
   14.080000       0.985561       0.236599       0.392841       0.420831         -0.000021
   14.090000       0.987904       0.231923       0.393936       0.420831         -0.000021
   14.100000       0.990200       0.227251       0.395009       0.420831         -0.000021
   14.110000       0.992449       0.222583       0.396059       0.420831         -0.000021
   14.120000       0.994651       0.217920       0.397086       0.420831         -0.000021
   14.130000       0.996807       0.213261       0.398090       0.420831         -0.000021
   14.140000       0.998917       0.208606       0.399072       0.420831         -0.000021
   14.150000       1.000979       0.203955       0.400032       0.420831         -0.000021
   14.160000       1.002996       0.199308       0.400969       0.420831         -0.000021
   14.170000       1.004966       0.194665       0.401883       0.420831         -0.000021
   14.180000       1.006889       0.190025       0.402776       0.420831         -0.000021
   14.190000       1.008766       0.185390       0.403646       0.420831         -0.000021
   14.200000       1.010597       0.180758       0.404494       0.420831         -0.000021
   14.210000       1.012381       0.176130       0.405320       0.420831         -0.000021
   14.220000       1.014119       0.171505       0.406124       0.420831         -0.000021
   14.230000       1.015811       0.166884       0.406906       0.420831         -0.000021
   14.240000       1.017457       0.162265       0.407666       0.420831         -0.000021
   14.250000       1.019057       0.157651       0.408404       0.420831         -0.000021
   14.260000       1.020610       0.153039       0.409120       0.420831         -0.000021
   14.270000       1.022117       0.148430       0.409815       0.420831         -0.000021
   14.280000       1.023579       0.143825       0.410488       0.420831         -0.000021
   14.290000       1.024994       0.139222       0.411139       0.420831         -0.000021
   14.300000       1.026363       0.134622       0.411769       0.420831         -0.000021
   14.310000       1.027686       0.130025       0.412377       0.420831         -0.000021
   14.320000       1.028964       0.125431       0.412964       0.420831         -0.000021
   14.330000       1.030195       0.120839       0.413530       0.420831         -0.000021
   14.340000       1.031380       0.116250       0.414074       0.420831         -0.000021
   14.350000       1.032520       0.111662       0.414596       0.420831         -0.000021
   14.360000       1.033614       0.107078       0.415098       0.420831         -0.000021
   14.370000       1.034661       0.102495       0.415578       0.420831         -0.000021
   14.380000       1.035664       0.097915       0.416037       0.420831         -0.000021
   14.390000       1.036620       0.093336       0.416475       0.420831         -0.000021
   14.400000       1.037530       0.088760       0.416891       0.420831         -0.000021
   14.410000       1.038395       0.084185       0.417287       0.420831         -0.000021
   14.420000       1.039214       0.079612       0.417662       0.420831         -0.000021
   14.430000       1.039987       0.075041       0.418015       0.420831         -0.000021
   14.440000       1.040715       0.070471       0.418347       0.420831         -0.000021
   14.450000       1.041397       0.065903       0.418659       0.420831         -0.000021
   14.460000       1.042033       0.061336       0.418950       0.420831         -0.000021
   14.470000       1.042623       0.056770       0.419219       0.420831         -0.000021
   14.480000       1.043168       0.052206       0.419468       0.420831         -0.000021
   14.490000       1.043667       0.047642       0.419696       0.420831         -0.000021
   14.500000       1.044121       0.043080       0.419903       0.420831         -0.000021
   14.510000       1.044529       0.038519       0.420089       0.420831         -0.000021
   14.520000       1.044891       0.033958       0.420254       0.420831         -0.000021
   14.530000       1.045208       0.029398       0.420398       0.420831         -0.000021
   14.540000       1.045479       0.024839       0.420522       0.420831         -0.000021
   14.550000       1.045705       0.020280       0.420625       0.420831         -0.000021
   14.560000       1.045885       0.015721       0.420707       0.420831         -0.000021
   14.570000       1.046019       0.011163       0.420768       0.420831         -0.000021
   14.580000       1.046108       0.006605       0.420809       0.420831         -0.000021
   14.590000       1.046152       0.002048       0.420828       0.420831         -0.000021
   14.600000       1.046149      -0.002510       0.420827       0.420831         -0.000021
   14.610000       1.046101      -0.007068       0.420806       0.420831         -0.000021
   14.620000       1.046008      -0.011626       0.420763       0.420831         -0.000021
   14.630000       1.045869      -0.016184       0.420700       0.420831         -0.000021
   14.640000       1.045684      -0.020742       0.420615       0.420831         -0.000021
   14.650000       1.045454      -0.025301       0.420510       0.420831         -0.000021
   14.660000       1.045178      -0.029860       0.420385       0.420831         -0.000021
   14.670000       1.044857      -0.034420       0.420238       0.420831         -0.000021
   14.680000       1.044490      -0.038981       0.420071       0.420831         -0.000021
   14.690000       1.044077      -0.043543       0.419883       0.420831         -0.000021
   14.700000       1.043619      -0.048105       0.419674       0.420831         -0.000021
   14.710000       1.043115      -0.052669       0.419444       0.420831         -0.000021
   14.720000       1.042566      -0.057233       0.419193       0.420831         -0.000021
   14.730000       1.041970      -0.061799       0.418921       0.420831         -0.000021
   14.740000       1.041330      -0.066366       0.418628       0.420831         -0.000021
   14.750000       1.040643      -0.070934       0.418315       0.420831         -0.000021
   14.760000       1.039911      -0.075504       0.417980       0.420831         -0.000021
   14.770000       1.039133      -0.080076       0.417624       0.420831         -0.000021
   14.780000       1.038309      -0.084649       0.417248       0.420831         -0.000021
   14.790000       1.037440      -0.089224       0.416850       0.420831         -0.000021
   14.800000       1.036525      -0.093800       0.416431       0.420831         -0.000021
   14.810000       1.035564      -0.098379       0.415991       0.420831         -0.000021
   14.820000       1.034557      -0.102960       0.415530       0.420831         -0.000021
   14.830000       1.033505      -0.107543       0.415048       0.420831         -0.000021
   14.840000       1.032406      -0.112128       0.414544       0.420831         -0.000021
   14.850000       1.031262      -0.116715       0.414019       0.420831         -0.000021
   14.860000       1.030072      -0.121305       0.413473       0.420831         -0.000021
   14.870000       1.028836      -0.125897       0.412906       0.420831         -0.000021
   14.880000       1.027554      -0.130491       0.412317       0.420831         -0.000021
   14.890000       1.026226      -0.135089       0.411706       0.420831         -0.000021
   14.900000       1.024852      -0.139689       0.411074       0.420831         -0.000021
   14.910000       1.023433      -0.144292       0.410420       0.420831         -0.000021
   14.920000       1.021967      -0.148898       0.409745       0.420831         -0.000021
   14.930000       1.020455      -0.153507       0.409048       0.420831         -0.000021
   14.940000       1.018896      -0.158118       0.408330       0.420831         -0.000021
   14.950000       1.017292      -0.162734       0.407589       0.420831         -0.000021
   14.960000       1.015642      -0.167352       0.406827       0.420831         -0.000021
   14.970000       1.013945      -0.171974       0.406043       0.420831         -0.000021
   14.980000       1.012202      -0.176599       0.405237       0.420831         -0.000021
   14.990000       1.010413      -0.181228       0.404409       0.420831         -0.000021
   15.000000       1.008578      -0.185860       0.403559       0.420831         -0.000021
   15.010000       1.006696      -0.190496       0.402686       0.420831         -0.000021
   15.020000       1.004768      -0.195135       0.401792       0.420831         -0.000021
   15.030000       1.002793      -0.199779       0.400875       0.420831         -0.000021
   15.040000       1.000772      -0.204426       0.399936       0.420831         -0.000021
   15.050000       0.998705      -0.209078       0.398974       0.420831         -0.000021
   15.060000       0.996591      -0.213733       0.397990       0.420831         -0.000021
   15.070000       0.994430      -0.218393       0.396983       0.420831         -0.000021
   15.080000       0.992223      -0.223056       0.395953       0.420831         -0.000021
   15.090000       0.989969      -0.227724       0.394901       0.420831         -0.000021
   15.100000       0.987668      -0.232397       0.393826       0.420831         -0.000021
   15.110000       0.985321      -0.237074       0.392729       0.420831         -0.000021
   15.120000       0.982927      -0.241755       0.391608       0.420831         -0.000021
   15.130000       0.980486      -0.246441       0.390464       0.420831         -0.000021
   15.140000       0.977998      -0.251131       0.389297       0.420831         -0.000021
   15.150000       0.975463      -0.255826       0.388107       0.420831         -0.000021
   15.160000       0.972882      -0.260526       0.386894       0.420831         -0.000021
   15.170000       0.970253      -0.265231       0.385657       0.420831         -0.000021
   15.180000       0.967577      -0.269940       0.384397       0.420831         -0.000021
   15.190000       0.964854      -0.274655       0.383113       0.420831         -0.000021
   15.200000       0.962084      -0.279374       0.381806       0.420831         -0.000021
   15.210000       0.959267      -0.284099       0.380475       0.420831         -0.000021
   15.220000       0.956402      -0.288828       0.379120       0.420831         -0.000021
   15.230000       0.953490      -0.293563       0.377741       0.420831         -0.000021
   15.240000       0.950531      -0.298303       0.376338       0.420831         -0.000021
   15.250000       0.947524      -0.303048       0.374911       0.420831         -0.000021
   15.260000       0.944470      -0.307798       0.373461       0.420831         -0.000021
   15.270000       0.941368      -0.312554       0.371986       0.420831         -0.000021
   15.280000       0.938219      -0.317315       0.370486       0.420831         -0.000021
   15.290000       0.935022      -0.322082       0.368962       0.420831         -0.000021
   15.300000       0.931777      -0.326854       0.367414       0.420831         -0.000021
   15.310000       0.928485      -0.331631       0.365841       0.420831         -0.000021
   15.320000       0.925144      -0.336414       0.364243       0.420831         -0.000021
   15.330000       0.921756      -0.341202       0.362621       0.420831         -0.000021
   15.340000       0.918320      -0.345996       0.360974       0.420831         -0.000021
   15.350000       0.914836      -0.350796       0.359302       0.420831         -0.000021
   15.360000       0.911304      -0.355601       0.357605       0.420831         -0.000021
   15.370000       0.907724      -0.360412       0.355882       0.420831         -0.000021
   15.380000       0.904096      -0.365228       0.354135       0.420831         -0.000021
   15.390000       0.900420      -0.370050       0.352362       0.420831         -0.000021
   15.400000       0.896695      -0.374878       0.350564       0.420831         -0.000021
   15.410000       0.892922      -0.379711       0.348740       0.420831         -0.000021
   15.420000       0.889101      -0.384550       0.346891       0.420831         -0.000021
   15.430000       0.885231      -0.389394       0.345017       0.420831         -0.000021
   15.440000       0.881313      -0.394244       0.343116       0.420831         -0.000021
   15.450000       0.877346      -0.399100       0.341190       0.420831         -0.000021
   15.460000       0.873331      -0.403961       0.339238       0.420831         -0.000021
   15.470000       0.869267      -0.408828       0.337260       0.420831         -0.000021
   15.480000       0.865154      -0.413700       0.335257       0.420831         -0.000021
   15.490000       0.860993      -0.418578       0.333227       0.420831         -0.000021
   15.500000       0.856783      -0.423462       0.331171       0.420831         -0.000021
   15.510000       0.852524      -0.428350       0.329089       0.420831         -0.000021
   15.520000       0.848216      -0.433244       0.326980       0.420831         -0.000021
   15.530000       0.843859      -0.438144       0.324846       0.420831         -0.000021
   15.540000       0.839453      -0.443049       0.322685       0.420831         -0.000021
   15.550000       0.834998      -0.447959       0.320497       0.420831         -0.000021
   15.560000       0.830494      -0.452874       0.318283       0.420831         -0.000021
   15.570000       0.825941      -0.457794       0.316043       0.420831         -0.000021
   15.580000       0.821338      -0.462719       0.313776       0.420831         -0.000021
   15.590000       0.816686      -0.467649       0.311483       0.420831         -0.000021
   15.600000       0.811985      -0.472584       0.309163       0.420831         -0.000021
   15.610000       0.807234      -0.477524       0.306816       0.420831         -0.000021
   15.620000       0.802435      -0.482468       0.304443       0.420831         -0.000021
   15.630000       0.797585      -0.487416       0.302043       0.420831         -0.000021
   15.640000       0.792686      -0.492369       0.299617       0.420831         -0.000021
   15.650000       0.787738      -0.497327       0.297164       0.420831         -0.000021
   15.660000       0.782740      -0.502288       0.294684       0.420831         -0.000021
   15.670000       0.777692      -0.507253       0.292178       0.420831         -0.000021
   15.680000       0.772595      -0.512222       0.289645       0.420831         -0.000021
   15.690000       0.767448      -0.517195       0.287085       0.420831         -0.000021
   15.700000       0.762251      -0.522171       0.284500       0.420831         -0.000021
   15.710000       0.757004      -0.527150       0.281887       0.420831         -0.000021
   15.720000       0.751708      -0.532132       0.279248       0.420831         -0.000020
   15.730000       0.746361      -0.537118       0.276583       0.420831         -0.000020
   15.740000       0.740965      -0.542105       0.273892       0.420831         -0.000020
   15.750000       0.735519      -0.547096       0.271174       0.420831         -0.000020
   15.760000       0.730023      -0.552088       0.268430       0.420831         -0.000020
   15.770000       0.724478      -0.557083       0.265660       0.420831         -0.000020
   15.780000       0.718882      -0.562079       0.262865       0.420831         -0.000020
   15.790000       0.713236      -0.567076       0.260043       0.420831         -0.000020
   15.800000       0.707540      -0.572075       0.257196       0.420831         -0.000020
   15.810000       0.701795      -0.577074       0.254324       0.420831         -0.000020
   15.820000       0.695999      -0.582074       0.251426       0.420831         -0.000020
   15.830000       0.690153      -0.587074       0.248503       0.420831         -0.000020
   15.840000       0.684257      -0.592074       0.245555       0.420831         -0.000020
   15.850000       0.678312      -0.597073       0.242583       0.420831         -0.000020
   15.860000       0.672316      -0.602071       0.239586       0.420831         -0.000020
   15.870000       0.666270      -0.607068       0.236565       0.420831         -0.000020
   15.880000       0.660174      -0.612064       0.233520       0.420831         -0.000020
   15.890000       0.654029      -0.617057       0.230451       0.420831         -0.000020
   15.900000       0.647833      -0.622048       0.227359       0.420831         -0.000020
   15.910000       0.641588      -0.627035       0.224244       0.420831         -0.000020
   15.920000       0.635293      -0.632020       0.221106       0.420831         -0.000020
   15.930000       0.628948      -0.637000       0.217946       0.420831         -0.000020
   15.940000       0.622553      -0.641976       0.214765       0.420831         -0.000020
   15.950000       0.616108      -0.646946       0.211561       0.420831         -0.000020
   15.960000       0.609614      -0.651911       0.208337       0.420831         -0.000020
   15.970000       0.603070      -0.656870       0.205092       0.420831         -0.000020
   15.980000       0.596476      -0.661822       0.201827       0.420831         -0.000020
   15.990000       0.589833      -0.666767       0.198542       0.420831         -0.000020
   16.000000       0.583141      -0.671704       0.195238       0.420831         -0.000020
   16.010000       0.576399      -0.676632       0.191916       0.420831         -0.000020
   16.020000       0.569608      -0.681550       0.188576       0.420831         -0.000020
   16.030000       0.562768      -0.686459       0.185218       0.420831         -0.000020
   16.040000       0.555879      -0.691356       0.181844       0.420831         -0.000020
   16.050000       0.548941      -0.696242       0.178455       0.420831         -0.000020
   16.060000       0.541954      -0.701115       0.175050       0.420831         -0.000020
   16.070000       0.534919      -0.705975       0.171631       0.420831         -0.000019
   16.080000       0.527835      -0.710821       0.168198       0.420831         -0.000019
   16.090000       0.520702      -0.715652       0.164752       0.420831         -0.000019
   16.100000       0.513522      -0.720467       0.161295       0.420831         -0.000019
   16.110000       0.506293      -0.725265       0.157827       0.420831         -0.000019
   16.120000       0.499017      -0.730044       0.154349       0.420831         -0.000019
   16.130000       0.491692      -0.734805       0.150862       0.420831         -0.000019
   16.140000       0.484320      -0.739546       0.147367       0.420831         -0.000019
   16.150000       0.476901      -0.744266       0.143866       0.420831         -0.000019
   16.160000       0.469435      -0.748963       0.140359       0.420831         -0.000019
   16.170000       0.461922      -0.753637       0.136847       0.420831         -0.000019
   16.180000       0.454362      -0.758286       0.133333       0.420831         -0.000019
   16.190000       0.446756      -0.762909       0.129816       0.420831         -0.000019
   16.200000       0.439104      -0.767505       0.126299       0.420831         -0.000019
   16.210000       0.431406      -0.772072       0.122784       0.420832         -0.000018
   16.220000       0.423663      -0.776610       0.119270       0.420832         -0.000018
   16.230000       0.415874      -0.781115       0.115761       0.420832         -0.000018
   16.240000       0.408040      -0.785588       0.112257       0.420832         -0.000018
   16.250000       0.400162      -0.790027       0.108761       0.420832         -0.000018
   16.260000       0.392240      -0.794429       0.105273       0.420832         -0.000018
   16.270000       0.384274      -0.798794       0.101796       0.420832         -0.000018
   16.280000       0.376264      -0.803119       0.098332       0.420832         -0.000018
   16.290000       0.368211      -0.807403       0.094882       0.420832         -0.000018
   16.300000       0.360116      -0.811645       0.091449       0.420832         -0.000017
   16.310000       0.351978      -0.815841       0.088034       0.420832         -0.000017
   16.320000       0.343799      -0.819991       0.084639       0.420832         -0.000017
   16.330000       0.335579      -0.824092       0.081268       0.420832         -0.000017
   16.340000       0.327317      -0.828143       0.077922       0.420832         -0.000017
   16.350000       0.319016      -0.832141       0.074603       0.420832         -0.000017
   16.360000       0.310674      -0.836084       0.071314       0.420832         -0.000017
   16.370000       0.302294      -0.839970       0.068058       0.420832         -0.000016
   16.380000       0.293875      -0.843796       0.064837       0.420832         -0.000016
   16.390000       0.285418      -0.847561       0.061653       0.420833         -0.000016
   16.400000       0.276924      -0.851261       0.058510       0.420833         -0.000016
   16.410000       0.268393      -0.854895       0.055410       0.420833         -0.000016
   16.420000       0.259826      -0.858460       0.052356       0.420833         -0.000015
   16.430000       0.251224      -0.861953       0.049351       0.420833         -0.000015
   16.440000       0.242587      -0.865371       0.046399       0.420833         -0.000015
   16.450000       0.233916      -0.868713       0.043502       0.420833         -0.000015
   16.460000       0.225213      -0.871974       0.040664       0.420833         -0.000015
   16.470000       0.216477      -0.875152       0.037888       0.420833         -0.000014
   16.480000       0.207710      -0.878243       0.035178       0.420833         -0.000014
   16.490000       0.198912      -0.881246       0.032536       0.420833         -0.000014
   16.500000       0.190085      -0.884156       0.029967       0.420834         -0.000014
   16.510000       0.181229      -0.886971       0.027475       0.420834         -0.000013
   16.520000       0.172345      -0.889687       0.025063       0.420834         -0.000013
   16.530000       0.163435      -0.892300       0.022734       0.420834         -0.000013
   16.540000       0.154499      -0.894808       0.020494       0.420834         -0.000012
   16.550000       0.145539      -0.897206       0.018345       0.420834         -0.000012
   16.560000       0.136555      -0.899491       0.016292       0.420834         -0.000012
   16.570000       0.127549      -0.901659       0.014340       0.420834         -0.000011
   16.580000       0.118522      -0.903706       0.012492       0.420835         -0.000011
   16.590000       0.109475      -0.905629       0.010753       0.420835         -0.000011
   16.600000       0.100409      -0.907423       0.009127       0.420835         -0.000010
   16.610000       0.091327      -0.909084       0.007618       0.420835         -0.000010
   16.620000       0.082228      -0.910609       0.006231       0.420835         -0.000010
   16.630000       0.073114      -0.911992       0.004971       0.420835         -0.000009
   16.640000       0.063988      -0.913229       0.003842       0.420836         -0.000009
   16.650000       0.054850      -0.914316       0.002849       0.420836         -0.000009
   16.660000       0.045702      -0.915249       0.001996       0.420836         -0.000008
   16.670000       0.036545      -0.916022       0.001288       0.420836         -0.000008
   16.680000       0.027381      -0.916632       0.000730       0.420836         -0.000007
   16.690000       0.018212      -0.917072       0.000326       0.420836         -0.000007
   16.700000       0.009040      -0.917339       0.000081       0.420837         -0.000006
   16.710000      -0.000135      -0.917428       0.000000       0.420837         -0.000006
   16.720000      -0.009309      -0.917333       0.000087       0.420837         -0.000005
   16.730000      -0.018481      -0.917049       0.000348       0.420837         -0.000005
   16.740000      -0.027650      -0.916571       0.000786       0.420837         -0.000004
   16.750000      -0.036813      -0.915895       0.001406       0.420838         -0.000004
   16.760000      -0.045968      -0.915014       0.002213       0.420838         -0.000003
   16.770000      -0.055113      -0.913923       0.003210       0.420838         -0.000003
   16.780000      -0.064246      -0.912617       0.004403       0.420838         -0.000002
   16.790000      -0.073365      -0.911091       0.005795       0.420839         -0.000002
   16.800000      -0.082468      -0.909339       0.007390       0.420839         -0.000001
   16.810000      -0.091552      -0.907356       0.009192       0.420839         -0.000001
   16.820000      -0.100615      -0.905135       0.011204       0.420839         -0.000000
   16.830000      -0.109655      -0.902672       0.013431       0.420839          0.000000
   16.840000      -0.118668      -0.899961       0.015875       0.420840          0.000001
   16.850000      -0.127654      -0.896996       0.018539       0.420840          0.000002
   16.860000      -0.136608      -0.893771       0.021427       0.420840          0.000002
   16.870000      -0.145529      -0.890282       0.024540       0.420840          0.000003
   16.880000      -0.154414      -0.886522       0.027880       0.420841          0.000003
   16.890000      -0.163260      -0.882486       0.031450       0.420841          0.000004
   16.900000      -0.172064      -0.878168       0.035251       0.420841          0.000005
   16.910000      -0.180823      -0.873564       0.039285       0.420842          0.000005
   16.920000      -0.189535      -0.868667       0.043550       0.420842          0.000006
   16.930000      -0.198196      -0.863473       0.048049       0.420842          0.000007
   16.940000      -0.206804      -0.857975       0.052781       0.420842          0.000007
   16.950000      -0.215356      -0.852170       0.057746       0.420843          0.000008
   16.960000      -0.223848      -0.846052       0.062941       0.420843          0.000008
   16.970000      -0.232277      -0.839615       0.068366       0.420843          0.000009
   16.980000      -0.240640      -0.832857       0.074018       0.420843          0.000010
   16.990000      -0.248934      -0.825770       0.079895       0.420844          0.000010
   17.000000      -0.257156      -0.818353       0.085993       0.420844          0.000011
   17.010000      -0.265301      -0.810599       0.092309       0.420844          0.000012
   17.020000      -0.273368      -0.802506       0.098837       0.420844          0.000012
   17.030000      -0.281351      -0.794068       0.105572       0.420845          0.000013
   17.040000      -0.289249      -0.785284       0.112509       0.420845          0.000013
   17.050000      -0.297057      -0.776149       0.119641       0.420845          0.000014
   17.060000      -0.304772      -0.766661       0.126961       0.420845          0.000014
   17.070000      -0.312390      -0.756817       0.134460       0.420846          0.000015
   17.080000      -0.319908      -0.746613       0.142130       0.420846          0.000016
   17.090000      -0.327322      -0.736050       0.149962       0.420846          0.000016
   17.100000      -0.334629      -0.725123       0.157944       0.420846          0.000017
   17.110000      -0.341825      -0.713833       0.166068       0.420847          0.000017
   17.120000      -0.348906      -0.702179       0.174319       0.420847          0.000018
   17.130000      -0.355868      -0.690158       0.182688       0.420847          0.000018
   17.140000      -0.362709      -0.677773       0.191159       0.420847          0.000019
   17.150000      -0.369424      -0.665022       0.199720       0.420847          0.000019
   17.160000      -0.376009      -0.651906       0.208357       0.420848          0.000020
   17.170000      -0.382462      -0.638428       0.217053       0.420848          0.000020
   17.180000      -0.388778      -0.624587       0.225793       0.420848          0.000020
   17.190000      -0.394954      -0.610387       0.234562       0.420848          0.000021
   17.200000      -0.400986      -0.595831       0.243341       0.420848          0.000021
   17.210000      -0.406870      -0.580921       0.252114       0.420848          0.000022
   17.220000      -0.412604      -0.565661       0.260863       0.420849          0.000022
   17.230000      -0.418184      -0.550055       0.269568       0.420849          0.000022
   17.240000      -0.423605      -0.534109       0.278213       0.420849          0.000023
   17.250000      -0.428866      -0.517827       0.286776       0.420849          0.000023
   17.260000      -0.433962      -0.501216       0.295240       0.420849          0.000023
   17.270000      -0.438890      -0.484282       0.303585       0.420849          0.000023
   17.280000      -0.443648      -0.467033       0.311790       0.420849          0.000024
   17.290000      -0.448231      -0.449475       0.319836       0.420849          0.000024
   17.300000      -0.452637      -0.431617       0.327703       0.420849          0.000024
   17.310000      -0.456863      -0.413468       0.335372       0.420850          0.000024
   17.320000      -0.460906      -0.395037       0.342823       0.420850          0.000025
   17.330000      -0.464764      -0.376334       0.350036       0.420850          0.000025
   17.340000      -0.468433      -0.357369       0.356993       0.420850          0.000025
   17.350000      -0.471911      -0.338154       0.363676       0.420850          0.000025
   17.360000      -0.475196      -0.318699       0.370065       0.420850          0.000025
   17.370000      -0.478285      -0.299018       0.376144       0.420850          0.000025
   17.380000      -0.481177      -0.279121       0.381896       0.420850          0.000026
   17.390000      -0.483868      -0.259022       0.387304       0.420850          0.000026
   17.400000      -0.486357      -0.238735       0.392353       0.420850          0.000026
   17.410000      -0.488643      -0.218273       0.397029       0.420850          0.000026
   17.420000      -0.490723      -0.197650       0.401318       0.420850          0.000026
   17.430000      -0.492596      -0.176880       0.405207       0.420850          0.000026
   17.440000      -0.494260      -0.155979       0.408686       0.420850          0.000026
   17.450000      -0.495715      -0.134961       0.411743       0.420850          0.000026
   17.460000      -0.496960      -0.113842       0.414370       0.420850          0.000026
   17.470000      -0.497992      -0.092638       0.416560       0.420850          0.000027
   17.480000      -0.498812      -0.071363       0.418304       0.420851          0.000027
   17.490000      -0.499419      -0.050035       0.419599       0.420851          0.000027
   17.500000      -0.499813      -0.028669       0.420440       0.420851          0.000027
   17.510000      -0.499993      -0.007281       0.420824       0.420851          0.000027
   17.520000      -0.499959       0.014113       0.420751       0.420851          0.000027
   17.530000      -0.499711       0.035495       0.420221       0.420851          0.000027
   17.540000      -0.499249       0.056851       0.419235       0.420851          0.000027
   17.550000      -0.498574       0.078164       0.417796       0.420851          0.000027
   17.560000      -0.497686       0.099418       0.415909       0.420851          0.000027
   17.570000      -0.496585       0.120597       0.413579       0.420851          0.000028
   17.580000      -0.495274       0.141685       0.410814       0.420851          0.000028
   17.590000      -0.493752       0.162667       0.407621       0.420851          0.000028
   17.600000      -0.492020       0.183528       0.404010       0.420851          0.000028
   17.610000      -0.490081       0.204253       0.399991       0.420851          0.000028
   17.620000      -0.487935       0.224826       0.395578       0.420851          0.000028
   17.630000      -0.485585       0.245234       0.390781       0.420851          0.000028
   17.640000      -0.483031       0.265463       0.385616       0.420851          0.000028
   17.650000      -0.480276       0.285498       0.380097       0.420851          0.000028
   17.660000      -0.477321       0.305328       0.374239       0.420851          0.000028
   17.670000      -0.474169       0.324938       0.368059       0.420851          0.000028
   17.680000      -0.470822       0.344318       0.361574       0.420851          0.000028
   17.690000      -0.467283       0.363454       0.354802       0.420851          0.000028
   17.700000      -0.463553       0.382336       0.347761       0.420851          0.000028
   17.710000      -0.459636       0.400954       0.340469       0.420851          0.000028
   17.720000      -0.455534       0.419296       0.332947       0.420851          0.000028
   17.730000      -0.451250       0.437353       0.325212       0.420851          0.000028
   17.740000      -0.446787       0.455116       0.317286       0.420851          0.000028
   17.750000      -0.442148       0.472577       0.309187       0.420851          0.000028
   17.760000      -0.437336       0.489726       0.300935       0.420851          0.000028
   17.770000      -0.432353       0.506558       0.292551       0.420851          0.000028
   17.780000      -0.427204       0.523065       0.284053       0.420851          0.000028
   17.790000      -0.421892       0.539240       0.275461       0.420851          0.000028
   17.800000      -0.416420       0.555078       0.266795       0.420851          0.000027
   17.810000      -0.410790       0.570574       0.258074       0.420851          0.000027
   17.820000      -0.405008       0.585723       0.249315       0.420851          0.000027
   17.830000      -0.399076       0.600520       0.240538       0.420851          0.000027
   17.840000      -0.392998       0.614963       0.231760       0.420850          0.000026
   17.850000      -0.386777       0.629049       0.222999       0.420850          0.000026
   17.860000      -0.380417       0.642774       0.214271       0.420850          0.000026
   17.870000      -0.373921       0.656137       0.205592       0.420850          0.000026
   17.880000      -0.367294       0.669136       0.196978       0.420850          0.000025
   17.890000      -0.360539       0.681771       0.188444       0.420850          0.000025
   17.900000      -0.353659       0.694040       0.180004       0.420850          0.000024
   17.910000      -0.346658       0.705943       0.171672       0.420849          0.000024
   17.920000      -0.339540       0.717481       0.163459       0.420849          0.000024
   17.930000      -0.332308       0.728655       0.155380       0.420849          0.000023
   17.940000      -0.324967       0.739466       0.147444       0.420849          0.000023
   17.950000      -0.317519       0.749914       0.139663       0.420849          0.000022
   17.960000      -0.309968       0.760003       0.132047       0.420848          0.000022
   17.970000      -0.302319       0.769733       0.124604       0.420848          0.000021
   17.980000      -0.294574       0.779108       0.117343       0.420848          0.000021
   17.990000      -0.286737       0.788131       0.110273       0.420848          0.000020
   18.000000      -0.278811       0.796804       0.103399       0.420848          0.000020
   18.010000      -0.270801       0.805131       0.096729       0.420847          0.000019
   18.020000      -0.262709       0.813115       0.090269       0.420847          0.000019
   18.030000      -0.254538       0.820761       0.084022       0.420847          0.000018
   18.040000      -0.246293       0.828073       0.077994       0.420847          0.000018
   18.050000      -0.237977       0.835054       0.072189       0.420846          0.000017
   18.060000      -0.229592       0.841709       0.066609       0.420846          0.000016
   18.070000      -0.221143       0.848044       0.061257       0.420846          0.000016
   18.080000      -0.212631       0.854062       0.056135       0.420846          0.000015
   18.090000      -0.204061       0.859768       0.051245       0.420845          0.000015
   18.100000      -0.195436       0.865168       0.046587       0.420845          0.000014
   18.110000      -0.186758       0.870267       0.042163       0.420845          0.000014
   18.120000      -0.178031       0.875070       0.037971       0.420845          0.000013
   18.130000      -0.169257       0.879582       0.034012       0.420845          0.000012
   18.140000      -0.160439       0.883809       0.030285       0.420844          0.000012
   18.150000      -0.151580       0.887756       0.026789       0.420844          0.000011
   18.160000      -0.142684       0.891429       0.023521       0.420844          0.000011
   18.170000      -0.133752       0.894833       0.020480       0.420844          0.000010
   18.180000      -0.124787       0.897974       0.017664       0.420843          0.000010
   18.190000      -0.115792       0.900858       0.015071       0.420843          0.000009
   18.200000      -0.106770       0.903489       0.012696       0.420843          0.000008
   18.210000      -0.097723       0.905874       0.010538       0.420843          0.000008
   18.220000      -0.088653       0.908019       0.008593       0.420842          0.000007
   18.230000      -0.079562       0.909928       0.006858       0.420842          0.000007
   18.240000      -0.070454       0.911607       0.005328       0.420842          0.000006
   18.250000      -0.061330       0.913062       0.004001       0.420842          0.000006
   18.260000      -0.052193       0.914298       0.002871       0.420842          0.000005
   18.270000      -0.043044       0.915322       0.001935       0.420841          0.000005
   18.280000      -0.033886       0.916137       0.001188       0.420841          0.000004
   18.290000      -0.024721       0.916749       0.000626       0.420841          0.000004
   18.300000      -0.015551       0.917164       0.000246       0.420841          0.000003
   18.310000      -0.006378       0.917387       0.000041       0.420841          0.000003
   18.320000       0.002796       0.917423       0.000008       0.420840          0.000003
   18.330000       0.011970       0.917277       0.000142       0.420840          0.000002
   18.340000       0.021142       0.916954       0.000438       0.420840          0.000002
   18.350000       0.030309       0.916459       0.000891       0.420840          0.000001
   18.360000       0.039471       0.915797       0.001498       0.420840          0.000001
   18.370000       0.048625       0.914972       0.002253       0.420839          0.000000
   18.380000       0.057771       0.913989       0.003151       0.420839         -0.000000
   18.390000       0.066905       0.912854       0.004188       0.420839         -0.000000
   18.400000       0.076028       0.911569       0.005360       0.420839         -0.000001
   18.410000       0.085137       0.910141       0.006661       0.420839         -0.000001
   18.420000       0.094231       0.908572       0.008087       0.420839         -0.000001
   18.430000       0.103308       0.906868       0.009634       0.420839         -0.000002
   18.440000       0.112368       0.905033       0.011296       0.420838         -0.000002
   18.450000       0.121409       0.903070       0.013071       0.420838         -0.000002
   18.460000       0.130429       0.900983       0.014953       0.420838         -0.000003
   18.470000       0.139428       0.898777       0.016938       0.420838         -0.000003
   18.480000       0.148405       0.896456       0.019021       0.420838         -0.000003
   18.490000       0.157358       0.894022       0.021200       0.420838         -0.000004
   18.500000       0.166285       0.891481       0.023469       0.420838         -0.000004
   18.510000       0.175187       0.888834       0.025825       0.420837         -0.000004
   18.520000       0.184062       0.886086       0.028263       0.420837         -0.000005
   18.530000       0.192909       0.883241       0.030780       0.420837         -0.000005
   18.540000       0.201727       0.880301       0.033373       0.420837         -0.000005
   18.550000       0.210515       0.877269       0.036037       0.420837         -0.000005
   18.560000       0.219272       0.874149       0.038768       0.420837         -0.000006
   18.570000       0.227998       0.870945       0.041565       0.420837         -0.000006
   18.580000       0.236691       0.867658       0.044422       0.420837         -0.000006
   18.590000       0.245351       0.864292       0.047337       0.420837         -0.000006
   18.600000       0.253977       0.860849       0.050306       0.420837         -0.000006
   18.610000       0.262568       0.857333       0.053327       0.420837         -0.000007
   18.620000       0.271124       0.853746       0.056396       0.420836         -0.000007
   18.630000       0.279643       0.850090       0.059510       0.420836         -0.000007
   18.640000       0.288125       0.846369       0.062666       0.420836         -0.000007
   18.650000       0.296570       0.842584       0.065862       0.420836         -0.000007
   18.660000       0.304977       0.838738       0.069095       0.420836         -0.000007
   18.670000       0.313345       0.834834       0.072362       0.420836         -0.000008
   18.680000       0.321674       0.830873       0.075661       0.420836         -0.000008
   18.690000       0.329963       0.826858       0.078989       0.420836         -0.000008
   18.700000       0.338211       0.822791       0.082343       0.420836         -0.000008
   18.710000       0.346418       0.818674       0.085722       0.420836         -0.000008
   18.720000       0.354584       0.814509       0.089123       0.420836         -0.000008
   18.730000       0.362709       0.810298       0.092544       0.420836         -0.000009
   18.740000       0.370790       0.806043       0.095983       0.420836         -0.000009
   18.750000       0.378829       0.801745       0.099438       0.420836         -0.000009
   18.760000       0.386825       0.797407       0.102906       0.420836         -0.000009
   18.770000       0.394778       0.793030       0.106387       0.420836         -0.000009
   18.780000       0.402686       0.788616       0.109878       0.420835         -0.000009
   18.790000       0.410550       0.784167       0.113377       0.420835         -0.000009
   18.800000       0.418369       0.779683       0.116882       0.420835         -0.000009
   18.810000       0.426144       0.775167       0.120393       0.420835         -0.000009
   18.820000       0.433873       0.770620       0.123908       0.420835         -0.000009
   18.830000       0.441556       0.766043       0.127424       0.420835         -0.000010
   18.840000       0.449193       0.761439       0.130941       0.420835         -0.000010
   18.850000       0.456785       0.756807       0.134457       0.420835         -0.000010
   18.860000       0.464330       0.752150       0.137970       0.420835         -0.000010
   18.870000       0.471828       0.747468       0.141481       0.420835         -0.000010
   18.880000       0.479279       0.742764       0.144986       0.420835         -0.000010
   18.890000       0.486683       0.738037       0.148485       0.420835         -0.000010
   18.900000       0.494040       0.733290       0.151978       0.420835         -0.000010
   18.910000       0.501349       0.728523       0.155462       0.420835         -0.000010
   18.920000       0.508610       0.723737       0.158937       0.420835         -0.000010
   18.930000       0.515824       0.718934       0.162402       0.420835         -0.000010
   18.940000       0.522989       0.714114       0.165856       0.420835         -0.000010
   18.950000       0.530106       0.709278       0.169297       0.420835         -0.000010
   18.960000       0.537174       0.704428       0.172726       0.420835         -0.000010
   18.970000       0.544194       0.699563       0.176140       0.420835         -0.000011
   18.980000       0.551166       0.694686       0.179541       0.420835         -0.000011
   18.990000       0.558088       0.689796       0.182925       0.420835         -0.000011
   19.000000       0.564962       0.684895       0.186294       0.420835         -0.000011
   19.010000       0.571786       0.679983       0.189646       0.420835         -0.000011
   19.020000       0.578561       0.675062       0.192981       0.420835         -0.000011
   19.030000       0.585287       0.670131       0.196297       0.420835         -0.000011
   19.040000       0.591964       0.665192       0.199595       0.420835         -0.000011
   19.050000       0.598591       0.660244       0.202873       0.420835         -0.000011
   19.060000       0.605169       0.655290       0.206132       0.420835         -0.000011
   19.070000       0.611697       0.650329       0.209371       0.420835         -0.000011
   19.080000       0.618175       0.645362       0.212588       0.420835         -0.000011
   19.090000       0.624604       0.640390       0.215785       0.420835         -0.000011
   19.100000       0.630983       0.635413       0.218960       0.420835         -0.000011
   19.110000       0.637312       0.630431       0.222113       0.420835         -0.000011
   19.120000       0.643592       0.625446       0.225243       0.420835         -0.000011
   19.130000       0.649821       0.620457       0.228351       0.420835         -0.000011
   19.140000       0.656001       0.615466       0.231436       0.420835         -0.000011
   19.150000       0.662131       0.610472       0.234497       0.420835         -0.000011
   19.160000       0.668210       0.605476       0.237534       0.420835         -0.000011
   19.170000       0.674240       0.600478       0.240548       0.420835         -0.000011
   19.180000       0.680220       0.595479       0.243537       0.420835         -0.000011
   19.190000       0.686150       0.590480       0.246501       0.420835         -0.000011
   19.200000       0.692030       0.585480       0.249441       0.420835         -0.000011
   19.210000       0.697859       0.580480       0.252356       0.420835         -0.000011
   19.220000       0.703639       0.575480       0.255246       0.420835         -0.000011
   19.230000       0.709369       0.570481       0.258110       0.420835         -0.000011
   19.240000       0.715049       0.565483       0.260949       0.420834         -0.000011
   19.250000       0.720679       0.560486       0.263762       0.420834         -0.000011
   19.260000       0.726258       0.555490       0.266550       0.420834         -0.000011
   19.270000       0.731788       0.550497       0.269311       0.420834         -0.000011
   19.280000       0.737268       0.545505       0.272047       0.420834         -0.000011
   19.290000       0.742698       0.540515       0.274756       0.420834         -0.000011
   19.300000       0.748079       0.535528       0.277439       0.420834         -0.000011
   19.310000       0.753409       0.530544       0.280096       0.420834         -0.000011
   19.320000       0.758690       0.525562       0.282727       0.420834         -0.000011
   19.330000       0.763920       0.520584       0.285331       0.420834         -0.000012
   19.340000       0.769101       0.515609       0.287908       0.420834         -0.000012
   19.350000       0.774232       0.510638       0.290459       0.420834         -0.000012
   19.360000       0.779314       0.505670       0.292983       0.420834         -0.000012
   19.370000       0.784346       0.500706       0.295481       0.420834         -0.000012
   19.380000       0.789328       0.495746       0.297952       0.420834         -0.000012
   19.390000       0.794261       0.490790       0.300397       0.420834         -0.000012
   19.400000       0.799144       0.485838       0.302815       0.420834         -0.000012
   19.410000       0.803978       0.480891       0.305206       0.420834         -0.000012
   19.420000       0.808762       0.475949       0.307571       0.420834         -0.000012
   19.430000       0.813497       0.471010       0.309909       0.420834         -0.000012
   19.440000       0.818182       0.466077       0.312220       0.420834         -0.000012
   19.450000       0.822818       0.461149       0.314505       0.420834         -0.000012
   19.460000       0.827405       0.456225       0.316764       0.420834         -0.000012
   19.470000       0.831943       0.451307       0.318996       0.420834         -0.000012
   19.480000       0.836431       0.446393       0.321201       0.420834         -0.000012
   19.490000       0.840870       0.441485       0.323380       0.420834         -0.000012
   19.500000       0.845261       0.436582       0.325533       0.420834         -0.000012
   19.510000       0.849602       0.431684       0.327659       0.420834         -0.000012
   19.520000       0.853894       0.426791       0.329759       0.420834         -0.000012
   19.530000       0.858138       0.421904       0.331833       0.420834         -0.000012
   19.540000       0.862333       0.417023       0.333880       0.420834         -0.000012
   19.550000       0.866478       0.412147       0.335902       0.420834         -0.000012
   19.560000       0.870575       0.407276       0.337897       0.420834         -0.000012
   19.570000       0.874624       0.402411       0.339867       0.420834         -0.000012
   19.580000       0.878624       0.397552       0.341811       0.420834         -0.000012
   19.590000       0.882575       0.392698       0.343729       0.420834         -0.000012
   19.600000       0.886478       0.387849       0.345621       0.420834         -0.000012
   19.610000       0.890332       0.383007       0.347487       0.420834         -0.000012
   19.620000       0.894138       0.378170       0.349328       0.420834         -0.000012
   19.630000       0.897895       0.373338       0.351144       0.420834         -0.000012
   19.640000       0.901605       0.368513       0.352934       0.420834         -0.000012
   19.650000       0.905266       0.363692       0.354698       0.420834         -0.000012
   19.660000       0.908878       0.358878       0.356438       0.420834         -0.000012
   19.670000       0.912443       0.354069       0.358152       0.420834         -0.000012
   19.680000       0.915960       0.349266       0.359841       0.420834         -0.000012
   19.690000       0.919428       0.344468       0.361505       0.420834         -0.000012
   19.700000       0.922849       0.339676       0.363145       0.420834         -0.000012
   19.710000       0.926222       0.334889       0.364759       0.420834         -0.000012
   19.720000       0.929547       0.330108       0.366349       0.420834         -0.000012
   19.730000       0.932824       0.325332       0.367914       0.420834         -0.000012
   19.740000       0.936054       0.320562       0.369454       0.420834         -0.000012
   19.750000       0.939235       0.315797       0.370970       0.420834         -0.000012
   19.760000       0.942370       0.311038       0.372462       0.420834         -0.000012
   19.770000       0.945456       0.306284       0.373929       0.420834         -0.000012
   19.780000       0.948495       0.301535       0.375373       0.420834         -0.000012
   19.790000       0.951487       0.296792       0.376792       0.420834         -0.000012
   19.800000       0.954431       0.292054       0.378187       0.420834         -0.000012
   19.810000       0.957328       0.287321       0.379558       0.420834         -0.000012
   19.820000       0.960177       0.282593       0.380905       0.420834         -0.000012
   19.830000       0.962980       0.277870       0.382229       0.420834         -0.000012
   19.840000       0.965735       0.273152       0.383528       0.420834         -0.000012
   19.850000       0.968443       0.268439       0.384805       0.420834         -0.000012
   19.860000       0.971104       0.263731       0.386057       0.420834         -0.000012
   19.870000       0.973717       0.259028       0.387287       0.420834         -0.000012
   19.880000       0.976284       0.254330       0.388493       0.420834         -0.000012
   19.890000       0.978804       0.249636       0.389675       0.420834         -0.000012
   19.900000       0.981277       0.244947       0.390835       0.420834         -0.000012
   19.910000       0.983703       0.240263       0.391971       0.420834         -0.000012
   19.920000       0.986082       0.235583       0.393085       0.420834         -0.000012
   19.930000       0.988415       0.230908       0.394175       0.420834         -0.000012
   19.940000       0.990700       0.226237       0.395243       0.420834         -0.000012
   19.950000       0.992939       0.221570       0.396288       0.420834         -0.000012
   19.960000       0.995132       0.216908       0.397310       0.420834         -0.000012
   19.970000       0.997277       0.212249       0.398309       0.420834         -0.000012
   19.980000       0.999377       0.207595       0.399286       0.420834         -0.000012
   19.990000       1.001429       0.202945       0.400241       0.420834         -0.000012
   20.000000       1.003436       0.198299       0.401173       0.420834         -0.000012
   20.010000       1.005395       0.193657       0.402083       0.420834         -0.000012
   20.020000       1.007309       0.189018       0.402970       0.420834         -0.000012
   20.030000       1.009176       0.184384       0.403836       0.420834         -0.000012
   20.040000       1.010996       0.179753       0.404679       0.420834         -0.000012
   20.050000       1.012771       0.175125       0.405500       0.420834         -0.000012
   20.060000       1.014499       0.170501       0.406299       0.420834         -0.000012
   20.070000       1.016181       0.165880       0.407076       0.420834         -0.000012
   20.080000       1.017816       0.161263       0.407831       0.420834         -0.000012
   20.090000       1.019406       0.156649       0.408565       0.420834         -0.000012
   20.100000       1.020949       0.152038       0.409277       0.420834         -0.000012
   20.110000       1.022447       0.147430       0.409967       0.420834         -0.000012
   20.120000       1.023898       0.142825       0.410635       0.420834         -0.000012
   20.130000       1.025303       0.138223       0.411282       0.420834         -0.000012
   20.140000       1.026663       0.133624       0.411907       0.420834         -0.000012
   20.150000       1.027976       0.129027       0.412510       0.420834         -0.000012
   20.160000       1.029243       0.124434       0.413092       0.420834         -0.000012
   20.170000       1.030464       0.119842       0.413653       0.420834         -0.000012
   20.180000       1.031640       0.115253       0.414193       0.420834         -0.000012
   20.190000       1.032770       0.110667       0.414711       0.420834         -0.000012
   20.200000       1.033853       0.106083       0.415208       0.420834         -0.000012
   20.210000       1.034891       0.101501       0.415683       0.420834         -0.000012
   20.220000       1.035883       0.096921       0.416138       0.420834         -0.000012
   20.230000       1.036830       0.092343       0.416571       0.420834         -0.000012
   20.240000       1.037730       0.087766       0.416983       0.420834         -0.000012
   20.250000       1.038585       0.083192       0.417374       0.420834         -0.000012
   20.260000       1.039394       0.078620       0.417744       0.420834         -0.000012
   20.270000       1.040157       0.074049       0.418093       0.420834         -0.000012
   20.280000       1.040875       0.069479       0.418421       0.420834         -0.000012
   20.290000       1.041547       0.064911       0.418728       0.420834         -0.000012
   20.300000       1.042173       0.060345       0.419014       0.420834         -0.000012
   20.310000       1.042754       0.055779       0.419279       0.420834         -0.000012
   20.320000       1.043289       0.051215       0.419523       0.420834         -0.000012
   20.330000       1.043778       0.046652       0.419746       0.420834         -0.000012
   20.340000       1.044222       0.042090       0.419949       0.420834         -0.000012
   20.350000       1.044620       0.037529       0.420130       0.420834         -0.000012
   20.360000       1.044972       0.032968       0.420291       0.420834         -0.000012
   20.370000       1.045279       0.028408       0.420431       0.420834         -0.000012
   20.380000       1.045541       0.023849       0.420550       0.420834         -0.000012
   20.390000       1.045756       0.019290       0.420648       0.420834         -0.000012
   20.400000       1.045926       0.014732       0.420726       0.420834         -0.000012
   20.410000       1.046051       0.010174       0.420783       0.420834         -0.000012
   20.420000       1.046130       0.005616       0.420819       0.420834         -0.000012
   20.430000       1.046163       0.001059       0.420834       0.420834         -0.000012
   20.440000       1.046151      -0.003499       0.420828       0.420834         -0.000012
   20.450000       1.046093      -0.008057       0.420802       0.420834         -0.000012
   20.460000       1.045990      -0.012615       0.420755       0.420834         -0.000012
   20.470000       1.045841      -0.017173       0.420687       0.420834         -0.000012
   20.480000       1.045646      -0.021731       0.420598       0.420834         -0.000012
   20.490000       1.045406      -0.026290       0.420489       0.420834         -0.000012
   20.500000       1.045121      -0.030850       0.420358       0.420834         -0.000012
   20.510000       1.044789      -0.035410       0.420207       0.420834         -0.000012
   20.520000       1.044412      -0.039971       0.420036       0.420834         -0.000012
   20.530000       1.043990      -0.044533       0.419843       0.420834         -0.000012
   20.540000       1.043522      -0.049095       0.419629       0.420834         -0.000012
   20.550000       1.043008      -0.053659       0.419395       0.420834         -0.000012
   20.560000       1.042449      -0.058224       0.419139       0.420834         -0.000012
   20.570000       1.041844      -0.062790       0.418863       0.420834         -0.000012
   20.580000       1.041193      -0.067357       0.418566       0.420834         -0.000012
   20.590000       1.040496      -0.071926       0.418248       0.420834         -0.000012
   20.600000       1.039754      -0.076496       0.417909       0.420834         -0.000012
   20.610000       1.038966      -0.081068       0.417548       0.420834         -0.000012
   20.620000       1.038133      -0.085641       0.417167       0.420834         -0.000012
   20.630000       1.037254      -0.090217       0.416765       0.420834         -0.000012
   20.640000       1.036329      -0.094794       0.416341       0.420834         -0.000012
   20.650000       1.035358      -0.099373       0.415897       0.420834         -0.000012
   20.660000       1.034341      -0.103954       0.415431       0.420834         -0.000012
   20.670000       1.033279      -0.108537       0.414944       0.420834         -0.000012
   20.680000       1.032170      -0.113123       0.414436       0.420834         -0.000012
   20.690000       1.031016      -0.117710       0.413906       0.420834         -0.000012
   20.700000       1.029816      -0.122300       0.413356       0.420834         -0.000012
   20.710000       1.028570      -0.126893       0.412783       0.420834         -0.000012
   20.720000       1.027278      -0.131488       0.412190       0.420834         -0.000012
   20.730000       1.025940      -0.136086       0.411575       0.420834         -0.000012
   20.740000       1.024557      -0.140687       0.410938       0.420834         -0.000012
   20.750000       1.023127      -0.145291       0.410280       0.420834         -0.000012
   20.760000       1.021651      -0.149897       0.409600       0.420834         -0.000012
   20.770000       1.020129      -0.154507       0.408898       0.420834         -0.000012
   20.780000       1.018561      -0.159119       0.408175       0.420834         -0.000012
   20.790000       1.016946      -0.163735       0.407430       0.420834         -0.000012
   20.800000       1.015286      -0.168354       0.406663       0.420834         -0.000012
   20.810000       1.013579      -0.172977       0.405874       0.420834         -0.000012
   20.820000       1.011826      -0.177602       0.405063       0.420834         -0.000012
   20.830000       1.010027      -0.182232       0.404230       0.420834         -0.000012
   20.840000       1.008182      -0.186865       0.403375       0.420834         -0.000012
   20.850000       1.006290      -0.191502       0.402498       0.420834         -0.000012
   20.860000       1.004352      -0.196142       0.401598       0.420834         -0.000012
   20.870000       1.002367      -0.200786       0.400677       0.420834         -0.000012
   20.880000       1.000336      -0.205435       0.399733       0.420834         -0.000012
   20.890000       0.998258      -0.210087       0.398766       0.420834         -0.000012
   20.900000       0.996134      -0.214743       0.397777       0.420834         -0.000012
   20.910000       0.993964      -0.219404       0.396765       0.420834         -0.000012
   20.920000       0.991746      -0.224068       0.395731       0.420834         -0.000012
   20.930000       0.989482      -0.228737       0.394674       0.420834         -0.000012
   20.940000       0.987171      -0.233411       0.393594       0.420834         -0.000012
   20.950000       0.984814      -0.238088       0.392491       0.420834         -0.000012
   20.960000       0.982410      -0.242771       0.391366       0.420834         -0.000012
   20.970000       0.979959      -0.247457       0.390217       0.420834         -0.000012
   20.980000       0.977461      -0.252149       0.389045       0.420834         -0.000012
   20.990000       0.974916      -0.256845       0.387850       0.420834         -0.000012
   21.000000       0.972324      -0.261546       0.386631       0.420834         -0.000012
   21.010000       0.969685      -0.266252       0.385389       0.420834         -0.000012
   21.020000       0.966999      -0.270962       0.384124       0.420834         -0.000012
   21.030000       0.964265      -0.275678       0.382835       0.420834         -0.000012
   21.040000       0.961485      -0.280398       0.381523       0.420834         -0.000012
   21.050000       0.958657      -0.285124       0.380187       0.420834         -0.000012
   21.060000       0.955783      -0.289854       0.378827       0.420834         -0.000012
   21.070000       0.952860      -0.294590       0.377443       0.420834         -0.000012
   21.080000       0.949891      -0.299331       0.376035       0.420834         -0.000012
   21.090000       0.946874      -0.304077       0.374603       0.420834         -0.000012
   21.100000       0.943809      -0.308829       0.373147       0.420834         -0.000012
   21.110000       0.940697      -0.313586       0.371666       0.420834         -0.000012
   21.120000       0.937537      -0.318348       0.370162       0.420834         -0.000012
   21.130000       0.934330      -0.323116       0.368632       0.420834         -0.000012
   21.140000       0.931075      -0.327889       0.367079       0.420834         -0.000012
   21.150000       0.927772      -0.332667       0.365501       0.420834         -0.000012
   21.160000       0.924422      -0.337452       0.363898       0.420834         -0.000012
   21.170000       0.921023      -0.342241       0.362270       0.420834         -0.000012
   21.180000       0.917577      -0.347036       0.360617       0.420834         -0.000012
   21.190000       0.914083      -0.351837       0.358940       0.420834         -0.000012
   21.200000       0.910540      -0.356643       0.357237       0.420834         -0.000012
   21.210000       0.906950      -0.361455       0.355509       0.420834         -0.000012
   21.220000       0.903311      -0.366273       0.353757       0.420834         -0.000012
   21.230000       0.899624      -0.371096       0.351978       0.420834         -0.000012
   21.240000       0.895889      -0.375925       0.350175       0.420834         -0.000012
   21.250000       0.892106      -0.380759       0.348346       0.420834         -0.000012
   21.260000       0.888274      -0.385599       0.346491       0.420834         -0.000012
   21.270000       0.884394      -0.390445       0.344611       0.420834         -0.000012
   21.280000       0.880465      -0.395296       0.342705       0.420834         -0.000012
   21.290000       0.876488      -0.400153       0.340773       0.420834         -0.000012
   21.300000       0.872462      -0.405015       0.338816       0.420834         -0.000012
   21.310000       0.868388      -0.409884       0.336832       0.420834         -0.000012
   21.320000       0.864264      -0.414757       0.334823       0.420834         -0.000012
   21.330000       0.860092      -0.419636       0.332787       0.420834         -0.000012
   21.340000       0.855872      -0.424521       0.330725       0.420834         -0.000012
   21.350000       0.851602      -0.429411       0.328638       0.420834         -0.000012
   21.360000       0.847284      -0.434306       0.326524       0.420834         -0.000012
   21.370000       0.842916      -0.439207       0.324383       0.420834         -0.000012
   21.380000       0.838499      -0.444112       0.322216       0.420834         -0.000012
   21.390000       0.834034      -0.449023       0.320023       0.420834         -0.000012
   21.400000       0.829519      -0.453940       0.317804       0.420834         -0.000012
   21.410000       0.824955      -0.458861       0.315558       0.420834         -0.000012
   21.420000       0.820342      -0.463787       0.313285       0.420834         -0.000012
   21.430000       0.815679      -0.468718       0.310986       0.420834         -0.000012
   21.440000       0.810967      -0.473654       0.308660       0.420834         -0.000012
   21.450000       0.806206      -0.478595       0.306308       0.420834         -0.000012
   21.460000       0.801395      -0.483540       0.303929       0.420834         -0.000012
   21.470000       0.796535      -0.488489       0.301523       0.420834         -0.000012
   21.480000       0.791626      -0.493443       0.299091       0.420834         -0.000012
   21.490000       0.786666      -0.498401       0.296632       0.420834         -0.000012
   21.500000       0.781658      -0.503364       0.294147       0.420834         -0.000012
   21.510000       0.776599      -0.508330       0.291635       0.420834         -0.000012
   21.520000       0.771491      -0.513299       0.289096       0.420834         -0.000012
   21.530000       0.766333      -0.518273       0.286531       0.420834         -0.000012
   21.540000       0.761126      -0.523249       0.283939       0.420834         -0.000012
   21.550000       0.755868      -0.528229       0.281321       0.420834         -0.000012
   21.560000       0.750561      -0.533212       0.278677       0.420834         -0.000011
   21.570000       0.745204      -0.538198       0.276006       0.420834         -0.000011
   21.580000       0.739797      -0.543187       0.273309       0.420834         -0.000011
   21.590000       0.734340      -0.548177       0.270585       0.420834         -0.000011
   21.600000       0.728833      -0.553170       0.267836       0.420834         -0.000011
   21.610000       0.723277      -0.558165       0.265060       0.420834         -0.000011
   21.620000       0.717670      -0.563161       0.262259       0.420834         -0.000011
   21.630000       0.712014      -0.568159       0.259432       0.420834         -0.000011
   21.640000       0.706307      -0.573158       0.256580       0.420835         -0.000011
   21.650000       0.700550      -0.578157       0.253702       0.420835         -0.000011
   21.660000       0.694744      -0.583157       0.250798       0.420835         -0.000011
   21.670000       0.688887      -0.588157       0.247870       0.420835         -0.000011
   21.680000       0.682981      -0.593157       0.244917       0.420835         -0.000011
   21.690000       0.677024      -0.598156       0.241939       0.420835         -0.000011
   21.700000       0.671018      -0.603154       0.238937       0.420835         -0.000011
   21.710000       0.664961      -0.608151       0.235911       0.420835         -0.000011
   21.720000       0.658855      -0.613146       0.232861       0.420835         -0.000011
   21.730000       0.652698      -0.618139       0.229787       0.420835         -0.000011
   21.740000       0.646492      -0.623129       0.226690       0.420835         -0.000011
   21.750000       0.640236      -0.628116       0.223570       0.420835         -0.000011
   21.760000       0.633929      -0.633099       0.220427       0.420835         -0.000011
   21.770000       0.627574      -0.638078       0.217263       0.420835         -0.000011
   21.780000       0.621168      -0.643053       0.214076       0.420835         -0.000011
   21.790000       0.614713      -0.648023       0.210868       0.420835         -0.000011
   21.800000       0.608207      -0.652986       0.207639       0.420835         -0.000011
   21.810000       0.601653      -0.657944       0.204390       0.420835         -0.000011
   21.820000       0.595049      -0.662894       0.201120       0.420835         -0.000011
   21.830000       0.588395      -0.667838       0.197831       0.420835         -0.000011
   21.840000       0.581692      -0.672772       0.194523       0.420835         -0.000011
   21.850000       0.574939      -0.677698       0.191197       0.420835         -0.000011
   21.860000       0.568138      -0.682615       0.187853       0.420835         -0.000011
   21.870000       0.561287      -0.687521       0.184492       0.420835         -0.000011
   21.880000       0.554387      -0.692416       0.181115       0.420835         -0.000011
   21.890000       0.547439      -0.697299       0.177722       0.420835         -0.000011
   21.900000       0.540441      -0.702170       0.174314       0.420835         -0.000011
   21.910000       0.533395      -0.707027       0.170891       0.420835         -0.000010
   21.920000       0.526301      -0.711869       0.167456       0.420835         -0.000010
   21.930000       0.519158      -0.716697       0.164008       0.420835         -0.000010
   21.940000       0.511967      -0.721508       0.160548       0.420835         -0.000010
   21.950000       0.504728      -0.726302       0.157078       0.420835         -0.000010
   21.960000       0.497441      -0.731078       0.153598       0.420835         -0.000010
   21.970000       0.490106      -0.735835       0.150109       0.420835         -0.000010
   21.980000       0.482724      -0.740571       0.146612       0.420835         -0.000010
   21.990000       0.475295      -0.745286       0.143110       0.420835         -0.000010
   22.000000       0.467819      -0.749978       0.139601       0.420835         -0.000010
   22.010000       0.460295      -0.754647       0.136089       0.420835         -0.000010
   22.020000       0.452726      -0.759290       0.132574       0.420835         -0.000010
   22.030000       0.445110      -0.763908       0.129058       0.420835         -0.000010
   22.040000       0.437447      -0.768498       0.125541       0.420835         -0.000010
   22.050000       0.429740      -0.773059       0.122025       0.420835         -0.000009
   22.060000       0.421986      -0.777589       0.118513       0.420835         -0.000009
   22.070000       0.414188      -0.782088       0.115005       0.420835         -0.000009
   22.080000       0.406345      -0.786554       0.111502       0.420835         -0.000009
   22.090000       0.398457      -0.790984       0.108007       0.420836         -0.000009
   22.100000       0.390525      -0.795379       0.104522       0.420836         -0.000009
   22.110000       0.382549      -0.799735       0.101047       0.420836         -0.000009
   22.120000       0.374530      -0.804052       0.097586       0.420836         -0.000009
   22.130000       0.366468      -0.808327       0.094140       0.420836         -0.000009
   22.140000       0.358364      -0.812559       0.090710       0.420836         -0.000008
   22.150000       0.350217      -0.816745       0.087299       0.420836         -0.000008
   22.160000       0.342029      -0.820885       0.083910       0.420836         -0.000008
   22.170000       0.333799      -0.824975       0.080544       0.420836         -0.000008
   22.180000       0.325529      -0.829015       0.077203       0.420836         -0.000008
   22.190000       0.317219      -0.833001       0.073891       0.420836         -0.000008
   22.200000       0.308869      -0.836932       0.070609       0.420836         -0.000007
   22.210000       0.300480      -0.840805       0.067360       0.420836         -0.000007
   22.220000       0.292053      -0.844618       0.064146       0.420836         -0.000007
   22.230000       0.283588      -0.848369       0.060971       0.420836         -0.000007
   22.240000       0.275086      -0.852056       0.057837       0.420836         -0.000007
   22.250000       0.266547      -0.855675       0.054747       0.420837         -0.000007
   22.260000       0.257972      -0.859225       0.051703       0.420837         -0.000006
   22.270000       0.249362      -0.862702       0.048710       0.420837         -0.000006
   22.280000       0.240718      -0.866104       0.045769       0.420837         -0.000006
   22.290000       0.232040      -0.869428       0.042885       0.420837         -0.000006
   22.300000       0.223330      -0.872671       0.040060       0.420837         -0.000005
   22.310000       0.214587      -0.875831       0.037297       0.420837         -0.000005
   22.320000       0.205813      -0.878904       0.034601       0.420837         -0.000005
   22.330000       0.197009      -0.881887       0.031975       0.420837         -0.000005
   22.340000       0.188175      -0.884776       0.029423       0.420837         -0.000004
   22.350000       0.179313      -0.887570       0.026947       0.420838         -0.000004
   22.360000       0.170424      -0.890264       0.024553       0.420838         -0.000004
   22.370000       0.161508      -0.892855       0.022243       0.420838         -0.000004
   22.380000       0.152567      -0.895339       0.020022       0.420838         -0.000003
   22.390000       0.143601      -0.897713       0.017894       0.420838         -0.000003
   22.400000       0.134613      -0.899973       0.015862       0.420838         -0.000003
   22.410000       0.125602      -0.902116       0.013932       0.420838         -0.000002
   22.420000       0.116570      -0.904136       0.012107       0.420838         -0.000002
   22.430000       0.107519      -0.906032       0.010392       0.420839         -0.000002
   22.440000       0.098450      -0.907797       0.008791       0.420839         -0.000001
   22.450000       0.089363      -0.909429       0.007308       0.420839         -0.000001
   22.460000       0.080261      -0.910924       0.005948       0.420839         -0.000001
   22.470000       0.071145      -0.912275       0.004716       0.420839         -0.000000
   22.480000       0.062016      -0.913481       0.003616       0.420839          0.000000
   22.490000       0.052875      -0.914535       0.002652       0.420840          0.000001
   22.500000       0.043725      -0.915434       0.001830       0.420840          0.000001
   22.510000       0.034566      -0.916172       0.001154       0.420840          0.000001
   22.520000       0.025401      -0.916745       0.000629       0.420840          0.000002
   22.530000       0.016231      -0.917149       0.000259       0.420840          0.000002
   22.540000       0.007058      -0.917378       0.000049       0.420840          0.000003
   22.550000      -0.002116      -0.917427       0.000004       0.420841          0.000003
   22.560000      -0.011290      -0.917292       0.000129       0.420841          0.000004
   22.570000      -0.020462      -0.916966       0.000427       0.420841          0.000004
   22.580000      -0.029629      -0.916446       0.000904       0.420841          0.000005
   22.590000      -0.038791      -0.915726       0.001564       0.420841          0.000005
   22.600000      -0.047944      -0.914800       0.002412       0.420842          0.000006
   22.610000      -0.057087      -0.913664       0.003451       0.420842          0.000006
   22.620000      -0.066217      -0.912311       0.004687       0.420842          0.000007
   22.630000      -0.075333      -0.910736       0.006122       0.420842          0.000007
   22.640000      -0.084432      -0.908935       0.007761       0.420843          0.000008
   22.650000      -0.093512      -0.906900       0.009609       0.420843          0.000008
   22.660000      -0.102570      -0.904628       0.011667       0.420843          0.000009
   22.670000      -0.111604      -0.902112       0.013941       0.420843          0.000010
   22.680000      -0.120612      -0.899346       0.016432       0.420844          0.000010
   22.690000      -0.129591      -0.896325       0.019144       0.420844          0.000011
   22.700000      -0.138539      -0.893044       0.022080       0.420844          0.000011
   22.710000      -0.147452      -0.889497       0.025242       0.420844          0.000012
   22.720000      -0.156329      -0.885678       0.028632       0.420845          0.000013
   22.730000      -0.165166      -0.881581       0.032252       0.420845          0.000013
   22.740000      -0.173960      -0.877202       0.036103       0.420845          0.000014
   22.750000      -0.182710      -0.872535       0.040187       0.420845          0.000014
   22.760000      -0.191411      -0.867575       0.044503       0.420846          0.000015
   22.770000      -0.200061      -0.862315       0.049052       0.420846          0.000016
   22.780000      -0.208657      -0.856752       0.053834       0.420846          0.000016
   22.790000      -0.217196      -0.850879       0.058849       0.420846          0.000017
   22.800000      -0.225675      -0.844692       0.064094       0.420847          0.000018
   22.810000      -0.234090      -0.838187       0.069568       0.420847          0.000018
   22.820000      -0.242439      -0.831358       0.075270       0.420847          0.000019
   22.830000      -0.250717      -0.824200       0.081195       0.420847          0.000019
   22.840000      -0.258923      -0.816710       0.087340       0.420848          0.000020
   22.850000      -0.267051      -0.808883       0.093702       0.420848          0.000021
   22.860000      -0.275100      -0.800716       0.100275       0.420848          0.000021
   22.870000      -0.283066      -0.792204       0.107055       0.420848          0.000022
   22.880000      -0.290944      -0.783344       0.114035       0.420849          0.000022
   22.890000      -0.298733      -0.774133       0.121208       0.420849          0.000023
   22.900000      -0.306427      -0.764568       0.128567       0.420849          0.000024
   22.910000      -0.314024      -0.754647       0.136104       0.420849          0.000024
   22.920000      -0.321520      -0.744366       0.143810       0.420850          0.000025
   22.930000      -0.328911      -0.733724       0.151675       0.420850          0.000025
   22.940000      -0.336194      -0.722719       0.159689       0.420850          0.000026
   22.950000      -0.343366      -0.711350       0.167841       0.420850          0.000026
   22.960000      -0.350421      -0.699616       0.176119       0.420851          0.000027
   22.970000      -0.357358      -0.687517       0.184511       0.420851          0.000027
   22.980000      -0.364172      -0.675052       0.193003       0.420851          0.000028
   22.990000      -0.370859      -0.662222       0.201582       0.420851          0.000028
   23.000000      -0.377416      -0.649028       0.210232       0.420851          0.000029
   23.010000      -0.383840      -0.635471       0.218940       0.420852          0.000029
   23.020000      -0.390126      -0.621553       0.227688       0.420852          0.000030
   23.030000      -0.396271      -0.607276       0.236460       0.420852          0.000030
   23.040000      -0.402271      -0.592642       0.245240       0.420852          0.000030
   23.050000      -0.408124      -0.577656       0.254009       0.420852          0.000031
   23.060000      -0.413824      -0.562321       0.262750       0.420852          0.000031
   23.070000      -0.419370      -0.546641       0.271444       0.420852          0.000031
   23.080000      -0.424757      -0.530622       0.280073       0.420853          0.000032
   23.090000      -0.429982      -0.514269       0.288617       0.420853          0.000032
   23.100000      -0.435043      -0.497587       0.297056       0.420853          0.000032
   23.110000      -0.439934      -0.480584       0.305372       0.420853          0.000033
   23.120000      -0.444654      -0.463267       0.313545       0.420853          0.000033
   23.130000      -0.449200      -0.445644       0.321554       0.420853          0.000033
   23.140000      -0.453567      -0.427722       0.329380       0.420853          0.000033
   23.150000      -0.457754      -0.409511       0.337004       0.420853          0.000033
   23.160000      -0.461757      -0.391020       0.344405       0.420853          0.000034
   23.170000      -0.465574      -0.372260       0.351565       0.420854          0.000034
   23.180000      -0.469203      -0.353240       0.358464       0.420854          0.000034
   23.190000      -0.472639      -0.333972       0.365085       0.420854          0.000034
   23.200000      -0.475882      -0.314467       0.371409       0.420854          0.000034
   23.210000      -0.478929      -0.294738       0.377419       0.420854          0.000034
   23.220000      -0.481777      -0.274797       0.383097       0.420854          0.000035
   23.230000      -0.484425      -0.254656       0.388429       0.420854          0.000035
   23.240000      -0.486870      -0.234330       0.393399       0.420854          0.000035
   23.250000      -0.489111      -0.213831       0.397992       0.420854          0.000035
   23.260000      -0.491147      -0.193175       0.402196       0.420854          0.000035
   23.270000      -0.492975      -0.172376       0.405997       0.420854          0.000035
   23.280000      -0.494594      -0.151448       0.409386       0.420854          0.000035
   23.290000      -0.496004      -0.130407       0.412351       0.420854          0.000035
   23.300000      -0.497202      -0.109268       0.414884       0.420854          0.000035
   23.310000      -0.498189      -0.088047       0.416978       0.420854          0.000036
   23.320000      -0.498963      -0.066759       0.418626       0.420854          0.000036
   23.330000      -0.499524      -0.045421       0.419823       0.420854          0.000036
   23.340000      -0.499872      -0.024049       0.420565       0.420854          0.000036
   23.350000      -0.500005      -0.002658       0.420851       0.420854          0.000036
   23.360000      -0.499925       0.018734       0.420679       0.420854          0.000036
   23.370000      -0.499631       0.040113       0.420050       0.420855          0.000036
   23.380000      -0.499123       0.061461       0.418966       0.420855          0.000036
   23.390000      -0.498402       0.082763       0.417430       0.420855          0.000036
   23.400000      -0.497468       0.104002       0.415446       0.420855          0.000036
   23.410000      -0.496322       0.125163       0.413022       0.420855          0.000037
   23.420000      -0.494964       0.146229       0.410163       0.420855          0.000037
   23.430000      -0.493397       0.167187       0.406879       0.420855          0.000037
   23.440000      -0.491621       0.188019       0.403179       0.420855          0.000037
   23.450000      -0.489637       0.208713       0.399074       0.420855          0.000037
   23.460000      -0.487447       0.229252       0.394577       0.420855          0.000037
   23.470000      -0.485052       0.249622       0.389699       0.420855          0.000037
   23.480000      -0.482454       0.269810       0.384456       0.420855          0.000037
   23.490000      -0.479656       0.289803       0.378862       0.420855          0.000037
   23.500000      -0.476658       0.309586       0.372933       0.420855          0.000037
   23.510000      -0.473464       0.329148       0.366686       0.420855          0.000037
   23.520000      -0.470075       0.348476       0.360137       0.420855          0.000037
   23.530000      -0.466494       0.367558       0.353305       0.420855          0.000037
   23.540000      -0.462724       0.386384       0.346209       0.420855          0.000037
   23.550000      -0.458767       0.404943       0.338866       0.420855          0.000037
   23.560000      -0.454625       0.423225       0.331295       0.420855          0.000037
   23.570000      -0.450302       0.441219       0.323518       0.420855          0.000037
   23.580000      -0.445801       0.458918       0.315552       0.420855          0.000037
   23.590000      -0.441124       0.476312       0.307419       0.420855          0.000037
   23.600000      -0.436275       0.493393       0.299136       0.420855          0.000037
   23.610000      -0.431256       0.510155       0.290726       0.420855          0.000037
   23.620000      -0.426072       0.526591       0.282206       0.420855          0.000037
   23.630000      -0.420724       0.542694       0.273596       0.420855          0.000037
   23.640000      -0.415218       0.558459       0.264917       0.420855          0.000036
   23.650000      -0.409555       0.573880       0.256185       0.420855          0.000036
   23.660000      -0.403740       0.588953       0.247421       0.420854          0.000036
   23.670000      -0.397776       0.603675       0.238643       0.420854          0.000036
   23.680000      -0.391667       0.618041       0.229867       0.420854          0.000035
   23.690000      -0.385415       0.632049       0.221111       0.420854          0.000035
   23.700000      -0.379026       0.645696       0.212392       0.420854          0.000035
   23.710000      -0.372501       0.658980       0.203726       0.420854          0.000034
   23.720000      -0.365846       0.671901       0.195128       0.420854          0.000034
   23.730000      -0.359063       0.684456       0.186613       0.420853          0.000034
   23.740000      -0.352157       0.696646       0.178195       0.420853          0.000033
   23.750000      -0.345130       0.708471       0.169888       0.420853          0.000033
   23.760000      -0.337988       0.719931       0.161703       0.420853          0.000033
   23.770000      -0.330732       0.731026       0.153653       0.420853          0.000032
   23.780000      -0.323367       0.741758       0.145750       0.420853          0.000032
   23.790000      -0.315897       0.752129       0.138004       0.420852          0.000031
   23.800000      -0.308324       0.762139       0.130424       0.420852          0.000031
   23.810000      -0.300654       0.771793       0.123020       0.420852          0.000030
   23.820000      -0.292889       0.781092       0.115800       0.420852          0.000030
   23.830000      -0.285032       0.790039       0.108771       0.420852          0.000029
   23.840000      -0.277088       0.798637       0.101941       0.420851          0.000029
   23.850000      -0.269059       0.806889       0.095316       0.420851          0.000028
   23.860000      -0.260950       0.814800       0.088901       0.420851          0.000028
   23.870000      -0.252763       0.822374       0.082701       0.420851          0.000027
   23.880000      -0.244503       0.829613       0.076721       0.420850          0.000026
   23.890000      -0.236171       0.836524       0.070964       0.420850          0.000026
   23.900000      -0.227772       0.843109       0.065433       0.420850          0.000025
   23.910000      -0.219309       0.849375       0.060131       0.420850          0.000025
   23.920000      -0.210785       0.855325       0.055059       0.420849          0.000024
   23.930000      -0.202202       0.860965       0.050219       0.420849          0.000024
   23.940000      -0.193565       0.866300       0.045612       0.420849          0.000023
   23.950000      -0.184876       0.871334       0.041237       0.420849          0.000022
   23.960000      -0.176139       0.876074       0.037096       0.420848          0.000022
   23.970000      -0.167355       0.880524       0.033187       0.420848          0.000021
   23.980000      -0.158528       0.884690       0.029510       0.420848          0.000021
   23.990000      -0.149661       0.888577       0.026063       0.420848          0.000020
   24.000000      -0.140757       0.892192       0.022845       0.420848          0.000020
   24.010000      -0.131817       0.895538       0.019853       0.420847          0.000019
   24.020000      -0.122846       0.898623       0.017085       0.420847          0.000018
   24.030000      -0.113845       0.901452       0.014539       0.420847          0.000018
   24.040000      -0.104817       0.904030       0.012212       0.420847          0.000017
   24.050000      -0.095764       0.906362       0.010100       0.420846          0.000017
   24.060000      -0.086690       0.908455       0.008201       0.420846          0.000016
   24.070000      -0.077595       0.910314       0.006510       0.420846          0.000016
   24.080000      -0.068483       0.911944       0.005024       0.420846          0.000015
   24.090000      -0.059356       0.913352       0.003740       0.420845          0.000015
   24.100000      -0.050216       0.914542       0.002652       0.420845          0.000014
   24.110000      -0.041065       0.915519       0.001757       0.420845          0.000014
   24.120000      -0.031906       0.916290       0.001051       0.420845          0.000013
   24.130000      -0.022740       0.916859       0.000529       0.420845          0.000013
   24.140000      -0.013569       0.917233       0.000187       0.420844          0.000012
   24.150000      -0.004395       0.917415       0.000019       0.420844          0.000012
   24.160000       0.004780       0.917411       0.000023       0.420844          0.000011
   24.170000       0.013953       0.917226       0.000192       0.420844          0.000011
   24.180000       0.023124       0.916866       0.000523       0.420844          0.000011
   24.190000       0.032291       0.916334       0.001010       0.420844          0.000010
   24.200000       0.041451       0.915636       0.001649       0.420843          0.000010
   24.210000       0.050603       0.914777       0.002435       0.420843          0.000009
   24.220000       0.059746       0.913761       0.003364       0.420843          0.000009
   24.230000       0.068879       0.912593       0.004430       0.420843          0.000009
   24.240000       0.077998       0.911277       0.005630       0.420843          0.000008
   24.250000       0.087104       0.909818       0.006959       0.420843          0.000008
   24.260000       0.096195       0.908219       0.008411       0.420842          0.000007
   24.270000       0.105269       0.906486       0.009983       0.420842          0.000007
   24.280000       0.114324       0.904623       0.011671       0.420842          0.000007
   24.290000       0.123361       0.902633       0.013469       0.420842          0.000006
   24.300000       0.132377       0.900520       0.015373       0.420842          0.000006
   24.310000       0.141371       0.898289       0.017380       0.420842          0.000006
   24.320000       0.150343       0.895943       0.019485       0.420842          0.000006
   24.330000       0.159290       0.893486       0.021683       0.420841          0.000005
   24.340000       0.168213       0.890921       0.023971       0.420841          0.000005
   24.350000       0.177109       0.888253       0.026345       0.420841          0.000005
   24.360000       0.185978       0.885483       0.028801       0.420841          0.000004
   24.370000       0.194818       0.882617       0.031335       0.420841          0.000004
   24.380000       0.203630       0.879657       0.033943       0.420841          0.000004
   24.390000       0.212412       0.876606       0.036622       0.420841          0.000004
   24.400000       0.221162       0.873468       0.039368       0.420841          0.000003
   24.410000       0.229881       0.870245       0.042178       0.420841          0.000003
   24.420000       0.238567       0.866941       0.045048       0.420841          0.000003
   24.430000       0.247220       0.863558       0.047975       0.420840          0.000003
   24.440000       0.255838       0.860099       0.050955       0.420840          0.000003
   24.450000       0.264422       0.856567       0.053987       0.420840          0.000002
   24.460000       0.272970       0.852965       0.057066       0.420840          0.000002
   24.470000       0.281481       0.849295       0.060189       0.420840          0.000002
   24.480000       0.289955       0.845560       0.063354       0.420840          0.000002
   24.490000       0.298392       0.841762       0.066559       0.420840          0.000002
   24.500000       0.306791       0.837903       0.069799       0.420840          0.000001
   24.510000       0.315150       0.833986       0.073073       0.420840          0.000001
   24.520000       0.323470       0.830014       0.076379       0.420840          0.000001
   24.530000       0.331751       0.825987       0.079712       0.420840          0.000001
   24.540000       0.339990       0.821909       0.083072       0.420840          0.000001
   24.550000       0.348189       0.817782       0.086456       0.420840          0.000001
   24.560000       0.356346       0.813606       0.089862       0.420840          0.000001
   24.570000       0.364461       0.809386       0.093287       0.420839          0.000000
   24.580000       0.372533       0.805121       0.096729       0.420839          0.000000
   24.590000       0.380563       0.800815       0.100187       0.420839          0.000000
   24.600000       0.388550       0.796468       0.103659       0.420839          0.000000
   24.610000       0.396493       0.792083       0.107142       0.420839         -0.000000
   24.620000       0.404391       0.787661       0.110634       0.420839         -0.000000
   24.630000       0.412246       0.783204       0.114135       0.420839         -0.000000
   24.640000       0.420056       0.778713       0.117642       0.420839         -0.000000
   24.650000       0.427820       0.774190       0.121154       0.420839         -0.000000
   24.660000       0.435539       0.769637       0.124669       0.420839         -0.000001
   24.670000       0.443213       0.765054       0.128185       0.420839         -0.000001
   24.680000       0.450840       0.760443       0.131702       0.420839         -0.000001
   24.690000       0.458422       0.755806       0.135217       0.420839         -0.000001
   24.700000       0.465957       0.751144       0.138731       0.420839         -0.000001
   24.710000       0.473445       0.746457       0.142240       0.420839         -0.000001
   24.720000       0.480886       0.741748       0.145744       0.420839         -0.000001
   24.730000       0.488280       0.737017       0.149242       0.420839         -0.000001
   24.740000       0.495626       0.732265       0.152733       0.420839         -0.000001
   24.750000       0.502925       0.727494       0.156215       0.420839         -0.000001
   24.760000       0.510176       0.722704       0.159688       0.420839         -0.000001
   24.770000       0.517379       0.717897       0.163151       0.420839         -0.000001
   24.780000       0.524534       0.713074       0.166602       0.420839         -0.000001
   24.790000       0.531640       0.708235       0.170041       0.420839         -0.000001
   24.800000       0.538699       0.703381       0.173466       0.420839         -0.000002
   24.810000       0.545708       0.698514       0.176878       0.420839         -0.000002
   24.820000       0.552669       0.693634       0.180275       0.420839         -0.000002
   24.830000       0.559581       0.688741       0.183656       0.420839         -0.000002
   24.840000       0.566444       0.683838       0.187021       0.420839         -0.000002
   24.850000       0.573257       0.678924       0.190370       0.420839         -0.000002
   24.860000       0.580022       0.674000       0.193700       0.420839         -0.000002
   24.870000       0.586737       0.669068       0.197013       0.420839         -0.000002
   24.880000       0.593403       0.664126       0.200307       0.420839         -0.000002
   24.890000       0.600020       0.659178       0.203581       0.420838         -0.000002
   24.900000       0.606587       0.654222       0.206835       0.420838         -0.000002
   24.910000       0.613104       0.649260       0.210069       0.420838         -0.000002
   24.920000       0.619572       0.644291       0.213283       0.420838         -0.000002
   24.930000       0.625990       0.639318       0.216475       0.420838         -0.000002
   24.940000       0.632359       0.634340       0.219645       0.420838         -0.000002
   24.950000       0.638677       0.629357       0.222793       0.420838         -0.000002
   24.960000       0.644946       0.624371       0.225919       0.420838         -0.000002
   24.970000       0.651165       0.619382       0.229021       0.420838         -0.000002
   24.980000       0.657333       0.614390       0.232101       0.420838         -0.000002
   24.990000       0.663452       0.609395       0.235157       0.420838         -0.000002
   25.000000       0.669521       0.604399       0.238189       0.420838         -0.000002
   25.010000       0.675540       0.599401       0.241197       0.420838         -0.000002
   25.020000       0.681509       0.594402       0.244181       0.420838         -0.000002
   25.030000       0.687428       0.589403       0.247141       0.420838         -0.000002
   25.040000       0.693297       0.584403       0.250075       0.420838         -0.000002
   25.050000       0.699116       0.579403       0.252985       0.420838         -0.000002
   25.060000       0.704885       0.574403       0.255869       0.420838         -0.000002
   25.070000       0.710604       0.569404       0.258728       0.420838         -0.000002
   25.080000       0.716273       0.564406       0.261561       0.420838         -0.000002
   25.090000       0.721893       0.559409       0.264369       0.420838         -0.000002
   25.100000       0.727462       0.554414       0.267151       0.420838         -0.000002
   25.110000       0.732981       0.549421       0.269907       0.420838         -0.000002
   25.120000       0.738450       0.544430       0.272636       0.420838         -0.000002
   25.130000       0.743869       0.539441       0.275340       0.420838         -0.000002
   25.140000       0.749239       0.534454       0.278018       0.420838         -0.000002
   25.150000       0.754559       0.529470       0.280669       0.420838         -0.000002
   25.160000       0.759828       0.524490       0.283294       0.420838         -0.000002
   25.170000       0.765048       0.519512       0.285892       0.420838         -0.000003
   25.180000       0.770219       0.514538       0.288464       0.420838         -0.000003
   25.190000       0.775339       0.509567       0.291009       0.420838         -0.000003
   25.200000       0.780410       0.504600       0.293528       0.420838         -0.000003
   25.210000       0.785431       0.499637       0.296020       0.420838         -0.000003
   25.220000       0.790403       0.494678       0.298485       0.420838         -0.000003
   25.230000       0.795325       0.489723       0.300924       0.420838         -0.000003
   25.240000       0.800197       0.484772       0.303336       0.420838         -0.000003
   25.250000       0.805020       0.479826       0.305722       0.420838         -0.000003
   25.260000       0.809794       0.474884       0.308081       0.420838         -0.000003
   25.270000       0.814518       0.469947       0.310413       0.420838         -0.000003
   25.280000       0.819193       0.465015       0.312719       0.420838         -0.000003
   25.290000       0.823818       0.460088       0.314998       0.420838         -0.000003
   25.300000       0.828394       0.455165       0.317251       0.420838         -0.000003
   25.310000       0.832921       0.450248       0.319477       0.420838         -0.000003
   25.320000       0.837399       0.445335       0.321676       0.420838         -0.000003
   25.330000       0.841828       0.440428       0.323850       0.420838         -0.000003
   25.340000       0.846208       0.435526       0.325997       0.420838         -0.000003
   25.350000       0.850539       0.430630       0.328117       0.420838         -0.000003
   25.360000       0.854820       0.425738       0.330212       0.420838         -0.000003
   25.370000       0.859053       0.420852       0.332280       0.420838         -0.000003
   25.380000       0.863237       0.415972       0.334322       0.420838         -0.000003
   25.390000       0.867373       0.411097       0.336338       0.420838         -0.000003
   25.400000       0.871459       0.406228       0.338328       0.420838         -0.000003
   25.410000       0.875497       0.401364       0.340292       0.420838         -0.000003
   25.420000       0.879487       0.396506       0.342230       0.420838         -0.000003
   25.430000       0.883427       0.391653       0.344142       0.420838         -0.000003
   25.440000       0.887320       0.386806       0.346029       0.420838         -0.000003
   25.450000       0.891164       0.381964       0.347890       0.420838         -0.000003
   25.460000       0.894959       0.377129       0.349725       0.420838         -0.000003
   25.470000       0.898706       0.372298       0.351535       0.420838         -0.000003
   25.480000       0.902405       0.367474       0.353320       0.420838         -0.000003
   25.490000       0.906056       0.362655       0.355079       0.420838         -0.000003
   25.500000       0.909658       0.357842       0.356813       0.420838         -0.000003
   25.510000       0.913212       0.353034       0.358522       0.420838         -0.000003
   25.520000       0.916719       0.348232       0.360205       0.420838         -0.000003
   25.530000       0.920177       0.343435       0.361864       0.420838         -0.000003
   25.540000       0.923587       0.338644       0.363498       0.420838         -0.000003
   25.550000       0.926950       0.333859       0.365107       0.420838         -0.000003
   25.560000       0.930265       0.329079       0.366692       0.420838         -0.000003
   25.570000       0.933532       0.324305       0.368251       0.420838         -0.000003
   25.580000       0.936751       0.319536       0.369787       0.420838         -0.000003
   25.590000       0.939922       0.314772       0.371297       0.420838         -0.000003
   25.600000       0.943046       0.310014       0.372784       0.420838         -0.000003
   25.610000       0.946123       0.305261       0.374246       0.420838         -0.000003
   25.620000       0.949151       0.300513       0.375684       0.420838         -0.000003
   25.630000       0.952133       0.295771       0.377098       0.420838         -0.000003
   25.640000       0.955067       0.291034       0.378488       0.420838         -0.000003
   25.650000       0.957954       0.286302       0.379854       0.420838         -0.000003
   25.660000       0.960793       0.281575       0.381196       0.420838         -0.000003
   25.670000       0.963585       0.276854       0.382514       0.420838         -0.000003
   25.680000       0.966330       0.272137       0.383809       0.420838         -0.000003
   25.690000       0.969028       0.267425       0.385080       0.420838         -0.000003
   25.700000       0.971678       0.262718       0.386328       0.420838         -0.000003
   25.710000       0.974282       0.258016       0.387552       0.420838         -0.000003
   25.720000       0.976839       0.253319       0.388753       0.420838         -0.000003
   25.730000       0.979348       0.248626       0.389931       0.420838         -0.000003
   25.740000       0.981811       0.243938       0.391085       0.420838         -0.000003
   25.750000       0.984227       0.239255       0.392217       0.420838         -0.000003
   25.760000       0.986596       0.234576       0.393325       0.420838         -0.000003
   25.770000       0.988919       0.229902       0.394411       0.420838         -0.000003
   25.780000       0.991194       0.225231       0.395474       0.420838         -0.000003
   25.790000       0.993423       0.220566       0.396514       0.420838         -0.000003
   25.800000       0.995606       0.215904       0.397531       0.420838         -0.000003
   25.810000       0.997741       0.211247       0.398525       0.420838         -0.000003
   25.820000       0.999831       0.206594       0.399498       0.420838         -0.000003
   25.830000       1.001873       0.201945       0.400447       0.420838         -0.000003
   25.840000       1.003870       0.197299       0.401375       0.420838         -0.000003
   25.850000       1.005819       0.192658       0.402280       0.420838         -0.000003
   25.860000       1.007723       0.188020       0.403162       0.420838         -0.000003
   25.870000       1.009580       0.183386       0.404023       0.420838         -0.000003
   25.880000       1.011390       0.178756       0.404861       0.420838         -0.000003
   25.890000       1.013155       0.174129       0.405678       0.420838         -0.000003
   25.900000       1.014873       0.169506       0.406472       0.420838         -0.000003
   25.910000       1.016545       0.164886       0.407244       0.420838         -0.000003
   25.920000       1.018171       0.160270       0.407995       0.420838         -0.000003
   25.930000       1.019750       0.155656       0.408724       0.420838         -0.000003
   25.940000       1.021284       0.151046       0.409431       0.420838         -0.000003
   25.950000       1.022771       0.146439       0.410116       0.420838         -0.000003
   25.960000       1.024213       0.141834       0.410780       0.420838         -0.000003
   25.970000       1.025608       0.137233       0.411422       0.420838         -0.000003
   25.980000       1.026957       0.132634       0.412042       0.420838         -0.000003
   25.990000       1.028261       0.128039       0.412641       0.420838         -0.000003
   26.000000       1.029518       0.123445       0.413219       0.420838         -0.000003
   26.010000       1.030730       0.118854       0.413775       0.420838         -0.000003
   26.020000       1.031895       0.114266       0.414310       0.420838         -0.000003
   26.030000       1.033015       0.109680       0.414823       0.420838         -0.000003
   26.040000       1.034089       0.105096       0.415316       0.420838         -0.000003
   26.050000       1.035117       0.100515       0.415787       0.420838         -0.000003
   26.060000       1.036099       0.095935       0.416236       0.420838         -0.000003
   26.070000       1.037036       0.091358       0.416665       0.420838         -0.000003
   26.080000       1.037926       0.086782       0.417073       0.420838         -0.000003
   26.090000       1.038771       0.082208       0.417459       0.420838         -0.000003
   26.100000       1.039570       0.077636       0.417824       0.420838         -0.000003
   26.110000       1.040324       0.073065       0.418169       0.420838         -0.000003
   26.120000       1.041032       0.068496       0.418492       0.420838         -0.000003
   26.130000       1.041694       0.063929       0.418795       0.420838         -0.000003
   26.140000       1.042310       0.059362       0.419076       0.420838         -0.000003
   26.150000       1.042881       0.054797       0.419337       0.420838         -0.000003
   26.160000       1.043406       0.050233       0.419576       0.420838         -0.000003
   26.170000       1.043886       0.045670       0.419795       0.420838         -0.000003
   26.180000       1.044320       0.041108       0.419993       0.420838         -0.000003
   26.190000       1.044708       0.036547       0.420170       0.420838         -0.000003
   26.200000       1.045051       0.031987       0.420327       0.420838         -0.000003
   26.210000       1.045348       0.027427       0.420462       0.420838         -0.000003
   26.220000       1.045599       0.022868       0.420577       0.420838         -0.000003
   26.230000       1.045805       0.018310       0.420671       0.420838         -0.000003
   26.240000       1.045965       0.013751       0.420744       0.420838         -0.000003
   26.250000       1.046080       0.009194       0.420796       0.420838         -0.000003
   26.260000       1.046149       0.004636       0.420827       0.420838         -0.000003
   26.270000       1.046173       0.000078       0.420838       0.420838         -0.000003
   26.280000       1.046151      -0.004480       0.420828       0.420838         -0.000003
   26.290000       1.046083      -0.009037       0.420797       0.420838         -0.000003
   26.300000       1.045970      -0.013595       0.420746       0.420838         -0.000003
   26.310000       1.045811      -0.018153       0.420673       0.420838         -0.000003
   26.320000       1.045607      -0.022712       0.420580       0.420838         -0.000003
   26.330000       1.045357      -0.027271       0.420466       0.420838         -0.000003
   26.340000       1.045061      -0.031831       0.420332       0.420838         -0.000003
   26.350000       1.044720      -0.036391       0.420176       0.420838         -0.000003
   26.360000       1.044334      -0.040952       0.420000       0.420838         -0.000003
   26.370000       1.043901      -0.045514       0.419802       0.420838         -0.000003
   26.380000       1.043423      -0.050077       0.419584       0.420838         -0.000003
   26.390000       1.042900      -0.054641       0.419345       0.420838         -0.000003
   26.400000       1.042331      -0.059206       0.419085       0.420838         -0.000003
   26.410000       1.041716      -0.063772       0.418805       0.420838         -0.000003
   26.420000       1.041055      -0.068340       0.418503       0.420838         -0.000003
   26.430000       1.040349      -0.072909       0.418180       0.420838         -0.000003
   26.440000       1.039597      -0.077479       0.417837       0.420838         -0.000003
   26.450000       1.038799      -0.082051       0.417472       0.420838         -0.000003
   26.460000       1.037956      -0.086625       0.417086       0.420838         -0.000003
   26.470000       1.037067      -0.091201       0.416679       0.420838         -0.000003
   26.480000       1.036132      -0.095778       0.416251       0.420838         -0.000003
   26.490000       1.035151      -0.100358       0.415802       0.420838         -0.000003
   26.500000       1.034125      -0.104939       0.415332       0.420838         -0.000003
   26.510000       1.033052      -0.109523       0.414841       0.420838         -0.000003
   26.520000       1.031934      -0.114109       0.414328       0.420838         -0.000003
   26.530000       1.030770      -0.118697       0.413794       0.420838         -0.000003
   26.540000       1.029560      -0.123288       0.413238       0.420838         -0.000003
   26.550000       1.028305      -0.127881       0.412661       0.420838         -0.000003
   26.560000       1.027003      -0.132477       0.412063       0.420838         -0.000003
   26.570000       1.025655      -0.137075       0.411443       0.420838         -0.000003
   26.580000       1.024261      -0.141677       0.410802       0.420838         -0.000003
   26.590000       1.022821      -0.146281       0.410139       0.420838         -0.000003
   26.600000       1.021336      -0.150888       0.409455       0.420838         -0.000003
   26.610000       1.019804      -0.155498       0.408748       0.420838         -0.000003
   26.620000       1.018226      -0.160111       0.408020       0.420838         -0.000003
   26.630000       1.016601      -0.164728       0.407271       0.420838         -0.000003
   26.640000       1.014931      -0.169348       0.406499       0.420838         -0.000003
   26.650000       1.013215      -0.173971       0.405705       0.420838         -0.000003
   26.660000       1.011452      -0.178597       0.404890       0.420838         -0.000003
   26.670000       1.009643      -0.183228       0.404052       0.420838         -0.000003
   26.680000       1.007787      -0.187861       0.403192       0.420838         -0.000003
   26.690000       1.005885      -0.192499       0.402310       0.420838         -0.000003
   26.700000       1.003937      -0.197140       0.401406       0.420838         -0.000003
   26.710000       1.001943      -0.201785       0.400479       0.420838         -0.000003
   26.720000       0.999901      -0.206434       0.399531       0.420838         -0.000003
   26.730000       0.997814      -0.211087       0.398559       0.420838         -0.000003
   26.740000       0.995680      -0.215745       0.397565       0.420838         -0.000003
   26.750000       0.993499      -0.220406       0.396549       0.420838         -0.000003
   26.760000       0.991272      -0.225071       0.395510       0.420838         -0.000003
   26.770000       0.988998      -0.229741       0.394448       0.420838         -0.000003
   26.780000       0.986677      -0.234416       0.393363       0.420838         -0.000003
   26.790000       0.984309      -0.239094       0.392255       0.420838         -0.000003
   26.800000       0.981895      -0.243777       0.391124       0.420838         -0.000003
   26.810000       0.979434      -0.248465       0.389971       0.420838         -0.000003
   26.820000       0.976926      -0.253158       0.388794       0.420838         -0.000003
   26.830000       0.974371      -0.257855       0.387594       0.420838         -0.000003
   26.840000       0.971768      -0.262557       0.386370       0.420838         -0.000003
   26.850000       0.969119      -0.267263       0.385123       0.420838         -0.000003
   26.860000       0.966423      -0.271975       0.383853       0.420838         -0.000003
   26.870000       0.963680      -0.276692       0.382559       0.420838         -0.000003
   26.880000       0.960889      -0.281413       0.381241       0.420838         -0.000003
   26.890000       0.958052      -0.286140       0.379900       0.420838         -0.000003
   26.900000       0.955167      -0.290872       0.378535       0.420838         -0.000003
   26.910000       0.952234      -0.295609       0.377146       0.420838         -0.000003
   26.920000       0.949254      -0.300351       0.375733       0.420838         -0.000003
   26.930000       0.946227      -0.305098       0.374296       0.420838         -0.000003
   26.940000       0.943152      -0.309851       0.372834       0.420838         -0.000003
   26.950000       0.940030      -0.314609       0.371349       0.420838         -0.000003
   26.960000       0.936860      -0.319372       0.369839       0.420838         -0.000003
   26.970000       0.933643      -0.324141       0.368304       0.420838         -0.000003
   26.980000       0.930377      -0.328915       0.366746       0.420838         -0.000003
   26.990000       0.927064      -0.333695       0.365162       0.420838         -0.000003
   27.000000       0.923704      -0.338480       0.363554       0.420838         -0.000003
   27.010000       0.920295      -0.343271       0.361921       0.420838         -0.000003
   27.020000       0.916838      -0.348067       0.360263       0.420838         -0.000003
   27.030000       0.913333      -0.352869       0.358580       0.420838         -0.000003
   27.040000       0.909781      -0.357677       0.356872       0.420838         -0.000003
   27.050000       0.906180      -0.362490       0.355139       0.420838         -0.000003
   27.060000       0.902531      -0.367309       0.353380       0.420838         -0.000003
   27.070000       0.898834      -0.372133       0.351597       0.420838         -0.000003
   27.080000       0.895088      -0.376963       0.349788       0.420838         -0.000003
   27.090000       0.891295      -0.381798       0.347953       0.420838         -0.000003
   27.100000       0.887452      -0.386640       0.346093       0.420838         -0.000003
   27.110000       0.883562      -0.391487       0.344207       0.420838         -0.000003
   27.120000       0.879623      -0.396339       0.342296       0.420838         -0.000003
   27.130000       0.875635      -0.401197       0.340359       0.420838         -0.000003
   27.140000       0.871599      -0.406061       0.338395       0.420838         -0.000003
   27.150000       0.867514      -0.410930       0.336406       0.420838         -0.000003
   27.160000       0.863380      -0.415805       0.334391       0.420838         -0.000003
   27.170000       0.859198      -0.420685       0.332350       0.420838         -0.000003
   27.180000       0.854966      -0.425571       0.330283       0.420838         -0.000003
   27.190000       0.850686      -0.430462       0.328190       0.420838         -0.000003
   27.200000       0.846357      -0.435358       0.326070       0.420838         -0.000003
   27.210000       0.841979      -0.440260       0.323924       0.420838         -0.000003
   27.220000       0.837552      -0.445167       0.321751       0.420838         -0.000003
   27.230000       0.833076      -0.450079       0.319553       0.420838         -0.000003
   27.240000       0.828550      -0.454996       0.317327       0.420838         -0.000003
   27.250000       0.823976      -0.459919       0.315076       0.420838         -0.000003
   27.260000       0.819352      -0.464846       0.312797       0.420838         -0.000003
   27.270000       0.814679      -0.469778       0.310492       0.420838         -0.000003
   27.280000       0.809956      -0.474715       0.308161       0.420838         -0.000003
   27.290000       0.805185      -0.479657       0.305803       0.420838         -0.000003
   27.300000       0.800363      -0.484603       0.303418       0.420838         -0.000003
   27.310000       0.795493      -0.489553       0.301007       0.420838         -0.000003
   27.320000       0.790572      -0.494508       0.298569       0.420838         -0.000003
   27.330000       0.785602      -0.499467       0.296105       0.420838         -0.000003
   27.340000       0.780583      -0.504430       0.293613       0.420838         -0.000003
   27.350000       0.775514      -0.509397       0.291096       0.420838         -0.000003
   27.360000       0.770395      -0.514367       0.288551       0.420838         -0.000003
   27.370000       0.765226      -0.519341       0.285980       0.420838         -0.000003
   27.380000       0.760008      -0.524319       0.283383       0.420838         -0.000003
   27.390000       0.754740      -0.529300       0.280759       0.420838         -0.000002
   27.400000       0.749422      -0.534283       0.278109       0.420838         -0.000002
   27.410000       0.744054      -0.539270       0.275432       0.420838         -0.000002
   27.420000       0.738637      -0.544258       0.272730       0.420838         -0.000002
   27.430000       0.733169      -0.549250       0.270001       0.420838         -0.000002
   27.440000       0.727652      -0.554243       0.267246       0.420838         -0.000002
   27.450000       0.722084      -0.559238       0.264465       0.420838         -0.000002
   27.460000       0.716467      -0.564235       0.261658       0.420838         -0.000002
   27.470000       0.710800      -0.569233       0.258825       0.420838         -0.000002
   27.480000       0.705082      -0.574232       0.255967       0.420838         -0.000002
   27.490000       0.699315      -0.579231       0.253084       0.420838         -0.000002
   27.500000       0.693498      -0.584231       0.250175       0.420838         -0.000002
   27.510000       0.687630      -0.589231       0.247242       0.420838         -0.000002
   27.520000       0.681713      -0.594231       0.244283       0.420838         -0.000002
   27.530000       0.675746      -0.599230       0.241300       0.420838         -0.000002
   27.540000       0.669728      -0.604228       0.238293       0.420838         -0.000002
   27.550000       0.663661      -0.609224       0.235261       0.420838         -0.000002
   27.560000       0.657544      -0.614219       0.232206       0.420838         -0.000002
   27.570000       0.651377      -0.619211       0.229127       0.420838         -0.000002
   27.580000       0.645160      -0.624200       0.226025       0.420838         -0.000002
   27.590000       0.638893      -0.629187       0.222901       0.420838         -0.000002
   27.600000       0.632576      -0.634169       0.219753       0.420838         -0.000002
   27.610000       0.626209      -0.639147       0.216584       0.420838         -0.000002
   27.620000       0.619793      -0.644121       0.213392       0.420838         -0.000002
   27.630000       0.613327      -0.649089       0.210180       0.420838         -0.000002
   27.640000       0.606811      -0.654052       0.206947       0.420838         -0.000002
   27.650000       0.600246      -0.659008       0.203693       0.420838         -0.000002
   27.660000       0.593631      -0.663957       0.200419       0.420839         -0.000002
   27.670000       0.586967      -0.668898       0.197126       0.420839         -0.000002
   27.680000       0.580253      -0.673831       0.193814       0.420839         -0.000002
   27.690000       0.573490      -0.678755       0.190484       0.420839         -0.000002
   27.700000       0.566678      -0.683670       0.187137       0.420839         -0.000002
   27.710000       0.559817      -0.688573       0.183772       0.420839         -0.000002
   27.720000       0.552907      -0.693466       0.180391       0.420839         -0.000002
   27.730000       0.545948      -0.698347       0.176995       0.420839         -0.000002
   27.740000       0.538940      -0.703214       0.173583       0.420839         -0.000001
   27.750000       0.531883      -0.708068       0.170158       0.420839         -0.000001
   27.760000       0.524778      -0.712908       0.166720       0.420839         -0.000001
   27.770000       0.517625      -0.717732       0.163269       0.420839         -0.000001
   27.780000       0.510424      -0.722539       0.159807       0.420839         -0.000001
   27.790000       0.503174      -0.727330       0.156335       0.420839         -0.000001
   27.800000       0.495877      -0.732102       0.152852       0.420839         -0.000001
   27.810000       0.488532      -0.736854       0.149362       0.420839         -0.000001
   27.820000       0.481140      -0.741586       0.145864       0.420839         -0.000001
   27.830000       0.473701      -0.746296       0.142360       0.420839         -0.000001
   27.840000       0.466214      -0.750983       0.138851       0.420839         -0.000001
   27.850000       0.458681      -0.755647       0.135338       0.420839         -0.000001
   27.860000       0.451101      -0.760285       0.131822       0.420839         -0.000001
   27.870000       0.443475      -0.764897       0.128306       0.420839         -0.000001
   27.880000       0.435803      -0.769480       0.124789       0.420839         -0.000000
   27.890000       0.428086      -0.774035       0.121274       0.420839         -0.000000
   27.900000       0.420323      -0.778559       0.117762       0.420839         -0.000000
   27.910000       0.412514      -0.783051       0.114255       0.420839         -0.000000
   27.920000       0.404662      -0.787509       0.110754       0.420839         -0.000000
   27.930000       0.396764      -0.791932       0.107261       0.420839          0.000000
   27.940000       0.388823      -0.796318       0.103778       0.420839          0.000000
   27.950000       0.380838      -0.800666       0.100306       0.420839          0.000000
   27.960000       0.372810      -0.804974       0.096848       0.420839          0.000000
   27.970000       0.364738      -0.809240       0.093405       0.420840          0.000001
   27.980000       0.356625      -0.813463       0.089979       0.420840          0.000001
   27.990000       0.348469      -0.817639       0.086573       0.420840          0.000001
   28.000000       0.340272      -0.821768       0.083188       0.420840          0.000001
   28.010000       0.332034      -0.825848       0.079827       0.420840          0.000001
   28.020000       0.323755      -0.829876       0.076492       0.420840          0.000001
   28.030000       0.315436      -0.833851       0.073186       0.420840          0.000001
   28.040000       0.307078      -0.837770       0.069911       0.420840          0.000002
   28.050000       0.298681      -0.841630       0.066669       0.420840          0.000002
   28.060000       0.290245      -0.845431       0.063464       0.420840          0.000002
   28.070000       0.281772      -0.849168       0.060297       0.420840          0.000002
   28.080000       0.273262      -0.852840       0.057172       0.420840          0.000002
   28.090000       0.264715      -0.856445       0.054091       0.420840          0.000002
   28.100000       0.256133      -0.859979       0.051058       0.420840          0.000003
   28.110000       0.247516      -0.863440       0.048076       0.420841          0.000003
   28.120000       0.238864      -0.866826       0.045147       0.420841          0.000003
   28.130000       0.230179      -0.870133       0.042275       0.420841          0.000003
   28.140000       0.221462      -0.873359       0.039463       0.420841          0.000004
   28.150000       0.212712      -0.876500       0.036715       0.420841          0.000004
   28.160000       0.203932      -0.879554       0.034034       0.420841          0.000004
   28.170000       0.195121      -0.882517       0.031423       0.420841          0.000004
   28.180000       0.186281      -0.885387       0.028886       0.420841          0.000005
   28.190000       0.177413      -0.888159       0.026428       0.420841          0.000005
   28.200000       0.168518      -0.890831       0.024051       0.420841          0.000005
   28.210000       0.159597      -0.893400       0.021760       0.420842          0.000005
   28.220000       0.150650      -0.895861       0.019558       0.420842          0.000006
   28.230000       0.141680      -0.898211       0.017451       0.420842          0.000006
   28.240000       0.132686      -0.900446       0.015441       0.420842          0.000006
   28.250000       0.123671      -0.902563       0.013532       0.420842          0.000007
   28.260000       0.114635      -0.904557       0.011731       0.420842          0.000007
   28.270000       0.105580      -0.906425       0.010039       0.420842          0.000007
   28.280000       0.096506      -0.908162       0.008463       0.420843          0.000008
   28.290000       0.087416      -0.909765       0.007006       0.420843          0.000008
   28.300000       0.078311      -0.911229       0.005674       0.420843          0.000008
   28.310000       0.069192      -0.912550       0.004469       0.420843          0.000009
   28.320000       0.060060      -0.913723       0.003398       0.420843          0.000009
   28.330000       0.050917      -0.914745       0.002464       0.420843          0.000010
   28.340000       0.041765      -0.915609       0.001673       0.420844          0.000010
   28.350000       0.032605      -0.916313       0.001029       0.420844          0.000011
   28.360000       0.023439      -0.916850       0.000537       0.420844          0.000011
   28.370000       0.014268      -0.917217       0.000201       0.420844          0.000011
   28.380000       0.005094      -0.917408       0.000026       0.420844          0.000012
   28.390000      -0.004080      -0.917418       0.000017       0.420844          0.000012
   28.400000      -0.013254      -0.917242       0.000178       0.420845          0.000013
   28.410000      -0.022425      -0.916876       0.000514       0.420845          0.000013
   28.420000      -0.031591      -0.916313       0.001030       0.420845          0.000014
   28.430000      -0.040751      -0.915549       0.001730       0.420845          0.000014
   28.440000      -0.049902      -0.914579       0.002618       0.420846          0.000015
   28.450000      -0.059043      -0.913397       0.003699       0.420846          0.000015
   28.460000      -0.068170      -0.911997       0.004977       0.420846          0.000016
   28.470000      -0.077283      -0.910374       0.006456       0.420846          0.000016
   28.480000      -0.086378      -0.908523       0.008139       0.420846          0.000017
   28.490000      -0.095453      -0.906438       0.010031       0.420847          0.000018
   28.500000      -0.104507      -0.904114       0.012136       0.420847          0.000018
   28.510000      -0.113535      -0.901545       0.014456       0.420847          0.000019
   28.520000      -0.122537      -0.898725       0.016994       0.420847          0.000019
   28.530000      -0.131510      -0.895649       0.019754       0.420848          0.000020
   28.540000      -0.140450      -0.892311       0.022738       0.420848          0.000020
   28.550000      -0.149356      -0.888706       0.025949       0.420848          0.000021
   28.560000      -0.158224      -0.884828       0.029388       0.420848          0.000022
   28.570000      -0.167053      -0.880672       0.033057       0.420849          0.000022
   28.580000      -0.175838      -0.876232       0.036958       0.420849          0.000023
   28.590000      -0.184577      -0.871502       0.041091       0.420849          0.000024
   28.600000      -0.193268      -0.866478       0.045458       0.420849          0.000024
   28.610000      -0.201907      -0.861154       0.050057       0.420850          0.000025
   28.620000      -0.210491      -0.855524       0.054889       0.420850          0.000025
   28.630000      -0.219017      -0.849585       0.059953       0.420850          0.000026
   28.640000      -0.227483      -0.843330       0.065247       0.420851          0.000027
   28.650000      -0.235884      -0.836756       0.070771       0.420851          0.000027
   28.660000      -0.244218      -0.829857       0.076520       0.420851          0.000028
   28.670000      -0.252481      -0.822628       0.082493       0.420851          0.000029
   28.680000      -0.260670      -0.815067       0.088685       0.420852          0.000029
   28.690000      -0.268782      -0.807167       0.095092       0.420852          0.000030
   28.700000      -0.276814      -0.798926       0.101710       0.420852          0.000030
   28.710000      -0.284761      -0.790340       0.108533       0.420852          0.000031
   28.720000      -0.292621      -0.781406       0.115555       0.420853          0.000032
   28.730000      -0.300389      -0.772119       0.122769       0.420853          0.000032
   28.740000      -0.308063      -0.762478       0.130167       0.420853          0.000033
   28.750000      -0.315639      -0.752479       0.137741       0.420853          0.000033
   28.760000      -0.323113      -0.742121       0.145482       0.420854          0.000034
   28.770000      -0.330481      -0.731401       0.153380       0.420854          0.000034
   28.780000      -0.337741      -0.720319       0.161425       0.420854          0.000035
   28.790000      -0.344887      -0.708872       0.169605       0.420854          0.000035
   28.800000      -0.351918      -0.697060       0.177908       0.420854          0.000036
   28.810000      -0.358829      -0.684882       0.186323       0.420855          0.000036
   28.820000      -0.365616      -0.672339       0.194835       0.420855          0.000037
   28.830000      -0.372275      -0.659431       0.203430       0.420855          0.000037
   28.840000      -0.378804      -0.646159       0.212094       0.420855          0.000038
   28.850000      -0.385199      -0.632524       0.220812       0.420855          0.000038
   28.860000      -0.391455      -0.618529       0.229567       0.420856          0.000039
   28.870000      -0.397569      -0.604175       0.238342       0.420856          0.000039
   28.880000      -0.403538      -0.589466       0.247121       0.420856          0.000039
   28.890000      -0.409359      -0.574405       0.255886       0.420856          0.000040
   28.900000      -0.415026      -0.558995       0.264618       0.420856          0.000040
   28.910000      -0.420538      -0.543242       0.273300       0.420856          0.000040
   28.920000      -0.425891      -0.527151       0.281912       0.420856          0.000041
   28.930000      -0.431081      -0.510727       0.290436       0.420857          0.000041
   28.940000      -0.436106      -0.493976       0.298851       0.420857          0.000041
   28.950000      -0.440961      -0.476905       0.307138       0.420857          0.000042
   28.960000      -0.445644      -0.459521       0.315277       0.420857          0.000042
   28.970000      -0.450151      -0.441833       0.323249       0.420857          0.000042
   28.980000      -0.454481      -0.423849       0.331033       0.420857          0.000042
   28.990000      -0.458628      -0.405577       0.338611       0.420857          0.000042
   29.000000      -0.462592      -0.387027       0.345962       0.420857          0.000043
   29.010000      -0.466369      -0.368210       0.353068       0.420857          0.000043
   29.020000      -0.469956      -0.349136       0.359909       0.420857          0.000043
   29.030000      -0.473352      -0.329816       0.366468       0.420857          0.000043
   29.040000      -0.476553      -0.310262       0.372726       0.420858          0.000043
   29.050000      -0.479557      -0.290486       0.378666       0.420858          0.000043
   29.060000      -0.482363      -0.270501       0.384272       0.420858          0.000044
   29.070000      -0.484967      -0.250319       0.389528       0.420858          0.000044
   29.080000      -0.487369      -0.229955       0.394418       0.420858          0.000044
   29.090000      -0.489566      -0.209421       0.398929       0.420858          0.000044
   29.100000      -0.491557      -0.188733       0.403048       0.420858          0.000044
   29.110000      -0.493341      -0.167905       0.406762       0.420858          0.000044
   29.120000      -0.494916      -0.146952       0.410061       0.420858          0.000044
   29.130000      -0.496280      -0.125888       0.412934       0.420858          0.000044
   29.140000      -0.497433      -0.104730       0.415374       0.420858          0.000044
   29.150000      -0.498375      -0.083493       0.417372       0.420858          0.000045
   29.160000      -0.499103      -0.062193       0.418924       0.420858          0.000045
   29.170000      -0.499619      -0.040847       0.420024       0.420858          0.000045
   29.180000      -0.499920      -0.019469       0.420669       0.420858          0.000045
   29.190000      -0.500008       0.001924       0.420856       0.420858          0.000045
   29.200000      -0.499882       0.023315       0.420586       0.420858          0.000045
   29.210000      -0.499542       0.044688       0.419860       0.420858          0.000045
   29.220000      -0.498988       0.066028       0.418679       0.420858          0.000045
   29.230000      -0.498221       0.087318       0.417046       0.420858          0.000045
   29.240000      -0.497242       0.108541       0.414968       0.420858          0.000046
   29.250000      -0.496050       0.129684       0.412450       0.420858          0.000046
   29.260000      -0.494648       0.150728       0.409499       0.420859          0.000046
   29.270000      -0.493036       0.171660       0.406125       0.420859          0.000046
   29.280000      -0.491215       0.192465       0.402337       0.420859          0.000046
   29.290000      -0.489187       0.213126       0.398147       0.420859          0.000046
   29.300000      -0.486952       0.233630       0.393567       0.420859          0.000046
   29.310000      -0.484514       0.253963       0.388610       0.420859          0.000046
   29.320000      -0.481873       0.274111       0.383290       0.420859          0.000046
   29.330000      -0.479032       0.294059       0.377623       0.420859          0.000046
   29.340000      -0.475992       0.313796       0.371625       0.420859          0.000046
   29.350000      -0.472756       0.333309       0.365311       0.420859          0.000046
   29.360000      -0.469326       0.352586       0.358700       0.420859          0.000046
   29.370000      -0.465704       0.371614       0.351810       0.420859          0.000046
   29.380000      -0.461894       0.390384       0.344659       0.420859          0.000046
   29.390000      -0.457897       0.408884       0.337266       0.420859          0.000046
   29.400000      -0.453716       0.427105       0.329649       0.420859          0.000046
   29.410000      -0.449355       0.445037       0.321830       0.420859          0.000046
   29.420000      -0.444815       0.462671       0.313826       0.420859          0.000046
   29.430000      -0.440101       0.479999       0.305659       0.420859          0.000046
   29.440000      -0.435215       0.497013       0.297347       0.420859          0.000046
   29.450000      -0.430161       0.513706       0.288912       0.420859          0.000046
   29.460000      -0.424941       0.530071       0.280371       0.420859          0.000046
   29.470000      -0.419560       0.546102       0.271745       0.420858          0.000046
   29.480000      -0.414019       0.561794       0.263052       0.420858          0.000045
   29.490000      -0.408324       0.577141       0.254312       0.420858          0.000045
   29.500000      -0.402476       0.592139       0.245544       0.420858          0.000045
   29.510000      -0.396481       0.606785       0.236764       0.420858          0.000045
   29.520000      -0.390341       0.621075       0.227991       0.420858          0.000044
   29.530000      -0.384059       0.635005       0.219242       0.420858          0.000044
   29.540000      -0.377641       0.648575       0.210533       0.420858          0.000044
   29.550000      -0.371088       0.661782       0.201880       0.420858          0.000043
   29.560000      -0.364405       0.674624       0.193298       0.420857          0.000043
   29.570000      -0.357595       0.687102       0.184803       0.420857          0.000043
   29.580000      -0.350663       0.699214       0.176407       0.420857          0.000042
   29.590000      -0.343611       0.710960       0.168125       0.420857          0.000042
   29.600000      -0.336444       0.722341       0.159968       0.420857          0.000041
   29.610000      -0.329164       0.733359       0.151949       0.420857          0.000041
   29.620000      -0.321777       0.744013       0.144078       0.420856          0.000041
   29.630000      -0.314284       0.754307       0.136367       0.420856          0.000040
   29.640000      -0.306690       0.764241       0.128824       0.420856          0.000040
   29.650000      -0.298999       0.773818       0.121458       0.420856          0.000039
   29.660000      -0.291214       0.783042       0.114279       0.420856          0.000039
   29.670000      -0.283338       0.791913       0.107292       0.420855          0.000038
   29.680000      -0.275376       0.800437       0.100505       0.420855          0.000038
   29.690000      -0.267330       0.808616       0.093925       0.420855          0.000037
   29.700000      -0.259204       0.816455       0.087555       0.420855          0.000036
   29.710000      -0.251001       0.823956       0.081402       0.420854          0.000036
   29.720000      -0.242724       0.831125       0.075470       0.420854          0.000035
   29.730000      -0.234378       0.837966       0.069761       0.420854          0.000035
   29.740000      -0.225965       0.844482       0.064278       0.420854          0.000034
   29.750000      -0.217488       0.850680       0.059025       0.420853          0.000034
   29.760000      -0.208951       0.856563       0.054003       0.420853          0.000033
   29.770000      -0.200357       0.862137       0.049213       0.420853          0.000032
   29.780000      -0.191709       0.867407       0.044655       0.420853          0.000032
   29.790000      -0.183009       0.872378       0.040331       0.420852          0.000031
   29.800000      -0.174261       0.877055       0.036239       0.420852          0.000031
   29.810000      -0.165468       0.881444       0.032380       0.420852          0.000030
   29.820000      -0.156632       0.885550       0.028752       0.420852          0.000030
   29.830000      -0.147757       0.889378       0.025355       0.420852          0.000029
   29.840000      -0.138845       0.892935       0.022185       0.420851          0.000028
   29.850000      -0.129898       0.896225       0.019241       0.420851          0.000028
   29.860000      -0.120920       0.899255       0.016521       0.420851          0.000027
   29.870000      -0.111913       0.902029       0.014022       0.420851          0.000027
   29.880000      -0.102880       0.904554       0.011741       0.420850          0.000026
   29.890000      -0.093822       0.906835       0.009676       0.420850          0.000026
   29.900000      -0.084743       0.908877       0.007821       0.420850          0.000025
   29.910000      -0.075645       0.910687       0.006175       0.420850          0.000025
   29.920000      -0.066529       0.912269       0.004732       0.420849          0.000024
   29.930000      -0.057399       0.913629       0.003490       0.420849          0.000024
   29.940000      -0.048257       0.914773       0.002444       0.420849          0.000023
   29.950000      -0.039104       0.915706       0.001590       0.420849          0.000023
   29.960000      -0.029942       0.916433       0.000924       0.420849          0.000022
   29.970000      -0.020775       0.916960       0.000441       0.420848          0.000022
   29.980000      -0.011603       0.917292       0.000136       0.420848          0.000021
   29.990000      -0.002429       0.917433       0.000006       0.420848          0.000021
