           t              x              v              P              E             dE/E0
    0.000000      -0.500000       0.000000       0.420839       0.420839          0.000000
    0.010000      -0.499786       0.021391       0.420382       0.420611         -0.000543
    0.020000      -0.499358       0.042766       0.419468       0.420383         -0.001084
    0.030000      -0.498717       0.064109       0.418102       0.420157         -0.001622
    0.040000      -0.497863       0.085403       0.416286       0.419933         -0.002154
    0.050000      -0.496797       0.106633       0.414026       0.419712         -0.002679
    0.060000      -0.495519       0.127782       0.411330       0.419494         -0.003196
    0.070000      -0.494031       0.148836       0.408205       0.419281         -0.003703
    0.080000      -0.492333       0.169778       0.404660       0.419072         -0.004199
    0.090000      -0.490427       0.190594       0.400706       0.418869         -0.004682
    0.100000      -0.488314       0.211268       0.396355       0.418672         -0.005150
    0.110000      -0.485997       0.231787       0.391619       0.418481         -0.005603
    0.120000      -0.483475       0.252135       0.386511       0.418297         -0.006040
    0.130000      -0.480752       0.272299       0.381047       0.418121         -0.006459
    0.140000      -0.477830       0.292266       0.375243       0.417952         -0.006860
    0.150000      -0.474709       0.312022       0.369113       0.417792         -0.007241
    0.160000      -0.471394       0.331556       0.362676       0.417640         -0.007601
    0.170000      -0.467885       0.350854       0.355948       0.417497         -0.007941
    0.180000      -0.464186       0.369905       0.348949       0.417364         -0.008258
    0.190000      -0.460299       0.388698       0.341696       0.417239         -0.008554
    0.200000      -0.456227       0.407223       0.334209       0.417125         -0.008827
    0.210000      -0.451972       0.425469       0.326507       0.417020         -0.009076
    0.220000      -0.447538       0.443428       0.318610       0.416924         -0.009303
    0.230000      -0.442927       0.461089       0.310537       0.416839         -0.009506
    0.240000      -0.438143       0.478445       0.302309       0.416763         -0.009685
    0.250000      -0.433188       0.495488       0.293944       0.416698         -0.009841
    0.260000      -0.428066       0.512210       0.285462       0.416642         -0.009974
    0.270000      -0.422780       0.528605       0.276884       0.416596         -0.010083
    0.280000      -0.417333       0.544666       0.268228       0.416559         -0.010170
    0.290000      -0.411729       0.560389       0.259514       0.416532         -0.010234
    0.300000      -0.405971       0.575768       0.250760       0.416515         -0.010276
    0.310000      -0.400063       0.590798       0.241985       0.416506         -0.010297
    0.320000      -0.394009       0.605476       0.233205       0.416506         -0.010296
    0.330000      -0.387811       0.619799       0.224440       0.416515         -0.010275
    0.340000      -0.381473       0.633763       0.215705       0.416532         -0.010235
    0.350000      -0.374999       0.647366       0.207016       0.416557         -0.010175
    0.360000      -0.368393       0.660606       0.198390       0.416590         -0.010096
    0.370000      -0.361658       0.673482       0.189842       0.416631         -0.010000
    0.380000      -0.354799       0.685993       0.181385       0.416678         -0.009888
    0.390000      -0.347817       0.698138       0.173034       0.416732         -0.009759
    0.400000      -0.340718       0.709918       0.164801       0.416793         -0.009615
    0.410000      -0.333505       0.721334       0.156698       0.416859         -0.009457
    0.420000      -0.326181       0.732385       0.148738       0.416932         -0.009285
    0.430000      -0.318750       0.743073       0.140931       0.417009         -0.009101
    0.440000      -0.311216       0.753399       0.133286       0.417092         -0.008905
    0.450000      -0.303582       0.763367       0.125814       0.417179         -0.008698
    0.460000      -0.295853       0.772977       0.118523       0.417270         -0.008481
    0.470000      -0.288030       0.782233       0.111421       0.417365         -0.008255
    0.480000      -0.280119       0.791137       0.104515       0.417464         -0.008021
    0.490000      -0.272122       0.799693       0.097811       0.417566         -0.007779
    0.500000      -0.264043       0.807905       0.091315       0.417670         -0.007530
    0.510000      -0.255885       0.815775       0.085033       0.417777         -0.007276
    0.520000      -0.247652       0.823307       0.078969       0.417887         -0.007016
    0.530000      -0.239347       0.830507       0.073127       0.417998         -0.006752
    0.540000      -0.230973       0.837378       0.067509       0.418110         -0.006485
    0.550000      -0.222534       0.843925       0.062120       0.418224         -0.006214
    0.560000      -0.214033       0.850152       0.056960       0.418339         -0.005941
    0.570000      -0.205472       0.856064       0.052032       0.418455         -0.005666
    0.580000      -0.196855       0.861667       0.047336       0.418571         -0.005391
    0.590000      -0.188186       0.866965       0.042873       0.418687         -0.005114
    0.600000      -0.179466       0.871964       0.038643       0.418803         -0.004838
    0.610000      -0.170699       0.876668       0.034646       0.418919         -0.004562
    0.620000      -0.161888       0.881084       0.030881       0.419035         -0.004287
    0.630000      -0.153036       0.885216       0.027346       0.419150         -0.004014
    0.640000      -0.144146       0.889070       0.024041       0.419264         -0.003743
    0.650000      -0.135219       0.892652       0.020963       0.419377         -0.003474
    0.660000      -0.126259       0.895967       0.018111       0.419489         -0.003208
    0.670000      -0.117269       0.899021       0.015481       0.419600         -0.002945
    0.680000      -0.108251       0.901819       0.013071       0.419709         -0.002685
    0.690000      -0.099207       0.904367       0.010877       0.419817         -0.002429
    0.700000      -0.090141       0.906670       0.008898       0.419923         -0.002177
    0.710000      -0.081053       0.908735       0.007128       0.420028         -0.001929
    0.720000      -0.071948       0.910566       0.005565       0.420130         -0.001685
    0.730000      -0.062826       0.912169       0.004204       0.420231         -0.001446
    0.740000      -0.053690       0.913550       0.003042       0.420329         -0.001212
    0.750000      -0.044543       0.914714       0.002075       0.420426         -0.000983
    0.760000      -0.035387       0.915667       0.001297       0.420520         -0.000758
    0.770000      -0.026222       0.916413       0.000706       0.420612         -0.000539
    0.780000      -0.017053       0.916958       0.000296       0.420702         -0.000326
    0.790000      -0.007880       0.917308       0.000063       0.420790         -0.000117
    0.800000       0.001295       0.917468       0.000002       0.420875          0.000086
    0.810000       0.010469       0.917442       0.000108       0.420958          0.000283
    0.820000       0.019642       0.917236       0.000378       0.421039          0.000475
    0.830000       0.028810       0.916854       0.000807       0.421118          0.000661
    0.840000       0.037973       0.916303       0.001388       0.421194          0.000842
    0.850000       0.047129       0.915585       0.002119       0.421267          0.001017
    0.860000       0.056276       0.914707       0.002994       0.421339          0.001187
    0.870000       0.065413       0.913672       0.004009       0.421408          0.001351
    0.880000       0.074538       0.912486       0.005159       0.421475          0.001510
    0.890000       0.083649       0.911153       0.006439       0.421539          0.001663
    0.900000       0.092746       0.909677       0.007846       0.421601          0.001811
    0.910000       0.101827       0.908062       0.009373       0.421661          0.001953
    0.920000       0.110890       0.906313       0.011017       0.421719          0.002090
    0.930000       0.119934       0.904434       0.012774       0.421774          0.002222
    0.940000       0.128958       0.902429       0.014638       0.421828          0.002349
    0.950000       0.137961       0.900302       0.016607       0.421879          0.002471
    0.960000       0.146942       0.898057       0.018675       0.421928          0.002587
    0.970000       0.155899       0.895697       0.020838       0.421975          0.002699
    0.980000       0.164831       0.893227       0.023093       0.422020          0.002806
    0.990000       0.173738       0.890650       0.025435       0.422063          0.002908
    1.000000       0.182617       0.887969       0.027860       0.422104          0.003006
    1.010000       0.191469       0.885188       0.030365       0.422143          0.003099
    1.020000       0.200292       0.882310       0.032945       0.422181          0.003188
    1.030000       0.209086       0.879339       0.035598       0.422216          0.003272
    1.040000       0.217849       0.876277       0.038319       0.422250          0.003352
    1.050000       0.226580       0.873128       0.041105       0.422282          0.003428
    1.060000       0.235279       0.869896       0.043953       0.422312          0.003500
    1.070000       0.243945       0.866582       0.046859       0.422341          0.003568
    1.080000       0.252577       0.863189       0.049820       0.422368          0.003632
    1.090000       0.261174       0.859722       0.052832       0.422393          0.003692
    1.100000       0.269736       0.856181       0.055894       0.422417          0.003749
    1.110000       0.278261       0.852571       0.059001       0.422439          0.003802
    1.120000       0.286750       0.848893       0.062151       0.422460          0.003852
    1.130000       0.295202       0.845150       0.065341       0.422480          0.003899
    1.140000       0.303615       0.841344       0.068568       0.422498          0.003942
    1.150000       0.311990       0.837479       0.071830       0.422515          0.003982
    1.160000       0.320325       0.833555       0.075124       0.422531          0.004019
    1.170000       0.328621       0.829576       0.078447       0.422545          0.004054
    1.180000       0.336877       0.825543       0.081798       0.422558          0.004085
    1.190000       0.345091       0.821459       0.085173       0.422570          0.004114
    1.200000       0.353265       0.817325       0.088571       0.422581          0.004139
    1.210000       0.361396       0.813145       0.091989       0.422591          0.004163
    1.220000       0.369485       0.808919       0.095425       0.422600          0.004184
    1.230000       0.377532       0.804649       0.098878       0.422608          0.004202
    1.240000       0.385535       0.800337       0.102345       0.422615          0.004218
    1.250000       0.393495       0.795986       0.105823       0.422620          0.004232
    1.260000       0.401411       0.791596       0.109313       0.422625          0.004244
    1.270000       0.409283       0.787170       0.112811       0.422629          0.004254
    1.280000       0.417110       0.782709       0.116316       0.422633          0.004261
    1.290000       0.424892       0.778214       0.119826       0.422635          0.004267
    1.300000       0.432629       0.773688       0.123340       0.422637          0.004271
    1.310000       0.440320       0.769130       0.126857       0.422638          0.004273
    1.320000       0.447965       0.764544       0.130374       0.422638          0.004273
    1.330000       0.455565       0.759930       0.133890       0.422637          0.004272
    1.340000       0.463118       0.755290       0.137405       0.422636          0.004269
    1.350000       0.470624       0.750624       0.140916       0.422634          0.004265
    1.360000       0.478083       0.745935       0.144422       0.422632          0.004259
    1.370000       0.485495       0.741223       0.147923       0.422629          0.004252
    1.380000       0.492860       0.736489       0.151417       0.422625          0.004243
    1.390000       0.500178       0.731735       0.154903       0.422621          0.004233
    1.400000       0.507447       0.726961       0.158380       0.422616          0.004222
    1.410000       0.514669       0.722170       0.161847       0.422611          0.004210
    1.420000       0.521843       0.717360       0.165302       0.422605          0.004196
    1.430000       0.528968       0.712535       0.168746       0.422599          0.004182
    1.440000       0.536045       0.707694       0.172177       0.422593          0.004166
    1.450000       0.543073       0.702839       0.175594       0.422586          0.004150
    1.460000       0.550053       0.697970       0.178997       0.422578          0.004132
    1.470000       0.556984       0.693088       0.182385       0.422571          0.004114
    1.480000       0.563866       0.688195       0.185757       0.422563          0.004095
    1.490000       0.570699       0.683290       0.189112       0.422554          0.004075
    1.500000       0.577482       0.678375       0.192449       0.422545          0.004054
    1.510000       0.584217       0.673450       0.195769       0.422536          0.004032
    1.520000       0.590902       0.668516       0.199070       0.422527          0.004010
    1.530000       0.597538       0.663574       0.202352       0.422517          0.003987
    1.540000       0.604124       0.658624       0.205614       0.422507          0.003964
    1.550000       0.610661       0.653668       0.208856       0.422497          0.003939
    1.560000       0.617148       0.648705       0.212078       0.422487          0.003915
    1.570000       0.623585       0.643736       0.215278       0.422476          0.003889
    1.580000       0.629973       0.638762       0.218457       0.422465          0.003864
    1.590000       0.636311       0.633783       0.221614       0.422454          0.003837
    1.600000       0.642599       0.628800       0.224748       0.422443          0.003811
    1.610000       0.648837       0.623814       0.227860       0.422432          0.003783
    1.620000       0.655025       0.618824       0.230948       0.422420          0.003756
    1.630000       0.661163       0.613832       0.234014       0.422408          0.003728
    1.640000       0.667252       0.608837       0.237055       0.422396          0.003700
    1.650000       0.673290       0.603840       0.240073       0.422384          0.003671
    1.660000       0.679278       0.598842       0.243066       0.422372          0.003642
    1.670000       0.685217       0.593843       0.246035       0.422360          0.003613
    1.680000       0.691105       0.588844       0.248979       0.422347          0.003584
    1.690000       0.696944       0.583844       0.251898       0.422335          0.003554
    1.700000       0.702732       0.578844       0.254792       0.422322          0.003524
    1.710000       0.708471       0.573844       0.257661       0.422310          0.003494
    1.720000       0.714159       0.568845       0.260504       0.422297          0.003464
    1.730000       0.719798       0.563847       0.263322       0.422284          0.003433
    1.740000       0.725386       0.558851       0.266114       0.422271          0.003402
    1.750000       0.730925       0.553856       0.268880       0.422258          0.003372
    1.760000       0.736413       0.548863       0.271620       0.422245          0.003341
    1.770000       0.741852       0.543872       0.274334       0.422232          0.003310
    1.780000       0.747241       0.538883       0.277021       0.422219          0.003278
    1.790000       0.752580       0.533897       0.279683       0.422206          0.003247
    1.800000       0.757869       0.528914       0.282318       0.422193          0.003216
    1.810000       0.763108       0.523933       0.284926       0.422179          0.003184
    1.820000       0.768298       0.518956       0.287508       0.422166          0.003153
    1.830000       0.773438       0.513982       0.290064       0.422153          0.003121
    1.840000       0.778528       0.509012       0.292593       0.422140          0.003090
    1.850000       0.783568       0.504045       0.295095       0.422126          0.003058
    1.860000       0.788559       0.499083       0.297571       0.422113          0.003026
    1.870000       0.793500       0.494124       0.300020       0.422100          0.002995
    1.880000       0.798392       0.489170       0.302443       0.422086          0.002963
    1.890000       0.803234       0.484220       0.304839       0.422073          0.002931
    1.900000       0.808027       0.479274       0.307208       0.422060          0.002900
    1.910000       0.812770       0.474333       0.309550       0.422046          0.002868
    1.920000       0.817464       0.469396       0.311867       0.422033          0.002837
    1.930000       0.822109       0.464465       0.314156       0.422020          0.002805
    1.940000       0.826704       0.459538       0.316419       0.422006          0.002773
    1.950000       0.831250       0.454616       0.318655       0.421993          0.002742
    1.960000       0.835747       0.449699       0.320865       0.421980          0.002711
    1.970000       0.840195       0.444788       0.323049       0.421967          0.002679
    1.980000       0.844594       0.439881       0.325206       0.421954          0.002648
    1.990000       0.848944       0.434980       0.327337       0.421940          0.002617
    2.000000       0.853245       0.430084       0.329441       0.421927          0.002585
    2.010000       0.857497       0.425193       0.331519       0.421914          0.002554
    2.020000       0.861700       0.420308       0.333572       0.421901          0.002523
    2.030000       0.865854       0.415429       0.335598       0.421888          0.002492
    2.040000       0.869960       0.410554       0.337598       0.421875          0.002461
    2.050000       0.874016       0.405686       0.339572       0.421862          0.002430
    2.060000       0.878025       0.400823       0.341520       0.421849          0.002400
    2.070000       0.881984       0.395965       0.343442       0.421836          0.002369
    2.080000       0.885895       0.391113       0.345339       0.421823          0.002338
    2.090000       0.889758       0.386267       0.347210       0.421811          0.002308
    2.100000       0.893572       0.381426       0.349055       0.421798          0.002278
    2.110000       0.897338       0.376591       0.350875       0.421785          0.002247
    2.120000       0.901056       0.371762       0.352669       0.421772          0.002217
    2.130000       0.904725       0.366938       0.354438       0.421760          0.002187
    2.140000       0.908346       0.362120       0.356182       0.421747          0.002157
    2.150000       0.911920       0.357307       0.357900       0.421734          0.002127
    2.160000       0.915445       0.352500       0.359594       0.421722          0.002097
    2.170000       0.918922       0.347699       0.361262       0.421709          0.002068
    2.180000       0.922351       0.342903       0.362906       0.421697          0.002038
    2.190000       0.925732       0.338113       0.364524       0.421685          0.002009
    2.200000       0.929065       0.333328       0.366118       0.421672          0.001979
    2.210000       0.932350       0.328549       0.367688       0.421660          0.001950
    2.220000       0.935588       0.323775       0.369232       0.421648          0.001921
    2.230000       0.938778       0.319007       0.370753       0.421635          0.001892
    2.240000       0.941921       0.314244       0.372249       0.421623          0.001863
    2.250000       0.945016       0.309487       0.373720       0.421611          0.001834
    2.260000       0.948063       0.304734       0.375167       0.421599          0.001805
    2.270000       0.951063       0.299988       0.376591       0.421587          0.001776
    2.280000       0.954015       0.295246       0.377990       0.421575          0.001748
    2.290000       0.956920       0.290510       0.379365       0.421563          0.001719
    2.300000       0.959778       0.285778       0.380716       0.421551          0.001691
    2.310000       0.962589       0.281052       0.382044       0.421539          0.001663
    2.320000       0.965352       0.276331       0.383348       0.421527          0.001635
    2.330000       0.968068       0.271615       0.384628       0.421515          0.001607
    2.340000       0.970737       0.266904       0.385885       0.421504          0.001579
    2.350000       0.973359       0.262198       0.387118       0.421492          0.001551
    2.360000       0.975934       0.257496       0.388328       0.421480          0.001523
    2.370000       0.978462       0.252800       0.389515       0.421469          0.001496
    2.380000       0.980943       0.248108       0.390678       0.421457          0.001468
    2.390000       0.983377       0.243421       0.391819       0.421446          0.001441
    2.400000       0.985765       0.238738       0.392936       0.421434          0.001413
    2.410000       0.988105       0.234060       0.394031       0.421423          0.001386
    2.420000       0.990399       0.229386       0.395102       0.421411          0.001359
    2.430000       0.992646       0.224717       0.396151       0.421400          0.001332
    2.440000       0.994847       0.220051       0.397177       0.421389          0.001305
    2.450000       0.997001       0.215391       0.398181       0.421377          0.001278
    2.460000       0.999108       0.210734       0.399162       0.421366          0.001251
    2.470000       1.001169       0.206081       0.400120       0.421355          0.001225
    2.480000       1.003183       0.201433       0.401056       0.421343          0.001198
    2.490000       1.005151       0.196788       0.401970       0.421332          0.001172
    2.500000       1.007073       0.192147       0.402861       0.421321          0.001145
    2.510000       1.008948       0.187510       0.403730       0.421310          0.001119
    2.520000       1.010777       0.182877       0.404577       0.421299          0.001092
    2.530000       1.012559       0.178247       0.405402       0.421288          0.001066
    2.540000       1.014295       0.173621       0.406205       0.421277          0.001040
    2.550000       1.015985       0.168998       0.406986       0.421266          0.001014
    2.560000       1.017629       0.164379       0.407745       0.421255          0.000988
    2.570000       1.019227       0.159763       0.408482       0.421244          0.000962
    2.580000       1.020778       0.155150       0.409198       0.421233          0.000936
    2.590000       1.022283       0.150540       0.409891       0.421222          0.000910
    2.600000       1.023743       0.145933       0.410563       0.421212          0.000885
    2.610000       1.025156       0.141330       0.411214       0.421201          0.000859
    2.620000       1.026523       0.136729       0.411843       0.421190          0.000833
    2.630000       1.027845       0.132130       0.412450       0.421179          0.000808
    2.640000       1.029120       0.127535       0.413036       0.421169          0.000782
    2.650000       1.030349       0.122942       0.413600       0.421158          0.000757
    2.660000       1.031533       0.118352       0.414144       0.421147          0.000732
    2.670000       1.032671       0.113764       0.414665       0.421137          0.000706
    2.680000       1.033762       0.109178       0.415166       0.421126          0.000681
    2.690000       1.034808       0.104595       0.415645       0.421115          0.000656
    2.700000       1.035808       0.100014       0.416103       0.421105          0.000631
    2.710000       1.036763       0.095435       0.416540       0.421094          0.000605
    2.720000       1.037671       0.090857       0.416956       0.421084          0.000580
    2.730000       1.038534       0.086282       0.417351       0.421073          0.000555
    2.740000       1.039351       0.081709       0.417724       0.421062          0.000530
    2.750000       1.040123       0.077137       0.418077       0.421052          0.000505
    2.760000       1.040848       0.072566       0.418409       0.421041          0.000480
    2.770000       1.041528       0.067998       0.418719       0.421031          0.000455
    2.780000       1.042163       0.063430       0.419009       0.421021          0.000431
    2.790000       1.042751       0.058864       0.419278       0.421010          0.000406
    2.800000       1.043294       0.054300       0.419525       0.421000          0.000381
    2.810000       1.043792       0.049736       0.419752       0.420989          0.000356
    2.820000       1.044243       0.045173       0.419958       0.420979          0.000331
    2.830000       1.044649       0.040612       0.420144       0.420968          0.000307
    2.840000       1.045010       0.036051       0.420308       0.420958          0.000282
    2.850000       1.045325       0.031491       0.420452       0.420947          0.000257
    2.860000       1.045594       0.026931       0.420574       0.420937          0.000232
    2.870000       1.045818       0.022373       0.420676       0.420927          0.000208
    2.880000       1.045996       0.017814       0.420758       0.420916          0.000183
    2.890000       1.046129       0.013256       0.420818       0.420906          0.000158
    2.900000       1.046216       0.008698       0.420858       0.420896          0.000134
    2.910000       1.046257       0.004141       0.420877       0.420885          0.000109
    2.920000       1.046253      -0.000417       0.420875       0.420875          0.000084
    2.930000       1.046203      -0.004974       0.420852       0.420864          0.000060
    2.940000       1.046108      -0.009532       0.420809       0.420854          0.000035
    2.950000       1.045967      -0.014089       0.420744       0.420844          0.000010
    2.960000       1.045780      -0.018648       0.420659       0.420833         -0.000014
    2.970000       1.045548      -0.023206       0.420554       0.420823         -0.000039
    2.980000       1.045271      -0.027765       0.420427       0.420812         -0.000064
    2.990000       1.044947      -0.032324       0.420280       0.420802         -0.000089
    3.000000       1.044579      -0.036885       0.420111       0.420792         -0.000113
    3.010000       1.044164      -0.041446       0.419922       0.420781         -0.000138
    3.020000       1.043704      -0.046007       0.419712       0.420771         -0.000163
    3.030000       1.043198      -0.050570       0.419482       0.420760         -0.000188
    3.040000       1.042647      -0.055134       0.419230       0.420750         -0.000213
    3.050000       1.042050      -0.059699       0.418957       0.420739         -0.000237
    3.060000       1.041407      -0.064265       0.418664       0.420729         -0.000262
    3.070000       1.040719      -0.068833       0.418349       0.420718         -0.000287
    3.080000       1.039985      -0.073402       0.418014       0.420708         -0.000312
    3.090000       1.039205      -0.077972       0.417658       0.420697         -0.000337
    3.100000       1.038380      -0.082545       0.417280       0.420687         -0.000362
    3.110000       1.037509      -0.087118       0.416882       0.420676         -0.000387
    3.120000       1.036592      -0.091694       0.416462       0.420666         -0.000412
    3.130000       1.035629      -0.096272       0.416021       0.420655         -0.000437
    3.140000       1.034621      -0.100851       0.415559       0.420645         -0.000462
    3.150000       1.033566      -0.105433       0.415076       0.420634         -0.000488
    3.160000       1.032466      -0.110016       0.414572       0.420623         -0.000513
    3.170000       1.031320      -0.114602       0.414046       0.420613         -0.000538
    3.180000       1.030128      -0.119191       0.413499       0.420602         -0.000564
    3.190000       1.028890      -0.123782       0.412930       0.420591         -0.000589
    3.200000       1.027607      -0.128375       0.412341       0.420581         -0.000614
    3.210000       1.026277      -0.132971       0.411729       0.420570         -0.000640
    3.220000       1.024901      -0.137570       0.411096       0.420559         -0.000666
    3.230000       1.023479      -0.142171       0.410442       0.420548         -0.000691
    3.240000       1.022012      -0.146775       0.409766       0.420538         -0.000717
    3.250000       1.020498      -0.151383       0.409068       0.420527         -0.000743
    3.260000       1.018938      -0.155993       0.408349       0.420516         -0.000769
    3.270000       1.017332      -0.160606       0.407608       0.420505         -0.000794
    3.280000       1.015680      -0.165223       0.406845       0.420494         -0.000820
    3.290000       1.013981      -0.169843       0.406060       0.420483         -0.000846
    3.300000       1.012237      -0.174466       0.405253       0.420472         -0.000873
    3.310000       1.010446      -0.179093       0.404424       0.420461         -0.000899
    3.320000       1.008608      -0.183724       0.403573       0.420450         -0.000925
    3.330000       1.006725      -0.188358       0.402700       0.420439         -0.000951
    3.340000       1.004795      -0.192995       0.401804       0.420428         -0.000978
    3.350000       1.002818      -0.197637       0.400886       0.420417         -0.001004
    3.360000       1.000796      -0.202282       0.399946       0.420405         -0.001031
    3.370000       0.998726      -0.206932       0.398984       0.420394         -0.001058
    3.380000       0.996611      -0.211585       0.397999       0.420383         -0.001084
    3.390000       0.994448      -0.216242       0.396991       0.420372         -0.001111
    3.400000       0.992239      -0.220904       0.395961       0.420360         -0.001138
    3.410000       0.989983      -0.225570       0.394908       0.420349         -0.001165
    3.420000       0.987681      -0.230240       0.393832       0.420338         -0.001192
    3.430000       0.985332      -0.234915       0.392734       0.420326         -0.001219
    3.440000       0.982936      -0.239594       0.391612       0.420315         -0.001247
    3.450000       0.980493      -0.244277       0.390467       0.420303         -0.001274
    3.460000       0.978003      -0.248965       0.389300       0.420292         -0.001302
    3.470000       0.975467      -0.253658       0.388109       0.420280         -0.001329
    3.480000       0.972883      -0.258356       0.386894       0.420268         -0.001357
    3.490000       0.970253      -0.263058       0.385657       0.420257         -0.001385
    3.500000       0.967575      -0.267765       0.384396       0.420245         -0.001413
    3.510000       0.964850      -0.272477       0.383111       0.420233         -0.001441
    3.520000       0.962078      -0.277194       0.381803       0.420221         -0.001469
    3.530000       0.959259      -0.281916       0.380471       0.420209         -0.001497
    3.540000       0.956393      -0.286643       0.379115       0.420197         -0.001525
    3.550000       0.953479      -0.291375       0.377736       0.420186         -0.001554
    3.560000       0.950518      -0.296113       0.376332       0.420174         -0.001582
    3.570000       0.947509      -0.300855       0.374905       0.420161         -0.001611
    3.580000       0.944453      -0.305603       0.373453       0.420149         -0.001639
    3.590000       0.941350      -0.310356       0.371977       0.420137         -0.001668
    3.600000       0.938199      -0.315114       0.370477       0.420125         -0.001697
    3.610000       0.935000      -0.319878       0.368952       0.420113         -0.001726
    3.620000       0.931753      -0.324647       0.367403       0.420101         -0.001755
    3.630000       0.928459      -0.329422       0.365829       0.420088         -0.001784
    3.640000       0.925117      -0.334202       0.364230       0.420076         -0.001814
    3.650000       0.921727      -0.338988       0.362607       0.420064         -0.001843
    3.660000       0.918289      -0.343779       0.360959       0.420051         -0.001873
    3.670000       0.914804      -0.348576       0.359286       0.420039         -0.001902
    3.680000       0.911270      -0.353378       0.357588       0.420026         -0.001932
    3.690000       0.907688      -0.358186       0.355865       0.420014         -0.001962
    3.700000       0.904058      -0.363000       0.354116       0.420001         -0.001992
    3.710000       0.900380      -0.367819       0.352343       0.419988         -0.002022
    3.720000       0.896653      -0.372644       0.350544       0.419976         -0.002052
    3.730000       0.892879      -0.377474       0.348719       0.419963         -0.002082
    3.740000       0.889056      -0.382311       0.346869       0.419950         -0.002113
    3.750000       0.885184      -0.387152       0.344994       0.419937         -0.002143
    3.760000       0.881264      -0.392000       0.343093       0.419924         -0.002174
    3.770000       0.877296      -0.396853       0.341166       0.419912         -0.002204
    3.780000       0.873278      -0.401711       0.339213       0.419899         -0.002235
    3.790000       0.869213      -0.406575       0.337234       0.419886         -0.002266
    3.800000       0.865098      -0.411445       0.335229       0.419873         -0.002297
    3.810000       0.860935      -0.416320       0.333198       0.419860         -0.002328
    3.820000       0.856723      -0.421201       0.331141       0.419847         -0.002359
    3.830000       0.852462      -0.426087       0.329058       0.419834         -0.002390
    3.840000       0.848152      -0.430979       0.326949       0.419820         -0.002421
    3.850000       0.843794      -0.435876       0.324813       0.419807         -0.002452
    3.860000       0.839386      -0.440778       0.322652       0.419794         -0.002484
    3.870000       0.834929      -0.445685       0.320463       0.419781         -0.002515
    3.880000       0.830423      -0.450598       0.318248       0.419768         -0.002546
    3.890000       0.825868      -0.455516       0.316007       0.419754         -0.002578
    3.900000       0.821263      -0.460438       0.313739       0.419741         -0.002609
    3.910000       0.816610      -0.465366       0.311445       0.419728         -0.002641
    3.920000       0.811907      -0.470299       0.309124       0.419715         -0.002673
    3.930000       0.807154      -0.475236       0.306777       0.419701         -0.002704
    3.940000       0.802353      -0.480178       0.304403       0.419688         -0.002736
    3.950000       0.797501      -0.485124       0.302002       0.419675         -0.002767
    3.960000       0.792601      -0.490075       0.299574       0.419661         -0.002799
    3.970000       0.787650      -0.495030       0.297120       0.419648         -0.002831
    3.980000       0.782650      -0.499990       0.294640       0.419635         -0.002862
    3.990000       0.777601      -0.504953       0.292133       0.419621         -0.002894
    4.000000       0.772502      -0.509920       0.289599       0.419608         -0.002925
    4.010000       0.767353      -0.514891       0.287038       0.419595         -0.002957
    4.020000       0.762154      -0.519866       0.284451       0.419582         -0.002988
    4.030000       0.756906      -0.524843       0.281838       0.419568         -0.003020
    4.040000       0.751607      -0.529824       0.279198       0.419555         -0.003051
    4.050000       0.746259      -0.534808       0.276532       0.419542         -0.003083
    4.060000       0.740861      -0.539795       0.273840       0.419529         -0.003114
    4.070000       0.735414      -0.544784       0.271121       0.419516         -0.003145
    4.080000       0.729916      -0.549775       0.268376       0.419503         -0.003176
    4.090000       0.724368      -0.554769       0.265606       0.419490         -0.003207
    4.100000       0.718770      -0.559764       0.262809       0.419477         -0.003237
    4.110000       0.713123      -0.564761       0.259987       0.419464         -0.003268
    4.120000       0.707425      -0.569759       0.257139       0.419451         -0.003298
    4.130000       0.701678      -0.574758       0.254265       0.419439         -0.003328
    4.140000       0.695880      -0.579758       0.251366       0.419426         -0.003358
    4.150000       0.690033      -0.584758       0.248443       0.419413         -0.003388
    4.160000       0.684135      -0.589758       0.245494       0.419401         -0.003418
    4.170000       0.678187      -0.594757       0.242521       0.419389         -0.003447
    4.180000       0.672190      -0.599756       0.239523       0.419377         -0.003476
    4.190000       0.666142      -0.604754       0.236501       0.419365         -0.003504
    4.200000       0.660045      -0.609750       0.233455       0.419353         -0.003533
    4.210000       0.653897      -0.614744       0.230385       0.419341         -0.003561
    4.220000       0.647700      -0.619736       0.227293       0.419329         -0.003588
    4.230000       0.641453      -0.624726       0.224177       0.419318         -0.003615
    4.240000       0.635156      -0.629712       0.221038       0.419306         -0.003642
    4.250000       0.628809      -0.634694       0.217877       0.419295         -0.003669
    4.260000       0.622412      -0.639672       0.214695       0.419285         -0.003694
    4.270000       0.615966      -0.644645       0.211490       0.419274         -0.003720
    4.280000       0.609469      -0.649613       0.208265       0.419263         -0.003745
    4.290000       0.602924      -0.654574       0.205019       0.419253         -0.003769
    4.300000       0.596328      -0.659530       0.201753       0.419243         -0.003793
    4.310000       0.589684      -0.664478       0.198468       0.419233         -0.003816
    4.320000       0.582989      -0.669419       0.195163       0.419224         -0.003838
    4.330000       0.576246      -0.674351       0.191840       0.419215         -0.003860
    4.340000       0.569453      -0.679274       0.188499       0.419206         -0.003881
    4.350000       0.562611      -0.684187       0.185141       0.419198         -0.003901
    4.360000       0.555720      -0.689090       0.181767       0.419189         -0.003920
    4.370000       0.548781      -0.693982       0.178376       0.419182         -0.003939
    4.380000       0.541792      -0.698861       0.174971       0.419174         -0.003957
    4.390000       0.534755      -0.703728       0.171551       0.419167         -0.003973
    4.400000       0.527669      -0.708580       0.168117       0.419160         -0.003989
    4.410000       0.520535      -0.713418       0.164671       0.419154         -0.004004
    4.420000       0.513352      -0.718241       0.161214       0.419149         -0.004018
    4.430000       0.506122      -0.723047       0.157745       0.419143         -0.004030
    4.440000       0.498843      -0.727835       0.154266       0.419138         -0.004041
    4.450000       0.491517      -0.732605       0.150779       0.419134         -0.004052
    4.460000       0.484144      -0.737356       0.147284       0.419130         -0.004061
    4.470000       0.476723      -0.742086       0.143782       0.419127         -0.004068
    4.480000       0.469255      -0.746794       0.140274       0.419125         -0.004074
    4.490000       0.461740      -0.751479       0.136762       0.419123         -0.004079
    4.500000       0.454179      -0.756140       0.133248       0.419121         -0.004082
    4.510000       0.446571      -0.760776       0.129731       0.419121         -0.004084
    4.520000       0.438917      -0.765385       0.126214       0.419121         -0.004084
    4.530000       0.431218      -0.769966       0.122698       0.419121         -0.004082
    4.540000       0.423472      -0.774517       0.119184       0.419123         -0.004078
    4.550000       0.415682      -0.779038       0.115675       0.419125         -0.004073
    4.560000       0.407847      -0.783527       0.112171       0.419128         -0.004066
    4.570000       0.399967      -0.787982       0.108674       0.419132         -0.004057
    4.580000       0.392043      -0.792402       0.105187       0.419137         -0.004045
    4.590000       0.384075      -0.796784       0.101710       0.419143         -0.004032
    4.600000       0.376064      -0.801129       0.098246       0.419149         -0.004016
    4.610000       0.368009      -0.805433       0.094796       0.419157         -0.003998
    4.620000       0.359912      -0.809694       0.091363       0.419165         -0.003978
    4.630000       0.351773      -0.813912       0.087948       0.419175         -0.003955
    4.640000       0.343593      -0.818085       0.084554       0.419186         -0.003930
    4.650000       0.335370      -0.822209       0.081183       0.419197         -0.003902
    4.660000       0.327108      -0.826284       0.077838       0.419210         -0.003871
    4.670000       0.318805      -0.830307       0.074519       0.419224         -0.003837
    4.680000       0.310462      -0.834277       0.071231       0.419240         -0.003801
    4.690000       0.302080      -0.838190       0.067975       0.419256         -0.003761
    4.700000       0.293659      -0.842045       0.064755       0.419274         -0.003719
    4.710000       0.285201      -0.845839       0.061572       0.419294         -0.003673
    4.720000       0.276705      -0.849570       0.058430       0.419314         -0.003624
    4.730000       0.268173      -0.853236       0.055331       0.419336         -0.003571
    4.740000       0.259605      -0.856834       0.052278       0.419360         -0.003515
    4.750000       0.251001      -0.860361       0.049274       0.419385         -0.003455
    4.760000       0.242363      -0.863815       0.046323       0.419412         -0.003392
    4.770000       0.233691      -0.867193       0.043428       0.419440         -0.003325
    4.780000       0.224986      -0.870493       0.040591       0.419470         -0.003254
    4.790000       0.216249      -0.873710       0.037817       0.419502         -0.003178
    4.800000       0.207480      -0.876843       0.035108       0.419535         -0.003099
    4.810000       0.198682      -0.879889       0.032468       0.419570         -0.003016
    4.820000       0.189853      -0.882843       0.029901       0.419607         -0.002928
    4.830000       0.180996      -0.885703       0.027411       0.419646         -0.002836
    4.840000       0.172111      -0.888466       0.025000       0.419687         -0.002739
    4.850000       0.163200      -0.891129       0.022674       0.419729         -0.002638
    4.860000       0.154263      -0.893687       0.020436       0.419774         -0.002532
    4.870000       0.145302      -0.896137       0.018290       0.419820         -0.002421
    4.880000       0.136317      -0.898476       0.016239       0.419869         -0.002305
    4.890000       0.127310      -0.900700       0.014290       0.419920         -0.002184
    4.900000       0.118282      -0.902805       0.012444       0.419973         -0.002059
    4.910000       0.109234      -0.904787       0.010708       0.420028         -0.001928
    4.920000       0.100168      -0.906643       0.009085       0.420085         -0.001792
    4.930000       0.091084      -0.908367       0.007579       0.420145         -0.001650
    4.940000       0.081985      -0.909957       0.006196       0.420207         -0.001503
    4.950000       0.072870      -0.911407       0.004939       0.420271         -0.001351
    4.960000       0.063743      -0.912714       0.003814       0.420337         -0.001193
    4.970000       0.054605      -0.913873       0.002824       0.420406         -0.001030
    4.980000       0.045456      -0.914879       0.001975       0.420477         -0.000862
    4.990000       0.036299      -0.915728       0.001271       0.420550         -0.000687
    5.000000       0.027134      -0.916416       0.000717       0.420626         -0.000507
    5.010000       0.017965      -0.916937       0.000317       0.420704         -0.000322
    5.020000       0.008792      -0.917287       0.000077       0.420784         -0.000131
    5.030000      -0.000382      -0.917460       0.000000       0.420867          0.000066
    5.040000      -0.009557      -0.917453       0.000092       0.420952          0.000268
    5.050000      -0.018730      -0.917259       0.000357       0.421039          0.000475
    5.060000      -0.027898      -0.916874       0.000800       0.421129          0.000688
    5.070000      -0.037061      -0.916292       0.001426       0.421221          0.000907
    5.080000      -0.046216      -0.915508       0.002237       0.421315          0.001130
    5.090000      -0.055361      -0.914517       0.003240       0.421411          0.001359
    5.100000      -0.064495      -0.913314       0.004438       0.421509          0.001592
    5.110000      -0.073614      -0.911893       0.005836       0.421610          0.001831
    5.120000      -0.082716      -0.910248       0.007436       0.421712          0.002074
    5.130000      -0.091800      -0.908375       0.009244       0.421816          0.002322
    5.140000      -0.100862      -0.906267       0.011262       0.421922          0.002574
    5.150000      -0.109902      -0.903919       0.013495       0.422030          0.002830
    5.160000      -0.118915      -0.901326       0.015945       0.422140          0.003090
    5.170000      -0.127900      -0.898482       0.018616       0.422250          0.003353
    5.180000      -0.136854      -0.895381       0.021509       0.422362          0.003619
    5.190000      -0.145774      -0.892017       0.024628       0.422476          0.003889
    5.200000      -0.154658      -0.888386       0.027975       0.422590          0.004160
    5.210000      -0.163502      -0.884481       0.031552       0.422705          0.004434
    5.220000      -0.172305      -0.880298       0.035359       0.422821          0.004710
    5.230000      -0.181064      -0.875830       0.039399       0.422938          0.004986
    5.240000      -0.189774      -0.871072       0.043671       0.423054          0.005264
    5.250000      -0.198435      -0.866019       0.048177       0.423171          0.005541
    5.260000      -0.207041      -0.860666       0.052915       0.423288          0.005819
    5.270000      -0.215591      -0.855007       0.057886       0.423404          0.006095
    5.280000      -0.224082      -0.849037       0.063088       0.423520          0.006370
    5.290000      -0.232509      -0.842752       0.068519       0.423635          0.006642
    5.300000      -0.240871      -0.836146       0.074178       0.423748          0.006912
    5.310000      -0.249163      -0.829215       0.080061       0.423860          0.007179
    5.320000      -0.257382      -0.821955       0.086166       0.423971          0.007441
    5.330000      -0.265526      -0.814361       0.092487       0.424079          0.007698
    5.340000      -0.273590      -0.806429       0.099021       0.424185          0.007950
    5.350000      -0.281572      -0.798155       0.105762       0.424288          0.008195
    5.360000      -0.289467      -0.789536       0.112705       0.424388          0.008433
    5.370000      -0.297273      -0.780567       0.119842       0.424485          0.008663
    5.380000      -0.304985      -0.771247       0.127167       0.424578          0.008884
    5.390000      -0.312601      -0.761571       0.134671       0.424667          0.009095
    5.400000      -0.320116      -0.751538       0.142346       0.424751          0.009296
    5.410000      -0.327528      -0.741146       0.150182       0.424831          0.009485
    5.420000      -0.334832      -0.730391       0.158169       0.424905          0.009661
    5.430000      -0.342025      -0.719274       0.166297       0.424974          0.009825
    5.440000      -0.349102      -0.707792       0.174552       0.425037          0.009974
    5.450000      -0.356062      -0.695945       0.182924       0.425094          0.010109
    5.460000      -0.362899      -0.683733       0.191398       0.425144          0.010228
    5.470000      -0.369611      -0.671155       0.199962       0.425187          0.010330
    5.480000      -0.376193      -0.658212       0.208601       0.425222          0.010415
    5.490000      -0.382642      -0.644906       0.217299       0.425250          0.010481
    5.500000      -0.388954      -0.631237       0.226040       0.425270          0.010529
    5.510000      -0.395126      -0.617207       0.234810       0.425282          0.010557
    5.520000      -0.401155      -0.602819       0.243590       0.425285          0.010565
    5.530000      -0.407035      -0.588077       0.252363       0.425280          0.010552
    5.540000      -0.412765      -0.572982       0.261111       0.425265          0.010517
    5.550000      -0.418341      -0.557540       0.269816       0.425241          0.010460
    5.560000      -0.423758      -0.541755       0.278459       0.425208          0.010381
    5.570000      -0.429014      -0.525632       0.287021       0.425165          0.010280
    5.580000      -0.434106      -0.509177       0.295482       0.425113          0.010155
    5.590000      -0.439030      -0.492396       0.303824       0.425050          0.010007
    5.600000      -0.443783      -0.475295       0.312025       0.424978          0.009835
    5.610000      -0.448362      -0.457883       0.320068       0.424896          0.009640
    5.620000      -0.452764      -0.440166       0.327931       0.424804          0.009421
    5.630000      -0.456985      -0.422155       0.335595       0.424702          0.009179
    5.640000      -0.461024      -0.403857       0.343040       0.424591          0.008914
    5.650000      -0.464877      -0.385282       0.350248       0.424469          0.008626
    5.660000      -0.468541      -0.366441       0.357199       0.424339          0.008315
    5.670000      -0.472014      -0.347344       0.363875       0.424199          0.007983
    5.680000      -0.475294      -0.328002       0.370257       0.424050          0.007629
    5.690000      -0.478379      -0.308427       0.376329       0.423892          0.007254
    5.700000      -0.481265      -0.288631       0.382072       0.423726          0.006860
    5.710000      -0.483951      -0.268627       0.387472       0.423552          0.006447
    5.720000      -0.486436      -0.248428       0.392513       0.423371          0.006016
    5.730000      -0.488716      -0.228048       0.397179       0.423182          0.005567
    5.740000      -0.490791      -0.207500       0.401459       0.422987          0.005104
    5.750000      -0.492659      -0.186799       0.405339       0.422786          0.004625
    5.760000      -0.494319      -0.165958       0.408808       0.422579          0.004134
    5.770000      -0.495769      -0.144995       0.411855       0.422367          0.003630
    5.780000      -0.497008      -0.123922       0.414472       0.422151          0.003116
    5.790000      -0.498035      -0.102757       0.416651       0.421931          0.002593
    5.800000      -0.498850      -0.081514       0.418385       0.421708          0.002063
    5.810000      -0.499453      -0.060210       0.419669       0.421482          0.001527
    5.820000      -0.499841      -0.038860       0.420500       0.421255          0.000987
    5.830000      -0.500016      -0.017481       0.420873       0.421026          0.000444
    5.840000      -0.499977       0.003911       0.420790       0.420797         -0.000099
    5.850000      -0.499724       0.025301       0.420249       0.420569         -0.000642
    5.860000      -0.499257       0.046671       0.419252       0.420341         -0.001183
    5.870000      -0.498577       0.068006       0.417803       0.420116         -0.001720
    5.880000      -0.497684       0.089290       0.415906       0.419892         -0.002251
    5.890000      -0.496579       0.110506       0.413566       0.419672         -0.002775
    5.900000      -0.495263       0.131639       0.410790       0.419455         -0.003290
    5.910000      -0.493736       0.152673       0.407588       0.419242         -0.003795
    5.920000      -0.492000       0.173594       0.403967       0.419035         -0.004288
    5.930000      -0.490056       0.194385       0.399940       0.418833         -0.004768
    5.940000      -0.487906       0.215032       0.395517       0.418637         -0.005234
    5.950000      -0.485551       0.235520       0.390712       0.418447         -0.005685
    5.960000      -0.482992       0.255836       0.385539       0.418265         -0.006118
    5.970000      -0.480233       0.275965       0.380011       0.418090         -0.006534
    5.980000      -0.477274       0.295894       0.374146       0.417922         -0.006931
    5.990000      -0.474118       0.315610       0.367959       0.417764         -0.007308
    6.000000      -0.470767       0.335102       0.361467       0.417614         -0.007665
    6.010000      -0.467223       0.354355       0.354689       0.417472         -0.008000
    6.020000      -0.463489       0.373360       0.347641       0.417340         -0.008314
    6.030000      -0.459568       0.392105       0.340344       0.417218         -0.008605
    6.040000      -0.455463       0.410580       0.332817       0.417105         -0.008874
    6.050000      -0.451175       0.428774       0.325078       0.417001         -0.009119
    6.060000      -0.446708       0.446679       0.317147       0.416908         -0.009342
    6.070000      -0.442065       0.464285       0.309044       0.416824         -0.009540
    6.080000      -0.437249       0.481584       0.300789       0.416751         -0.009716
    6.090000      -0.432264       0.498569       0.292401       0.416687         -0.009867
    6.100000      -0.427111       0.515232       0.283901       0.416633         -0.009996
    6.110000      -0.421796       0.531566       0.275307       0.416588         -0.010101
    6.120000      -0.416320       0.547566       0.266639       0.416554         -0.010184
    6.130000      -0.410688       0.563227       0.257916       0.416528         -0.010244
    6.140000      -0.404902       0.578542       0.249157       0.416512         -0.010282
    6.150000      -0.398967       0.593508       0.240379       0.416505         -0.010298
    6.160000      -0.392886       0.608122       0.231601       0.416507         -0.010294
    6.170000      -0.386662       0.622379       0.222840       0.416518         -0.010269
    6.180000      -0.380300       0.636277       0.214112       0.416536         -0.010225
    6.190000      -0.373801       0.649813       0.205434       0.416563         -0.010162
    6.200000      -0.367172       0.662987       0.196821       0.416597         -0.010080
    6.210000      -0.360414       0.675796       0.188289       0.416639         -0.009981
    6.220000      -0.353531       0.688240       0.179850       0.416688         -0.009865
    6.230000      -0.346528       0.700319       0.171519       0.416743         -0.009734
    6.240000      -0.339408       0.712033       0.163309       0.416805         -0.009587
    6.250000      -0.332174       0.723381       0.155232       0.416872         -0.009426
    6.260000      -0.324830       0.734366       0.147299       0.416946         -0.009252
    6.270000      -0.317380       0.744988       0.139521       0.417024         -0.009066
    6.280000      -0.309828       0.755248       0.131907       0.417107         -0.008868
    6.290000      -0.302176       0.765150       0.124468       0.417195         -0.008659
    6.300000      -0.294429       0.774696       0.117210       0.417287         -0.008440
    6.310000      -0.286590       0.783887       0.110143       0.417383         -0.008213
    6.320000      -0.278663       0.792728       0.103274       0.417482         -0.007977
    6.330000      -0.270651       0.801220       0.096608       0.417585         -0.007734
    6.340000      -0.262557       0.809369       0.090151       0.417690         -0.007484
    6.350000      -0.254386       0.817177       0.083908       0.417797         -0.007229
    6.360000      -0.246139       0.824648       0.077884       0.417907         -0.006968
    6.370000      -0.237821       0.831788       0.072083       0.418018         -0.006704
    6.380000      -0.229435       0.838599       0.066507       0.418131         -0.006435
    6.390000      -0.220984       0.845087       0.061159       0.418245         -0.006164
    6.400000      -0.212472       0.851256       0.056042       0.418360         -0.005891
    6.410000      -0.203901       0.857112       0.051156       0.418476         -0.005616
    6.420000      -0.195274       0.862658       0.046502       0.418592         -0.005340
    6.430000      -0.186595       0.867901       0.042082       0.418708         -0.005064
    6.440000      -0.177867       0.872846       0.037895       0.418825         -0.004787
    6.450000      -0.169092       0.877497       0.033940       0.418941         -0.004512
    6.460000      -0.160273       0.881860       0.030217       0.419056         -0.004237
    6.470000      -0.151414       0.885941       0.026725       0.419171         -0.003965
    6.480000      -0.142516       0.889745       0.023462       0.419285         -0.003694
    6.490000      -0.133583       0.893278       0.020425       0.419398         -0.003425
    6.500000      -0.124618       0.896545       0.017613       0.419510         -0.003160
    6.510000      -0.115622       0.899551       0.015024       0.419620         -0.002897
    6.520000      -0.106599       0.902303       0.012654       0.419729         -0.002638
    6.530000      -0.097551       0.904806       0.010500       0.419837         -0.002382
    6.540000      -0.088481       0.907065       0.008559       0.419943         -0.002131
    6.550000      -0.079390       0.909087       0.006827       0.420047         -0.001884
    6.560000      -0.070281       0.910876       0.005301       0.420149         -0.001641
    6.570000      -0.061157       0.912438       0.003977       0.420249         -0.001403
    6.580000      -0.052019       0.913779       0.002851       0.420347         -0.001170
    6.590000      -0.042870       0.914904       0.001919       0.420443         -0.000941
    6.600000      -0.033712       0.915818       0.001176       0.420537         -0.000718
    6.610000      -0.024546       0.916528       0.000618       0.420629         -0.000500
    6.620000      -0.015376       0.917037       0.000240       0.420718         -0.000287
    6.630000      -0.006203       0.917352       0.000039       0.420806         -0.000080
    6.640000       0.002972       0.917477       0.000009       0.420891          0.000122
    6.650000       0.012146       0.917418       0.000146       0.420973          0.000318
    6.660000       0.021318       0.917179       0.000445       0.421054          0.000509
    6.670000       0.030486       0.916766       0.000902       0.421132          0.000695
    6.680000       0.039648       0.916184       0.001511       0.421207          0.000874
    6.690000       0.048802       0.915436       0.002269       0.421281          0.001049
    6.700000       0.057947       0.914529       0.003170       0.421352          0.001217
    6.710000       0.067082       0.913467       0.004210       0.421420          0.001380
    6.720000       0.076205       0.912253       0.005384       0.421487          0.001538
    6.730000       0.085314       0.910893       0.006687       0.421551          0.001690
    6.740000       0.094407       0.909392       0.008116       0.421612          0.001837
    6.750000       0.103485       0.907752       0.009665       0.421672          0.001978
    6.760000       0.112545       0.905979       0.011330       0.421729          0.002115
    6.770000       0.121586       0.904077       0.013107       0.421784          0.002246
    6.780000       0.130606       0.902049       0.014991       0.421837          0.002371
    6.790000       0.139605       0.899901       0.016978       0.421888          0.002492
    6.800000       0.148581       0.897634       0.019063       0.421937          0.002608
    6.810000       0.157534       0.895254       0.021244       0.421984          0.002719
    6.820000       0.166462       0.892764       0.023515       0.422028          0.002825
    6.830000       0.175363       0.890167       0.025872       0.422071          0.002926
    6.840000       0.184238       0.887468       0.028312       0.422112          0.003023
    6.850000       0.193085       0.884669       0.030831       0.422150          0.003115
    6.860000       0.201902       0.881774       0.033425       0.422187          0.003203
    6.870000       0.210690       0.878786       0.036090       0.422223          0.003287
    6.880000       0.219447       0.875708       0.038824       0.422256          0.003366
    6.890000       0.228173       0.872544       0.041621       0.422288          0.003441
    6.900000       0.236866       0.869296       0.044480       0.422317          0.003512
    6.910000       0.245525       0.865967       0.047396       0.422346          0.003580
    6.920000       0.254151       0.862561       0.050367       0.422372          0.003643
    6.930000       0.262742       0.859080       0.053389       0.422398          0.003703
    6.940000       0.271297       0.855526       0.056458       0.422421          0.003759
    6.950000       0.279816       0.851903       0.059574       0.422443          0.003812
    6.960000       0.288298       0.848213       0.062731       0.422464          0.003861
    6.970000       0.296743       0.844459       0.065928       0.422483          0.003907
    6.980000       0.305149       0.840642       0.069162       0.422501          0.003950
    6.990000       0.313517       0.836766       0.072430       0.422518          0.003989
    7.000000       0.321845       0.832832       0.075729       0.422534          0.004026
    7.010000       0.330134       0.828842       0.079058       0.422548          0.004060
    7.020000       0.338382       0.824800       0.082413       0.422561          0.004090
    7.030000       0.346589       0.820707       0.085793       0.422572          0.004118
    7.040000       0.354754       0.816565       0.089194       0.422583          0.004144
    7.050000       0.362878       0.812375       0.092616       0.422593          0.004167
    7.060000       0.370959       0.808141       0.096055       0.422601          0.004187
    7.070000       0.378998       0.803864       0.099511       0.422609          0.004205
    7.080000       0.386994       0.799545       0.102980       0.422616          0.004221
    7.090000       0.394945       0.795186       0.106461       0.422621          0.004235
    7.100000       0.402853       0.790790       0.109952       0.422626          0.004246
    7.110000       0.410717       0.786357       0.113451       0.422630          0.004255
    7.120000       0.418536       0.781890       0.116957       0.422633          0.004263
    7.130000       0.426310       0.777389       0.120469       0.422635          0.004268
    7.140000       0.434038       0.772857       0.123983       0.422637          0.004272
    7.150000       0.441721       0.768294       0.127500       0.422638          0.004273
    7.160000       0.449358       0.763703       0.131017       0.422638          0.004273
    7.170000       0.456949       0.759084       0.134533       0.422637          0.004272
    7.180000       0.464493       0.754439       0.138047       0.422636          0.004269
    7.190000       0.471991       0.749769       0.141557       0.422634          0.004264
    7.200000       0.479442       0.745075       0.145063       0.422631          0.004258
    7.210000       0.486845       0.740359       0.148562       0.422628          0.004250
    7.220000       0.494202       0.735621       0.152055       0.422624          0.004242
    7.230000       0.501510       0.730864       0.155539       0.422620          0.004231
    7.240000       0.508771       0.726087       0.159014       0.422615          0.004220
    7.250000       0.515984       0.721292       0.162479       0.422610          0.004208
    7.260000       0.523149       0.716479       0.165933       0.422604          0.004194
    7.270000       0.530265       0.711651       0.169374       0.422598          0.004179
    7.280000       0.537333       0.706808       0.172803       0.422591          0.004163
    7.290000       0.544353       0.701950       0.176218       0.422584          0.004147
    7.300000       0.551324       0.697078       0.179618       0.422577          0.004129
    7.310000       0.558246       0.692195       0.183003       0.422569          0.004111
    7.320000       0.565119       0.687299       0.186371       0.422561          0.004091
    7.330000       0.571943       0.682392       0.189723       0.422553          0.004071
    7.340000       0.578717       0.677475       0.193057       0.422544          0.004050
    7.350000       0.585443       0.672549       0.196374       0.422535          0.004028
    7.360000       0.592119       0.667613       0.199671       0.422525          0.004006
    7.370000       0.598746       0.662670       0.202950       0.422515          0.003983
    7.380000       0.605323       0.657719       0.206208       0.422505          0.003959
    7.390000       0.611850       0.652761       0.209447       0.422495          0.003935
    7.400000       0.618328       0.647797       0.212664       0.422485          0.003910
    7.410000       0.624757       0.642827       0.215861       0.422474          0.003885
    7.420000       0.631135       0.637852       0.219036       0.422463          0.003859
    7.430000       0.637464       0.632872       0.222188       0.422452          0.003832
    7.440000       0.643743       0.627889       0.225319       0.422441          0.003806
    7.450000       0.649972       0.622902       0.228426       0.422429          0.003778
    7.460000       0.656151       0.617911       0.231511       0.422418          0.003751
    7.470000       0.662280       0.612919       0.234571       0.422406          0.003723
    7.480000       0.668359       0.607923       0.237609       0.422394          0.003695
    7.490000       0.674389       0.602927       0.240622       0.422382          0.003666
    7.500000       0.680368       0.597928       0.243611       0.422370          0.003637
    7.510000       0.686297       0.592929       0.246575       0.422358          0.003608
    7.520000       0.692176       0.587929       0.249515       0.422345          0.003578
    7.530000       0.698006       0.582929       0.252429       0.422333          0.003549
    7.540000       0.703785       0.577930       0.255319       0.422320          0.003519
    7.550000       0.709514       0.572930       0.258183       0.422307          0.003488
    7.560000       0.715194       0.567931       0.261021       0.422295          0.003458
    7.570000       0.720823       0.562934       0.263834       0.422282          0.003427
    7.580000       0.726402       0.557938       0.266622       0.422269          0.003397
    7.590000       0.731932       0.552943       0.269383       0.422256          0.003366
    7.600000       0.737411       0.547950       0.272118       0.422243          0.003335
    7.610000       0.742841       0.542959       0.274827       0.422230          0.003304
    7.620000       0.748221       0.537971       0.277510       0.422217          0.003273
    7.630000       0.753550       0.532986       0.280167       0.422203          0.003241
    7.640000       0.758831       0.528003       0.282797       0.422190          0.003210
    7.650000       0.764061       0.523023       0.285400       0.422177          0.003179
    7.660000       0.769241       0.518046       0.287978       0.422164          0.003147
    7.670000       0.774372       0.513073       0.290528       0.422150          0.003115
    7.680000       0.779453       0.508104       0.293052       0.422137          0.003084
    7.690000       0.784484       0.503138       0.295550       0.422124          0.003052
    7.700000       0.789466       0.498176       0.298021       0.422110          0.003021
    7.710000       0.794398       0.493218       0.300465       0.422097          0.002989
    7.720000       0.799281       0.488264       0.302883       0.422084          0.002957
    7.730000       0.804114       0.483315       0.305274       0.422071          0.002926
    7.740000       0.808898       0.478370       0.307638       0.422057          0.002894
    7.750000       0.813632       0.473430       0.309976       0.422044          0.002862
    7.760000       0.818317       0.468495       0.312287       0.422031          0.002831
    7.770000       0.822953       0.463564       0.314572       0.422017          0.002799
    7.780000       0.827539       0.458638       0.316830       0.422004          0.002768
    7.790000       0.832076       0.453717       0.319061       0.421991          0.002736
    7.800000       0.836564       0.448801       0.321266       0.421978          0.002705
    7.810000       0.841003       0.443890       0.323445       0.421964          0.002673
    7.820000       0.845393       0.438985       0.325597       0.421951          0.002642
    7.830000       0.849734       0.434084       0.327723       0.421938          0.002611
    7.840000       0.854026       0.429189       0.329823       0.421925          0.002580
    7.850000       0.858269       0.424300       0.331897       0.421912          0.002549
    7.860000       0.862463       0.419416       0.333944       0.421899          0.002517
    7.870000       0.866608       0.414537       0.335965       0.421886          0.002486
    7.880000       0.870705       0.409664       0.337960       0.421873          0.002456
    7.890000       0.874753       0.404796       0.339930       0.421860          0.002425
    7.900000       0.878752       0.399934       0.341873       0.421847          0.002394
    7.910000       0.882703       0.395078       0.343791       0.421834          0.002363
    7.920000       0.886605       0.390227       0.345683       0.421821          0.002333
    7.930000       0.890459       0.385381       0.347549       0.421808          0.002302
    7.940000       0.894264       0.380542       0.349389       0.421795          0.002272
    7.950000       0.898022       0.375708       0.351205       0.421783          0.002242
    7.960000       0.901730       0.370879       0.352994       0.421770          0.002212
    7.970000       0.905391       0.366056       0.354759       0.421757          0.002181
    7.980000       0.909003       0.361239       0.356498       0.421745          0.002151
    7.990000       0.912568       0.356428       0.358212       0.421732          0.002122
    8.000000       0.916084       0.351622       0.359901       0.421720          0.002092
    8.010000       0.919552       0.346821       0.361565       0.421707          0.002062
    8.020000       0.922972       0.342027       0.363204       0.421695          0.002033
    8.030000       0.926345       0.337238       0.364818       0.421682          0.002003
    8.040000       0.929669       0.332454       0.366407       0.421670          0.001974
    8.050000       0.932946       0.327676       0.367972       0.421658          0.001945
    8.060000       0.936175       0.322903       0.369512       0.421645          0.001915
    8.070000       0.939356       0.318136       0.371028       0.421633          0.001886
    8.080000       0.942490       0.313374       0.372519       0.421621          0.001857
    8.090000       0.945576       0.308617       0.373986       0.421609          0.001829
    8.100000       0.948615       0.303866       0.375429       0.421597          0.001800
    8.110000       0.951606       0.299120       0.376848       0.421585          0.001771
    8.120000       0.954550       0.294380       0.378243       0.421573          0.001743
    8.130000       0.957446       0.289644       0.379614       0.421561          0.001714
    8.140000       0.960295       0.284914       0.380961       0.421549          0.001686
    8.150000       0.963097       0.280189       0.382284       0.421537          0.001658
    8.160000       0.965852       0.275469       0.383584       0.421525          0.001630
    8.170000       0.968560       0.270754       0.384860       0.421513          0.001602
    8.180000       0.971220       0.266043       0.386112       0.421502          0.001574
    8.190000       0.973833       0.261338       0.387341       0.421490          0.001546
    8.200000       0.976400       0.256637       0.388547       0.421478          0.001518
    8.210000       0.978919       0.251942       0.389729       0.421467          0.001491
    8.220000       0.981392       0.247251       0.390889       0.421455          0.001463
    8.230000       0.983817       0.242564       0.392025       0.421444          0.001436
    8.240000       0.986196       0.237882       0.393138       0.421432          0.001408
    8.250000       0.988528       0.233205       0.394228       0.421421          0.001381
    8.260000       0.990814       0.228532       0.395296       0.421409          0.001354
    8.270000       0.993052       0.223863       0.396340       0.421398          0.001327
    8.280000       0.995244       0.219199       0.397362       0.421386          0.001300
    8.290000       0.997390       0.214539       0.398362       0.421375          0.001273
    8.300000       0.999488       0.209883       0.399338       0.421364          0.001247
    8.310000       1.001541       0.205231       0.400293       0.421353          0.001220
    8.320000       1.003547       0.200583       0.401225       0.421341          0.001193
    8.330000       1.005506       0.195939       0.402134       0.421330          0.001167
    8.340000       1.007419       0.191299       0.403021       0.421319          0.001140
    8.350000       1.009286       0.186663       0.403887       0.421308          0.001114
    8.360000       1.011106       0.182030       0.404730       0.421297          0.001088
    8.370000       1.012880       0.177401       0.405550       0.421286          0.001061
    8.380000       1.014608       0.172775       0.406349       0.421275          0.001035
    8.390000       1.016289       0.168153       0.407126       0.421264          0.001009
    8.400000       1.017924       0.163535       0.407881       0.421253          0.000983
    8.410000       1.019514       0.158919       0.408615       0.421242          0.000957
    8.420000       1.021057       0.154307       0.409326       0.421231          0.000932
    8.430000       1.022554       0.149698       0.410016       0.421220          0.000906
    8.440000       1.024005       0.145091       0.410684       0.421210          0.000880
    8.450000       1.025410       0.140488       0.411330       0.421199          0.000854
    8.460000       1.026768       0.135888       0.411955       0.421188          0.000829
    8.470000       1.028081       0.131290       0.412559       0.421177          0.000803
    8.480000       1.029348       0.126695       0.413141       0.421167          0.000778
    8.490000       1.030569       0.122103       0.413701       0.421156          0.000752
    8.500000       1.031744       0.117513       0.414241       0.421145          0.000727
    8.510000       1.032874       0.112925       0.414759       0.421135          0.000702
    8.520000       1.033957       0.108340       0.415255       0.421124          0.000676
    8.530000       1.034995       0.103757       0.415731       0.421113          0.000651
    8.540000       1.035986       0.099176       0.416185       0.421103          0.000626
    8.550000       1.036932       0.094598       0.416618       0.421092          0.000601
    8.560000       1.037833       0.090021       0.417030       0.421082          0.000576
    8.570000       1.038687       0.085446       0.417421       0.421071          0.000551
    8.580000       1.039496       0.080873       0.417790       0.421061          0.000526
    8.590000       1.040259       0.076301       0.418139       0.421050          0.000501
    8.600000       1.040976       0.071731       0.418467       0.421040          0.000476
    8.610000       1.041648       0.067163       0.418774       0.421029          0.000451
    8.620000       1.042274       0.062596       0.419059       0.421019          0.000426
    8.630000       1.042854       0.058030       0.419324       0.421008          0.000401
    8.640000       1.043389       0.053465       0.419568       0.420998          0.000376
    8.650000       1.043878       0.048902       0.419792       0.420987          0.000352
    8.660000       1.044321       0.044339       0.419994       0.420977          0.000327
    8.670000       1.044719       0.039778       0.420175       0.420966          0.000302
    8.680000       1.045071       0.035217       0.420336       0.420956          0.000277
    8.690000       1.045378       0.030657       0.420476       0.420946          0.000253
    8.700000       1.045639       0.026098       0.420595       0.420935          0.000228
    8.710000       1.045854       0.021539       0.420693       0.420925          0.000203
    8.720000       1.046024       0.016981       0.420770       0.420914          0.000178
    8.730000       1.046148       0.012423       0.420827       0.420904          0.000154
    8.740000       1.046227       0.007865       0.420863       0.420894          0.000129
    8.750000       1.046260       0.003308       0.420878       0.420883          0.000104
    8.760000       1.046247      -0.001250       0.420872       0.420873          0.000080
    8.770000       1.046189      -0.005807       0.420846       0.420862          0.000055
    8.780000       1.046085      -0.010365       0.420798       0.420852          0.000030
    8.790000       1.045936      -0.014923       0.420730       0.420842          0.000006
    8.800000       1.045741      -0.019481       0.420642       0.420831         -0.000019
    8.810000       1.045501      -0.024039       0.420532       0.420821         -0.000044
    8.820000       1.045215      -0.028598       0.420402       0.420810         -0.000068
    8.830000       1.044883      -0.033158       0.420250       0.420800         -0.000093
    8.840000       1.044506      -0.037718       0.420078       0.420790         -0.000118
    8.850000       1.044083      -0.042280       0.419885       0.420779         -0.000143
    8.860000       1.043615      -0.046842       0.419672       0.420769         -0.000167
    8.870000       1.043101      -0.051405       0.419437       0.420758         -0.000192
    8.880000       1.042541      -0.055969       0.419182       0.420748         -0.000217
    8.890000       1.041936      -0.060534       0.418905       0.420737         -0.000242
    8.900000       1.041285      -0.065100       0.418608       0.420727         -0.000267
    8.910000       1.040588      -0.069668       0.418290       0.420717         -0.000292
    8.920000       1.039846      -0.074237       0.417950       0.420706         -0.000317
    8.930000       1.039058      -0.078808       0.417590       0.420696         -0.000342
    8.940000       1.038224      -0.083381       0.417209       0.420685         -0.000367
    8.950000       1.037345      -0.087955       0.416806       0.420674         -0.000392
    8.960000       1.036419      -0.092531       0.416383       0.420664         -0.000417
    8.970000       1.035448      -0.097109       0.415938       0.420653         -0.000442
    8.980000       1.034431      -0.101689       0.415472       0.420643         -0.000467
    8.990000       1.033369      -0.106271       0.414985       0.420632         -0.000492
    9.000000       1.032260      -0.110855       0.414477       0.420621         -0.000518
    9.010000       1.031106      -0.115441       0.413947       0.420611         -0.000543
    9.020000       1.029905      -0.120030       0.413397       0.420600         -0.000568
    9.030000       1.028659      -0.124621       0.412824       0.420589         -0.000594
    9.040000       1.027367      -0.129215       0.412230       0.420579         -0.000619
    9.050000       1.026029      -0.133811       0.411615       0.420568         -0.000645
    9.060000       1.024645      -0.138411       0.410978       0.420557         -0.000670
    9.070000       1.023215      -0.143013       0.410320       0.420546         -0.000696
    9.080000       1.021738      -0.147617       0.409640       0.420536         -0.000722
    9.090000       1.020216      -0.152225       0.408938       0.420525         -0.000747
    9.100000       1.018648      -0.156836       0.408215       0.420514         -0.000773
    9.110000       1.017033      -0.161450       0.407470       0.420503         -0.000799
    9.120000       1.015373      -0.166067       0.406703       0.420492         -0.000825
    9.130000       1.013666      -0.170688       0.405914       0.420481         -0.000851
    9.140000       1.011913      -0.175312       0.405103       0.420470         -0.000877
    9.150000       1.010113      -0.179939       0.404270       0.420459         -0.000904
    9.160000       1.008267      -0.184571       0.403415       0.420448         -0.000930
    9.170000       1.006375      -0.189205       0.402538       0.420437         -0.000956
    9.180000       1.004437      -0.193844       0.401638       0.420426         -0.000983
    9.190000       1.002452      -0.198486       0.400716       0.420415         -0.001009
    9.200000       1.000421      -0.203132       0.399772       0.420403         -0.001036
    9.210000       0.998343      -0.207782       0.398805       0.420392         -0.001062
    9.220000       0.996219      -0.212436       0.397816       0.420381         -0.001089
    9.230000       0.994048      -0.217094       0.396805       0.420370         -0.001116
    9.240000       0.991830      -0.221757       0.395770       0.420358         -0.001143
    9.250000       0.989566      -0.226423       0.394713       0.420347         -0.001170
    9.260000       0.987255      -0.231094       0.393633       0.420335         -0.001197
    9.270000       0.984897      -0.235770       0.392530       0.420324         -0.001224
    9.280000       0.982493      -0.240450       0.391405       0.420313         -0.001252
    9.290000       0.980041      -0.245134       0.390256       0.420301         -0.001279
    9.300000       0.977543      -0.249823       0.389084       0.420289         -0.001307
    9.310000       0.974998      -0.254517       0.387888       0.420278         -0.001334
    9.320000       0.972406      -0.259215       0.386670       0.420266         -0.001362
    9.330000       0.969767      -0.263918       0.385428       0.420254         -0.001390
    9.340000       0.967080      -0.268626       0.384163       0.420243         -0.001418
    9.350000       0.964347      -0.273339       0.382874       0.420231         -0.001446
    9.360000       0.961566      -0.278057       0.381561       0.420219         -0.001474
    9.370000       0.958739      -0.282780       0.380225       0.420207         -0.001502
    9.380000       0.955864      -0.287508       0.378865       0.420195         -0.001530
    9.390000       0.952941      -0.292241       0.377481       0.420183         -0.001559
    9.400000       0.949971      -0.296979       0.376073       0.420171         -0.001587
    9.410000       0.946954      -0.301723       0.374641       0.420159         -0.001616
    9.420000       0.943889      -0.306471       0.373185       0.420147         -0.001645
    9.430000       0.940777      -0.311225       0.371704       0.420135         -0.001673
    9.440000       0.937617      -0.315985       0.370200       0.420123         -0.001702
    9.450000       0.934410      -0.320750       0.368670       0.420111         -0.001731
    9.460000       0.931155      -0.325520       0.367117       0.420098         -0.001761
    9.470000       0.927852      -0.330296       0.365538       0.420086         -0.001790
    9.480000       0.924501      -0.335077       0.363935       0.420074         -0.001819
    9.490000       0.921102      -0.339864       0.362308       0.420061         -0.001849
    9.500000       0.917656      -0.344656       0.360655       0.420049         -0.001878
    9.510000       0.914161      -0.349454       0.358977       0.420036         -0.001908
    9.520000       0.910619      -0.354257       0.357275       0.420024         -0.001938
    9.530000       0.907028      -0.359066       0.355547       0.420011         -0.001968
    9.540000       0.903389      -0.363881       0.353794       0.419999         -0.001997
    9.550000       0.899702      -0.368701       0.352016       0.419986         -0.002028
    9.560000       0.895967      -0.373527       0.350212       0.419973         -0.002058
    9.570000       0.892183      -0.378358       0.348383       0.419961         -0.002088
    9.580000       0.888351      -0.383195       0.346528       0.419948         -0.002118
    9.590000       0.884471      -0.388038       0.344648       0.419935         -0.002149
    9.600000       0.880542      -0.392887       0.342742       0.419922         -0.002179
    9.610000       0.876565      -0.397741       0.340810       0.419909         -0.002210
    9.620000       0.872539      -0.402600       0.338853       0.419896         -0.002241
    9.630000       0.868464      -0.407465       0.336869       0.419883         -0.002272
    9.640000       0.864341      -0.412336       0.334860       0.419870         -0.002302
    9.650000       0.860169      -0.417212       0.332824       0.419857         -0.002333
    9.660000       0.855948      -0.422094       0.330763       0.419844         -0.002365
    9.670000       0.851678      -0.426981       0.328675       0.419831         -0.002396
    9.680000       0.847359      -0.431874       0.326561       0.419818         -0.002427
    9.690000       0.842991      -0.436771       0.324420       0.419805         -0.002458
    9.700000       0.838575      -0.441675       0.322253       0.419792         -0.002489
    9.710000       0.834109      -0.446583       0.320060       0.419778         -0.002521
    9.720000       0.829594      -0.451497       0.317841       0.419765         -0.002552
    9.730000       0.825030      -0.456415       0.315595       0.419752         -0.002584
    9.740000       0.820416      -0.461339       0.313322       0.419739         -0.002615
    9.750000       0.815754      -0.466268       0.311023       0.419725         -0.002647
    9.760000       0.811042      -0.471201       0.308697       0.419712         -0.002678
    9.770000       0.806280      -0.476139       0.306345       0.419699         -0.002710
    9.780000       0.801469      -0.481082       0.303966       0.419686         -0.002742
    9.790000       0.796609      -0.486029       0.301560       0.419672         -0.002773
    9.800000       0.791699      -0.490981       0.299128       0.419659         -0.002805
    9.810000       0.786740      -0.495937       0.296669       0.419646         -0.002836
    9.820000       0.781731      -0.500897       0.294183       0.419632         -0.002868
    9.830000       0.776672      -0.505861       0.291671       0.419619         -0.002900
    9.840000       0.771564      -0.510829       0.289133       0.419606         -0.002931
    9.850000       0.766406      -0.515800       0.286567       0.419592         -0.002963
    9.860000       0.761198      -0.520775       0.283976       0.419579         -0.002994
    9.870000       0.755941      -0.525754       0.281357       0.419566         -0.003026
    9.880000       0.750633      -0.530735       0.278713       0.419553         -0.003057
    9.890000       0.745276      -0.535720       0.276042       0.419540         -0.003088
    9.900000       0.739869      -0.540707       0.273345       0.419527         -0.003119
    9.910000       0.734412      -0.545696       0.270621       0.419513         -0.003150
    9.920000       0.728905      -0.550688       0.267872       0.419500         -0.003181
    9.930000       0.723348      -0.555682       0.265096       0.419487         -0.003212
    9.940000       0.717742      -0.560678       0.262295       0.419475         -0.003243
    9.950000       0.712085      -0.565675       0.259468       0.419462         -0.003273
    9.960000       0.706378      -0.570673       0.256615       0.419449         -0.003304
    9.970000       0.700622      -0.575672       0.253737       0.419436         -0.003334
    9.980000       0.694815      -0.580672       0.250834       0.419424         -0.003364
    9.990000       0.688958      -0.585672       0.247905       0.419411         -0.003393
   10.000000       0.683051      -0.590672       0.244952       0.419399         -0.003423
   10.010000       0.677095      -0.595671       0.241974       0.419387         -0.003452
   10.020000       0.671088      -0.600670       0.238972       0.419374         -0.003481
   10.030000       0.665031      -0.605667       0.235946       0.419362         -0.003510
   10.040000       0.658925      -0.610663       0.232896       0.419350         -0.003538
   10.050000       0.652768      -0.615657       0.229822       0.419339         -0.003566
   10.060000       0.646562      -0.620649       0.226725       0.419327         -0.003593
   10.070000       0.640305      -0.625637       0.223605       0.419316         -0.003620
   10.080000       0.633999      -0.630623       0.220462       0.419304         -0.003647
   10.090000       0.627643      -0.635604       0.217297       0.419293         -0.003673
   10.100000       0.621237      -0.640581       0.214110       0.419283         -0.003699
   10.110000       0.614782      -0.645553       0.210902       0.419272         -0.003724
   10.120000       0.608276      -0.650520       0.207673       0.419261         -0.003749
   10.130000       0.601722      -0.655481       0.204424       0.419251         -0.003773
   10.140000       0.595117      -0.660435       0.201154       0.419241         -0.003797
   10.150000       0.588463      -0.665382       0.197865       0.419232         -0.003820
   10.160000       0.581760      -0.670321       0.194557       0.419222         -0.003842
   10.170000       0.575008      -0.675252       0.191231       0.419213         -0.003864
   10.180000       0.568206      -0.680173       0.187887       0.419205         -0.003885
   10.190000       0.561355      -0.685085       0.184526       0.419196         -0.003905
   10.200000       0.554455      -0.689985       0.181148       0.419188         -0.003924
   10.210000       0.547506      -0.694875       0.177755       0.419180         -0.003942
   10.220000       0.540509      -0.699752       0.174347       0.419173         -0.003960
   10.230000       0.533463      -0.704616       0.170924       0.419166         -0.003976
   10.240000       0.526368      -0.709466       0.167488       0.419159         -0.003992
   10.250000       0.519225      -0.714301       0.164040       0.419153         -0.004006
   10.260000       0.512034      -0.719121       0.160580       0.419148         -0.004020
   10.270000       0.504795      -0.723924       0.157110       0.419142         -0.004032
   10.280000       0.497508      -0.728709       0.153629       0.419138         -0.004043
   10.290000       0.490173      -0.733475       0.150140       0.419133         -0.004053
   10.300000       0.482791      -0.738222       0.146644       0.419130         -0.004062
   10.310000       0.475361      -0.742948       0.143141       0.419127         -0.004069
   10.320000       0.467885      -0.747652       0.139632       0.419124         -0.004075
   10.330000       0.460361      -0.752333       0.136120       0.419122         -0.004080
   10.340000       0.452791      -0.756989       0.132605       0.419121         -0.004083
   10.350000       0.445175      -0.761620       0.129088       0.419121         -0.004084
   10.360000       0.437513      -0.766224       0.125571       0.419121         -0.004083
   10.370000       0.429805      -0.770800       0.122055       0.419122         -0.004081
   10.380000       0.422051      -0.775346       0.118542       0.419123         -0.004078
   10.390000       0.414253      -0.779861       0.115034       0.419126         -0.004072
   10.400000       0.406409      -0.784344       0.111531       0.419129         -0.004064
   10.410000       0.398522      -0.788793       0.108036       0.419133         -0.004055
   10.420000       0.390589      -0.793206       0.104550       0.419138         -0.004043
   10.430000       0.382614      -0.797582       0.101075       0.419144         -0.004029
   10.440000       0.374594      -0.801919       0.097614       0.419150         -0.004013
   10.450000       0.366532      -0.806215       0.094167       0.419158         -0.003995
   10.460000       0.358428      -0.810469       0.090737       0.419167         -0.003974
   10.470000       0.350281      -0.814679       0.087326       0.419177         -0.003951
   10.480000       0.342092      -0.818842       0.083936       0.419188         -0.003925
   10.490000       0.333863      -0.822958       0.080570       0.419200         -0.003896
   10.500000       0.325593      -0.827024       0.077229       0.419213         -0.003865
   10.510000       0.317282      -0.831037       0.073916       0.419227         -0.003831
   10.520000       0.308932      -0.834996       0.070633       0.419243         -0.003794
   10.530000       0.300543      -0.838899       0.067384       0.419260         -0.003754
   10.540000       0.292116      -0.842743       0.064170       0.419278         -0.003710
   10.550000       0.283651      -0.846526       0.060994       0.419297         -0.003664
   10.560000       0.275148      -0.850245       0.057860       0.419318         -0.003614
   10.570000       0.266609      -0.853899       0.054769       0.419341         -0.003561
   10.580000       0.258034      -0.857484       0.051725       0.419365         -0.003504
   10.590000       0.249424      -0.860998       0.048731       0.419390         -0.003444
   10.600000       0.240780      -0.864439       0.045790       0.419417         -0.003380
   10.610000       0.232102      -0.867803       0.042905       0.419445         -0.003312
   10.620000       0.223391      -0.871087       0.040079       0.419476         -0.003240
   10.630000       0.214648      -0.874290       0.037316       0.419508         -0.003164
   10.640000       0.205874      -0.877407       0.034620       0.419541         -0.003084
   10.650000       0.197070      -0.880436       0.031993       0.419577         -0.003000
   10.660000       0.188236      -0.883373       0.029440       0.419614         -0.002911
   10.670000       0.179374      -0.886216       0.026964       0.419653         -0.002818
   10.680000       0.170484      -0.888961       0.024569       0.419694         -0.002721
   10.690000       0.161568      -0.891604       0.022258       0.419737         -0.002619
   10.700000       0.152627      -0.894143       0.020036       0.419782         -0.002512
   10.710000       0.143661      -0.896573       0.017907       0.419829         -0.002400
   10.720000       0.134672      -0.898891       0.015875       0.419878         -0.002283
   10.730000       0.125661      -0.901094       0.013944       0.419930         -0.002162
   10.740000       0.116629      -0.903177       0.012119       0.419983         -0.002035
   10.750000       0.107578      -0.905136       0.010403       0.420038         -0.001903
   10.760000       0.098508      -0.906968       0.008801       0.420096         -0.001766
   10.770000       0.089422      -0.908668       0.007317       0.420156         -0.001624
   10.780000       0.080319      -0.910233       0.005957       0.420218         -0.001476
   10.790000       0.071203      -0.911657       0.004723       0.420283         -0.001323
   10.800000       0.062073      -0.912937       0.003622       0.420349         -0.001164
   10.810000       0.052933      -0.914068       0.002658       0.420419         -0.001000
   10.820000       0.043782      -0.915046       0.001835       0.420490         -0.000830
   10.830000       0.034624      -0.915866       0.001158       0.420564         -0.000655
   10.840000       0.025458      -0.916524       0.000632       0.420640         -0.000474
   10.850000       0.016288      -0.917014       0.000261       0.420718         -0.000287
   10.860000       0.007115      -0.917332       0.000050       0.420799         -0.000095
   10.870000      -0.002060      -0.917473       0.000004       0.420882          0.000102
   10.880000      -0.011234      -0.917431       0.000128       0.420968          0.000305
   10.890000      -0.020406      -0.917203       0.000425       0.421056          0.000514
   10.900000      -0.029574      -0.916782       0.000901       0.421146          0.000728
   10.910000      -0.038736      -0.916164       0.001560       0.421238          0.000947
   10.920000      -0.047889      -0.915343       0.002406       0.421332          0.001172
   10.930000      -0.057032      -0.914313       0.003445       0.421429          0.001401
   10.940000      -0.066163      -0.913071       0.004679       0.421528          0.001636
   10.950000      -0.075279      -0.911609       0.006113       0.421628          0.001875
   10.960000      -0.084378      -0.909923       0.007751       0.421731          0.002119
   10.970000      -0.093458      -0.908007       0.009597       0.421836          0.002368
   10.980000      -0.102517      -0.905856       0.011654       0.421942          0.002620
   10.990000      -0.111551      -0.903464       0.013927       0.422050          0.002877
   11.000000      -0.120560      -0.900825       0.016417       0.422160          0.003138
   11.010000      -0.129539      -0.897934       0.019128       0.422271          0.003401
   11.020000      -0.138487      -0.894786       0.022063       0.422383          0.003668
   11.030000      -0.147401      -0.891374       0.025223       0.422497          0.003938
   11.040000      -0.156278      -0.887693       0.028612       0.422611          0.004210
   11.050000      -0.165115      -0.883738       0.032231       0.422727          0.004485
   11.060000      -0.173910      -0.879502       0.036080       0.422843          0.004760
   11.070000      -0.182660      -0.874982       0.040163       0.422959          0.005037
   11.080000      -0.191362      -0.870170       0.044478       0.423076          0.005315
   11.090000      -0.200012      -0.865063       0.049026       0.423193          0.005592
   11.100000      -0.208609      -0.859654       0.053807       0.423309          0.005869
   11.110000      -0.217148      -0.853939       0.058820       0.423425          0.006145
   11.120000      -0.225627      -0.847912       0.064064       0.423541          0.006420
   11.130000      -0.234043      -0.841568       0.069537       0.423656          0.006692
   11.140000      -0.242392      -0.834903       0.075237       0.423769          0.006961
   11.150000      -0.250671      -0.827913       0.081161       0.423881          0.007227
   11.160000      -0.258877      -0.820592       0.087305       0.423991          0.007488
   11.170000      -0.267006      -0.812936       0.093666       0.424099          0.007745
   11.180000      -0.275056      -0.804942       0.100238       0.424204          0.007995
   11.190000      -0.283022      -0.796605       0.107017       0.424307          0.008239
   11.200000      -0.290901      -0.787922       0.113995       0.424406          0.008476
   11.210000      -0.298690      -0.778890       0.121168       0.424502          0.008704
   11.220000      -0.306385      -0.769504       0.128526       0.424595          0.008923
   11.230000      -0.313983      -0.759764       0.136062       0.424683          0.009133
   11.240000      -0.321479      -0.749665       0.143767       0.424766          0.009331
   11.250000      -0.328871      -0.739207       0.151632       0.424845          0.009518
   11.260000      -0.336155      -0.728386       0.159645       0.424918          0.009692
   11.270000      -0.343327      -0.717202       0.167797       0.424986          0.009853
   11.280000      -0.350384      -0.705653       0.176074       0.425048          0.010000
   11.290000      -0.357321      -0.693740       0.184466       0.425103          0.010132
   11.300000      -0.364136      -0.681460       0.192958       0.425152          0.010248
   11.310000      -0.370824      -0.668816       0.201536       0.425194          0.010347
   11.320000      -0.377382      -0.655807       0.210187       0.425228          0.010428
   11.330000      -0.383806      -0.642434       0.218894       0.425255          0.010491
   11.340000      -0.390093      -0.628699       0.227642       0.425273          0.010536
   11.350000      -0.396239      -0.614603       0.236415       0.425283          0.010560
   11.360000      -0.402241      -0.600151       0.245195       0.425285          0.010564
   11.370000      -0.408094      -0.585343       0.253965       0.425278          0.010547
   11.380000      -0.413796      -0.570185       0.262706       0.425262          0.010508
   11.390000      -0.419343      -0.554680       0.271401       0.425236          0.010448
   11.400000      -0.424731      -0.538833       0.280031       0.425201          0.010365
   11.410000      -0.429958      -0.522648       0.288576       0.425156          0.010259
   11.420000      -0.435019      -0.506133       0.297017       0.425102          0.010129
   11.430000      -0.439912      -0.489293       0.305334       0.425038          0.009977
   11.440000      -0.444633      -0.472135       0.313508       0.424964          0.009801
   11.450000      -0.449180      -0.454666       0.321519       0.424880          0.009601
   11.460000      -0.453549      -0.436895       0.329347       0.424786          0.009378
   11.470000      -0.457737      -0.418831       0.336973       0.424682          0.009132
   11.480000      -0.461742      -0.400481       0.344376       0.424569          0.008863
   11.490000      -0.465561      -0.381857       0.351539       0.424446          0.008570
   11.500000      -0.469190      -0.362968       0.358441       0.424314          0.008256
   11.510000      -0.472629      -0.343825       0.365064       0.424172          0.007919
   11.520000      -0.475873      -0.324440       0.371391       0.424022          0.007562
   11.530000      -0.478921      -0.304824       0.377404       0.423862          0.007184
   11.540000      -0.481771      -0.284989       0.383086       0.423695          0.006786
   11.550000      -0.484421      -0.264949       0.388421       0.423520          0.006369
   11.560000      -0.486868      -0.244715       0.393394       0.423337          0.005935
   11.570000      -0.489111      -0.224303       0.397991       0.423147          0.005484
   11.580000      -0.491148      -0.203726       0.402199       0.422951          0.005017
   11.590000      -0.492978      -0.182998       0.406004       0.422748          0.004536
   11.600000      -0.494599      -0.162135       0.409397       0.422540          0.004042
   11.610000      -0.496011      -0.141150       0.412366       0.422328          0.003537
   11.620000      -0.497211      -0.120059       0.414904       0.422111          0.003021
   11.630000      -0.498200      -0.098879       0.417002       0.421890          0.002497
   11.640000      -0.498976      -0.077624       0.418654       0.421667          0.001966
   11.650000      -0.499540      -0.056310       0.419855       0.421441          0.001429
   11.660000      -0.499889      -0.034953       0.420602       0.421213          0.000888
   11.670000      -0.500025      -0.013571       0.420892       0.420984          0.000345
   11.680000      -0.499947       0.007822       0.420725       0.420756         -0.000199
   11.690000      -0.499654       0.029210       0.420101       0.420527         -0.000741
   11.700000      -0.499149       0.050575       0.419021       0.420300         -0.001281
   11.710000      -0.498430       0.071901       0.417490       0.420075         -0.001817
   11.720000      -0.497498       0.093174       0.415511       0.419852         -0.002347
   11.730000      -0.496354       0.114376       0.413091       0.419632         -0.002869
   11.740000      -0.494999       0.135492       0.410237       0.419416         -0.003383
   11.750000      -0.493434       0.156507       0.406957       0.419204         -0.003886
   11.760000      -0.491660       0.177405       0.403261       0.418997         -0.004377
   11.770000      -0.489678       0.198171       0.399160       0.418796         -0.004855
   11.780000      -0.487491       0.218790       0.394667       0.418601         -0.005318
   11.790000      -0.485098       0.239248       0.389793       0.418413         -0.005765
   11.800000      -0.482503       0.259530       0.384554       0.418232         -0.006196
   11.810000      -0.479707       0.279624       0.378964       0.418058         -0.006608
   11.820000      -0.476711       0.299515       0.373038       0.417893         -0.007001
   11.830000      -0.473520       0.319191       0.366794       0.417736         -0.007375
   11.840000      -0.470133       0.338640       0.360249       0.417587         -0.007728
   11.850000      -0.466555       0.357849       0.353420       0.417448         -0.008059
   11.860000      -0.462787       0.376807       0.346325       0.417317         -0.008369
   11.870000      -0.458832       0.395503       0.338985       0.417196         -0.008656
   11.880000      -0.454692       0.413928       0.331417       0.417085         -0.008921
   11.890000      -0.450372       0.432070       0.323642       0.416984         -0.009162
   11.900000      -0.445872       0.449920       0.315678       0.416892         -0.009380
   11.910000      -0.441198       0.467471       0.307546       0.416810         -0.009574
   11.920000      -0.436351       0.484713       0.299265       0.416738         -0.009745
   11.930000      -0.431334       0.501640       0.290855       0.416676         -0.009892
   11.940000      -0.426152       0.518243       0.282336       0.416624         -0.010017
   11.950000      -0.420807       0.534517       0.273727       0.416581         -0.010118
   11.960000      -0.415302       0.550455       0.265048       0.416548         -0.010196
   11.970000      -0.409641       0.566053       0.256317       0.416525         -0.010252
   11.980000      -0.403828       0.581304       0.247553       0.416510         -0.010286
   11.990000      -0.397866       0.596206       0.238774       0.416505         -0.010299
   12.000000      -0.391759       0.610755       0.229998       0.416508         -0.010291
   12.010000      -0.385509       0.624946       0.221241       0.416520         -0.010263
   12.020000      -0.379122       0.638778       0.212522       0.416540         -0.010215
   12.030000      -0.372599       0.652249       0.203854       0.416569         -0.010148
   12.040000      -0.365945       0.665356       0.195255       0.416604         -0.010063
   12.050000      -0.359164       0.678099       0.186738       0.416647         -0.009961
   12.060000      -0.352260       0.690476       0.178319       0.416697         -0.009842
   12.070000      -0.345235       0.702488       0.170009       0.416754         -0.009708
   12.080000      -0.338094       0.714135       0.161822       0.416817         -0.009559
   12.090000      -0.330839       0.725416       0.153771       0.416885         -0.009396
   12.100000      -0.323476       0.736335       0.145865       0.416960         -0.009219
   12.110000      -0.316007       0.746890       0.138116       0.417039         -0.009030
   12.120000      -0.308436       0.757086       0.130534       0.417123         -0.008830
   12.130000      -0.300767       0.766922       0.123127       0.417212         -0.008620
   12.140000      -0.293003       0.776403       0.115904       0.417304         -0.008399
   12.150000      -0.285148       0.785530       0.108873       0.417401         -0.008170
   12.160000      -0.277205       0.794306       0.102040       0.417501         -0.007933
   12.170000      -0.269177       0.802736       0.095411       0.417604         -0.007689
   12.180000      -0.261069       0.810822       0.088993       0.417709         -0.007438
   12.190000      -0.252883       0.818568       0.082790       0.417817         -0.007182
   12.200000      -0.244624       0.825978       0.076807       0.417927         -0.006920
   12.210000      -0.236293       0.833057       0.071046       0.418039         -0.006655
   12.220000      -0.227895       0.839809       0.065512       0.418152         -0.006386
   12.230000      -0.219433       0.846238       0.060206       0.418266         -0.006114
   12.240000      -0.210909       0.852350       0.055131       0.418381         -0.005841
   12.250000      -0.202328       0.858149       0.050288       0.418497         -0.005566
   12.260000      -0.193691       0.863639       0.045677       0.418613         -0.005290
   12.270000      -0.185003       0.868827       0.041299       0.418730         -0.005013
   12.280000      -0.176266       0.873718       0.037154       0.418846         -0.004737
   12.290000      -0.167483       0.878316       0.033242       0.418962         -0.004462
   12.300000      -0.158656       0.882627       0.029562       0.419077         -0.004187
   12.310000      -0.149790       0.886657       0.026111       0.419192         -0.003915
   12.320000      -0.140886       0.890411       0.022890       0.419306         -0.003644
   12.330000      -0.131947       0.893895       0.019894       0.419418         -0.003376
   12.340000      -0.122976       0.897114       0.017123       0.419530         -0.003111
   12.350000      -0.113975       0.900073       0.014574       0.419640         -0.002849
   12.360000      -0.104947       0.902779       0.012244       0.419749         -0.002591
   12.370000      -0.095895       0.905237       0.010129       0.419856         -0.002336
   12.380000      -0.086820       0.907453       0.008227       0.419962         -0.002085
   12.390000      -0.077726       0.909431       0.006533       0.420065         -0.001839
   12.400000      -0.068614       0.911178       0.005044       0.420167         -0.001597
   12.410000      -0.059487       0.912700       0.003757       0.420267         -0.001360
   12.420000      -0.050347       0.914001       0.002666       0.420365         -0.001127
   12.430000      -0.041196       0.915087       0.001769       0.420461         -0.000900
   12.440000      -0.032037       0.915963       0.001060       0.420554         -0.000678
   12.450000      -0.022870       0.916635       0.000535       0.420645         -0.000461
   12.460000      -0.013699       0.917109       0.000190       0.420735         -0.000249
   12.470000      -0.004525       0.917389       0.000021       0.420821         -0.000042
   12.480000       0.004650       0.917480       0.000022       0.420906          0.000158
   12.490000       0.013823       0.917387       0.000188       0.420988          0.000354
   12.500000       0.022995       0.917116       0.000517       0.421068          0.000544
   12.510000       0.032161       0.916672       0.001002       0.421146          0.000728
   12.520000       0.041322       0.916059       0.001639       0.421221          0.000907
   12.530000       0.050475       0.915282       0.002423       0.421294          0.001080
   12.540000       0.059618       0.914346       0.003350       0.421364          0.001248
   12.550000       0.068751       0.913256       0.004414       0.421433          0.001410
   12.560000       0.077871       0.912015       0.005612       0.421498          0.001566
   12.570000       0.086977       0.910629       0.006939       0.421562          0.001717
   12.580000       0.096068       0.909102       0.008390       0.421623          0.001863
   12.590000       0.105143       0.907438       0.009961       0.421683          0.002004
   12.600000       0.114199       0.905641       0.011647       0.421739          0.002139
   12.610000       0.123236       0.903716       0.013443       0.421794          0.002269
   12.620000       0.132253       0.901666       0.015346       0.421847          0.002394
   12.630000       0.141248       0.899495       0.017352       0.421897          0.002514
   12.640000       0.150220       0.897207       0.019455       0.421946          0.002629
   12.650000       0.159168       0.894807       0.021652       0.421992          0.002739
   12.660000       0.168091       0.892297       0.023939       0.422036          0.002844
   12.670000       0.176988       0.889681       0.026312       0.422078          0.002944
   12.680000       0.185857       0.886963       0.028767       0.422119          0.003040
   12.690000       0.194699       0.884146       0.031300       0.422157          0.003132
   12.700000       0.203511       0.881234       0.033907       0.422194          0.003219
   12.710000       0.212293       0.878229       0.036585       0.422229          0.003302
   12.720000       0.221045       0.875136       0.039331       0.422262          0.003380
   12.730000       0.229764       0.871956       0.042140       0.422293          0.003455
   12.740000       0.238451       0.868693       0.045009       0.422323          0.003525
   12.750000       0.247105       0.865350       0.047935       0.422351          0.003592
   12.760000       0.255724       0.861930       0.050915       0.422377          0.003654
   12.770000       0.264308       0.858436       0.053946       0.422402          0.003714
   12.780000       0.272857       0.854869       0.057025       0.422425          0.003769
   12.790000       0.281370       0.851234       0.060148       0.422447          0.003821
   12.800000       0.289845       0.847532       0.063313       0.422468          0.003870
   12.810000       0.298282       0.843766       0.066517       0.422487          0.003915
   12.820000       0.306682       0.839938       0.069757       0.422505          0.003957
   12.830000       0.315042       0.836051       0.073031       0.422521          0.003996
   12.840000       0.323363       0.832106       0.076336       0.422536          0.004032
   12.850000       0.331645       0.828107       0.079669       0.422550          0.004065
   12.860000       0.339885       0.824055       0.083029       0.422563          0.004096
   12.870000       0.348085       0.819953       0.086413       0.422575          0.004123
   12.880000       0.356243       0.815802       0.089818       0.422585          0.004148
   12.890000       0.364359       0.811605       0.093244       0.422595          0.004171
   12.900000       0.372432       0.807362       0.096686       0.422603          0.004191
   12.910000       0.380463       0.803077       0.100144       0.422610          0.004208
   12.920000       0.388451       0.798751       0.103615       0.422617          0.004224
   12.930000       0.396394       0.794385       0.107098       0.422622          0.004237
   12.940000       0.404294       0.789982       0.110591       0.422627          0.004248
   12.950000       0.412150       0.785543       0.114092       0.422631          0.004257
   12.960000       0.419960       0.781069       0.117599       0.422634          0.004264
   12.970000       0.427726       0.776563       0.121111       0.422636          0.004269
   12.980000       0.435446       0.772025       0.124626       0.422637          0.004272
   12.990000       0.443121       0.767457       0.128143       0.422638          0.004273
   13.000000       0.450749       0.762860       0.131660       0.422638          0.004273
   13.010000       0.458332       0.758236       0.135176       0.422637          0.004271
   13.020000       0.465868       0.753587       0.138689       0.422635          0.004268
   13.030000       0.473357       0.748912       0.142199       0.422633          0.004263
   13.040000       0.480799       0.744214       0.145703       0.422631          0.004257
   13.050000       0.488194       0.739494       0.149202       0.422627          0.004249
   13.060000       0.495541       0.734753       0.152693       0.422624          0.004240
   13.070000       0.502841       0.729992       0.156175       0.422619          0.004229
   13.080000       0.510093       0.725211       0.159649       0.422614          0.004218
   13.090000       0.517298       0.720413       0.163111       0.422609          0.004205
   13.100000       0.524454       0.715598       0.166563       0.422603          0.004191
   13.110000       0.531561       0.710767       0.170002       0.422597          0.004176
   13.120000       0.538620       0.705921       0.173428       0.422590          0.004160
   13.130000       0.545631       0.701060       0.176840       0.422583          0.004144
   13.140000       0.552593       0.696186       0.180238       0.422576          0.004126
   13.150000       0.559506       0.691300       0.183620       0.422568          0.004107
   13.160000       0.566370       0.686403       0.186985       0.422559          0.004088
   13.170000       0.573185       0.681494       0.190334       0.422551          0.004067
   13.180000       0.579951       0.676575       0.193665       0.422542          0.004046
   13.190000       0.586667       0.671647       0.196978       0.422533          0.004024
   13.200000       0.593334       0.666710       0.200272       0.422523          0.004002
   13.210000       0.599952       0.661765       0.203547       0.422514          0.003979
   13.220000       0.606520       0.656813       0.206802       0.422504          0.003955
   13.230000       0.613038       0.651854       0.210037       0.422493          0.003930
   13.240000       0.619507       0.646889       0.213250       0.422483          0.003905
   13.250000       0.625927       0.641918       0.216443       0.422472          0.003880
   13.260000       0.632296       0.636942       0.219614       0.422461          0.003854
   13.270000       0.638616       0.631962       0.222762       0.422450          0.003828
   13.280000       0.644885       0.626977       0.225889       0.422439          0.003801
   13.290000       0.651105       0.621990       0.228992       0.422427          0.003773
   13.300000       0.657275       0.616999       0.232072       0.422416          0.003746
   13.310000       0.663395       0.612005       0.235129       0.422404          0.003718
   13.320000       0.669465       0.607010       0.238161       0.422392          0.003689
   13.330000       0.675485       0.602013       0.241170       0.422380          0.003661
   13.340000       0.681456       0.597014       0.244154       0.422368          0.003632
   13.350000       0.687376       0.592015       0.247114       0.422355          0.003602
   13.360000       0.693246       0.587015       0.250049       0.422343          0.003573
   13.370000       0.699066       0.582015       0.252959       0.422330          0.003543
   13.380000       0.704836       0.577016       0.255844       0.422318          0.003513
   13.390000       0.710556       0.572016       0.258704       0.422305          0.003483
   13.400000       0.716227       0.567018       0.261538       0.422292          0.003452
   13.410000       0.721847       0.562020       0.264346       0.422279          0.003422
   13.420000       0.727417       0.557024       0.267128       0.422266          0.003391
   13.430000       0.732937       0.552030       0.269885       0.422253          0.003360
   13.440000       0.738408       0.547038       0.272615       0.422240          0.003329
   13.450000       0.743828       0.542047       0.275320       0.422227          0.003298
   13.460000       0.749199       0.537060       0.277998       0.422214          0.003267
   13.470000       0.754520       0.532074       0.280649       0.422201          0.003236
   13.480000       0.759790       0.527092       0.283275       0.422188          0.003204
   13.490000       0.765012       0.522113       0.285874       0.422175          0.003173
   13.500000       0.770183       0.517137       0.288446       0.422161          0.003141
   13.510000       0.775305       0.512164       0.290992       0.422148          0.003110
   13.520000       0.780377       0.507196       0.293511       0.422135          0.003078
   13.530000       0.785399       0.502230       0.296004       0.422121          0.003046
   13.540000       0.790372       0.497269       0.298470       0.422108          0.003015
   13.550000       0.795295       0.492312       0.300909       0.422095          0.002983
   13.560000       0.800168       0.487359       0.303322       0.422081          0.002952
   13.570000       0.804992       0.482411       0.305708       0.422068          0.002920
   13.580000       0.809767       0.477467       0.308067       0.422055          0.002888
   13.590000       0.814492       0.472527       0.310400       0.422041          0.002857
   13.600000       0.819168       0.467593       0.312707       0.422028          0.002825
   13.610000       0.823795       0.462663       0.314986       0.422015          0.002793
   13.620000       0.828372       0.457738       0.317240       0.422002          0.002762
   13.630000       0.832900       0.452818       0.319466       0.421988          0.002731
   13.640000       0.837379       0.447903       0.321667       0.421975          0.002699
   13.650000       0.841809       0.442993       0.323841       0.421962          0.002668
   13.660000       0.846190       0.438088       0.325988       0.421949          0.002636
   13.670000       0.850522       0.433189       0.328109       0.421936          0.002605
   13.680000       0.854805       0.428295       0.330204       0.421923          0.002574
   13.690000       0.859039       0.423407       0.332273       0.421909          0.002543
   13.700000       0.863224       0.418523       0.334315       0.421896          0.002512
   13.710000       0.867361       0.413646       0.336332       0.421883          0.002481
   13.720000       0.871449       0.408774       0.338322       0.421870          0.002450
   13.730000       0.875488       0.403907       0.340287       0.421857          0.002419
   13.740000       0.879478       0.399046       0.342226       0.421844          0.002388
   13.750000       0.883420       0.394190       0.344139       0.421832          0.002358
   13.760000       0.887313       0.389340       0.346026       0.421819          0.002327
   13.770000       0.891158       0.384496       0.347887       0.421806          0.002297
   13.780000       0.894955       0.379657       0.349723       0.421793          0.002266
   13.790000       0.898703       0.374824       0.351534       0.421780          0.002236
   13.800000       0.902403       0.369997       0.353319       0.421768          0.002206
   13.810000       0.906055       0.365175       0.355079       0.421755          0.002176
   13.820000       0.909659       0.360359       0.356813       0.421742          0.002146
   13.830000       0.913214       0.355549       0.358522       0.421730          0.002116
   13.840000       0.916721       0.350744       0.360207       0.421717          0.002086
   13.850000       0.920181       0.345944       0.361866       0.421705          0.002057
   13.860000       0.923592       0.341151       0.363501       0.421692          0.002027
   13.870000       0.926956       0.336363       0.365110       0.421680          0.001998
   13.880000       0.930272       0.331580       0.366695       0.421668          0.001968
   13.890000       0.933540       0.326803       0.368255       0.421655          0.001939
   13.900000       0.936760       0.322031       0.369791       0.421643          0.001910
   13.910000       0.939933       0.317265       0.371302       0.421631          0.001881
   13.920000       0.943058       0.312504       0.372789       0.421619          0.001852
   13.930000       0.946135       0.307748       0.374252       0.421607          0.001823
   13.940000       0.949165       0.302998       0.375691       0.421595          0.001795
   13.950000       0.952148       0.298253       0.377105       0.421582          0.001766
   13.960000       0.955083       0.293514       0.378495       0.421571          0.001738
   13.970000       0.957971       0.288779       0.379862       0.421559          0.001709
   13.980000       0.960811       0.284050       0.381205       0.421547          0.001681
   13.990000       0.963605       0.279325       0.382523       0.421535          0.001653
   14.000000       0.966351       0.274606       0.383819       0.421523          0.001625
   14.010000       0.969050       0.269892       0.385090       0.421511          0.001597
   14.020000       0.971701       0.265183       0.386339       0.421499          0.001569
   14.030000       0.974306       0.260478       0.387563       0.421488          0.001541
   14.040000       0.976864       0.255779       0.388765       0.421476          0.001513
   14.050000       0.979375       0.251084       0.389943       0.421465          0.001486
   14.060000       0.981839       0.246393       0.391098       0.421453          0.001458
   14.070000       0.984256       0.241708       0.392230       0.421441          0.001431
   14.080000       0.986626       0.237027       0.393339       0.421430          0.001403
   14.090000       0.988950       0.232350       0.394425       0.421418          0.001376
   14.100000       0.991226       0.227678       0.395488       0.421407          0.001349
   14.110000       0.993456       0.223010       0.396529       0.421396          0.001322
   14.120000       0.995640       0.218347       0.397547       0.421384          0.001295
   14.130000       0.997777       0.213687       0.398542       0.421373          0.001268
   14.140000       0.999867       0.209032       0.399515       0.421362          0.001242
   14.150000       1.001911       0.204381       0.400465       0.421351          0.001215
   14.160000       1.003908       0.199734       0.401393       0.421339          0.001188
   14.170000       1.005859       0.195091       0.402298       0.421328          0.001162
   14.180000       1.007764       0.190451       0.403181       0.421317          0.001135
   14.190000       1.009622       0.185816       0.404042       0.421306          0.001109
   14.200000       1.011434       0.181184       0.404881       0.421295          0.001083
   14.210000       1.013199       0.176555       0.405698       0.421284          0.001057
   14.220000       1.014918       0.171930       0.406493       0.421273          0.001031
   14.230000       1.016592       0.167309       0.407266       0.421262          0.001005
   14.240000       1.018218       0.162691       0.408017       0.421251          0.000979
   14.250000       1.019799       0.158076       0.408746       0.421240          0.000953
   14.260000       1.021334       0.153464       0.409454       0.421229          0.000927
   14.270000       1.022822       0.148855       0.410140       0.421218          0.000901
   14.280000       1.024265       0.144250       0.410804       0.421208          0.000875
   14.290000       1.025661       0.139647       0.411446       0.421197          0.000850
   14.300000       1.027012       0.135047       0.412067       0.421186          0.000824
   14.310000       1.028316       0.130450       0.412667       0.421175          0.000799
   14.320000       1.029575       0.125855       0.413245       0.421165          0.000773
   14.330000       1.030788       0.121263       0.413802       0.421154          0.000748
   14.340000       1.031954       0.116674       0.414337       0.421143          0.000722
   14.350000       1.033075       0.112087       0.414851       0.421133          0.000697
   14.360000       1.034150       0.107502       0.415344       0.421122          0.000672
   14.370000       1.035179       0.102920       0.415815       0.421111          0.000647
   14.380000       1.036163       0.098339       0.416266       0.421101          0.000621
   14.390000       1.037100       0.093761       0.416695       0.421090          0.000596
   14.400000       1.037992       0.089184       0.417103       0.421080          0.000571
   14.410000       1.038838       0.084610       0.417490       0.421069          0.000546
   14.420000       1.039639       0.080037       0.417856       0.421059          0.000521
   14.430000       1.040393       0.075465       0.418201       0.421048          0.000496
   14.440000       1.041102       0.070896       0.418525       0.421038          0.000471
   14.450000       1.041766       0.066328       0.418827       0.421027          0.000446
   14.460000       1.042383       0.061761       0.419109       0.421017          0.000422
   14.470000       1.042955       0.057195       0.419371       0.421006          0.000397
   14.480000       1.043481       0.052631       0.419611       0.420996          0.000372
   14.490000       1.043962       0.048068       0.419830       0.420985          0.000347
   14.500000       1.044397       0.043505       0.420029       0.420975          0.000322
   14.510000       1.044787       0.038944       0.420206       0.420964          0.000298
   14.520000       1.045130       0.034383       0.420363       0.420954          0.000273
   14.530000       1.045429       0.029824       0.420499       0.420944          0.000248
   14.540000       1.045681       0.025264       0.420614       0.420933          0.000223
   14.550000       1.045888       0.020706       0.420709       0.420923          0.000199
   14.560000       1.046050       0.016148       0.420782       0.420912          0.000174
   14.570000       1.046166       0.011590       0.420835       0.420902          0.000149
   14.580000       1.046236       0.007032       0.420867       0.420892          0.000125
   14.590000       1.046261       0.002474       0.420878       0.420881          0.000100
   14.600000       1.046240      -0.002083       0.420869       0.420871          0.000075
   14.610000       1.046174      -0.006641       0.420839       0.420861          0.000051
   14.620000       1.046062      -0.011198       0.420787       0.420850          0.000026
   14.630000       1.045904      -0.015756       0.420716       0.420840          0.000001
   14.640000       1.045701      -0.020314       0.420623       0.420829         -0.000024
   14.650000       1.045452      -0.024873       0.420510       0.420819         -0.000048
   14.660000       1.045158      -0.029432       0.420375       0.420809         -0.000073
   14.670000       1.044818      -0.033992       0.420220       0.420798         -0.000098
   14.680000       1.044432      -0.038552       0.420045       0.420788         -0.000122
   14.690000       1.044001      -0.043114       0.419848       0.420777         -0.000147
   14.700000       1.043525      -0.047676       0.419630       0.420767         -0.000172
   14.710000       1.043002      -0.052239       0.419392       0.420756         -0.000197
   14.720000       1.042434      -0.056803       0.419133       0.420746         -0.000222
   14.730000       1.041820      -0.061369       0.418853       0.420736         -0.000246
   14.740000       1.041161      -0.065935       0.418551       0.420725         -0.000271
   14.750000       1.040456      -0.070503       0.418229       0.420715         -0.000296
   14.760000       1.039705      -0.075073       0.417886       0.420704         -0.000321
   14.770000       1.038909      -0.079644       0.417522       0.420694         -0.000346
   14.780000       1.038067      -0.084217       0.417137       0.420683         -0.000371
   14.790000       1.037179      -0.088791       0.416731       0.420673         -0.000396
   14.800000       1.036245      -0.093368       0.416303       0.420662         -0.000421
   14.810000       1.035266      -0.097946       0.415855       0.420651         -0.000446
   14.820000       1.034240      -0.102526       0.415385       0.420641         -0.000472
   14.830000       1.033169      -0.107108       0.414894       0.420630         -0.000497
   14.840000       1.032052      -0.111693       0.414382       0.420620         -0.000522
   14.850000       1.030890      -0.116280       0.413848       0.420609         -0.000548
   14.860000       1.029681      -0.120869       0.413294       0.420598         -0.000573
   14.870000       1.028426      -0.125461       0.412717       0.420587         -0.000598
   14.880000       1.027126      -0.130055       0.412120       0.420577         -0.000624
   14.890000       1.025779      -0.134652       0.411500       0.420566         -0.000649
   14.900000       1.024387      -0.139252       0.410860       0.420555         -0.000675
   14.910000       1.022948      -0.143854       0.410197       0.420544         -0.000701
   14.920000       1.021464      -0.148460       0.409513       0.420534         -0.000726
   14.930000       1.019933      -0.153068       0.408808       0.420523         -0.000752
   14.940000       1.018356      -0.157679       0.408080       0.420512         -0.000778
   14.950000       1.016733      -0.162294       0.407331       0.420501         -0.000804
   14.960000       1.015064      -0.166912       0.406560       0.420490         -0.000830
   14.970000       1.013349      -0.171533       0.405767       0.420479         -0.000856
   14.980000       1.011587      -0.176158       0.404952       0.420468         -0.000882
   14.990000       1.009779      -0.180786       0.404115       0.420457         -0.000908
   15.000000       1.007925      -0.185418       0.403256       0.420446         -0.000935
   15.010000       1.006025      -0.190053       0.402375       0.420435         -0.000961
   15.020000       1.004078      -0.194692       0.401471       0.420424         -0.000987
   15.030000       1.002084      -0.199335       0.400545       0.420413         -0.001014
   15.040000       1.000044      -0.203982       0.399597       0.420401         -0.001041
   15.050000       0.997958      -0.208633       0.398626       0.420390         -0.001067
   15.060000       0.995825      -0.213287       0.397633       0.420379         -0.001094
   15.070000       0.993646      -0.217946       0.396617       0.420368         -0.001121
   15.080000       0.991420      -0.222610       0.395579       0.420356         -0.001148
   15.090000       0.989147      -0.227277       0.394517       0.420345         -0.001175
   15.100000       0.986827      -0.231949       0.393433       0.420333         -0.001202
   15.110000       0.984461      -0.236625       0.392326       0.420322         -0.001229
   15.120000       0.982048      -0.241306       0.391196       0.420310         -0.001257
   15.130000       0.979588      -0.245991       0.390043       0.420299         -0.001284
   15.140000       0.977081      -0.250681       0.388867       0.420287         -0.001312
   15.150000       0.974528      -0.255375       0.387667       0.420276         -0.001339
   15.160000       0.971927      -0.260074       0.386445       0.420264         -0.001367
   15.170000       0.969279      -0.264778       0.385198       0.420252         -0.001395
   15.180000       0.966584      -0.269487       0.383929       0.420241         -0.001423
   15.190000       0.963842      -0.274201       0.382636       0.420229         -0.001451
   15.200000       0.961053      -0.278920       0.381319       0.420217         -0.001479
   15.210000       0.958217      -0.283644       0.379978       0.420205         -0.001507
   15.220000       0.955333      -0.288373       0.378614       0.420193         -0.001535
   15.230000       0.952402      -0.293107       0.377225       0.420181         -0.001564
   15.240000       0.949423      -0.297846       0.375813       0.420169         -0.001592
   15.250000       0.946397      -0.302590       0.374377       0.420157         -0.001621
   15.260000       0.943324      -0.307340       0.372916       0.420145         -0.001650
   15.270000       0.940203      -0.312095       0.371431       0.420133         -0.001679
   15.280000       0.937035      -0.316856       0.369922       0.420121         -0.001708
   15.290000       0.933818      -0.321621       0.368388       0.420108         -0.001737
   15.300000       0.930554      -0.326393       0.366830       0.420096         -0.001766
   15.310000       0.927243      -0.331169       0.365247       0.420084         -0.001795
   15.320000       0.923883      -0.335952       0.363640       0.420071         -0.001825
   15.330000       0.920476      -0.340739       0.362007       0.420059         -0.001854
   15.340000       0.917020      -0.345533       0.360350       0.420047         -0.001884
   15.350000       0.913517      -0.350331       0.358668       0.420034         -0.001913
   15.360000       0.909966      -0.355136       0.356961       0.420022         -0.001943
   15.370000       0.906366      -0.359946       0.355228       0.420009         -0.001973
   15.380000       0.902719      -0.364761       0.353471       0.419996         -0.002003
   15.390000       0.899023      -0.369583       0.351688       0.419984         -0.002033
   15.400000       0.895279      -0.374410       0.349880       0.419971         -0.002063
   15.410000       0.891486      -0.379242       0.348046       0.419958         -0.002094
   15.420000       0.887646      -0.384080       0.346187       0.419945         -0.002124
   15.430000       0.883756      -0.388924       0.344302       0.419933         -0.002154
   15.440000       0.879819      -0.393774       0.342391       0.419920         -0.002185
   15.450000       0.875832      -0.398629       0.340455       0.419907         -0.002216
   15.460000       0.871797      -0.403489       0.338492       0.419894         -0.002246
   15.470000       0.867714      -0.408355       0.336504       0.419881         -0.002277
   15.480000       0.863582      -0.413227       0.334490       0.419868         -0.002308
   15.490000       0.859401      -0.418104       0.332449       0.419855         -0.002339
   15.500000       0.855171      -0.422987       0.330383       0.419842         -0.002370
   15.510000       0.850892      -0.427875       0.328290       0.419829         -0.002401
   15.520000       0.846564      -0.432769       0.326171       0.419816         -0.002433
   15.530000       0.842188      -0.437667       0.324026       0.419802         -0.002464
   15.540000       0.837762      -0.442572       0.321854       0.419789         -0.002495
   15.550000       0.833287      -0.447481       0.319656       0.419776         -0.002527
   15.560000       0.828763      -0.452395       0.317432       0.419763         -0.002558
   15.570000       0.824190      -0.457315       0.315181       0.419750         -0.002589
   15.580000       0.819568      -0.462240       0.312904       0.419736         -0.002621
   15.590000       0.814896      -0.467169       0.310600       0.419723         -0.002653
   15.600000       0.810175      -0.472103       0.308269       0.419710         -0.002684
   15.610000       0.805404      -0.477042       0.305912       0.419696         -0.002716
   15.620000       0.800585      -0.481986       0.303528       0.419683         -0.002747
   15.630000       0.795715      -0.486934       0.301117       0.419670         -0.002779
   15.640000       0.790796      -0.491887       0.298680       0.419656         -0.002811
   15.650000       0.785828      -0.496843       0.296217       0.419643         -0.002842
   15.660000       0.780810      -0.501804       0.293726       0.419630         -0.002874
   15.670000       0.775742      -0.506769       0.291209       0.419617         -0.002905
   15.680000       0.770625      -0.511738       0.288666       0.419603         -0.002937
   15.690000       0.765458      -0.516710       0.286096       0.419590         -0.002969
   15.700000       0.760241      -0.521685       0.283499       0.419577         -0.003000
   15.710000       0.754974      -0.526664       0.280876       0.419564         -0.003031
   15.720000       0.749658      -0.531646       0.278226       0.419550         -0.003063
   15.730000       0.744291      -0.536631       0.275551       0.419537         -0.003094
   15.740000       0.738875      -0.541619       0.272849       0.419524         -0.003125
   15.750000       0.733409      -0.546609       0.270120       0.419511         -0.003156
   15.760000       0.727893      -0.551601       0.267366       0.419498         -0.003187
   15.770000       0.722327      -0.556595       0.264586       0.419485         -0.003218
   15.780000       0.716711      -0.561591       0.261780       0.419472         -0.003249
   15.790000       0.711045      -0.566588       0.258948       0.419459         -0.003279
   15.800000       0.705330      -0.571587       0.256091       0.419447         -0.003309
   15.810000       0.699564      -0.576586       0.253208       0.419434         -0.003339
   15.820000       0.693748      -0.581586       0.250300       0.419421         -0.003369
   15.830000       0.687882      -0.586586       0.247367       0.419409         -0.003399
   15.840000       0.681966      -0.591586       0.244410       0.419397         -0.003428
   15.850000       0.676000      -0.596585       0.241427       0.419384         -0.003457
   15.860000       0.669984      -0.601584       0.238421       0.419372         -0.003486
   15.870000       0.663919      -0.606581       0.235390       0.419360         -0.003515
   15.880000       0.657803      -0.611576       0.232335       0.419348         -0.003543
   15.890000       0.651637      -0.616570       0.229257       0.419337         -0.003571
   15.900000       0.645421      -0.621561       0.226156       0.419325         -0.003598
   15.910000       0.639156      -0.626549       0.223032       0.419314         -0.003625
   15.920000       0.632841      -0.631534       0.219885       0.419302         -0.003652
   15.930000       0.626476      -0.636514       0.216716       0.419291         -0.003678
   15.940000       0.620061      -0.641491       0.213525       0.419281         -0.003704
   15.950000       0.613596      -0.646462       0.210314       0.419270         -0.003729
   15.960000       0.607082      -0.651428       0.207081       0.419260         -0.003754
   15.970000       0.600518      -0.656387       0.203827       0.419249         -0.003778
   15.980000       0.593904      -0.661340       0.200554       0.419240         -0.003801
   15.990000       0.587242      -0.666286       0.197262       0.419230         -0.003824
   16.000000       0.580529      -0.671223       0.193950       0.419221         -0.003846
   16.010000       0.573768      -0.676152       0.190621       0.419212         -0.003868
   16.020000       0.566957      -0.681072       0.187274       0.419203         -0.003888
   16.030000       0.560097      -0.685981       0.183909       0.419195         -0.003908
   16.040000       0.553189      -0.690880       0.180529       0.419187         -0.003927
   16.050000       0.546231      -0.695767       0.177133       0.419179         -0.003946
   16.060000       0.539224      -0.700642       0.173722       0.419172         -0.003963
   16.070000       0.532169      -0.705504       0.170297       0.419165         -0.003979
   16.080000       0.525066      -0.710351       0.166859       0.419158         -0.003995
   16.090000       0.517914      -0.715184       0.163408       0.419152         -0.004009
   16.100000       0.510714      -0.720000       0.159946       0.419147         -0.004022
   16.110000       0.503466      -0.724800       0.156474       0.419141         -0.004034
   16.120000       0.496170      -0.729582       0.152992       0.419137         -0.004045
   16.130000       0.488827      -0.734345       0.149502       0.419133         -0.004055
   16.140000       0.481436      -0.739088       0.146004       0.419129         -0.004063
   16.150000       0.473998      -0.743810       0.142500       0.419126         -0.004070
   16.160000       0.466513      -0.748510       0.138991       0.419124         -0.004076
   16.170000       0.458981      -0.753186       0.135477       0.419122         -0.004080
   16.180000       0.451402      -0.757838       0.131962       0.419121         -0.004083
   16.190000       0.443778      -0.762464       0.128445       0.419121         -0.004084
   16.200000       0.436107      -0.767063       0.124928       0.419121         -0.004083
   16.210000       0.428391      -0.771634       0.121413       0.419122         -0.004081
   16.220000       0.420629      -0.776174       0.117900       0.419124         -0.004077
   16.230000       0.412822      -0.780683       0.114393       0.419126         -0.004071
   16.240000       0.404971      -0.785160       0.110891       0.419130         -0.004063
   16.250000       0.397075      -0.789602       0.107398       0.419134         -0.004053
   16.260000       0.389135      -0.794009       0.103914       0.419139         -0.004041
   16.270000       0.381151      -0.798377       0.100442       0.419145         -0.004026
   16.280000       0.373124      -0.802707       0.096982       0.419152         -0.004010
   16.290000       0.365054      -0.806996       0.093539       0.419160         -0.003991
   16.300000       0.356941      -0.811242       0.090112       0.419169         -0.003970
   16.310000       0.348787      -0.815443       0.086705       0.419179         -0.003946
   16.320000       0.340591      -0.819598       0.083319       0.419190         -0.003920
   16.330000       0.332354      -0.823705       0.079957       0.419202         -0.003891
   16.340000       0.324076      -0.827761       0.076621       0.419215         -0.003859
   16.350000       0.315759      -0.831765       0.073313       0.419230         -0.003824
   16.360000       0.307401      -0.835714       0.070037       0.419246         -0.003787
   16.370000       0.299005      -0.839606       0.066794       0.419263         -0.003746
   16.380000       0.290571      -0.843439       0.063586       0.419281         -0.003702
   16.390000       0.282099      -0.847211       0.060418       0.419301         -0.003655
   16.400000       0.273590      -0.850918       0.057291       0.419322         -0.003605
   16.410000       0.265044      -0.854560       0.054209       0.419345         -0.003551
   16.420000       0.256463      -0.858132       0.051174       0.419369         -0.003493
   16.430000       0.247846      -0.861633       0.048189       0.419395         -0.003432
   16.440000       0.239196      -0.865060       0.045258       0.419422         -0.003368
   16.450000       0.230512      -0.868409       0.042384       0.419451         -0.003299
   16.460000       0.221795      -0.871679       0.039569       0.419481         -0.003227
   16.470000       0.213046      -0.874866       0.036818       0.419514         -0.003150
   16.480000       0.204267      -0.877967       0.034134       0.419548         -0.003069
   16.490000       0.195457      -0.880980       0.031521       0.419583         -0.002984
   16.500000       0.186618      -0.883900       0.028981       0.419621         -0.002895
   16.510000       0.177751      -0.886725       0.026520       0.419661         -0.002801
   16.520000       0.168856      -0.889452       0.024140       0.419702         -0.002703
   16.530000       0.159935      -0.892076       0.021845       0.419745         -0.002600
   16.540000       0.150989      -0.894595       0.019640       0.419791         -0.002492
   16.550000       0.142019      -0.897006       0.017529       0.419838         -0.002379
   16.560000       0.133026      -0.899303       0.015515       0.419888         -0.002262
   16.570000       0.124011      -0.901484       0.013603       0.419939         -0.002139
   16.580000       0.114976      -0.903544       0.011797       0.419993         -0.002011
   16.590000       0.105921      -0.905481       0.010101       0.420049         -0.001879
   16.600000       0.096848      -0.907289       0.008520       0.420107         -0.001740
   16.610000       0.087759      -0.908964       0.007059       0.420167         -0.001597
   16.620000       0.078654      -0.910504       0.005721       0.420230         -0.001448
   16.630000       0.069535      -0.911902       0.004512       0.420295         -0.001294
   16.640000       0.060403      -0.913155       0.003436       0.420362         -0.001134
   16.650000       0.051260      -0.914259       0.002497       0.420431         -0.000969
   16.660000       0.042108      -0.915208       0.001700       0.420503         -0.000798
   16.670000       0.032948      -0.915999       0.001051       0.420577         -0.000622
   16.680000       0.023782      -0.916626       0.000552       0.420654         -0.000440
   16.690000       0.014611      -0.917085       0.000210       0.420733         -0.000253
   16.700000       0.005438      -0.917371       0.000029       0.420814         -0.000060
   16.710000      -0.003737      -0.917479       0.000014       0.420898          0.000139
   16.720000      -0.012911      -0.917404       0.000169       0.420984          0.000343
   16.730000      -0.022083      -0.917140       0.000499       0.421072          0.000552
   16.740000      -0.031249      -0.916684       0.001008       0.421162          0.000767
   16.750000      -0.040410      -0.916029       0.001701       0.421255          0.000988
   16.760000      -0.049561      -0.915170       0.002582       0.421350          0.001213
   16.770000      -0.058702      -0.914102       0.003655       0.421447          0.001444
   16.780000      -0.067831      -0.912820       0.004926       0.421546          0.001679
   16.790000      -0.076944      -0.911318       0.006397       0.421647          0.001919
   16.800000      -0.086040      -0.909590       0.008073       0.421750          0.002164
   16.810000      -0.095116      -0.907632       0.009957       0.421855          0.002414
   16.820000      -0.104170      -0.905437       0.012054       0.421962          0.002667
   16.830000      -0.113200      -0.903000       0.014366       0.422070          0.002925
   16.840000      -0.122204      -0.900316       0.016896       0.422180          0.003186
   16.850000      -0.131177      -0.897378       0.019648       0.422291          0.003450
   16.860000      -0.140119      -0.894182       0.022623       0.422404          0.003718
   16.870000      -0.149026      -0.890721       0.025826       0.422518          0.003988
   16.880000      -0.157896      -0.886990       0.029256       0.422632          0.004260
   16.890000      -0.166726      -0.882984       0.032917       0.422748          0.004535
   16.900000      -0.175513      -0.878697       0.036809       0.422864          0.004811
   16.910000      -0.184254      -0.874124       0.040934       0.422980          0.005088
   16.920000      -0.192947      -0.869259       0.045292       0.423097          0.005365
   16.930000      -0.201588      -0.864097       0.049882       0.423214          0.005643
   16.940000      -0.210174      -0.858632       0.054706       0.423331          0.005920
   16.950000      -0.218703      -0.852860       0.059761       0.423447          0.006196
   16.960000      -0.227171      -0.846776       0.065047       0.423562          0.006470
   16.970000      -0.235574      -0.840374       0.070562       0.423676          0.006741
   16.980000      -0.243911      -0.833650       0.076303       0.423789          0.007010
   16.990000      -0.252177      -0.826599       0.082268       0.423901          0.007275
   17.000000      -0.260369      -0.819217       0.088452       0.424011          0.007536
   17.010000      -0.268484      -0.811500       0.094852       0.424118          0.007791
   17.020000      -0.276518      -0.803444       0.101462       0.424223          0.008040
   17.030000      -0.284469      -0.795044       0.108278       0.424325          0.008283
   17.040000      -0.292332      -0.786297       0.115292       0.424424          0.008518
   17.050000      -0.300104      -0.777200       0.122499       0.424519          0.008745
   17.060000      -0.307781      -0.767750       0.129891       0.424611          0.008962
   17.070000      -0.315361      -0.757944       0.137458       0.424698          0.009170
   17.080000      -0.322839      -0.747780       0.145193       0.424781          0.009366
   17.090000      -0.330211      -0.737255       0.153086       0.424859          0.009551
   17.100000      -0.337475      -0.726368       0.161125       0.424931          0.009723
   17.110000      -0.344626      -0.715118       0.169301       0.424998          0.009881
   17.120000      -0.351661      -0.703503       0.177600       0.425058          0.010025
   17.130000      -0.358576      -0.691522       0.186011       0.425113          0.010154
   17.140000      -0.365368      -0.679176       0.194520       0.425160          0.010267
   17.150000      -0.372033      -0.666465       0.203113       0.425200          0.010363
   17.160000      -0.378567      -0.653389       0.211775       0.425233          0.010441
   17.170000      -0.384966      -0.639950       0.220491       0.425259          0.010501
   17.180000      -0.391228      -0.626148       0.229245       0.425276          0.010542
   17.190000      -0.397347      -0.611988       0.238020       0.425284          0.010562
   17.200000      -0.403322      -0.597470       0.246799       0.425284          0.010562
   17.210000      -0.409148      -0.582598       0.255565       0.425276          0.010542
   17.220000      -0.414822      -0.567376       0.264300       0.425258          0.010499
   17.230000      -0.420340      -0.551808       0.272984       0.425230          0.010434
   17.240000      -0.425699      -0.535899       0.281600       0.425194          0.010347
   17.250000      -0.430895      -0.519654       0.290127       0.425147          0.010237
   17.260000      -0.435926      -0.503078       0.298547       0.425091          0.010103
   17.270000      -0.440788      -0.486180       0.306840       0.425025          0.009947
   17.280000      -0.445478      -0.468964       0.314986       0.424949          0.009766
   17.290000      -0.449992      -0.451440       0.322965       0.424864          0.009562
   17.300000      -0.454328      -0.433614       0.330757       0.424768          0.009335
   17.310000      -0.458483      -0.415497       0.338344       0.424662          0.009085
   17.320000      -0.462454      -0.397097       0.345704       0.424547          0.008811
   17.330000      -0.466238      -0.378423       0.352821       0.424423          0.008515
   17.340000      -0.469833      -0.359487       0.359673       0.424288          0.008196
   17.350000      -0.473236      -0.340299       0.366244       0.424145          0.007856
   17.360000      -0.476445      -0.320871       0.372514       0.423993          0.007494
   17.370000      -0.479457      -0.301213       0.378468       0.423832          0.007112
   17.380000      -0.482271      -0.281340       0.384087       0.423664          0.006711
   17.390000      -0.484883      -0.261263       0.389358       0.423487          0.006291
   17.400000      -0.487293      -0.240997       0.394263       0.423303          0.005854
   17.410000      -0.489499      -0.220553       0.398790       0.423112          0.005400
   17.420000      -0.491498      -0.199948       0.402925       0.422914          0.004930
   17.430000      -0.493290      -0.179194       0.406656       0.422711          0.004447
   17.440000      -0.494873      -0.158307       0.409971       0.422502          0.003951
   17.450000      -0.496246      -0.137302       0.412863       0.422288          0.003443
   17.460000      -0.497408      -0.116193       0.415320       0.422071          0.002926
   17.470000      -0.498358      -0.094998       0.417337       0.421849          0.002400
   17.480000      -0.499095      -0.073731       0.418907       0.421625          0.001868
   17.490000      -0.499619      -0.052408       0.420026       0.421399          0.001330
   17.500000      -0.499930      -0.031046       0.420689       0.421171          0.000789
   17.510000      -0.500026      -0.009660       0.420896       0.420943          0.000246
   17.520000      -0.499909       0.011733       0.420645       0.420714         -0.000298
   17.530000      -0.499578       0.033118       0.419937       0.420486         -0.000840
   17.540000      -0.499033       0.054477       0.418775       0.420259         -0.001380
   17.550000      -0.498275       0.075795       0.417161       0.420034         -0.001915
   17.560000      -0.497305       0.097056       0.415101       0.419811         -0.002443
   17.570000      -0.496122       0.118244       0.412601       0.419592         -0.002964
   17.580000      -0.494729       0.139342       0.409668       0.419377         -0.003476
   17.590000      -0.493125       0.160337       0.406312       0.419166         -0.003977
   17.600000      -0.491313       0.181212       0.402541       0.418960         -0.004465
   17.610000      -0.489294       0.201952       0.398368       0.418760         -0.004940
   17.620000      -0.487068       0.222542       0.393804       0.418566         -0.005401
   17.630000      -0.484639       0.242969       0.388862       0.418379         -0.005845
   17.640000      -0.482007       0.263218       0.383558       0.418200         -0.006272
   17.650000      -0.479174       0.283276       0.377905       0.418028         -0.006681
   17.660000      -0.476142       0.303129       0.371920       0.417863         -0.007071
   17.670000      -0.472915       0.322764       0.365619       0.417708         -0.007441
   17.680000      -0.469493       0.342170       0.359021       0.417561         -0.007790
   17.690000      -0.465880       0.361334       0.352142       0.417423         -0.008118
   17.700000      -0.462077       0.380245       0.345001       0.417294         -0.008423
   17.710000      -0.458088       0.398892       0.337618       0.417175         -0.008706
   17.720000      -0.453916       0.417266       0.330011       0.417066         -0.008966
   17.730000      -0.449562       0.435355       0.322199       0.416966         -0.009203
   17.740000      -0.445031       0.453152       0.314203       0.416876         -0.009417
   17.750000      -0.440324       0.470647       0.306042       0.416796         -0.009607
   17.760000      -0.435446       0.487832       0.297736       0.416726         -0.009774
   17.770000      -0.430399       0.504699       0.289305       0.416666         -0.009917
   17.780000      -0.425187       0.521243       0.280768       0.416615         -0.010037
   17.790000      -0.419812       0.537456       0.272145       0.416575         -0.010134
   17.800000      -0.414279       0.553332       0.263455       0.416543         -0.010208
   17.810000      -0.408590       0.568867       0.254717       0.416521         -0.010260
   17.820000      -0.402749       0.584055       0.245949       0.416509         -0.010290
   17.830000      -0.396760       0.598893       0.237169       0.416505         -0.010299
   17.840000      -0.390627       0.613376       0.228395       0.416510         -0.010287
   17.850000      -0.384352       0.627502       0.219644       0.416523         -0.010255
   17.860000      -0.377939       0.641268       0.210933       0.416545         -0.010204
   17.870000      -0.371392       0.654672       0.202277       0.416575         -0.010134
   17.880000      -0.364715       0.667713       0.193691       0.416612         -0.010046
   17.890000      -0.357911       0.680389       0.185191       0.416656         -0.009941
   17.900000      -0.350984       0.692699       0.176791       0.416707         -0.009819
   17.910000      -0.343938       0.704645       0.168503       0.416765         -0.009682
   17.920000      -0.336776       0.716224       0.160340       0.416829         -0.009530
   17.930000      -0.329501       0.727440       0.152314       0.416898         -0.009364
   17.940000      -0.322118       0.738291       0.144436       0.416974         -0.009186
   17.950000      -0.314630       0.748781       0.136717       0.417054         -0.008995
   17.960000      -0.307041       0.758911       0.129166       0.417139         -0.008793
   17.970000      -0.299355       0.768682       0.121793       0.417228         -0.008580
   17.980000      -0.291574       0.778097       0.114604       0.417322         -0.008358
   17.990000      -0.283702       0.787160       0.107608       0.417419         -0.008128
   18.000000      -0.275743       0.795873       0.100812       0.417519         -0.007889
   18.010000      -0.267701       0.804240       0.094222       0.417623         -0.007643
   18.020000      -0.259578       0.812263       0.087843       0.417729         -0.007391
   18.030000      -0.251379       0.819948       0.081680       0.417837         -0.007134
   18.040000      -0.243106       0.827297       0.075737       0.417947         -0.006872
   18.050000      -0.234763       0.834316       0.070018       0.418059         -0.006606
   18.060000      -0.226353       0.841008       0.064525       0.418173         -0.006337
   18.070000      -0.217879       0.847379       0.059261       0.418287         -0.006065
   18.080000      -0.209344       0.853433       0.054228       0.418402         -0.005791
   18.090000      -0.200753       0.859175       0.049427       0.418518         -0.005515
   18.100000      -0.192107       0.864610       0.044859       0.418635         -0.005239
   18.110000      -0.183409       0.869743       0.040524       0.418751         -0.004963
   18.120000      -0.174663       0.874580       0.036422       0.418867         -0.004687
   18.130000      -0.165872       0.879125       0.032552       0.418983         -0.004411
   18.140000      -0.157038       0.883385       0.028914       0.419098         -0.004137
   18.150000      -0.148165       0.887364       0.025505       0.419213         -0.003865
   18.160000      -0.139254       0.891068       0.022325       0.419326         -0.003595
   18.170000      -0.130309       0.894503       0.019371       0.419439         -0.003328
   18.180000      -0.121332       0.897674       0.016641       0.419550         -0.003063
   18.190000      -0.112326       0.900587       0.014132       0.419660         -0.002802
   18.200000      -0.103294       0.903247       0.011841       0.419769         -0.002544
   18.210000      -0.094237       0.905660       0.009765       0.419876         -0.002290
   18.220000      -0.085159       0.907832       0.007901       0.419981         -0.002040
   18.230000      -0.076061       0.909768       0.006246       0.420084         -0.001794
   18.240000      -0.066946       0.911473       0.004794       0.420186         -0.001553
   18.250000      -0.057817       0.912954       0.003543       0.420285         -0.001317
   18.260000      -0.048675       0.914215       0.002488       0.420382         -0.001085
   18.270000      -0.039522       0.915262       0.001625       0.420478         -0.000859
   18.280000      -0.030361       0.916101       0.000950       0.420571         -0.000638
   18.290000      -0.021194       0.916737       0.000459       0.420662         -0.000421
   18.300000      -0.012022       0.917174       0.000146       0.420751         -0.000211
   18.310000      -0.002848       0.917419       0.000008       0.420837         -0.000005
   18.320000       0.006327       0.917476       0.000040       0.420921          0.000195
   18.330000       0.015500       0.917351       0.000237       0.421003          0.000389
   18.340000       0.024671       0.917048       0.000594       0.421082          0.000578
   18.350000       0.033837       0.916573       0.001107       0.421160          0.000761
   18.360000       0.042996       0.915929       0.001771       0.421234          0.000939
   18.370000       0.052147       0.915123       0.002582       0.421307          0.001111
   18.380000       0.061289       0.914158       0.003534       0.421377          0.001278
   18.390000       0.070419       0.913040       0.004624       0.421445          0.001439
   18.400000       0.079537       0.911773       0.005846       0.421510          0.001594
   18.410000       0.088640       0.910360       0.007195       0.421573          0.001745
   18.420000       0.097729       0.908808       0.008669       0.421634          0.001889
   18.430000       0.106800       0.907119       0.010261       0.421693          0.002029
   18.440000       0.115853       0.905298       0.011967       0.421750          0.002163
   18.450000       0.124886       0.903350       0.013783       0.421804          0.002292
   18.460000       0.133899       0.901278       0.015706       0.421856          0.002416
   18.470000       0.142890       0.899085       0.017729       0.421906          0.002535
   18.480000       0.151858       0.896777       0.019850       0.421954          0.002649
   18.490000       0.160801       0.894356       0.022064       0.422000          0.002758
   18.500000       0.169719       0.891827       0.024367       0.422044          0.002863
   18.510000       0.178611       0.889192       0.026755       0.422086          0.002962
   18.520000       0.187476       0.886456       0.029224       0.422126          0.003057
   18.530000       0.196312       0.883621       0.031771       0.422164          0.003148
   18.540000       0.205119       0.880692       0.034392       0.422200          0.003234
   18.550000       0.213896       0.877670       0.037082       0.422235          0.003316
   18.560000       0.222641       0.874561       0.039839       0.422268          0.003394
   18.570000       0.231355       0.871366       0.042660       0.422299          0.003468
   18.580000       0.240036       0.868088       0.045540       0.422328          0.003538
   18.590000       0.248683       0.864731       0.048476       0.422356          0.003603
   18.600000       0.257296       0.861297       0.051466       0.422382          0.003665
   18.610000       0.265874       0.857789       0.054506       0.422406          0.003724
   18.620000       0.274416       0.854210       0.057592       0.422430          0.003779
   18.630000       0.282922       0.850562       0.060723       0.422451          0.003830
   18.640000       0.291390       0.846848       0.063896       0.422471          0.003878
   18.650000       0.299821       0.843070       0.067106       0.422490          0.003923
   18.660000       0.308213       0.839231       0.070353       0.422508          0.003964
   18.670000       0.316567       0.835334       0.073633       0.422524          0.004003
   18.680000       0.324880       0.831379       0.076943       0.422539          0.004038
   18.690000       0.333154       0.827370       0.080282       0.422553          0.004071
   18.700000       0.341387       0.823309       0.083646       0.422565          0.004101
   18.710000       0.349579       0.819198       0.087034       0.422577          0.004128
   18.720000       0.357730       0.815038       0.090443       0.422587          0.004153
   18.730000       0.365838       0.810832       0.093872       0.422596          0.004175
   18.740000       0.373904       0.806582       0.097317       0.422604          0.004194
   18.750000       0.381927       0.802289       0.100778       0.422612          0.004211
   18.760000       0.389906       0.797956       0.104251       0.422618          0.004226
   18.770000       0.397842       0.793583       0.107736       0.422623          0.004239
   18.780000       0.405734       0.789173       0.111231       0.422628          0.004250
   18.790000       0.413581       0.784728       0.114733       0.422631          0.004258
   18.800000       0.421383       0.780248       0.118241       0.422634          0.004265
   18.810000       0.429141       0.775735       0.121753       0.422636          0.004269
   18.820000       0.436853       0.771192       0.125269       0.422637          0.004272
   18.830000       0.444519       0.766618       0.128786       0.422638          0.004274
   18.840000       0.452139       0.762017       0.132303       0.422638          0.004273
   18.850000       0.459713       0.757388       0.135818       0.422637          0.004271
   18.860000       0.467240       0.752734       0.139331       0.422635          0.004267
   18.870000       0.474721       0.748055       0.142840       0.422633          0.004262
   18.880000       0.482154       0.743353       0.146343       0.422630          0.004255
   18.890000       0.489541       0.738629       0.149840       0.422627          0.004247
   18.900000       0.496880       0.733884       0.153330       0.422623          0.004238
   18.910000       0.504171       0.729119       0.156811       0.422618          0.004227
   18.920000       0.511414       0.724335       0.160282       0.422613          0.004216
   18.930000       0.518609       0.719534       0.163743       0.422608          0.004203
   18.940000       0.525757       0.714716       0.167193       0.422602          0.004189
   18.950000       0.532855       0.709882       0.170630       0.422596          0.004174
   18.960000       0.539906       0.705033       0.174053       0.422589          0.004157
   18.970000       0.546907       0.700170       0.177463       0.422582          0.004140
   18.980000       0.553860       0.695294       0.180857       0.422574          0.004122
   18.990000       0.560764       0.690406       0.184236       0.422566          0.004104
   19.000000       0.567619       0.685506       0.187599       0.422558          0.004084
   19.010000       0.574425       0.680595       0.190944       0.422549          0.004063
   19.020000       0.581182       0.675675       0.194272       0.422540          0.004042
   19.030000       0.587890       0.670745       0.197582       0.422531          0.004020
   19.040000       0.594548       0.665807       0.200872       0.422522          0.003998
   19.050000       0.601156       0.660860       0.204144       0.422512          0.003974
   19.060000       0.607715       0.655907       0.207395       0.422502          0.003950
   19.070000       0.614225       0.650946       0.210626       0.422491          0.003926
   19.080000       0.620685       0.645980       0.213836       0.422481          0.003901
   19.090000       0.627095       0.641008       0.217024       0.422470          0.003875
   19.100000       0.633455       0.636032       0.220191       0.422459          0.003849
   19.110000       0.639766       0.631051       0.223336       0.422448          0.003823
   19.120000       0.646026       0.626066       0.226458       0.422437          0.003796
   19.130000       0.652237       0.621077       0.229557       0.422425          0.003768
   19.140000       0.658398       0.616086       0.232633       0.422414          0.003741
   19.150000       0.664509       0.611092       0.235685       0.422402          0.003713
   19.160000       0.670570       0.606097       0.238713       0.422390          0.003684
   19.170000       0.676581       0.601099       0.241718       0.422378          0.003655
   19.180000       0.682542       0.596101       0.244697       0.422365          0.003626
   19.190000       0.688453       0.591101       0.247653       0.422353          0.003597
   19.200000       0.694314       0.586101       0.250583       0.422341          0.003567
   19.210000       0.700125       0.581101       0.253489       0.422328          0.003538
   19.220000       0.705886       0.576101       0.256369       0.422315          0.003508
   19.230000       0.711597       0.571102       0.259224       0.422303          0.003477
   19.240000       0.717258       0.566104       0.262053       0.422290          0.003447
   19.250000       0.722869       0.561107       0.264857       0.422277          0.003416
   19.260000       0.728430       0.556111       0.267634       0.422264          0.003386
   19.270000       0.733941       0.551117       0.270386       0.422251          0.003355
   19.280000       0.739402       0.546125       0.273112       0.422238          0.003324
   19.290000       0.744814       0.541135       0.275811       0.422225          0.003292
   19.300000       0.750175       0.536148       0.278484       0.422212          0.003261
   19.310000       0.755487       0.531163       0.281131       0.422199          0.003230
   19.320000       0.760749       0.526182       0.283752       0.422185          0.003198
   19.330000       0.765961       0.521203       0.286346       0.422172          0.003167
   19.340000       0.771123       0.516228       0.288913       0.422159          0.003135
   19.350000       0.776236       0.511256       0.291454       0.422146          0.003104
   19.360000       0.781298       0.506288       0.293969       0.422132          0.003072
   19.370000       0.786312       0.501323       0.296456       0.422119          0.003041
   19.380000       0.791275       0.496363       0.298918       0.422106          0.003009
   19.390000       0.796189       0.491406       0.301352       0.422092          0.002977
   19.400000       0.801054       0.486454       0.303760       0.422079          0.002946
   19.410000       0.805869       0.481507       0.306141       0.422066          0.002914
   19.420000       0.810635       0.476563       0.308496       0.422052          0.002882
   19.430000       0.815351       0.471625       0.310824       0.422039          0.002851
   19.440000       0.820018       0.466691       0.313125       0.422026          0.002819
   19.450000       0.824635       0.461762       0.315400       0.422012          0.002788
   19.460000       0.829204       0.456838       0.317649       0.421999          0.002756
   19.470000       0.833723       0.451919       0.319871       0.421986          0.002725
   19.480000       0.838193       0.447005       0.322066       0.421973          0.002693
   19.490000       0.842614       0.442096       0.324235       0.421960          0.002662
   19.500000       0.846986       0.437192       0.326378       0.421946          0.002631
   19.510000       0.851309       0.432294       0.328494       0.421933          0.002599
   19.520000       0.855583       0.427401       0.330584       0.421920          0.002568
   19.530000       0.859808       0.422513       0.332648       0.421907          0.002537
   19.540000       0.863984       0.417631       0.334686       0.421894          0.002506
   19.550000       0.868112       0.412755       0.336698       0.421881          0.002475
   19.560000       0.872191       0.407883       0.338684       0.421868          0.002444
   19.570000       0.876221       0.403018       0.340643       0.421855          0.002414
   19.580000       0.880202       0.398158       0.342577       0.421842          0.002383
   19.590000       0.884135       0.393303       0.344485       0.421829          0.002352
   19.600000       0.888020       0.388454       0.346368       0.421816          0.002322
   19.610000       0.891856       0.383611       0.348225       0.421804          0.002291
   19.620000       0.895644       0.378773       0.350056       0.421791          0.002261
   19.630000       0.899383       0.373941       0.351862       0.421778          0.002231
   19.640000       0.903074       0.369115       0.353642       0.421765          0.002201
   19.650000       0.906717       0.364294       0.355398       0.421753          0.002170
   19.660000       0.910312       0.359479       0.357127       0.421740          0.002141
   19.670000       0.913859       0.354670       0.358832       0.421728          0.002111
   19.680000       0.917357       0.349866       0.360512       0.421715          0.002081
   19.690000       0.920808       0.345068       0.362167       0.421703          0.002051
   19.700000       0.924211       0.340275       0.363797       0.421690          0.002022
   19.710000       0.927566       0.335488       0.365402       0.421678          0.001992
   19.720000       0.930873       0.330706       0.366982       0.421665          0.001963
   19.730000       0.934132       0.325930       0.368538       0.421653          0.001934
   19.740000       0.937344       0.321159       0.370069       0.421641          0.001905
   19.750000       0.940508       0.316394       0.371576       0.421629          0.001876
   19.760000       0.943624       0.311634       0.373059       0.421617          0.001847
   19.770000       0.946693       0.306880       0.374517       0.421604          0.001818
   19.780000       0.949714       0.302130       0.375951       0.421592          0.001789
   19.790000       0.952688       0.297386       0.377361       0.421580          0.001761
   19.800000       0.955614       0.292648       0.378747       0.421568          0.001732
   19.810000       0.958494       0.287914       0.380109       0.421556          0.001704
   19.820000       0.961325       0.283186       0.381447       0.421544          0.001676
   19.830000       0.964110       0.278462       0.382762       0.421533          0.001648
   19.840000       0.966848       0.273744       0.384053       0.421521          0.001619
   19.850000       0.969538       0.269031       0.385320       0.421509          0.001591
   19.860000       0.972181       0.264322       0.386564       0.421497          0.001564
   19.870000       0.974777       0.259619       0.387785       0.421486          0.001536
   19.880000       0.977326       0.254920       0.388982       0.421474          0.001508
   19.890000       0.979829       0.250226       0.390156       0.421462          0.001481
   19.900000       0.982284       0.245536       0.391307       0.421451          0.001453
   19.910000       0.984693       0.240852       0.392435       0.421439          0.001426
   19.920000       0.987054       0.236171       0.393539       0.421428          0.001398
   19.930000       0.989369       0.231496       0.394621       0.421416          0.001371
   19.940000       0.991638       0.226824       0.395680       0.421405          0.001344
   19.950000       0.993859       0.222157       0.396717       0.421394          0.001317
   19.960000       0.996034       0.217495       0.397730       0.421382          0.001290
   19.970000       0.998162       0.212836       0.398721       0.421371          0.001263
   19.980000       1.000244       0.208182       0.399690       0.421360          0.001237
   19.990000       1.002280       0.203531       0.400636       0.421349          0.001210
   20.000000       1.004268       0.198885       0.401560       0.421337          0.001184
   20.010000       1.006211       0.194242       0.402461       0.421326          0.001157
   20.020000       1.008107       0.189603       0.403340       0.421315          0.001131
   20.030000       1.009957       0.184968       0.404197       0.421304          0.001104
   20.040000       1.011760       0.180337       0.405032       0.421293          0.001078
   20.050000       1.013517       0.175709       0.405845       0.421282          0.001052
   20.060000       1.015228       0.171085       0.406636       0.421271          0.001026
   20.070000       1.016892       0.166464       0.407405       0.421260          0.001000
   20.080000       1.018511       0.161847       0.408152       0.421249          0.000974
   20.090000       1.020083       0.157232       0.408877       0.421238          0.000948
   20.100000       1.021609       0.152621       0.409581       0.421227          0.000922
   20.110000       1.023090       0.148013       0.410263       0.421217          0.000896
   20.120000       1.024524       0.143408       0.410923       0.421206          0.000871
   20.130000       1.025912       0.138806       0.411561       0.421195          0.000845
   20.140000       1.027254       0.134206       0.412178       0.421184          0.000819
   20.150000       1.028550       0.129610       0.412774       0.421173          0.000794
   20.160000       1.029800       0.125016       0.413348       0.421163          0.000768
   20.170000       1.031004       0.120424       0.413901       0.421152          0.000743
   20.180000       1.032163       0.115835       0.414432       0.421141          0.000718
   20.190000       1.033275       0.111249       0.414943       0.421131          0.000692
   20.200000       1.034342       0.106664       0.415431       0.421120          0.000667
   20.210000       1.035363       0.102082       0.415899       0.421109          0.000642
   20.220000       1.036338       0.097502       0.416346       0.421099          0.000617
   20.230000       1.037267       0.092924       0.416771       0.421088          0.000592
   20.240000       1.038150       0.088348       0.417175       0.421078          0.000567
   20.250000       1.038988       0.083773       0.417558       0.421067          0.000542
   20.260000       1.039780       0.079201       0.417920       0.421057          0.000517
   20.270000       1.040526       0.074630       0.418261       0.421046          0.000492
   20.280000       1.041227       0.070061       0.418581       0.421036          0.000467
   20.290000       1.041882       0.065493       0.418881       0.421025          0.000442
   20.300000       1.042491       0.060926       0.419159       0.421015          0.000417
   20.310000       1.043055       0.056361       0.419416       0.421004          0.000392
   20.320000       1.043573       0.051797       0.419652       0.420994          0.000367
   20.330000       1.044045       0.047233       0.419868       0.420983          0.000343
   20.340000       1.044472       0.042671       0.420063       0.420973          0.000318
   20.350000       1.044853       0.038110       0.420236       0.420963          0.000293
   20.360000       1.045188       0.033550       0.420389       0.420952          0.000268
   20.370000       1.045478       0.028990       0.420522       0.420942          0.000244
   20.380000       1.045723       0.024431       0.420633       0.420931          0.000219
   20.390000       1.045921       0.019872       0.420724       0.420921          0.000194
   20.400000       1.046074       0.015314       0.420793       0.420911          0.000169
   20.410000       1.046182       0.010756       0.420842       0.420900          0.000145
   20.420000       1.046244       0.006199       0.420871       0.420890          0.000120
   20.430000       1.046260       0.001641       0.420878       0.420879          0.000095
   20.440000       1.046231      -0.002916       0.420865       0.420869          0.000071
   20.450000       1.046157      -0.007474       0.420831       0.420859          0.000046
   20.460000       1.046036      -0.012031       0.420776       0.420848          0.000021
   20.470000       1.045870      -0.016589       0.420700       0.420838         -0.000003
   20.480000       1.045659      -0.021148       0.420604       0.420827         -0.000028
   20.490000       1.045402      -0.025706       0.420487       0.420817         -0.000053
   20.500000       1.045099      -0.030266       0.420349       0.420807         -0.000077
   20.510000       1.044751      -0.034825       0.420190       0.420796         -0.000102
   20.520000       1.044357      -0.039386       0.420010       0.420786         -0.000127
   20.530000       1.043918      -0.043948       0.419810       0.420775         -0.000152
   20.540000       1.043432      -0.048510       0.419588       0.420765         -0.000176
   20.550000       1.042902      -0.053073       0.419346       0.420755         -0.000201
   20.560000       1.042325      -0.057638       0.419083       0.420744         -0.000226
   20.570000       1.041703      -0.062203       0.418799       0.420734         -0.000251
   20.580000       1.041036      -0.066770       0.418494       0.420723         -0.000276
   20.590000       1.040322      -0.071339       0.418168       0.420713         -0.000301
   20.600000       1.039563      -0.075909       0.417821       0.420702         -0.000326
   20.610000       1.038758      -0.080480       0.417453       0.420692         -0.000351
   20.620000       1.037908      -0.085053       0.417064       0.420681         -0.000376
   20.630000       1.037011      -0.089628       0.416654       0.420671         -0.000401
   20.640000       1.036069      -0.094204       0.416223       0.420660         -0.000426
   20.650000       1.035082      -0.098783       0.415770       0.420649         -0.000451
   20.660000       1.034048      -0.103364       0.415297       0.420639         -0.000476
   20.670000       1.032969      -0.107946       0.414802       0.420628         -0.000502
   20.680000       1.031843      -0.112531       0.414286       0.420618         -0.000527
   20.690000       1.030672      -0.117119       0.413749       0.420607         -0.000552
   20.700000       1.029455      -0.121708       0.413190       0.420596         -0.000578
   20.710000       1.028192      -0.126301       0.412610       0.420586         -0.000603
   20.720000       1.026883      -0.130895       0.412008       0.420575         -0.000628
   20.730000       1.025528      -0.135493       0.411385       0.420564         -0.000654
   20.740000       1.024127      -0.140093       0.410740       0.420553         -0.000680
   20.750000       1.022680      -0.144696       0.410074       0.420542         -0.000705
   20.760000       1.021187      -0.149302       0.409386       0.420532         -0.000731
   20.770000       1.019648      -0.153911       0.408677       0.420521         -0.000757
   20.780000       1.018063      -0.158523       0.407945       0.420510         -0.000783
   20.790000       1.016431      -0.163138       0.407192       0.420499         -0.000809
   20.800000       1.014754      -0.167757       0.406417       0.420488         -0.000835
   20.810000       1.013030      -0.172378       0.405620       0.420477         -0.000861
   20.820000       1.011260      -0.177004       0.404801       0.420466         -0.000887
   20.830000       1.009444      -0.181632       0.403960       0.420455         -0.000913
   20.840000       1.007581      -0.186265       0.403097       0.420444         -0.000939
   20.850000       1.005672      -0.190901       0.402211       0.420433         -0.000966
   20.860000       1.003717      -0.195541       0.401304       0.420422         -0.000992
   20.870000       1.001715      -0.200184       0.400374       0.420411         -0.001019
   20.880000       0.999666      -0.204832       0.399421       0.420399         -0.001045
   20.890000       0.997572      -0.209483       0.398446       0.420388         -0.001072
   20.900000       0.995430      -0.214139       0.397449       0.420377         -0.001099
   20.910000       0.993242      -0.218799       0.396429       0.420365         -0.001126
   20.920000       0.991008      -0.223463       0.395386       0.420354         -0.001153
   20.930000       0.988726      -0.228131       0.394321       0.420343         -0.001180
   20.940000       0.986398      -0.232803       0.393233       0.420331         -0.001207
   20.950000       0.984024      -0.237480       0.392121       0.420320         -0.001234
   20.960000       0.981602      -0.242162       0.390987       0.420308         -0.001262
   20.970000       0.979133      -0.246848       0.389830       0.420297         -0.001289
   20.980000       0.976618      -0.251539       0.388649       0.420285         -0.001317
   20.990000       0.974056      -0.256234       0.387446       0.420274         -0.001344
   21.000000       0.971446      -0.260934       0.386219       0.420262         -0.001372
   21.010000       0.968790      -0.265639       0.384968       0.420250         -0.001400
   21.020000       0.966086      -0.270349       0.383694       0.420238         -0.001428
   21.030000       0.963336      -0.275064       0.382397       0.420227         -0.001456
   21.040000       0.960538      -0.279783       0.381075       0.420215         -0.001484
   21.050000       0.957693      -0.284508       0.379730       0.420203         -0.001512
   21.060000       0.954801      -0.289238       0.378362       0.420191         -0.001541
   21.070000       0.951861      -0.293973       0.376969       0.420179         -0.001569
   21.080000       0.948874      -0.298713       0.375552       0.420167         -0.001598
   21.090000       0.945839      -0.303458       0.374111       0.420155         -0.001626
   21.100000       0.942757      -0.308209       0.372646       0.420143         -0.001655
   21.110000       0.939627      -0.312965       0.371157       0.420131         -0.001684
   21.120000       0.936450      -0.317727       0.369643       0.420118         -0.001713
   21.130000       0.933225      -0.322493       0.368105       0.420106         -0.001742
   21.140000       0.929952      -0.327266       0.366543       0.420094         -0.001771
   21.150000       0.926632      -0.332043       0.364955       0.420082         -0.001801
   21.160000       0.923264      -0.336826       0.363343       0.420069         -0.001830
   21.170000       0.919848      -0.341615       0.361706       0.420057         -0.001859
   21.180000       0.916384      -0.346409       0.360045       0.420044         -0.001889
   21.190000       0.912871      -0.351209       0.358358       0.420032         -0.001919
   21.200000       0.909311      -0.356015       0.356646       0.420019         -0.001949
   21.210000       0.905703      -0.360826       0.354909       0.420007         -0.001978
   21.220000       0.902047      -0.365642       0.353147       0.419994         -0.002008
   21.230000       0.898342      -0.370465       0.351359       0.419981         -0.002039
   21.240000       0.894589      -0.375293       0.349546       0.419969         -0.002069
   21.250000       0.890788      -0.380126       0.347708       0.419956         -0.002099
   21.260000       0.886938      -0.384965       0.345844       0.419943         -0.002130
   21.270000       0.883040      -0.389810       0.343954       0.419930         -0.002160
   21.280000       0.879093      -0.394661       0.342039       0.419917         -0.002191
   21.290000       0.875098      -0.399517       0.340098       0.419904         -0.002221
   21.300000       0.871054      -0.404378       0.338131       0.419892         -0.002252
   21.310000       0.866962      -0.409246       0.336138       0.419879         -0.002283
   21.320000       0.862821      -0.414118       0.334119       0.419866         -0.002314
   21.330000       0.858631      -0.418997       0.332073       0.419853         -0.002345
   21.340000       0.854392      -0.423880       0.330002       0.419839         -0.002376
   21.350000       0.850104      -0.428769       0.327905       0.419826         -0.002407
   21.360000       0.845768      -0.433664       0.325781       0.419813         -0.002438
   21.370000       0.841382      -0.438564       0.323631       0.419800         -0.002470
   21.380000       0.836947      -0.443469       0.321455       0.419787         -0.002501
   21.390000       0.832464      -0.448379       0.319252       0.419774         -0.002532
   21.400000       0.827931      -0.453294       0.317022       0.419760         -0.002564
   21.410000       0.823349      -0.458215       0.314767       0.419747         -0.002595
   21.420000       0.818717      -0.463140       0.312484       0.419734         -0.002627
   21.430000       0.814036      -0.468071       0.310175       0.419721         -0.002658
   21.440000       0.809306      -0.473006       0.307840       0.419707         -0.002690
   21.450000       0.804527      -0.477946       0.305478       0.419694         -0.002721
   21.460000       0.799698      -0.482890       0.303089       0.419681         -0.002753
   21.470000       0.794820      -0.487839       0.300674       0.419667         -0.002785
   21.480000       0.789892      -0.492793       0.298232       0.419654         -0.002816
   21.490000       0.784914      -0.497750       0.295763       0.419641         -0.002848
   21.500000       0.779887      -0.502712       0.293268       0.419627         -0.002880
   21.510000       0.774810      -0.507677       0.290746       0.419614         -0.002911
   21.520000       0.769684      -0.512646       0.288198       0.419601         -0.002943
   21.530000       0.764508      -0.517619       0.285623       0.419588         -0.002974
   21.540000       0.759282      -0.522595       0.283021       0.419574         -0.003006
   21.550000       0.754006      -0.527575       0.280393       0.419561         -0.003037
   21.560000       0.748680      -0.532558       0.277739       0.419548         -0.003068
   21.570000       0.743305      -0.537543       0.275059       0.419535         -0.003100
   21.580000       0.737880      -0.542531       0.272352       0.419522         -0.003131
   21.590000       0.732404      -0.547521       0.269619       0.419509         -0.003162
   21.600000       0.726879      -0.552514       0.266860       0.419496         -0.003193
   21.610000       0.721304      -0.557508       0.264075       0.419483         -0.003223
   21.620000       0.715679      -0.562505       0.261264       0.419470         -0.003254
   21.630000       0.710004      -0.567502       0.258428       0.419457         -0.003285
   21.640000       0.704279      -0.572501       0.255566       0.419444         -0.003315
   21.650000       0.698504      -0.577500       0.252678       0.419432         -0.003345
   21.660000       0.692679      -0.582500       0.249766       0.419419         -0.003375
   21.670000       0.686804      -0.587500       0.246829       0.419407         -0.003404
   21.680000       0.680879      -0.592500       0.243866       0.419394         -0.003434
   21.690000       0.674904      -0.597499       0.240879       0.419382         -0.003463
   21.700000       0.668879      -0.602497       0.237868       0.419370         -0.003491
   21.710000       0.662804      -0.607494       0.234833       0.419358         -0.003520
   21.720000       0.656679      -0.612490       0.231774       0.419346         -0.003548
   21.730000       0.650504      -0.617483       0.228692       0.419334         -0.003576
   21.740000       0.644280      -0.622473       0.225586       0.419323         -0.003603
   21.750000       0.638005      -0.627461       0.222458       0.419312         -0.003630
   21.760000       0.631681      -0.632445       0.219307       0.419300         -0.003657
   21.770000       0.625306      -0.637424       0.216134       0.419289         -0.003683
   21.780000       0.618882      -0.642400       0.212940       0.419279         -0.003708
   21.790000       0.612409      -0.647370       0.209724       0.419268         -0.003734
   21.800000       0.605885      -0.652335       0.206487       0.419258         -0.003758
   21.810000       0.599312      -0.657293       0.203230       0.419248         -0.003782
   21.820000       0.592690      -0.662245       0.199954       0.419238         -0.003805
   21.830000       0.586018      -0.667189       0.196658       0.419228         -0.003828
   21.840000       0.579297      -0.672125       0.193343       0.419219         -0.003850
   21.850000       0.572526      -0.677052       0.190010       0.419210         -0.003871
   21.860000       0.565707      -0.681970       0.186660       0.419201         -0.003892
   21.870000       0.558838      -0.686878       0.183293       0.419193         -0.003912
   21.880000       0.551920      -0.691774       0.179909       0.419185         -0.003931
   21.890000       0.544954      -0.696659       0.176510       0.419177         -0.003949
   21.900000       0.537938      -0.701532       0.173097       0.419170         -0.003966
   21.910000       0.530874      -0.706391       0.169669       0.419163         -0.003982
   21.920000       0.523762      -0.711236       0.166229       0.419157         -0.003997
   21.930000       0.516601      -0.716065       0.162776       0.419151         -0.004012
   21.940000       0.509393      -0.720879       0.159312       0.419146         -0.004025
   21.950000       0.502136      -0.725675       0.155838       0.419141         -0.004036
   21.960000       0.494831      -0.730454       0.152355       0.419136         -0.004047
   21.970000       0.487479      -0.735213       0.148863       0.419132         -0.004057
   21.980000       0.480080      -0.739953       0.145364       0.419129         -0.004065
   21.990000       0.472633      -0.744671       0.141859       0.419126         -0.004072
   22.000000       0.465139      -0.749366       0.138349       0.419124         -0.004077
   22.010000       0.457599      -0.754039       0.134835       0.419122         -0.004081
   22.020000       0.450012      -0.758686       0.131319       0.419121         -0.004083
   22.030000       0.442379      -0.763307       0.127802       0.419121         -0.004084
   22.040000       0.434700      -0.767901       0.124285       0.419121         -0.004083
   22.050000       0.426975      -0.772466       0.120770       0.419122         -0.004080
   22.060000       0.419205      -0.777001       0.117259       0.419124         -0.004076
   22.070000       0.411390      -0.781504       0.113752       0.419127         -0.004069
   22.080000       0.403530      -0.785975       0.110252       0.419130         -0.004061
   22.090000       0.395626      -0.790411       0.106760       0.419135         -0.004051
   22.100000       0.387678      -0.794810       0.103278       0.419140         -0.004038
   22.110000       0.379686      -0.799172       0.099808       0.419146         -0.004024
   22.120000       0.371652      -0.803494       0.096352       0.419153         -0.004007
   22.130000       0.363574      -0.807775       0.092911       0.419161         -0.003987
   22.140000       0.355454      -0.812013       0.089487       0.419170         -0.003966
   22.150000       0.347292      -0.816207       0.086084       0.419181         -0.003941
   22.160000       0.339088      -0.820353       0.082702       0.419192         -0.003915
   22.170000       0.330844      -0.824451       0.079345       0.419204         -0.003885
   22.180000       0.322559      -0.828497       0.076014       0.419218         -0.003853
   22.190000       0.314234      -0.832491       0.072712       0.419233         -0.003818
   22.200000       0.305869      -0.836430       0.069441       0.419249         -0.003779
   22.210000       0.297466      -0.840311       0.066204       0.419266         -0.003738
   22.220000       0.289025      -0.844133       0.063004       0.419285         -0.003694
   22.230000       0.280546      -0.847893       0.059843       0.419305         -0.003646
   22.240000       0.272030      -0.851589       0.056724       0.419326         -0.003595
   22.250000       0.263478      -0.855218       0.053650       0.419349         -0.003541
   22.260000       0.254890      -0.858778       0.050624       0.419374         -0.003483
   22.270000       0.246267      -0.862265       0.047649       0.419400         -0.003421
   22.280000       0.237611      -0.865678       0.044728       0.419427         -0.003355
   22.290000       0.228921      -0.869013       0.041865       0.419456         -0.003286
   22.300000       0.220198      -0.872268       0.039062       0.419487         -0.003213
   22.310000       0.211443      -0.875439       0.036323       0.419520         -0.003136
   22.320000       0.202658      -0.878525       0.033651       0.419554         -0.003054
   22.330000       0.193843      -0.881521       0.031051       0.419590         -0.002968
   22.340000       0.184999      -0.884424       0.028525       0.419628         -0.002878
   22.350000       0.176126      -0.887231       0.026078       0.419668         -0.002783
   22.360000       0.167227      -0.889939       0.023714       0.419710         -0.002684
   22.370000       0.158302      -0.892545       0.021435       0.419753         -0.002580
   22.380000       0.149351      -0.895044       0.019247       0.419799         -0.002472
   22.390000       0.140377      -0.897434       0.017153       0.419847         -0.002358
   22.400000       0.131380      -0.899710       0.015157       0.419897         -0.002240
   22.410000       0.122361      -0.901870       0.013264       0.419949         -0.002116
   22.420000       0.113322      -0.903908       0.011478       0.420003         -0.001987
   22.430000       0.104264      -0.905821       0.009803       0.420059         -0.001854
   22.440000       0.095188      -0.907605       0.008244       0.420118         -0.001715
   22.450000       0.086095      -0.909256       0.006805       0.420178         -0.001570
   22.460000       0.076987      -0.910770       0.005491       0.420241         -0.001420
   22.470000       0.067866      -0.912142       0.004305       0.420307         -0.001265
   22.480000       0.058732      -0.913368       0.003254       0.420374         -0.001105
   22.490000       0.049588      -0.914444       0.002340       0.420444         -0.000938
   22.500000       0.040434      -0.915365       0.001570       0.420517         -0.000767
   22.510000       0.031273      -0.916126       0.000948       0.420591         -0.000589
   22.520000       0.022106      -0.916723       0.000478       0.420668         -0.000406
   22.530000       0.012934      -0.917150       0.000165       0.420748         -0.000218
   22.540000       0.003760      -0.917404       0.000014       0.420829         -0.000024
   22.550000      -0.005415      -0.917479       0.000029       0.420913          0.000176
   22.560000      -0.014588      -0.917370       0.000216       0.421000          0.000381
   22.570000      -0.023759      -0.917072       0.000578       0.421088          0.000591
   22.580000      -0.032925      -0.916579       0.001120       0.421179          0.000807
   22.590000      -0.042084      -0.915887       0.001847       0.421272          0.001029
   22.600000      -0.051234      -0.914991       0.002763       0.421367          0.001255
   22.610000      -0.060372      -0.913884       0.003873       0.421465          0.001486
   22.620000      -0.069498      -0.912562       0.005180       0.421564          0.001723
   22.630000      -0.078608      -0.911019       0.006688       0.421666          0.001964
   22.640000      -0.087701      -0.909250       0.008402       0.421769          0.002210
   22.650000      -0.096773      -0.907248       0.010325       0.421874          0.002460
   22.660000      -0.105823      -0.905010       0.012460       0.421981          0.002714
   22.670000      -0.114849      -0.902528       0.014812       0.422090          0.002972
   22.680000      -0.123846      -0.899798       0.017382       0.422200          0.003234
   22.690000      -0.132815      -0.896813       0.020175       0.422312          0.003499
   22.700000      -0.141750      -0.893569       0.023192       0.422425          0.003767
   22.710000      -0.150651      -0.890059       0.026436       0.422538          0.004037
   22.720000      -0.159514      -0.886279       0.029908       0.422653          0.004310
   22.730000      -0.168336      -0.882222       0.033611       0.422769          0.004585
   22.740000      -0.177115      -0.877883       0.037546       0.422885          0.004861
   22.750000      -0.185847      -0.873256       0.041713       0.423002          0.005138
   22.760000      -0.194531      -0.868337       0.046114       0.423119          0.005416
   22.770000      -0.203162      -0.863120       0.050747       0.423235          0.005693
   22.780000      -0.211738      -0.857600       0.055613       0.423352          0.005970
   22.790000      -0.220256      -0.851771       0.060711       0.423468          0.006246
   22.800000      -0.228712      -0.845629       0.066039       0.423583          0.006520
   22.810000      -0.237104      -0.839169       0.071595       0.423697          0.006791
   22.820000      -0.245427      -0.832385       0.077377       0.423810          0.007059
   22.830000      -0.253680      -0.825275       0.083382       0.423921          0.007323
   22.840000      -0.261858      -0.817832       0.089606       0.424030          0.007583
   22.850000      -0.269959      -0.810053       0.096045       0.424137          0.007837
   22.860000      -0.277978      -0.801934       0.102693       0.424242          0.008085
   22.870000      -0.285913      -0.793471       0.109546       0.424343          0.008327
   22.880000      -0.293760      -0.784660       0.116596       0.424442          0.008560
   22.890000      -0.301515      -0.775499       0.123837       0.424536          0.008785
   22.900000      -0.309174      -0.765984       0.131261       0.424627          0.009001
   22.910000      -0.316736      -0.756113       0.138860       0.424714          0.009206
   22.920000      -0.324194      -0.745883       0.146625       0.424796          0.009401
   22.930000      -0.331547      -0.735292       0.154545       0.424872          0.009583
   22.940000      -0.338791      -0.724339       0.162610       0.424944          0.009753
   22.950000      -0.345921      -0.713022       0.170809       0.425009          0.009909
   22.960000      -0.352934      -0.701340       0.179130       0.425069          0.010050
   22.970000      -0.359827      -0.689292       0.187560       0.425122          0.010176
   22.980000      -0.366596      -0.676879       0.196085       0.425168          0.010286
   22.990000      -0.373237      -0.664101       0.204692       0.425207          0.010379
   23.000000      -0.379747      -0.650959       0.213365       0.425239          0.010454
   23.010000      -0.386121      -0.637453       0.222089       0.425262          0.010510
   23.020000      -0.392357      -0.623586       0.230848       0.425278          0.010547
   23.030000      -0.398451      -0.609360       0.239625       0.425285          0.010564
   23.040000      -0.404398      -0.594777       0.248403       0.425283          0.010560
   23.050000      -0.410197      -0.579841       0.257165       0.425273          0.010535
   23.060000      -0.415842      -0.564556       0.265892       0.425253          0.010489
   23.070000      -0.421332      -0.548925       0.274565       0.425224          0.010420
   23.080000      -0.426661      -0.532954       0.283166       0.425186          0.010328
   23.090000      -0.431828      -0.516648       0.291675       0.425138          0.010214
   23.100000      -0.436828      -0.500013       0.300073       0.425080          0.010076
   23.110000      -0.441658      -0.483056       0.308341       0.425012          0.009915
   23.120000      -0.446316      -0.465783       0.316457       0.424934          0.009731
   23.130000      -0.450798      -0.448203       0.324404       0.424847          0.009523
   23.140000      -0.455101      -0.430324       0.332160       0.424749          0.009291
   23.150000      -0.459223      -0.412154       0.339707       0.424642          0.009036
   23.160000      -0.463160      -0.393703       0.347024       0.424525          0.008758
   23.170000      -0.466910      -0.374981       0.354094       0.424399          0.008458
   23.180000      -0.470470      -0.355998       0.360896       0.424263          0.008135
   23.190000      -0.473837      -0.336765       0.367413       0.424118          0.007791
   23.200000      -0.477010      -0.317294       0.373627       0.423964          0.007426
   23.210000      -0.479986      -0.297596       0.379521       0.423802          0.007040
   23.220000      -0.482763      -0.277685       0.385077       0.423632          0.006636
   23.230000      -0.485339      -0.257572       0.390282       0.423454          0.006212
   23.240000      -0.487712      -0.237272       0.395119       0.423268          0.005772
   23.250000      -0.489880      -0.216798       0.399575       0.423076          0.005315
   23.260000      -0.491841      -0.196164       0.403637       0.422877          0.004843
   23.270000      -0.493595      -0.175385       0.407293       0.422673          0.004357
   23.280000      -0.495140      -0.154475       0.410532       0.422463          0.003859
   23.290000      -0.496474      -0.133450       0.413344       0.422249          0.003349
   23.300000      -0.497598      -0.112324       0.415722       0.422030          0.002831
   23.310000      -0.498509      -0.091115       0.417658       0.421809          0.002303
   23.320000      -0.499207      -0.069836       0.419146       0.421584          0.001770
   23.330000      -0.499692      -0.048505       0.420181       0.421358          0.001231
   23.340000      -0.499964      -0.027137       0.420761       0.421129          0.000690
   23.350000      -0.500021      -0.005749       0.420884       0.420901          0.000146
   23.360000      -0.499865       0.015644       0.420550       0.420672         -0.000397
   23.370000      -0.499494       0.037025       0.419759       0.420444         -0.000939
   23.380000      -0.498911       0.058378       0.418513       0.420217         -0.001478
   23.390000      -0.498114       0.079687       0.416818       0.419993         -0.002012
   23.400000      -0.497104       0.100935       0.414677       0.419771         -0.002539
   23.410000      -0.495883       0.122108       0.412097       0.419552         -0.003058
   23.420000      -0.494451       0.143189       0.409086       0.419338         -0.003568
   23.430000      -0.492810       0.164163       0.405653       0.419128         -0.004067
   23.440000      -0.490960       0.185014       0.401808       0.418923         -0.004553
   23.450000      -0.488902       0.205728       0.397562       0.418724         -0.005026
   23.460000      -0.486639       0.226289       0.392928       0.418532         -0.005483
   23.470000      -0.484173       0.246685       0.387919       0.418346         -0.005925
   23.480000      -0.481504       0.266900       0.382550       0.418168         -0.006349
   23.490000      -0.478634       0.286921       0.376835       0.417997         -0.006754
   23.500000      -0.475567       0.306735       0.370791       0.417834         -0.007140
   23.510000      -0.472304       0.326329       0.364435       0.417680         -0.007506
   23.520000      -0.468847       0.345692       0.357784       0.417535         -0.007852
   23.530000      -0.465199       0.364810       0.350855       0.417399         -0.008175
   23.540000      -0.461362       0.383674       0.343669       0.417272         -0.008477
   23.550000      -0.457339       0.402272       0.336243       0.417155         -0.008756
   23.560000      -0.453133       0.420594       0.328597       0.417047         -0.009012
   23.570000      -0.448747       0.438631       0.320750       0.416949         -0.009244
   23.580000      -0.444183       0.456373       0.312723       0.416861         -0.009454
   23.590000      -0.439445       0.473812       0.304534       0.416783         -0.009639
   23.600000      -0.434536       0.490939       0.296204       0.416714         -0.009802
   23.610000      -0.429458       0.507748       0.287752       0.416656         -0.009941
   23.620000      -0.424216       0.524232       0.279198       0.416607         -0.010056
   23.630000      -0.418812       0.540384       0.270561       0.416568         -0.010149
   23.640000      -0.413250       0.556198       0.261861       0.416539         -0.010219
   23.650000      -0.407533       0.571670       0.253115       0.416518         -0.010267
   23.660000      -0.401665       0.586794       0.244344       0.416507         -0.010294
   23.670000      -0.395650       0.601567       0.235564       0.416505         -0.010299
   23.680000      -0.389490       0.615985       0.226793       0.416512         -0.010283
   23.690000      -0.383190       0.630046       0.218048       0.416527         -0.010247
   23.700000      -0.376752       0.643746       0.209345       0.416550         -0.010193
   23.710000      -0.370181       0.657084       0.200701       0.416581         -0.010119
   23.720000      -0.363481       0.670058       0.192131       0.416619         -0.010028
   23.730000      -0.356654       0.682667       0.183648       0.416665         -0.009920
   23.740000      -0.349705       0.694911       0.175267       0.416717         -0.009795
   23.750000      -0.342637       0.706789       0.167001       0.416776         -0.009655
   23.760000      -0.335454       0.718302       0.158862       0.416841         -0.009501
   23.770000      -0.328159       0.729451       0.150863       0.416912         -0.009333
   23.780000      -0.320757       0.740236       0.143013       0.416988         -0.009152
   23.790000      -0.313250       0.750660       0.135324       0.417069         -0.008959
   23.800000      -0.305643       0.760724       0.127805       0.417155         -0.008755
   23.810000      -0.297939       0.770430       0.120464       0.417245         -0.008540
   23.820000      -0.290141       0.779781       0.113310       0.417339         -0.008317
   23.830000      -0.282253       0.788779       0.106351       0.417437         -0.008084
   23.840000      -0.274279       0.797428       0.099592       0.417538         -0.007845
   23.850000      -0.266222       0.805732       0.093040       0.417642         -0.007598
   23.860000      -0.258085       0.813693       0.086700       0.417748         -0.007345
   23.870000      -0.249872       0.821316       0.080577       0.417857         -0.007087
   23.880000      -0.241586       0.828605       0.074675       0.417968         -0.006824
   23.890000      -0.233230       0.835564       0.068996       0.418080         -0.006557
   23.900000      -0.224808       0.842197       0.063545       0.418193         -0.006287
   23.910000      -0.216323       0.848510       0.058324       0.418308         -0.006015
   23.920000      -0.207778       0.854506       0.053333       0.418424         -0.005740
   23.930000      -0.199176       0.860192       0.048575       0.418540         -0.005465
   23.940000      -0.190520       0.865571       0.044049       0.418656         -0.005188
   23.950000      -0.181814       0.870650       0.039757       0.418772         -0.004912
   23.960000      -0.173059       0.875433       0.035697       0.418888         -0.004636
   23.970000      -0.164260       0.879925       0.031870       0.419004         -0.004361
   23.980000      -0.155419       0.884133       0.028273       0.419119         -0.004088
   23.990000      -0.146538       0.888061       0.024907       0.419233         -0.003816
   24.000000      -0.137621       0.891716       0.021768       0.419347         -0.003546
   24.010000      -0.128670       0.895102       0.018855       0.419459         -0.003279
   24.020000      -0.119688       0.898226       0.016166       0.419570         -0.003015
   24.030000      -0.110677       0.901092       0.013697       0.419680         -0.002754
   24.040000      -0.101640       0.903706       0.011446       0.419788         -0.002497
   24.050000      -0.092579       0.906075       0.009409       0.419895         -0.002244
   24.060000      -0.083497       0.908203       0.007583       0.420000         -0.001995
   24.070000      -0.074396       0.910097       0.005965       0.420103         -0.001750
   24.080000      -0.065278       0.911760       0.004550       0.420204         -0.001510
   24.090000      -0.056146       0.913201       0.003335       0.420303         -0.001274
   24.100000      -0.047002       0.914422       0.002316       0.420400         -0.001044
   24.110000      -0.037848       0.915431       0.001488       0.420495         -0.000818
   24.120000      -0.028686       0.916232       0.000847       0.420588         -0.000598
   24.130000      -0.019517       0.916831       0.000388       0.420678         -0.000383
   24.140000      -0.010345       0.917233       0.000108       0.420767         -0.000173
   24.150000      -0.001170       0.917443       0.000001       0.420853          0.000032
   24.160000       0.008004       0.917467       0.000064       0.420936          0.000230
   24.170000       0.017177       0.917309       0.000290       0.421018          0.000424
   24.180000       0.026347       0.916974       0.000676       0.421097          0.000612
   24.190000       0.035512       0.916467       0.001217       0.421173          0.000794
   24.200000       0.044670       0.915794       0.001909       0.421248          0.000971
   24.210000       0.053819       0.914958       0.002745       0.421320          0.001142
   24.220000       0.062959       0.913965       0.003723       0.421390          0.001307
   24.230000       0.072087       0.912819       0.004837       0.421457          0.001468
   24.240000       0.081202       0.911525       0.006083       0.421522          0.001622
   24.250000       0.090303       0.910087       0.007456       0.421585          0.001771
   24.260000       0.099388       0.908509       0.008951       0.421645          0.001915
   24.270000       0.108456       0.906796       0.010564       0.421704          0.002054
   24.280000       0.117506       0.904952       0.012291       0.421760          0.002187
   24.290000       0.126536       0.902980       0.014127       0.421814          0.002315
   24.300000       0.135544       0.900886       0.016068       0.421865          0.002438
   24.310000       0.144531       0.898672       0.018110       0.421915          0.002556
   24.320000       0.153495       0.896343       0.020248       0.421963          0.002669
   24.330000       0.162434       0.893902       0.022478       0.422008          0.002778
   24.340000       0.171347       0.891353       0.024797       0.422052          0.002881
   24.350000       0.180234       0.888699       0.027200       0.422093          0.002980
   24.360000       0.189094       0.885945       0.029684       0.422133          0.003074
   24.370000       0.197924       0.883092       0.032245       0.422171          0.003164
   24.380000       0.206726       0.880146       0.034878       0.422207          0.003250
   24.390000       0.215497       0.877108       0.037581       0.422241          0.003331
   24.400000       0.224237       0.873983       0.040350       0.422273          0.003408
   24.410000       0.232945       0.870772       0.043182       0.422304          0.003481
   24.420000       0.241619       0.867480       0.046072       0.422333          0.003550
   24.430000       0.250260       0.864109       0.049019       0.422361          0.003615
   24.440000       0.258867       0.860661       0.052018       0.422386          0.003676
   24.450000       0.267438       0.857140       0.055067       0.422411          0.003734
   24.460000       0.275974       0.853548       0.058162       0.422434          0.003788
   24.470000       0.284473       0.849888       0.061300       0.422455          0.003839
   24.480000       0.292934       0.846162       0.064480       0.422475          0.003887
   24.490000       0.301358       0.842373       0.067697       0.422493          0.003931
   24.500000       0.309743       0.838523       0.070950       0.422511          0.003972
   24.510000       0.318090       0.834615       0.074236       0.422527          0.004010
   24.520000       0.326396       0.830650       0.077551       0.422541          0.004045
   24.530000       0.334662       0.826632       0.080895       0.422555          0.004077
   24.540000       0.342888       0.822561       0.084264       0.422567          0.004106
   24.550000       0.351072       0.818441       0.087656       0.422579          0.004133
   24.560000       0.359215       0.814273       0.091069       0.422589          0.004157
   24.570000       0.367316       0.810058       0.094500       0.422598          0.004178
   24.580000       0.375374       0.805800       0.097949       0.422606          0.004197
   24.590000       0.383389       0.801500       0.101412       0.422613          0.004214
   24.600000       0.391360       0.797159       0.104888       0.422619          0.004229
   24.610000       0.399288       0.792780       0.108374       0.422624          0.004241
   24.620000       0.407172       0.788363       0.111870       0.422628          0.004251
   24.630000       0.415011       0.783911       0.115374       0.422632          0.004259
   24.640000       0.422805       0.779425       0.118883       0.422634          0.004266
   24.650000       0.430554       0.774907       0.122396       0.422636          0.004270
   24.660000       0.438258       0.770358       0.125912       0.422637          0.004273
   24.670000       0.445916       0.765779       0.129429       0.422638          0.004274
   24.680000       0.453527       0.761173       0.132946       0.422637          0.004273
   24.690000       0.461093       0.756539       0.136461       0.422636          0.004270
   24.700000       0.468611       0.751880       0.139973       0.422635          0.004266
   24.710000       0.476083       0.747197       0.143481       0.422632          0.004261
   24.720000       0.483508       0.742491       0.146983       0.422630          0.004254
   24.730000       0.490886       0.737763       0.150479       0.422626          0.004246
   24.740000       0.498216       0.733014       0.153967       0.422622          0.004236
   24.750000       0.505499       0.728246       0.157446       0.422617          0.004225
   24.760000       0.512733       0.723459       0.160916       0.422612          0.004213
   24.770000       0.519920       0.718654       0.164375       0.422607          0.004200
   24.780000       0.527058       0.713833       0.167822       0.422601          0.004186
   24.790000       0.534148       0.708996       0.171257       0.422594          0.004171
   24.800000       0.541189       0.704145       0.174678       0.422588          0.004154
   24.810000       0.548182       0.699280       0.178084       0.422580          0.004137
   24.820000       0.555126       0.694401       0.181476       0.422573          0.004119
   24.830000       0.562021       0.689511       0.184852       0.422565          0.004100
   24.840000       0.568867       0.684609       0.188212       0.422556          0.004080
   24.850000       0.575664       0.679697       0.191554       0.422548          0.004060
   24.860000       0.582412       0.674774       0.194879       0.422539          0.004038
   24.870000       0.589111       0.669843       0.198185       0.422529          0.004016
   24.880000       0.595760       0.664903       0.201472       0.422520          0.003993
   24.890000       0.602359       0.659955       0.204740       0.422510          0.003970
   24.900000       0.608909       0.655000       0.207987       0.422500          0.003946
   24.910000       0.615410       0.650039       0.211214       0.422490          0.003921
   24.920000       0.621860       0.645072       0.214420       0.422479          0.003896
   24.930000       0.628261       0.640099       0.217605       0.422468          0.003871
   24.940000       0.634612       0.635121       0.220768       0.422457          0.003844
   24.950000       0.640914       0.630140       0.223908       0.422446          0.003818
   24.960000       0.647165       0.625154       0.227026       0.422435          0.003791
   24.970000       0.653367       0.620165       0.230121       0.422423          0.003763
   24.980000       0.659519       0.615173       0.233192       0.422411          0.003736
   24.990000       0.665621       0.610179       0.236240       0.422400          0.003707
   25.000000       0.671672       0.605183       0.239264       0.422388          0.003679
   25.010000       0.677674       0.600185       0.242264       0.422375          0.003650
   25.020000       0.683626       0.595187       0.245240       0.422363          0.003621
   25.030000       0.689528       0.590187       0.248190       0.422351          0.003592
   25.040000       0.695380       0.585187       0.251116       0.422338          0.003562
   25.050000       0.701182       0.580187       0.254017       0.422326          0.003532
   25.060000       0.706934       0.575187       0.256893       0.422313          0.003502
   25.070000       0.712635       0.570188       0.259743       0.422300          0.003472
   25.080000       0.718287       0.565190       0.262568       0.422288          0.003441
   25.090000       0.723889       0.560193       0.265366       0.422275          0.003411
   25.100000       0.729441       0.555198       0.268139       0.422262          0.003380
   25.110000       0.734943       0.550204       0.270886       0.422249          0.003349
   25.120000       0.740395       0.545213       0.273607       0.422236          0.003318
   25.130000       0.745798       0.540223       0.276302       0.422222          0.003287
   25.140000       0.751150       0.535236       0.278970       0.422209          0.003255
   25.150000       0.756453       0.530252       0.281612       0.422196          0.003224
   25.160000       0.761705       0.525271       0.284228       0.422183          0.003193
   25.170000       0.766908       0.520293       0.286817       0.422170          0.003161
   25.180000       0.772061       0.515318       0.289380       0.422156          0.003130
   25.190000       0.777165       0.510347       0.291916       0.422143          0.003098
   25.200000       0.782219       0.505380       0.294426       0.422130          0.003067
   25.210000       0.787223       0.500416       0.296908       0.422116          0.003035
   25.220000       0.792177       0.495456       0.299365       0.422103          0.003003
   25.230000       0.797082       0.490501       0.301794       0.422090          0.002972
   25.240000       0.801938       0.485549       0.304197       0.422077          0.002940
   25.250000       0.806744       0.480603       0.306574       0.422063          0.002908
   25.260000       0.811501       0.475660       0.308924       0.422050          0.002877
   25.270000       0.816208       0.470722       0.311247       0.422037          0.002845
   25.280000       0.820866       0.465790       0.313543       0.422023          0.002814
   25.290000       0.825474       0.460861       0.315813       0.422010          0.002782
   25.300000       0.830034       0.455938       0.318057       0.421997          0.002750
   25.310000       0.834544       0.451020       0.320274       0.421984          0.002719
   25.320000       0.839005       0.446107       0.322465       0.421970          0.002688
   25.330000       0.843417       0.441199       0.324629       0.421957          0.002656
   25.340000       0.847780       0.436296       0.326767       0.421944          0.002625
   25.350000       0.852094       0.431399       0.328878       0.421931          0.002594
   25.360000       0.856359       0.426507       0.330964       0.421918          0.002563
   25.370000       0.860575       0.421620       0.333023       0.421905          0.002531
   25.380000       0.864743       0.416739       0.335056       0.421892          0.002500
   25.390000       0.868861       0.411864       0.337063       0.421879          0.002470
   25.400000       0.872931       0.406993       0.339044       0.421866          0.002439
   25.410000       0.876952       0.402129       0.340999       0.421853          0.002408
   25.420000       0.880925       0.397270       0.342928       0.421840          0.002377
   25.430000       0.884849       0.392416       0.344832       0.421827          0.002347
   25.440000       0.888725       0.387568       0.346709       0.421814          0.002316
   25.450000       0.892552       0.382726       0.348562       0.421801          0.002286
   25.460000       0.896331       0.377890       0.350388       0.421788          0.002255
   25.470000       0.900062       0.373059       0.352189       0.421776          0.002225
   25.480000       0.903744       0.368233       0.353965       0.421763          0.002195
   25.490000       0.907378       0.363414       0.355716       0.421750          0.002165
   25.500000       0.910964       0.358600       0.357441       0.421738          0.002135
   25.510000       0.914502       0.353791       0.359141       0.421725          0.002105
   25.520000       0.917992       0.348988       0.360816       0.421713          0.002076
   25.530000       0.921434       0.344191       0.362467       0.421700          0.002046
   25.540000       0.924828       0.339399       0.364092       0.421688          0.002016
   25.550000       0.928174       0.334613       0.365693       0.421676          0.001987
   25.560000       0.931472       0.329832       0.367268       0.421663          0.001958
   25.570000       0.934723       0.325057       0.368820       0.421651          0.001929
   25.580000       0.937926       0.320288       0.370347       0.421639          0.001899
   25.590000       0.941081       0.315523       0.371849       0.421626          0.001870
   25.600000       0.944189       0.310764       0.373327       0.421614          0.001842
   25.610000       0.947249       0.306011       0.374781       0.421602          0.001813
   25.620000       0.950261       0.301263       0.376211       0.421590          0.001784
   25.630000       0.953227       0.296520       0.377616       0.421578          0.001756
   25.640000       0.956144       0.291782       0.378998       0.421566          0.001727
   25.650000       0.959015       0.287049       0.380356       0.421554          0.001699
   25.660000       0.961838       0.282322       0.381690       0.421542          0.001671
   25.670000       0.964614       0.277599       0.383000       0.421530          0.001642
   25.680000       0.967343       0.272882       0.384286       0.421519          0.001614
   25.690000       0.970025       0.268170       0.385549       0.421507          0.001586
   25.700000       0.972659       0.263462       0.386789       0.421495          0.001559
   25.710000       0.975247       0.258759       0.388005       0.421484          0.001531
   25.720000       0.977787       0.254061       0.389198       0.421472          0.001503
   25.730000       0.980281       0.249368       0.390368       0.421460          0.001476
   25.740000       0.982728       0.244680       0.391515       0.421449          0.001448
   25.750000       0.985128       0.239996       0.392638       0.421437          0.001421
   25.760000       0.987481       0.235316       0.393739       0.421426          0.001394
   25.770000       0.989787       0.230641       0.394817       0.421414          0.001366
   25.780000       0.992047       0.225971       0.395872       0.421403          0.001339
   25.790000       0.994260       0.221305       0.396904       0.421392          0.001312
   25.800000       0.996427       0.216643       0.397913       0.421380          0.001285
   25.810000       0.998546       0.211985       0.398900       0.421369          0.001259
   25.820000       1.000620       0.207331       0.399865       0.421358          0.001232
   25.830000       1.002647       0.202681       0.400807       0.421346          0.001205
   25.840000       1.004627       0.198036       0.401726       0.421335          0.001179
   25.850000       1.006561       0.193394       0.402624       0.421324          0.001152
   25.860000       1.008448       0.188756       0.403499       0.421313          0.001126
   25.870000       1.010290       0.184121       0.404352       0.421302          0.001099
   25.880000       1.012085       0.179491       0.405182       0.421291          0.001073
   25.890000       1.013833       0.174864       0.405991       0.421280          0.001047
   25.900000       1.015536       0.170240       0.406778       0.421269          0.001021
   25.910000       1.017192       0.165620       0.407543       0.421258          0.000995
   25.920000       1.018802       0.161003       0.408286       0.421247          0.000969
   25.930000       1.020366       0.156389       0.409007       0.421236          0.000943
   25.940000       1.021883       0.151778       0.409707       0.421225          0.000917
   25.950000       1.023355       0.147171       0.410385       0.421215          0.000892
   25.960000       1.024781       0.142566       0.411041       0.421204          0.000866
   25.970000       1.026161       0.137965       0.411676       0.421193          0.000840
   25.980000       1.027494       0.133366       0.412289       0.421182          0.000815
   25.990000       1.028782       0.128770       0.412881       0.421171          0.000789
   26.000000       1.030024       0.124176       0.413451       0.421161          0.000764
   26.010000       1.031219       0.119585       0.414000       0.421150          0.000738
   26.020000       1.032369       0.114996       0.414527       0.421139          0.000713
   26.030000       1.033474       0.110410       0.415034       0.421129          0.000688
   26.040000       1.034532       0.105826       0.415519       0.421118          0.000663
   26.050000       1.035544       0.101245       0.415982       0.421108          0.000637
   26.060000       1.036511       0.096665       0.416425       0.421097          0.000612
   26.070000       1.037432       0.092087       0.416846       0.421086          0.000587
   26.080000       1.038307       0.087511       0.417247       0.421076          0.000562
   26.090000       1.039136       0.082937       0.417626       0.421065          0.000537
   26.100000       1.039920       0.078365       0.417984       0.421055          0.000512
   26.110000       1.040658       0.073794       0.418321       0.421044          0.000487
   26.120000       1.041350       0.069225       0.418638       0.421034          0.000462
   26.130000       1.041997       0.064658       0.418933       0.421023          0.000437
   26.140000       1.042598       0.060091       0.419207       0.421013          0.000412
   26.150000       1.043153       0.055526       0.419461       0.421002          0.000388
   26.160000       1.043662       0.050962       0.419693       0.420992          0.000363
   26.170000       1.044126       0.046399       0.419905       0.420982          0.000338
   26.180000       1.044545       0.041837       0.420096       0.420971          0.000313
   26.190000       1.044918       0.037276       0.420266       0.420961          0.000288
   26.200000       1.045245       0.032716       0.420415       0.420950          0.000264
   26.210000       1.045526       0.028157       0.420543       0.420940          0.000239
   26.220000       1.045762       0.023598       0.420651       0.420929          0.000214
   26.230000       1.045953       0.019039       0.420738       0.420919          0.000190
   26.240000       1.046098       0.014481       0.420804       0.420909          0.000165
   26.250000       1.046197       0.009923       0.420849       0.420898          0.000140
   26.260000       1.046250       0.005366       0.420874       0.420888          0.000116
   26.270000       1.046258       0.000808       0.420877       0.420878          0.000091
   26.280000       1.046221      -0.003749       0.420860       0.420867          0.000066
   26.290000       1.046138      -0.008307       0.420822       0.420857          0.000042
   26.300000       1.046009      -0.012865       0.420764       0.420846          0.000017
   26.310000       1.045835      -0.017423       0.420684       0.420836         -0.000008
   26.320000       1.045615      -0.021981       0.420584       0.420826         -0.000033
   26.330000       1.045350      -0.026540       0.420463       0.420815         -0.000057
   26.340000       1.045039      -0.031099       0.420321       0.420805         -0.000082
   26.350000       1.044682      -0.035659       0.420159       0.420794         -0.000107
   26.360000       1.044280      -0.040220       0.419975       0.420784         -0.000131
   26.370000       1.043832      -0.044782       0.419771       0.420774         -0.000156
   26.380000       1.043339      -0.049344       0.419546       0.420763         -0.000181
   26.390000       1.042800      -0.053908       0.419300       0.420753         -0.000206
   26.400000       1.042215      -0.058472       0.419033       0.420742         -0.000231
   26.410000       1.041585      -0.063038       0.418745       0.420732         -0.000256
   26.420000       1.040909      -0.067605       0.418436       0.420721         -0.000280
   26.430000       1.040187      -0.072174       0.418106       0.420711         -0.000305
   26.440000       1.039419      -0.076744       0.417755       0.420700         -0.000330
   26.450000       1.038606      -0.081316       0.417384       0.420690         -0.000355
   26.460000       1.037747      -0.085889       0.416991       0.420679         -0.000380
   26.470000       1.036843      -0.090464       0.416577       0.420669         -0.000405
   26.480000       1.035892      -0.095041       0.416142       0.420658         -0.000431
   26.490000       1.034896      -0.099620       0.415685       0.420648         -0.000456
   26.500000       1.033854      -0.104201       0.415208       0.420637         -0.000481
   26.510000       1.032766      -0.108785       0.414709       0.420626         -0.000506
   26.520000       1.031633      -0.113370       0.414189       0.420616         -0.000531
   26.530000       1.030453      -0.117958       0.413648       0.420605         -0.000557
   26.540000       1.029227      -0.122548       0.413085       0.420594         -0.000582
   26.550000       1.027956      -0.127140       0.412501       0.420584         -0.000608
   26.560000       1.026639      -0.131736       0.411896       0.420573         -0.000633
   26.570000       1.025275      -0.136334       0.411269       0.420562         -0.000659
   26.580000       1.023866      -0.140934       0.410620       0.420551         -0.000684
   26.590000       1.022411      -0.145538       0.409950       0.420540         -0.000710
   26.600000       1.020909      -0.150144       0.409258       0.420530         -0.000736
   26.610000       1.019362      -0.154754       0.408544       0.420519         -0.000762
   26.620000       1.017768      -0.159366       0.407809       0.420508         -0.000787
   26.630000       1.016128      -0.163982       0.407052       0.420497         -0.000813
   26.640000       1.014442      -0.168601       0.406273       0.420486         -0.000839
   26.650000       1.012710      -0.173224       0.405472       0.420475         -0.000866
   26.660000       1.010931      -0.177850       0.404649       0.420464         -0.000892
   26.670000       1.009107      -0.182479       0.403804       0.420453         -0.000918
   26.680000       1.007236      -0.187112       0.402936       0.420442         -0.000944
   26.690000       1.005318      -0.191749       0.402047       0.420431         -0.000971
   26.700000       1.003354      -0.196389       0.401135       0.420420         -0.000997
   26.710000       1.001344      -0.201034       0.400201       0.420408         -0.001024
   26.720000       0.999287      -0.205682       0.399245       0.420397         -0.001050
   26.730000       0.997184      -0.210334       0.398266       0.420386         -0.001077
   26.740000       0.995034      -0.214990       0.397264       0.420375         -0.001104
   26.750000       0.992837      -0.219651       0.396240       0.420363         -0.001131
   26.760000       0.990594      -0.224316       0.395193       0.420352         -0.001158
   26.770000       0.988304      -0.228985       0.394124       0.420341         -0.001185
   26.780000       0.985968      -0.233658       0.393031       0.420329         -0.001212
   26.790000       0.983584      -0.238336       0.391916       0.420318         -0.001239
   26.800000       0.981154      -0.243018       0.390777       0.420306         -0.001267
   26.810000       0.978677      -0.247705       0.389616       0.420295         -0.001294
   26.820000       0.976153      -0.252397       0.388431       0.420283         -0.001322
   26.830000       0.973582      -0.257093       0.387223       0.420271         -0.001349
   26.840000       0.970964      -0.261794       0.385992       0.420260         -0.001377
   26.850000       0.968299      -0.266500       0.384737       0.420248         -0.001405
   26.860000       0.965587      -0.271210       0.383459       0.420236         -0.001433
   26.870000       0.962828      -0.275926       0.382157       0.420224         -0.001461
   26.880000       0.960021      -0.280647       0.380831       0.420213         -0.001489
   26.890000       0.957168      -0.285372       0.379482       0.420201         -0.001517
   26.900000       0.954267      -0.290103       0.378109       0.420189         -0.001546
   26.910000       0.951318      -0.294839       0.376712       0.420177         -0.001574
   26.920000       0.948322      -0.299580       0.375291       0.420165         -0.001603
   26.930000       0.945279      -0.304327       0.373845       0.420153         -0.001632
   26.940000       0.942188      -0.309078       0.372376       0.420141         -0.001660
   26.950000       0.939050      -0.313835       0.370882       0.420128         -0.001689
   26.960000       0.935864      -0.318598       0.369364       0.420116         -0.001718
   26.970000       0.932630      -0.323365       0.367821       0.420104         -0.001747
   26.980000       0.929349      -0.328139       0.366254       0.420092         -0.001777
   26.990000       0.926020      -0.332917       0.364662       0.420079         -0.001806
   27.000000       0.922643      -0.337702       0.363046       0.420067         -0.001835
   27.010000       0.919218      -0.342491       0.361404       0.420054         -0.001865
   27.020000       0.915745      -0.347287       0.359738       0.420042         -0.001894
   27.030000       0.912224      -0.352087       0.358047       0.420030         -0.001924
   27.040000       0.908655      -0.356894       0.356330       0.420017         -0.001954
   27.050000       0.905038      -0.361706       0.354589       0.420004         -0.001984
   27.060000       0.901373      -0.366524       0.352822       0.419992         -0.002014
   27.070000       0.897659      -0.371347       0.351030       0.419979         -0.002044
   27.080000       0.893898      -0.376176       0.349212       0.419966         -0.002074
   27.090000       0.890088      -0.381011       0.347369       0.419954         -0.002105
   27.100000       0.886229      -0.385851       0.345500       0.419941         -0.002135
   27.110000       0.882322      -0.390697       0.343606       0.419928         -0.002166
   27.120000       0.878367      -0.395548       0.341686       0.419915         -0.002196
   27.130000       0.874363      -0.400405       0.339740       0.419902         -0.002227
   27.140000       0.870310      -0.405268       0.337768       0.419889         -0.002258
   27.150000       0.866209      -0.410136       0.335770       0.419876         -0.002289
   27.160000       0.862058      -0.415010       0.333747       0.419863         -0.002319
   27.170000       0.857860      -0.419889       0.331697       0.419850         -0.002350
   27.180000       0.853612      -0.424774       0.329621       0.419837         -0.002382
   27.190000       0.849315      -0.429664       0.327518       0.419824         -0.002413
   27.200000       0.844970      -0.434559       0.325390       0.419811         -0.002444
   27.210000       0.840575      -0.439460       0.323235       0.419798         -0.002475
   27.220000       0.836131      -0.444366       0.321054       0.419784         -0.002507
   27.230000       0.831639      -0.449277       0.318846       0.419771         -0.002538
   27.240000       0.827097      -0.454194       0.316612       0.419758         -0.002569
   27.250000       0.822505      -0.459115       0.314351       0.419745         -0.002601
   27.260000       0.817865      -0.464041       0.312064       0.419731         -0.002632
   27.270000       0.813175      -0.468973       0.309750       0.419718         -0.002664
   27.280000       0.808436      -0.473909       0.307410       0.419705         -0.002696
   27.290000       0.803648      -0.478849       0.305043       0.419692         -0.002727
   27.300000       0.798810      -0.483795       0.302650       0.419678         -0.002759
   27.310000       0.793922      -0.488744       0.300229       0.419665         -0.002791
   27.320000       0.788985      -0.493699       0.297782       0.419652         -0.002822
   27.330000       0.783999      -0.498657       0.295309       0.419638         -0.002854
   27.340000       0.778963      -0.503619       0.292809       0.419625         -0.002885
   27.350000       0.773877      -0.508585       0.290282       0.419612         -0.002917
   27.360000       0.768741      -0.513555       0.287729       0.419598         -0.002949
   27.370000       0.763556      -0.518529       0.285149       0.419585         -0.002980
   27.380000       0.758321      -0.523506       0.282543       0.419572         -0.003011
   27.390000       0.753036      -0.528486       0.279910       0.419559         -0.003043
   27.400000       0.747701      -0.533469       0.277251       0.419546         -0.003074
   27.410000       0.742317      -0.538455       0.274566       0.419532         -0.003105
   27.420000       0.736882      -0.543443       0.271854       0.419519         -0.003136
   27.430000       0.731398      -0.548434       0.269116       0.419506         -0.003167
   27.440000       0.725864      -0.553427       0.266353       0.419493         -0.003198
   27.450000       0.720280      -0.558422       0.263563       0.419480         -0.003229
   27.460000       0.714645      -0.563418       0.260747       0.419467         -0.003260
   27.470000       0.708961      -0.568416       0.257906       0.419455         -0.003290
   27.480000       0.703227      -0.573415       0.255040       0.419442         -0.003320
   27.490000       0.697443      -0.578414       0.252148       0.419429         -0.003350
   27.500000       0.691609      -0.583414       0.249231       0.419417         -0.003380
   27.510000       0.685725      -0.588414       0.246289       0.419404         -0.003410
   27.520000       0.679790      -0.593414       0.243322       0.419392         -0.003439
   27.530000       0.673806      -0.598413       0.240331       0.419380         -0.003468
   27.540000       0.667772      -0.603411       0.237315       0.419368         -0.003497
   27.550000       0.661688      -0.608408       0.234276       0.419356         -0.003525
   27.560000       0.655554      -0.613403       0.231213       0.419344         -0.003553
   27.570000       0.649370      -0.618395       0.228126       0.419332         -0.003581
   27.580000       0.643136      -0.623385       0.225016       0.419321         -0.003608
   27.590000       0.636853      -0.628372       0.221884       0.419309         -0.003635
   27.600000       0.630519      -0.633355       0.218729       0.419298         -0.003662
   27.610000       0.624136      -0.638334       0.215552       0.419287         -0.003688
   27.620000       0.617703      -0.643309       0.212353       0.419277         -0.003713
   27.630000       0.611220      -0.648278       0.209134       0.419266         -0.003738
   27.640000       0.604687      -0.653242       0.205893       0.419256         -0.003762
   27.650000       0.598105      -0.658199       0.202633       0.419246         -0.003786
   27.660000       0.591474      -0.663149       0.199353       0.419236         -0.003810
   27.670000       0.584793      -0.668092       0.196053       0.419227         -0.003832
   27.680000       0.578063      -0.673027       0.192735       0.419217         -0.003854
   27.690000       0.571283      -0.677952       0.189399       0.419208         -0.003875
   27.700000       0.564455      -0.682868       0.186045       0.419200         -0.003896
   27.710000       0.557577      -0.687774       0.182675       0.419192         -0.003915
   27.720000       0.550650      -0.692668       0.179289       0.419184         -0.003934
   27.730000       0.543675      -0.697551       0.175887       0.419176         -0.003952
   27.740000       0.536650      -0.702421       0.172471       0.419169         -0.003969
   27.750000       0.529578      -0.707278       0.169041       0.419162         -0.003985
   27.760000       0.522456      -0.712120       0.165599       0.419156         -0.004000
   27.770000       0.515287      -0.716947       0.162144       0.419150         -0.004014
   27.780000       0.508069      -0.721757       0.158678       0.419145         -0.004027
   27.790000       0.500804      -0.726550       0.155202       0.419140         -0.004039
   27.800000       0.493491      -0.731326       0.151717       0.419135         -0.004049
   27.810000       0.486130      -0.736081       0.148223       0.419131         -0.004058
   27.820000       0.478722      -0.740817       0.144723       0.419128         -0.004066
   27.830000       0.471266      -0.745531       0.141217       0.419125         -0.004073
   27.840000       0.463764      -0.750222       0.137706       0.419123         -0.004078
   27.850000       0.456215      -0.754890       0.134192       0.419122         -0.004081
   27.860000       0.448620      -0.759533       0.130676       0.419121         -0.004083
   27.870000       0.440978      -0.764149       0.127159       0.419121         -0.004084
   27.880000       0.433291      -0.768738       0.123642       0.419121         -0.004083
   27.890000       0.425558      -0.773297       0.120128       0.419122         -0.004080
   27.900000       0.417780      -0.777827       0.116617       0.419124         -0.004075
   27.910000       0.409957      -0.782324       0.113112       0.419127         -0.004068
   27.920000       0.402089      -0.786788       0.109613       0.419131         -0.004059
   27.930000       0.394176      -0.791218       0.106123       0.419136         -0.004049
   27.940000       0.386220      -0.795611       0.102643       0.419141         -0.004036
   27.950000       0.378221      -0.799965       0.099175       0.419147         -0.004021
   27.960000       0.370178      -0.804280       0.095721       0.419155         -0.004003
   27.970000       0.362092      -0.808554       0.092283       0.419163         -0.003984
   27.980000       0.353965      -0.812783       0.088864       0.419172         -0.003961
   27.990000       0.345795      -0.816968       0.085464       0.419183         -0.003937
   28.000000       0.337584      -0.821106       0.082087       0.419194         -0.003909
   28.010000       0.329332      -0.825194       0.078734       0.419207         -0.003879
   28.020000       0.321040      -0.829231       0.075408       0.419221         -0.003846
   28.030000       0.312707      -0.833215       0.072112       0.419236         -0.003811
   28.040000       0.304336      -0.837144       0.068847       0.419252         -0.003772
   28.050000       0.295926      -0.841015       0.065617       0.419269         -0.003730
   28.060000       0.287478      -0.844825       0.062423       0.419288         -0.003685
   28.070000       0.278992      -0.848574       0.059270       0.419309         -0.003637
   28.080000       0.270469      -0.852258       0.056159       0.419330         -0.003585
   28.090000       0.261911      -0.855874       0.053093       0.419354         -0.003530
   28.100000       0.253316      -0.859421       0.050076       0.419378         -0.003472
   28.110000       0.244687      -0.862895       0.047111       0.419405         -0.003409
   28.120000       0.236024      -0.866293       0.044200       0.419432         -0.003343
   28.130000       0.227328      -0.869614       0.041347       0.419462         -0.003273
   28.140000       0.218600      -0.872854       0.038556       0.419493         -0.003199
   28.150000       0.209840      -0.876010       0.035829       0.419526         -0.003121
   28.160000       0.201049      -0.879079       0.033170       0.419561         -0.003039
   28.170000       0.192228      -0.882058       0.030584       0.419597         -0.002952
   28.180000       0.183379      -0.884944       0.028072       0.419635         -0.002861
   28.190000       0.174501      -0.887734       0.025640       0.419675         -0.002766
   28.200000       0.165597      -0.890423       0.023291       0.419718         -0.002665
   28.210000       0.156667      -0.893010       0.021028       0.419762         -0.002561
   28.220000       0.147712      -0.895490       0.018857       0.419808         -0.002451
   28.230000       0.138734      -0.897859       0.016781       0.419856         -0.002337
   28.240000       0.129733      -0.900114       0.014804       0.419906         -0.002217
   28.250000       0.120710      -0.902251       0.012930       0.419958         -0.002093
   28.260000       0.111667      -0.904267       0.011164       0.420013         -0.001963
   28.270000       0.102606      -0.906157       0.009510       0.420070         -0.001829
   28.280000       0.093527      -0.907917       0.007972       0.420129         -0.001689
   28.290000       0.084431      -0.909543       0.006555       0.420190         -0.001543
   28.300000       0.075321      -0.911031       0.005264       0.420253         -0.001393
   28.310000       0.066197      -0.912377       0.004103       0.420319         -0.001236
   28.320000       0.057061      -0.913576       0.003076       0.420387         -0.001075
   28.330000       0.047915      -0.914624       0.002189       0.420457         -0.000907
   28.340000       0.038760      -0.915516       0.001445       0.420530         -0.000735
   28.350000       0.029597      -0.916247       0.000851       0.420605         -0.000556
   28.360000       0.020429      -0.916814       0.000409       0.420683         -0.000372
   28.370000       0.011257      -0.917210       0.000125       0.420762         -0.000183
   28.380000       0.002083      -0.917431       0.000004       0.420844          0.000012
   28.390000      -0.007092      -0.917473       0.000051       0.420929          0.000213
   28.400000      -0.016265      -0.917329       0.000269       0.421016          0.000419
   28.410000      -0.025435      -0.916996       0.000664       0.421105          0.000630
   28.420000      -0.034600      -0.916468       0.001239       0.421196          0.000847
   28.430000      -0.043757      -0.915739       0.002001       0.421289          0.001070
   28.440000      -0.052905      -0.914804       0.002952       0.421385          0.001297
   28.450000      -0.062042      -0.913659       0.004097       0.421483          0.001529
   28.460000      -0.071165      -0.912296       0.005440       0.421583          0.001766
   28.470000      -0.080272      -0.910712       0.006986       0.421685          0.002008
   28.480000      -0.089361      -0.908901       0.008738       0.421788          0.002255
   28.490000      -0.098429      -0.906857       0.010699       0.421894          0.002506
   28.500000      -0.107475      -0.904574       0.012874       0.422001          0.002761
   28.510000      -0.116496      -0.902047       0.015265       0.422110          0.003020
   28.520000      -0.125488      -0.899271       0.017876       0.422220          0.003282
   28.530000      -0.134451      -0.896240       0.020710       0.422332          0.003548
   28.540000      -0.143380      -0.892947       0.023768       0.422445          0.003816
   28.550000      -0.152274      -0.889388       0.027053       0.422559          0.004087
   28.560000      -0.161130      -0.885558       0.030568       0.422674          0.004361
   28.570000      -0.169944      -0.881450       0.034313       0.422790          0.004636
   28.580000      -0.178715      -0.877059       0.038291       0.422906          0.004912
   28.590000      -0.187439      -0.872379       0.042500       0.423023          0.005189
   28.600000      -0.196113      -0.867406       0.046943       0.423140          0.005467
   28.610000      -0.204734      -0.862134       0.051619       0.423257          0.005744
   28.620000      -0.213300      -0.856558       0.056528       0.423373          0.006021
   28.630000      -0.221806      -0.850672       0.061668       0.423489          0.006296
   28.640000      -0.230251      -0.844472       0.067037       0.423604          0.006569
   28.650000      -0.238631      -0.837953       0.072635       0.423718          0.006840
   28.660000      -0.246942      -0.831110       0.078458       0.423830          0.007107
   28.670000      -0.255181      -0.823939       0.084504       0.423941          0.007371
   28.680000      -0.263345      -0.816435       0.090767       0.424050          0.007630
   28.690000      -0.271431      -0.808594       0.097245       0.424157          0.007883
   28.700000      -0.279435      -0.800412       0.103931       0.424261          0.008130
   28.710000      -0.287354      -0.791886       0.110820       0.424362          0.008370
   28.720000      -0.295184      -0.783012       0.117906       0.424459          0.008602
   28.730000      -0.302922      -0.773786       0.125181       0.424553          0.008825
   28.740000      -0.310564      -0.764206       0.132638       0.424643          0.009039
   28.750000      -0.318107      -0.754270       0.140268       0.424729          0.009243
   28.760000      -0.325547      -0.743974       0.148061       0.424810          0.009435
   28.770000      -0.332880      -0.733317       0.156009       0.424886          0.009615
   28.780000      -0.340103      -0.722297       0.164100       0.424956          0.009782
   28.790000      -0.347212      -0.710913       0.172322       0.425021          0.009936
   28.800000      -0.354204      -0.699164       0.180664       0.425079          0.010074
   28.810000      -0.361074      -0.687050       0.189112       0.425131          0.010197
   28.820000      -0.367820      -0.674571       0.197653       0.425176          0.010304
   28.830000      -0.374437      -0.661726       0.206273       0.425213          0.010394
   28.840000      -0.380922      -0.648517       0.214956       0.425243          0.010465
   28.850000      -0.387272      -0.634945       0.223688       0.425266          0.010518
   28.860000      -0.393482      -0.621012       0.232452       0.425280          0.010551
   28.870000      -0.399549      -0.606721       0.241230       0.425285          0.010565
   28.880000      -0.405470      -0.592073       0.250007       0.425282          0.010557
   28.890000      -0.411241      -0.577073       0.258764       0.425270          0.010529
   28.900000      -0.416858      -0.561724       0.267482       0.425249          0.010478
   28.910000      -0.422318      -0.546030       0.276144       0.425218          0.010405
   28.920000      -0.427618      -0.529997       0.284729       0.425178          0.010309
   28.930000      -0.432754      -0.513631       0.293220       0.425128          0.010191
   28.940000      -0.437724      -0.496937       0.301595       0.425068          0.010049
   28.950000      -0.442523      -0.479921       0.309836       0.424999          0.009883
   28.960000      -0.447149      -0.462592       0.317924       0.424919          0.009694
   28.970000      -0.451598      -0.444956       0.325837       0.424830          0.009482
   28.980000      -0.455869      -0.427023       0.333556       0.424730          0.009246
   28.990000      -0.459957      -0.408801       0.341062       0.424621          0.008987
   29.000000      -0.463860      -0.390300       0.348336       0.424503          0.008705
   29.010000      -0.467575      -0.371529       0.355358       0.424375          0.008401
   29.020000      -0.471100      -0.352500       0.362109       0.424237          0.008074
   29.030000      -0.474432      -0.333222       0.368572       0.424091          0.007726
   29.040000      -0.477569      -0.313709       0.374729       0.423935          0.007357
   29.050000      -0.480509      -0.293971       0.380562       0.423772          0.006968
   29.060000      -0.483249      -0.274022       0.386056       0.423600          0.006560
   29.070000      -0.485788      -0.253874       0.391194       0.423420          0.006133
   29.080000      -0.488123      -0.233541       0.395963       0.423234          0.005689
   29.090000      -0.490254      -0.213037       0.400348       0.423040          0.005230
   29.100000      -0.492177      -0.192375       0.404336       0.422840          0.004755
   29.110000      -0.493893      -0.171571       0.407917       0.422635          0.004267
   29.120000      -0.495400      -0.150639       0.411078       0.422424          0.003766
   29.130000      -0.496696      -0.129595       0.413812       0.422209          0.003255
   29.140000      -0.497780      -0.108453       0.416109       0.421990          0.002735
   29.150000      -0.498652      -0.087229       0.417963       0.421768          0.002206
   29.160000      -0.499312      -0.065940       0.419369       0.421543          0.001672
   29.170000      -0.499758      -0.044601       0.420321       0.421316          0.001133
   29.180000      -0.499990      -0.023228       0.420818       0.421088          0.000590
   29.190000      -0.500008      -0.001837       0.420857       0.420859          0.000047
   29.200000      -0.499813       0.019554       0.420439       0.420630         -0.000497
   29.210000      -0.499404       0.040931       0.419565       0.420402         -0.001038
   29.220000      -0.498781       0.062277       0.418237       0.420176         -0.001576
   29.230000      -0.497945       0.083576       0.416459       0.419952         -0.002109
   29.240000      -0.496897       0.104812       0.414238       0.419731         -0.002635
   29.250000      -0.495637       0.125969       0.411579       0.419513         -0.003152
   29.260000      -0.494167       0.147032       0.408490       0.419299         -0.003660
   29.270000      -0.492487       0.167984       0.404981       0.419090         -0.004157
   29.280000      -0.490599       0.188812       0.401061       0.418886         -0.004641
   29.290000      -0.488504       0.209499       0.396744       0.418689         -0.005111
   29.300000      -0.486204       0.230031       0.392040       0.418497         -0.005565
   29.310000      -0.483700       0.250394       0.386964       0.418313         -0.006003
   29.320000      -0.480994       0.270575       0.381530       0.418136         -0.006424
   29.330000      -0.478088       0.290559       0.375754       0.417967         -0.006826
   29.340000      -0.474985       0.310334       0.369652       0.417806         -0.007209
   29.350000      -0.471686       0.329887       0.363240       0.417653         -0.007571
   29.360000      -0.468194       0.349206       0.356537       0.417509         -0.007912
   29.370000      -0.464511       0.368279       0.349560       0.417375         -0.008232
   29.380000      -0.460640       0.387094       0.342329       0.417250         -0.008529
   29.390000      -0.456584       0.405643       0.334861       0.417134         -0.008804
   29.400000      -0.452345       0.423913       0.327177       0.417028         -0.009056
   29.410000      -0.447926       0.441897       0.319296       0.416932         -0.009284
   29.420000      -0.443330       0.459584       0.311237       0.416846         -0.009489
   29.430000      -0.438560       0.476967       0.303021       0.416769         -0.009671
   29.440000      -0.433620       0.494036       0.294667       0.416703         -0.009829
   29.450000      -0.428512       0.510786       0.286195       0.416646         -0.009963
   29.460000      -0.423240       0.527210       0.277624       0.416599         -0.010075
   29.470000      -0.417807       0.543300       0.268974       0.416562         -0.010164
   29.480000      -0.412216       0.559052       0.260265       0.416534         -0.010230
   29.490000      -0.406472       0.574461       0.251513       0.416516         -0.010274
   29.500000      -0.400577       0.589521       0.242739       0.416506         -0.010296
   29.510000      -0.394534       0.604230       0.233959       0.416506         -0.010297
   29.520000      -0.388348       0.618583       0.225192       0.416514         -0.010278
   29.530000      -0.382023       0.632577       0.216453       0.416530         -0.010239
   29.540000      -0.375561       0.646211       0.207760       0.416555         -0.010181
   29.550000      -0.368966       0.659483       0.199128       0.416587         -0.010104
   29.560000      -0.362242       0.672390       0.190573       0.416627         -0.010009
   29.570000      -0.355393       0.684933       0.182108       0.416674         -0.009898
   29.580000      -0.348421       0.697109       0.173747       0.416727         -0.009771
   29.590000      -0.341332       0.708921       0.165503       0.416787         -0.009628
   29.600000      -0.334129       0.720367       0.157389       0.416854         -0.009471
   29.610000      -0.326814       0.731450       0.149416       0.416925         -0.009300
   29.620000      -0.319392       0.742169       0.141595       0.417002         -0.009117
   29.630000      -0.311867       0.752527       0.133936       0.417085         -0.008922
   29.640000      -0.304242       0.762525       0.126449       0.417171         -0.008716
   29.650000      -0.296520       0.772166       0.119142       0.417262         -0.008500
   29.660000      -0.288706       0.781452       0.112023       0.417357         -0.008275
   29.670000      -0.280802       0.790386       0.105100       0.417455         -0.008041
   29.680000      -0.272812       0.798972       0.098378       0.417557         -0.007800
   29.690000      -0.264740       0.807213       0.091865       0.417661         -0.007552
   29.700000      -0.256589       0.815112       0.085564       0.417768         -0.007298
   29.710000      -0.248362       0.822674       0.079481       0.417877         -0.007039
   29.720000      -0.240063       0.829902       0.073620       0.417988         -0.006775
   29.730000      -0.231695       0.836801       0.067983       0.418101         -0.006508
   29.740000      -0.223261       0.843375       0.062574       0.418214         -0.006237
   29.750000      -0.214765       0.849629       0.057394       0.418329         -0.005965
   29.760000      -0.206209       0.855569       0.052446       0.418445         -0.005690
   29.770000      -0.197597       0.861198       0.047730       0.418561         -0.005414
   29.780000      -0.188932       0.866522       0.043247       0.418677         -0.005138
   29.790000      -0.180217       0.871546       0.038997       0.418793         -0.004862
   29.800000      -0.171454       0.876275       0.034980       0.418909         -0.004586
   29.810000      -0.162647       0.880716       0.031195       0.419025         -0.004311
   29.820000      -0.153798       0.884872       0.027641       0.419140         -0.004038
   29.830000      -0.144911       0.888750       0.024316       0.419254         -0.003766
   29.840000      -0.135987       0.892355       0.021219       0.419368         -0.003497
   29.850000      -0.127030       0.895693       0.018347       0.419480         -0.003231
   29.860000      -0.118042       0.898769       0.015698       0.419591         -0.002967
   29.870000      -0.109027       0.901588       0.013269       0.419700         -0.002707
   29.880000      -0.099985       0.904158       0.011057       0.419808         -0.002451
   29.890000      -0.090920       0.906482       0.009060       0.419914         -0.002198
   29.900000      -0.081834       0.908567       0.007272       0.420019         -0.001950
   29.910000      -0.072730       0.910418       0.005691       0.420121         -0.001706
   29.920000      -0.063610       0.912040       0.004313       0.420222         -0.001466
   29.930000      -0.054475       0.913440       0.003134       0.420321         -0.001232
   29.940000      -0.045329       0.914623       0.002150       0.420418         -0.001002
   29.950000      -0.036173       0.915593       0.001357       0.420512         -0.000777
   29.960000      -0.027010       0.916357       0.000750       0.420604         -0.000558
   29.970000      -0.017841       0.916919       0.000324       0.420695         -0.000344
   29.980000      -0.008668       0.917286       0.000076       0.420782         -0.000135
   29.990000       0.000507       0.917462       0.000000       0.420868          0.000068
