           t              x              v              P              E             dE/E0
    0.000000      -0.500000       0.000000       0.631259       0.631259          0.000000
    0.010000      -0.499840       0.032081       0.630744       0.631259         -0.000000
    0.020000      -0.499359       0.064125       0.629203       0.631259          0.000000
    0.030000      -0.498557       0.096097       0.626642       0.631259          0.000000
    0.040000      -0.497437       0.127959       0.623072       0.631259          0.000000
    0.050000      -0.495999       0.159678       0.618510       0.631259          0.000000
    0.060000      -0.494244       0.191216       0.612977       0.631259          0.000000
    0.070000      -0.492175       0.222541       0.606497       0.631259          0.000000
    0.080000      -0.489794       0.253617       0.599098       0.631259          0.000000
    0.090000      -0.487104       0.284413       0.590814       0.631259          0.000000
    0.100000      -0.484107       0.314895       0.581679       0.631259          0.000000
    0.110000      -0.480807       0.345033       0.571735       0.631259          0.000000
    0.120000      -0.477207       0.374797       0.561022       0.631259          0.000000
    0.130000      -0.473312       0.404159       0.549587       0.631259          0.000000
    0.140000      -0.469126       0.433090       0.537475       0.631259          0.000000
    0.150000      -0.464652       0.461565       0.524738       0.631259          0.000000
    0.160000      -0.459896       0.489559       0.511425       0.631259          0.000000
    0.170000      -0.454862       0.517049       0.497589       0.631259          0.000000
    0.180000      -0.449557       0.544013       0.483284       0.631259          0.000000
    0.190000      -0.443984       0.570431       0.468563       0.631259          0.000000
    0.200000      -0.438150       0.596284       0.453482       0.631259          0.000000
    0.210000      -0.432060       0.621555       0.438094       0.631259          0.000000
    0.220000      -0.425721       0.646229       0.422453       0.631259          0.000000
    0.230000      -0.419138       0.670290       0.406614       0.631259          0.000000
    0.240000      -0.412317       0.693728       0.390629       0.631259          0.000000
    0.250000      -0.405265       0.716531       0.374551       0.631259          0.000000
    0.260000      -0.397989       0.738689       0.358428       0.631259          0.000000
    0.270000      -0.390494       0.760195       0.342310       0.631259          0.000000
    0.280000      -0.382787       0.781043       0.326245       0.631259          0.000000
    0.290000      -0.374875       0.801226       0.310278       0.631259          0.000000
    0.300000      -0.366765       0.820741       0.294451       0.631259          0.000000
    0.310000      -0.358462       0.839587       0.278806       0.631259          0.000000
    0.320000      -0.349975       0.857761       0.263382       0.631259          0.000000
    0.330000      -0.341309       0.875264       0.248215       0.631259          0.000000
    0.340000      -0.332472       0.892097       0.233340       0.631259          0.000000
    0.350000      -0.323470       0.908263       0.218788       0.631259          0.000000
    0.360000      -0.314309       0.923765       0.204588       0.631259          0.000000
    0.370000      -0.304997       0.938607       0.190767       0.631259          0.000000
    0.380000      -0.295539       0.952795       0.177350       0.631259          0.000000
    0.390000      -0.285943       0.966334       0.164358       0.631259          0.000000
    0.400000      -0.276215       0.979233       0.151811       0.631259          0.000000
    0.410000      -0.266360       0.991497       0.139725       0.631259         -0.000000
    0.420000      -0.256387       1.003137       0.128117       0.631259         -0.000000
    0.430000      -0.246300       1.014160       0.116998       0.631259         -0.000000
    0.440000      -0.236105       1.024577       0.106380       0.631259         -0.000000
    0.450000      -0.225810       1.034397       0.096270       0.631259         -0.000000
    0.460000      -0.215419       1.043632       0.086675       0.631259         -0.000000
    0.470000      -0.204939       1.052291       0.077601       0.631259         -0.000000
    0.480000      -0.194376       1.060387       0.069049       0.631259         -0.000000
    0.490000      -0.183733       1.067930       0.061022       0.631259         -0.000000
    0.500000      -0.173019       1.074933       0.053518       0.631259         -0.000000
    0.510000      -0.162237       1.081408       0.046537       0.631259         -0.000000
    0.520000      -0.151392       1.087367       0.040075       0.631259         -0.000000
    0.530000      -0.140491       1.092822       0.034128       0.631259         -0.000000
    0.540000      -0.129537       1.097787       0.028691       0.631259         -0.000000
    0.550000      -0.118537       1.102272       0.023757       0.631259         -0.000000
    0.560000      -0.107494       1.106292       0.019318       0.631259         -0.000000
    0.570000      -0.096412       1.109858       0.015366       0.631259         -0.000000
    0.580000      -0.085298       1.112984       0.011893       0.631259         -0.000000
    0.590000      -0.074154       1.115681       0.008887       0.631259         -0.000000
    0.600000      -0.062986       1.117962       0.006340       0.631259         -0.000000
    0.610000      -0.051796       1.119839       0.004239       0.631259         -0.000000
    0.620000      -0.040590       1.121325       0.002574       0.631259         -0.000000
    0.630000      -0.029371       1.122432       0.001333       0.631259         -0.000000
    0.640000      -0.018143       1.123171       0.000503       0.631259         -0.000000
    0.650000      -0.006909       1.123554       0.000072       0.631259         -0.000000
    0.660000       0.004327       1.123593       0.000028       0.631259         -0.000000
    0.670000       0.015562       1.123300       0.000358       0.631259         -0.000000
    0.680000       0.026792       1.122685       0.001048       0.631259         -0.000000
    0.690000       0.038015       1.121759       0.002087       0.631259         -0.000000
    0.700000       0.049226       1.120534       0.003461       0.631259         -0.000000
    0.710000       0.060424       1.119019       0.005157       0.631259         -0.000000
    0.720000       0.071606       1.117225       0.007163       0.631259         -0.000000
    0.730000       0.082768       1.115163       0.009465       0.631259         -0.000000
    0.740000       0.093908       1.112841       0.012051       0.631259         -0.000000
    0.750000       0.105024       1.110270       0.014909       0.631259         -0.000000
    0.760000       0.116113       1.107459       0.018027       0.631259         -0.000000
    0.770000       0.127172       1.104417       0.021391       0.631259         -0.000000
    0.780000       0.138200       1.101152       0.024991       0.631259         -0.000000
    0.790000       0.149195       1.097674       0.028814       0.631259         -0.000000
    0.800000       0.160153       1.093992       0.032850       0.631259         -0.000000
    0.810000       0.171074       1.090112       0.037087       0.631259         -0.000000
    0.820000       0.181955       1.086043       0.041514       0.631259         -0.000000
    0.830000       0.192794       1.081793       0.046120       0.631259         -0.000000
    0.840000       0.203590       1.077370       0.050896       0.631259         -0.000000
    0.850000       0.214341       1.072779       0.055831       0.631259         -0.000000
    0.860000       0.225045       1.068030       0.060915       0.631259         -0.000000
    0.870000       0.235701       1.063127       0.066139       0.631259         -0.000000
    0.880000       0.246307       1.058078       0.071494       0.631259         -0.000000
    0.890000       0.256862       1.052890       0.076970       0.631259         -0.000000
    0.900000       0.267364       1.047568       0.082560       0.631259         -0.000000
    0.910000       0.277813       1.042118       0.088254       0.631259         -0.000000
    0.920000       0.288206       1.036546       0.094045       0.631259         -0.000000
    0.930000       0.298544       1.030858       0.099925       0.631259         -0.000000
    0.940000       0.308823       1.025059       0.105886       0.631259         -0.000000
    0.950000       0.319044       1.019154       0.111922       0.631259         -0.000000
    0.960000       0.329206       1.013148       0.118025       0.631259         -0.000000
    0.970000       0.339307       1.007046       0.124188       0.631259         -0.000000
    0.980000       0.349347       1.000853       0.130406       0.631259         -0.000000
    0.990000       0.359324       0.994573       0.136672       0.631259         -0.000000
    1.000000       0.369238       0.988210       0.142980       0.631259         -0.000000
    1.010000       0.379088       0.981769       0.149324       0.631259         -0.000000
    1.020000       0.388873       0.975253       0.155699       0.631259         -0.000000
    1.030000       0.398593       0.968667       0.162101       0.631259         -0.000000
    1.040000       0.408246       0.962014       0.168523       0.631259         -0.000000
    1.050000       0.417833       0.955298       0.174962       0.631259         -0.000000
    1.060000       0.427352       0.948522       0.181412       0.631259         -0.000000
    1.070000       0.436803       0.941690       0.187869       0.631259         -0.000000
    1.080000       0.446185       0.934804       0.194330       0.631259         -0.000000
    1.090000       0.455499       0.927868       0.200790       0.631259         -0.000000
    1.100000       0.464743       0.920884       0.207245       0.631259         -0.000000
    1.110000       0.473916       0.913856       0.213692       0.631259         -0.000000
    1.120000       0.483020       0.906787       0.220128       0.631259         -0.000000
    1.130000       0.492052       0.899677       0.226549       0.631259         -0.000000
    1.140000       0.501013       0.892532       0.232953       0.631259         -0.000000
    1.150000       0.509902       0.885351       0.239335       0.631259         -0.000000
    1.160000       0.518720       0.878139       0.245695       0.631259         -0.000000
    1.170000       0.527465       0.870897       0.252028       0.631259         -0.000000
    1.180000       0.536138       0.863627       0.258333       0.631259         -0.000000
    1.190000       0.544738       0.856331       0.264608       0.631259         -0.000000
    1.200000       0.553264       0.849011       0.270849       0.631259         -0.000000
    1.210000       0.561718       0.841670       0.277055       0.631259         -0.000000
    1.220000       0.570098       0.834308       0.283224       0.631259         -0.000000
    1.230000       0.578404       0.826927       0.289354       0.631259         -0.000000
    1.240000       0.586636       0.819530       0.295444       0.631259         -0.000000
    1.250000       0.594794       0.812117       0.301492       0.631259         -0.000000
    1.260000       0.602878       0.804691       0.307495       0.631259         -0.000000
    1.270000       0.610888       0.797252       0.313454       0.631259         -0.000000
    1.280000       0.618823       0.789802       0.319366       0.631259         -0.000000
    1.290000       0.626684       0.782341       0.325230       0.631259         -0.000000
    1.300000       0.634470       0.774873       0.331045       0.631259         -0.000000
    1.310000       0.642182       0.767397       0.336810       0.631259         -0.000000
    1.320000       0.649818       0.759914       0.342524       0.631259         -0.000000
    1.330000       0.657380       0.752426       0.348186       0.631259         -0.000000
    1.340000       0.664867       0.744934       0.353795       0.631259         -0.000000
    1.350000       0.672278       0.737439       0.359351       0.631259         -0.000000
    1.360000       0.679615       0.729941       0.364852       0.631259         -0.000000
    1.370000       0.686877       0.722442       0.370298       0.631259         -0.000000
    1.380000       0.694064       0.714942       0.375688       0.631259         -0.000000
    1.390000       0.701176       0.707442       0.381022       0.631259         -0.000000
    1.400000       0.708213       0.699943       0.386299       0.631259         -0.000000
    1.410000       0.715175       0.692446       0.391518       0.631259         -0.000000
    1.420000       0.722062       0.684951       0.396680       0.631259         -0.000000
    1.430000       0.728874       0.677458       0.401784       0.631259         -0.000000
    1.440000       0.735611       0.669969       0.406829       0.631259         -0.000000
    1.450000       0.742273       0.662484       0.411816       0.631259         -0.000000
    1.460000       0.748861       0.655004       0.416744       0.631259         -0.000000
    1.470000       0.755374       0.647529       0.421612       0.631259         -0.000000
    1.480000       0.761811       0.640059       0.426421       0.631259         -0.000000
    1.490000       0.768175       0.632595       0.431171       0.631259         -0.000000
    1.500000       0.774463       0.625137       0.435861       0.631259         -0.000000
    1.510000       0.780678       0.617686       0.440491       0.631259         -0.000000
    1.520000       0.786817       0.610243       0.445061       0.631259         -0.000000
    1.530000       0.792882       0.602806       0.449571       0.631259         -0.000000
    1.540000       0.798873       0.595378       0.454021       0.631259         -0.000000
    1.550000       0.804790       0.587958       0.458412       0.631259         -0.000000
    1.560000       0.810632       0.580545       0.462742       0.631259         -0.000000
    1.570000       0.816401       0.573142       0.467013       0.631259         -0.000000
    1.580000       0.822095       0.565747       0.471224       0.631259         -0.000000
    1.590000       0.827716       0.558362       0.475375       0.631259         -0.000000
    1.600000       0.833263       0.550985       0.479467       0.631259         -0.000000
    1.610000       0.838736       0.543618       0.483499       0.631259         -0.000000
    1.620000       0.844135       0.536260       0.487471       0.631259         -0.000000
    1.630000       0.849461       0.528913       0.491385       0.631259         -0.000000
    1.640000       0.854713       0.521575       0.495239       0.631259         -0.000000
    1.650000       0.859892       0.514247       0.499034       0.631259         -0.000000
    1.660000       0.864998       0.506929       0.502771       0.631259         -0.000000
    1.670000       0.870031       0.499621       0.506449       0.631259         -0.000000
    1.680000       0.874991       0.492323       0.510068       0.631259         -0.000000
    1.690000       0.879877       0.485035       0.513629       0.631259         -0.000000
    1.700000       0.884691       0.477758       0.517133       0.631259         -0.000000
    1.710000       0.889433       0.470491       0.520578       0.631259         -0.000000
    1.720000       0.894101       0.463234       0.523966       0.631259         -0.000000
    1.730000       0.898697       0.455988       0.527296       0.631259         -0.000000
    1.740000       0.903221       0.448752       0.530570       0.631259         -0.000000
    1.750000       0.907672       0.441527       0.533786       0.631259         -0.000000
    1.760000       0.912052       0.434311       0.536946       0.631259         -0.000000
    1.770000       0.916359       0.427106       0.540049       0.631259         -0.000000
    1.780000       0.920594       0.419912       0.543096       0.631259         -0.000000
    1.790000       0.924757       0.412727       0.546087       0.631259         -0.000000
    1.800000       0.928848       0.405553       0.549022       0.631259         -0.000000
    1.810000       0.932868       0.398389       0.551902       0.631259         -0.000000
    1.820000       0.936816       0.391234       0.554727       0.631259         -0.000000
    1.830000       0.940693       0.384090       0.557496       0.631259         -0.000000
    1.840000       0.944498       0.376956       0.560211       0.631259         -0.000000
    1.850000       0.948232       0.369831       0.562871       0.631259         -0.000000
    1.860000       0.951895       0.362716       0.565477       0.631259         -0.000000
    1.870000       0.955486       0.355611       0.568029       0.631259         -0.000000
    1.880000       0.959007       0.348515       0.570528       0.631259         -0.000000
    1.890000       0.962457       0.341428       0.572972       0.631259         -0.000000
    1.900000       0.965836       0.334351       0.575364       0.631259         -0.000000
    1.910000       0.969144       0.327282       0.577702       0.631259         -0.000000
    1.920000       0.972381       0.320223       0.579987       0.631259         -0.000000
    1.930000       0.975548       0.313173       0.582220       0.631259         -0.000000
    1.940000       0.978645       0.306131       0.584401       0.631259         -0.000000
    1.950000       0.981671       0.299098       0.586529       0.631259         -0.000000
    1.960000       0.984627       0.292073       0.588606       0.631259         -0.000000
    1.970000       0.987512       0.285057       0.590630       0.631259         -0.000000
    1.980000       0.990328       0.278049       0.592603       0.631259         -0.000000
    1.990000       0.993073       0.271048       0.594525       0.631259         -0.000000
    2.000000       0.995749       0.264056       0.596396       0.631259         -0.000000
    2.010000       0.998354       0.257071       0.598216       0.631259         -0.000000
    2.020000       1.000890       0.250093       0.599986       0.631259         -0.000000
    2.030000       1.003356       0.243123       0.601704       0.631259         -0.000000
    2.040000       1.005753       0.236160       0.603373       0.631259         -0.000000
    2.050000       1.008080       0.229204       0.604992       0.631259         -0.000000
    2.060000       1.010337       0.222255       0.606560       0.631259         -0.000000
    2.070000       1.012525       0.215312       0.608079       0.631259         -0.000000
    2.080000       1.014643       0.208376       0.609549       0.631259         -0.000000
    2.090000       1.016692       0.201446       0.610969       0.631259         -0.000000
    2.100000       1.018672       0.194522       0.612339       0.631259         -0.000000
    2.110000       1.020583       0.187604       0.613661       0.631259         -0.000000
    2.120000       1.022424       0.180692       0.614934       0.631259         -0.000000
    2.130000       1.024197       0.173785       0.616158       0.631259         -0.000000
    2.140000       1.025900       0.166883       0.617334       0.631259         -0.000000
    2.150000       1.027534       0.159987       0.618461       0.631259         -0.000000
    2.160000       1.029100       0.153095       0.619540       0.631259         -0.000000
    2.170000       1.030596       0.146208       0.620571       0.631259         -0.000000
    2.180000       1.032024       0.139325       0.621553       0.631259         -0.000000
    2.190000       1.033383       0.132447       0.622488       0.631259         -0.000000
    2.200000       1.034673       0.125573       0.623375       0.631259         -0.000000
    2.210000       1.035894       0.118702       0.624214       0.631259         -0.000000
    2.220000       1.037047       0.111836       0.625005       0.631259         -0.000000
    2.230000       1.038131       0.104973       0.625749       0.631259         -0.000000
    2.240000       1.039146       0.098113       0.626446       0.631259         -0.000000
    2.250000       1.040093       0.091256       0.627095       0.631259         -0.000000
    2.260000       1.040971       0.084402       0.627697       0.631259         -0.000000
    2.270000       1.041781       0.077550       0.628252       0.631259         -0.000000
    2.280000       1.042522       0.070701       0.628760       0.631259         -0.000000
    2.290000       1.043195       0.063854       0.629220       0.631259         -0.000000
    2.300000       1.043800       0.057010       0.629634       0.631259         -0.000000
    2.310000       1.044335       0.050167       0.630001       0.631259         -0.000000
    2.320000       1.044803       0.043325       0.630320       0.631259         -0.000000
    2.330000       1.045202       0.036485       0.630593       0.631259         -0.000000
    2.340000       1.045533       0.029646       0.630819       0.631259         -0.000000
    2.350000       1.045795       0.022808       0.630999       0.631259         -0.000000
    2.360000       1.045989       0.015971       0.631131       0.631259         -0.000000
    2.370000       1.046114       0.009134       0.631217       0.631259         -0.000000
    2.380000       1.046171       0.002297       0.631256       0.631259         -0.000000
    2.390000       1.046160      -0.004539       0.631249       0.631259         -0.000000
    2.400000       1.046081      -0.011376       0.631194       0.631259         -0.000000
    2.410000       1.045933      -0.018213       0.631093       0.631259         -0.000000
    2.420000       1.045716      -0.025050       0.630945       0.631259         -0.000000
    2.430000       1.045432      -0.031889       0.630750       0.631259         -0.000000
    2.440000       1.045079      -0.038728       0.630509       0.631259         -0.000000
    2.450000       1.044657      -0.045569       0.630221       0.631259         -0.000000
    2.460000       1.044167      -0.052410       0.629885       0.631259         -0.000000
    2.470000       1.043609      -0.059254       0.629503       0.631259         -0.000000
    2.480000       1.042982      -0.066100       0.629074       0.631259         -0.000000
    2.490000       1.042287      -0.072947       0.628598       0.631259         -0.000000
    2.500000       1.041523      -0.079797       0.628075       0.631259         -0.000000
    2.510000       1.040691      -0.086649       0.627505       0.631259         -0.000000
    2.520000       1.039790      -0.093504       0.626887       0.631259         -0.000000
    2.530000       1.038821      -0.100362       0.626223       0.631259         -0.000000
    2.540000       1.037783      -0.107223       0.625511       0.631259         -0.000000
    2.550000       1.036676      -0.114087       0.624751       0.631259         -0.000000
    2.560000       1.035501      -0.120955       0.623944       0.631259         -0.000000
    2.570000       1.034257      -0.127827       0.623089       0.631259         -0.000000
    2.580000       1.032945      -0.134702       0.622187       0.631259         -0.000000
    2.590000       1.031563      -0.141582       0.621236       0.631259         -0.000000
    2.600000       1.030113      -0.148466       0.620238       0.631259         -0.000000
    2.610000       1.028594      -0.155354       0.619191       0.631259         -0.000000
    2.620000       1.027006      -0.162248       0.618097       0.631259         -0.000000
    2.630000       1.025349      -0.169146       0.616954       0.631259         -0.000000
    2.640000       1.023623      -0.176049       0.615762       0.631259         -0.000000
    2.650000       1.021828      -0.182958       0.614522       0.631259         -0.000000
    2.660000       1.019964      -0.189872       0.613233       0.631259         -0.000000
    2.670000       1.018030      -0.196792       0.611895       0.631259         -0.000000
    2.680000       1.016028      -0.203718       0.610508       0.631259         -0.000000
    2.690000       1.013956      -0.210650       0.609072       0.631259         -0.000000
    2.700000       1.011815      -0.217589       0.607587       0.631259         -0.000000
    2.710000       1.009604      -0.224533       0.606051       0.631259         -0.000000
    2.720000       1.007324      -0.231485       0.604466       0.631259         -0.000000
    2.730000       1.004975      -0.238443       0.602831       0.631259         -0.000000
    2.740000       1.002555      -0.245408       0.601146       0.631259         -0.000000
    2.750000       1.000066      -0.252381       0.599411       0.631259         -0.000000
    2.760000       0.997508      -0.259361       0.597625       0.631259         -0.000000
    2.770000       0.994879      -0.266348       0.595788       0.631259         -0.000000
    2.780000       0.992181      -0.273343       0.593901       0.631259         -0.000000
    2.790000       0.989412      -0.280346       0.591962       0.631259         -0.000000
    2.800000       0.986574      -0.287357       0.589972       0.631259         -0.000000
    2.810000       0.983665      -0.294376       0.587930       0.631259         -0.000000
    2.820000       0.980686      -0.301403       0.585837       0.631259         -0.000000
    2.830000       0.977637      -0.308439       0.583691       0.631259         -0.000000
    2.840000       0.974517      -0.315484       0.581494       0.631259         -0.000000
    2.850000       0.971327      -0.322537       0.579244       0.631259         -0.000000
    2.860000       0.968067      -0.329599       0.576941       0.631259         -0.000000
    2.870000       0.964735      -0.336671       0.574585       0.631259         -0.000000
    2.880000       0.961333      -0.343751       0.572177       0.631259         -0.000000
    2.890000       0.957860      -0.350841       0.569714       0.631259         -0.000000
    2.900000       0.954316      -0.357940       0.567199       0.631259         -0.000000
    2.910000       0.950701      -0.365048       0.564629       0.631259         -0.000000
    2.920000       0.947015      -0.372166       0.562005       0.631259         -0.000000
    2.930000       0.943258      -0.379294       0.559327       0.631259         -0.000000
    2.940000       0.939429      -0.386432       0.556594       0.631259         -0.000000
    2.950000       0.935529      -0.393579       0.553807       0.631259         -0.000000
    2.960000       0.931558      -0.400737       0.550964       0.631259         -0.000000
    2.970000       0.927515      -0.407905       0.548066       0.631259         -0.000000
    2.980000       0.923400      -0.415082       0.545112       0.631259         -0.000000
    2.990000       0.919213      -0.422270       0.542103       0.631259         -0.000000
    3.000000       0.914954      -0.429468       0.539037       0.631259         -0.000000
    3.010000       0.910623      -0.436676       0.535916       0.631259         -0.000000
    3.020000       0.906221      -0.443895       0.532737       0.631259         -0.000000
    3.030000       0.901746      -0.451124       0.529502       0.631259         -0.000000
    3.040000       0.897198      -0.458363       0.526210       0.631259         -0.000000
    3.050000       0.892578      -0.465613       0.522861       0.631259         -0.000000
    3.060000       0.887886      -0.472873       0.519454       0.631259         -0.000000
    3.070000       0.883121      -0.480143       0.515990       0.631259         -0.000000
    3.080000       0.878283      -0.487424       0.512468       0.631259         -0.000000
    3.090000       0.873372      -0.494715       0.508888       0.631259         -0.000000
    3.100000       0.868389      -0.502016       0.505249       0.631259         -0.000000
    3.110000       0.863332      -0.509327       0.501552       0.631259         -0.000000
    3.120000       0.858202      -0.516649       0.497796       0.631259         -0.000000
    3.130000       0.852999      -0.523980       0.493981       0.631259         -0.000000
    3.140000       0.847722      -0.531321       0.490108       0.631259         -0.000000
    3.150000       0.842372      -0.538672       0.486175       0.631259         -0.000000
    3.160000       0.836949      -0.546033       0.482183       0.631259         -0.000000
    3.170000       0.831452      -0.553403       0.478131       0.631259         -0.000000
    3.180000       0.825881      -0.560783       0.474020       0.631259         -0.000000
    3.190000       0.820236      -0.568171       0.469850       0.631259         -0.000000
    3.200000       0.814517      -0.575569       0.465619       0.631259         -0.000000
    3.210000       0.808725      -0.582975       0.461329       0.631259         -0.000000
    3.220000       0.802858      -0.590390       0.456979       0.631259         -0.000000
    3.230000       0.796917      -0.597813       0.452569       0.631259         -0.000000
    3.240000       0.790902      -0.605244       0.448099       0.631259         -0.000000
    3.250000       0.784812      -0.612683       0.443569       0.631259         -0.000000
    3.260000       0.778648      -0.620129       0.438979       0.631259         -0.000000
    3.270000       0.772409      -0.627582       0.434329       0.631259         -0.000000
    3.280000       0.766096      -0.635042       0.429620       0.631259         -0.000000
    3.290000       0.759708      -0.642508       0.424851       0.631259         -0.000000
    3.300000       0.753246      -0.649980       0.420022       0.631259         -0.000000
    3.310000       0.746709      -0.657457       0.415134       0.631259         -0.000000
    3.320000       0.740097      -0.664939       0.410187       0.631259         -0.000000
    3.330000       0.733410      -0.672425       0.405181       0.631259         -0.000000
    3.340000       0.726648      -0.679915       0.400117       0.631259         -0.000000
    3.350000       0.719812      -0.687408       0.394994       0.631259         -0.000000
    3.360000       0.712900      -0.694904       0.389813       0.631259         -0.000000
    3.370000       0.705914      -0.702402       0.384574       0.631259         -0.000000
    3.380000       0.698852      -0.709902       0.379279       0.631259         -0.000000
    3.390000       0.691716      -0.717402       0.373926       0.631259         -0.000000
    3.400000       0.684504      -0.724902       0.368518       0.631259         -0.000000
    3.410000       0.677218      -0.732400       0.363054       0.631259         -0.000000
    3.420000       0.669856      -0.739897       0.357535       0.631259         -0.000000
    3.430000       0.662420      -0.747392       0.351962       0.631259         -0.000000
    3.440000       0.654908      -0.754882       0.346335       0.631259         -0.000000
    3.450000       0.647322      -0.762369       0.340656       0.631259         -0.000000
    3.460000       0.639661      -0.769849       0.334925       0.631259         -0.000000
    3.470000       0.631925      -0.777323       0.329143       0.631259         -0.000000
    3.480000       0.624114      -0.784789       0.323312       0.631259         -0.000000
    3.490000       0.616229      -0.792246       0.317432       0.631259         -0.000000
    3.500000       0.608270      -0.799693       0.311505       0.631259         -0.000000
    3.510000       0.600235      -0.807128       0.305531       0.631259         -0.000000
    3.520000       0.592127      -0.814550       0.299513       0.631259         -0.000000
    3.530000       0.583945      -0.821958       0.293452       0.631259         -0.000000
    3.540000       0.575688      -0.829350       0.287348       0.631259         -0.000000
    3.550000       0.567358      -0.836724       0.281205       0.631259         -0.000000
    3.560000       0.558954      -0.844080       0.275024       0.631259         -0.000000
    3.570000       0.550476      -0.851414       0.268806       0.631259         -0.000000
    3.580000       0.541925      -0.858726       0.262554       0.631259         -0.000000
    3.590000       0.533302      -0.866014       0.256269       0.631259         -0.000000
    3.600000       0.524605      -0.873275       0.249954       0.631259         -0.000000
    3.610000       0.515836      -0.880508       0.243612       0.631259         -0.000000
    3.620000       0.506995      -0.887710       0.237245       0.631259         -0.000000
    3.630000       0.498082      -0.894879       0.230855       0.631259         -0.000000
    3.640000       0.489098      -0.902013       0.224445       0.631259         -0.000000
    3.650000       0.480042      -0.909110       0.218019       0.631259         -0.000000
    3.660000       0.470916      -0.916166       0.211579       0.631259         -0.000000
    3.670000       0.461719      -0.923180       0.205129       0.631259         -0.000000
    3.680000       0.452452      -0.930148       0.198671       0.631259         -0.000000
    3.690000       0.443116      -0.937068       0.192211       0.631259         -0.000000
    3.700000       0.433711      -0.943936       0.185751       0.631259         -0.000000
    3.710000       0.424237      -0.950751       0.179295       0.631259         -0.000000
    3.720000       0.414696      -0.957507       0.172849       0.631259         -0.000000
    3.730000       0.405088      -0.964203       0.166415       0.631259         -0.000000
    3.740000       0.395412      -0.970835       0.159999       0.631259         -0.000000
    3.750000       0.385671      -0.977398       0.153606       0.631259         -0.000000
    3.760000       0.375865      -0.983889       0.147240       0.631259         -0.000000
    3.770000       0.365994      -0.990305       0.140907       0.631259         -0.000000
    3.780000       0.356059      -0.996641       0.134612       0.631259         -0.000000
    3.790000       0.346061      -1.002893       0.128361       0.631259         -0.000000
    3.800000       0.336001      -1.009057       0.122161       0.631259         -0.000000
    3.810000       0.325880      -1.015128       0.116016       0.631259         -0.000000
    3.820000       0.315699      -1.021102       0.109935       0.631259         -0.000000
    3.830000       0.305458      -1.026972       0.103923       0.631259         -0.000000
    3.840000       0.295160      -1.032736       0.097987       0.631259         -0.000000
    3.850000       0.284804      -1.038386       0.092136       0.631259         -0.000000
    3.860000       0.274392      -1.043919       0.086376       0.631259         -0.000000
    3.870000       0.263926      -1.049327       0.080715       0.631259         -0.000000
    3.880000       0.253406      -1.054606       0.075162       0.631259         -0.000000
    3.890000       0.242834      -1.059750       0.069724       0.631259         -0.000000
    3.900000       0.232212      -1.064751       0.064411       0.631259         -0.000000
    3.910000       0.221540      -1.069604       0.059232       0.631259         -0.000000
    3.920000       0.210820      -1.074303       0.054196       0.631259         -0.000000
    3.930000       0.200054      -1.078839       0.049312       0.631259         -0.000000
    3.940000       0.189244      -1.083207       0.044591       0.631259         -0.000000
    3.950000       0.178391      -1.087398       0.040042       0.631259         -0.000000
    3.960000       0.167497      -1.091405       0.035676       0.631259         -0.000000
    3.970000       0.156563      -1.095221       0.031504       0.631259         -0.000000
    3.980000       0.145593      -1.098838       0.027536       0.631259         -0.000000
    3.990000       0.134587      -1.102247       0.023785       0.631259         -0.000000
    4.000000       0.123549      -1.105439       0.020261       0.631259         -0.000000
    4.010000       0.112479      -1.108407       0.016976       0.631259         -0.000000
    4.020000       0.101381      -1.111140       0.013943       0.631259         -0.000000
    4.030000       0.090257      -1.113630       0.011173       0.631259         -0.000000
    4.040000       0.079110      -1.115868       0.008678       0.631259         -0.000000
    4.050000       0.067941      -1.117844       0.006472       0.631259         -0.000000
    4.060000       0.056754      -1.119547       0.004566       0.631259         -0.000000
    4.070000       0.045551      -1.120968       0.002974       0.631259         -0.000000
    4.080000       0.034335      -1.122096       0.001709       0.631259         -0.000000
    4.090000       0.023110      -1.122921       0.000783       0.631259         -0.000000
    4.100000       0.011878      -1.123432       0.000209       0.631259         -0.000000
    4.110000       0.000642      -1.123618       0.000001       0.631259         -0.000000
    4.120000      -0.010593      -1.123467       0.000170       0.631259         -0.000000
    4.130000      -0.021826      -1.122968       0.000730       0.631259         -0.000000
    4.140000      -0.033052      -1.122110       0.001694       0.631259         -0.000000
    4.150000      -0.044267      -1.120880       0.003073       0.631259         -0.000000
    4.160000      -0.055468      -1.119267       0.004879       0.631259         -0.000000
    4.170000      -0.066651      -1.117259       0.007125       0.631259         -0.000000
    4.180000      -0.077812      -1.114843       0.009822       0.631259         -0.000000
    4.190000      -0.088946      -1.112007       0.012980       0.631259         -0.000000
    4.200000      -0.100050      -1.108738       0.016609       0.631259         -0.000000
    4.210000      -0.111120      -1.105024       0.020719       0.631259         -0.000000
    4.220000      -0.122149      -1.100853       0.025320       0.631259         -0.000000
    4.230000      -0.133135      -1.096212       0.030418       0.631259         -0.000000
    4.240000      -0.144072      -1.091088       0.036022       0.631259         -0.000000
    4.250000      -0.154955      -1.085469       0.042137       0.631259         -0.000000
    4.260000      -0.165780      -1.079342       0.048769       0.631259         -0.000000
    4.270000      -0.176540      -1.072695       0.055921       0.631259         -0.000000
    4.280000      -0.187232      -1.065516       0.063596       0.631259         -0.000000
    4.290000      -0.197849      -1.057793       0.071796       0.631259         -0.000000
    4.300000      -0.208386      -1.049514       0.080519       0.631259         -0.000000
    4.310000      -0.218837      -1.040667       0.089765       0.631259         -0.000000
    4.320000      -0.229197      -1.031242       0.099529       0.631259         -0.000000
    4.330000      -0.239460      -1.021227       0.109806       0.631259         -0.000000
    4.340000      -0.249620      -1.010613       0.120590       0.631259         -0.000000
    4.350000      -0.259670      -0.999388       0.131871       0.631259         -0.000000
    4.360000      -0.269605      -0.987545       0.143637       0.631259         -0.000000
    4.370000      -0.279419      -0.975073       0.155875       0.631259         -0.000000
    4.380000      -0.289105      -0.961965       0.168570       0.631259          0.000000
    4.390000      -0.298656      -0.948214       0.181704       0.631259          0.000000
    4.400000      -0.308067      -0.933812       0.195256       0.631259          0.000000
    4.410000      -0.317330      -0.918754       0.209204       0.631259          0.000000
    4.420000      -0.326440      -0.903035       0.223523       0.631259          0.000000
    4.430000      -0.335389      -0.886651       0.238184       0.631259          0.000000
    4.440000      -0.344171      -0.869598       0.253159       0.631259          0.000000
    4.450000      -0.352778      -0.851875       0.268414       0.631259          0.000000
    4.460000      -0.361206      -0.833480       0.283914       0.631259          0.000000
    4.470000      -0.369446      -0.814415       0.299623       0.631259          0.000000
    4.480000      -0.377492      -0.794680       0.315501       0.631259          0.000000
    4.490000      -0.385337      -0.774279       0.331505       0.631259          0.000000
    4.500000      -0.392975      -0.753215       0.347593       0.631259          0.000000
    4.510000      -0.400399      -0.731494       0.363717       0.631259          0.000000
    4.520000      -0.407603      -0.709124       0.379831       0.631259          0.000000
    4.530000      -0.414580      -0.686111       0.395884       0.631259          0.000000
    4.540000      -0.421323      -0.662468       0.411827       0.631259          0.000000
    4.550000      -0.427827      -0.638204       0.427607       0.631259          0.000000
    4.560000      -0.434085      -0.613333       0.443170       0.631259          0.000000
    4.570000      -0.440092      -0.587869       0.458464       0.631259          0.000000
    4.580000      -0.445841      -0.561829       0.473433       0.631259          0.000000
    4.590000      -0.451326      -0.535230       0.488023       0.631259          0.000000
    4.600000      -0.456543      -0.508091       0.502181       0.631259          0.000000
    4.610000      -0.461486      -0.480433       0.515851       0.631259          0.000000
    4.620000      -0.466150      -0.452279       0.528981       0.631259          0.000000
    4.630000      -0.470530      -0.423651       0.541519       0.631259          0.000000
    4.640000      -0.474622      -0.394576       0.553414       0.631259          0.000000
    4.650000      -0.478421      -0.365080       0.564617       0.631259          0.000000
    4.660000      -0.481922      -0.335189       0.575083       0.631259          0.000000
    4.670000      -0.485123      -0.304935       0.584766       0.631259          0.000000
    4.680000      -0.488020      -0.274347       0.593626       0.631259         -0.000000
    4.690000      -0.490609      -0.243455       0.601624       0.631259         -0.000000
    4.700000      -0.492888      -0.212294       0.608725       0.631259         -0.000000
    4.710000      -0.494854      -0.180895       0.614897       0.631259         -0.000000
    4.720000      -0.496505      -0.149294       0.620115       0.631259         -0.000000
    4.730000      -0.497839      -0.117524       0.624353       0.631259         -0.000000
    4.740000      -0.498855      -0.085622       0.627593       0.631259         -0.000000
    4.750000      -0.499552      -0.053623       0.629821       0.631259         -0.000000
    4.760000      -0.499928      -0.021562       0.631026       0.631259         -0.000000
    4.770000      -0.499983       0.010522       0.631204       0.631259         -0.000000
    4.780000      -0.499717       0.042595       0.630352       0.631259         -0.000000
    4.790000      -0.499131       0.074620       0.628475       0.631259         -0.000000
    4.800000      -0.498225       0.106560       0.625581       0.631259         -0.000000
    4.810000      -0.497000       0.138379       0.621685       0.631259         -0.000000
    4.820000      -0.495458       0.170042       0.616802       0.631259         -0.000000
    4.830000      -0.493600       0.201514       0.610955       0.631259         -0.000000
    4.840000      -0.491428       0.232761       0.604170       0.631259         -0.000000
    4.850000      -0.488946       0.263749       0.596477       0.631259         -0.000000
    4.860000      -0.486154       0.294445       0.587910       0.631259         -0.000000
    4.870000      -0.483058       0.324818       0.578506       0.631259         -0.000000
    4.880000      -0.479659       0.354837       0.568304       0.631259         -0.000000
    4.890000      -0.475962       0.384472       0.557350       0.631259          0.000000
    4.900000      -0.471971       0.413695       0.545687       0.631259          0.000000
    4.910000      -0.467690       0.442480       0.533365       0.631259          0.000000
    4.920000      -0.463123       0.470800       0.520433       0.631259          0.000000
    4.930000      -0.458276       0.498631       0.506942       0.631259          0.000000
    4.940000      -0.453152       0.525951       0.492947       0.631259          0.000000
    4.950000      -0.447758       0.552738       0.478499       0.631259          0.000000
    4.960000      -0.442099       0.578973       0.463654       0.631259          0.000000
    4.970000      -0.436181       0.604637       0.448466       0.631259          0.000000
    4.980000      -0.430009       0.629713       0.432990       0.631259          0.000000
    4.990000      -0.423589       0.654188       0.417278       0.631259          0.000000
    5.000000      -0.416927       0.678046       0.401386       0.631259          0.000000
    5.010000      -0.410030       0.701277       0.385364       0.631259          0.000000
    5.020000      -0.402903       0.723869       0.369266       0.631259          0.000000
    5.030000      -0.395554       0.745814       0.353139       0.631259          0.000000
    5.040000      -0.387989       0.767105       0.337034       0.631259          0.000000
    5.050000      -0.380215       0.787735       0.320996       0.631259          0.000000
    5.060000      -0.372237       0.807699       0.305070       0.631259          0.000000
    5.070000      -0.364063       0.826995       0.289298       0.631259          0.000000
    5.080000      -0.355699       0.845621       0.273722       0.631259          0.000000
    5.090000      -0.347153       0.863575       0.258378       0.631259          0.000000
    5.100000      -0.338430       0.880858       0.243303       0.631259          0.000000
    5.110000      -0.329538       0.897472       0.228531       0.631259          0.000000
    5.120000      -0.320483       0.913420       0.214091       0.631259         -0.000000
    5.130000      -0.311271       0.928705       0.200013       0.631259         -0.000000
    5.140000      -0.301911       0.943332       0.186321       0.631259         -0.000000
    5.150000      -0.292407       0.957306       0.173041       0.631259         -0.000000
    5.160000      -0.282767       0.970635       0.160193       0.631259         -0.000000
    5.170000      -0.272996       0.983324       0.147796       0.631259         -0.000000
    5.180000      -0.263102       0.995383       0.135865       0.631259         -0.000000
    5.190000      -0.253091       1.006819       0.124416       0.631259         -0.000000
    5.200000      -0.242968       1.017643       0.113461       0.631259         -0.000000
    5.210000      -0.232740       1.027863       0.103008       0.631259         -0.000000
    5.220000      -0.222413       1.037490       0.093066       0.631259         -0.000000
    5.230000      -0.211992       1.046534       0.083642       0.631259         -0.000000
    5.240000      -0.201484       1.055007       0.074739       0.631259         -0.000000
    5.250000      -0.190894       1.062921       0.066359       0.631259         -0.000000
    5.260000      -0.180227       1.070286       0.058503       0.631259         -0.000000
    5.270000      -0.169490       1.077114       0.051171       0.631259         -0.000000
    5.280000      -0.158687       1.083419       0.044361       0.631259         -0.000000
    5.290000      -0.147823       1.089211       0.038069       0.631259         -0.000000
    5.300000      -0.136904       1.094504       0.032289       0.631259         -0.000000
    5.310000      -0.125935       1.099310       0.027018       0.631259         -0.000000
    5.320000      -0.114920       1.103641       0.022247       0.631259         -0.000000
    5.330000      -0.103864       1.107511       0.017969       0.631259         -0.000000
    5.340000      -0.092771       1.110931       0.014175       0.631259         -0.000000
    5.350000      -0.081646       1.113915       0.010856       0.631259         -0.000000
    5.360000      -0.070494       1.116474       0.008002       0.631259         -0.000000
    5.370000      -0.059318       1.118621       0.005602       0.631259         -0.000000
    5.380000      -0.048123       1.120369       0.003646       0.631259         -0.000000
    5.390000      -0.036912       1.121729       0.002121       0.631259         -0.000000
    5.400000      -0.025690       1.122714       0.001016       0.631259         -0.000000
    5.410000      -0.014459       1.123335       0.000318       0.631259         -0.000000
    5.420000      -0.003224       1.123604       0.000016       0.631259         -0.000000
    5.430000       0.008012       1.123533       0.000096       0.631259         -0.000000
    5.440000       0.019245       1.123133       0.000545       0.631259         -0.000000
    5.450000       0.030473       1.122415       0.001351       0.631259         -0.000000
    5.460000       0.041693       1.121390       0.002501       0.631259         -0.000000
    5.470000       0.052900       1.120068       0.003982       0.631259         -0.000000
    5.480000       0.064093       1.118461       0.005781       0.631259         -0.000000
    5.490000       0.075269       1.116578       0.007886       0.631259         -0.000000
    5.500000       0.086424       1.114429       0.010282       0.631259         -0.000000
    5.510000       0.097556       1.112025       0.012959       0.631259         -0.000000
    5.520000       0.108663       1.109374       0.015904       0.631259         -0.000000
    5.530000       0.119743       1.106486       0.019103       0.631259         -0.000000
    5.540000       0.130792       1.103370       0.022546       0.631259         -0.000000
    5.550000       0.141810       1.100035       0.026221       0.631259         -0.000000
    5.560000       0.152792       1.096489       0.030115       0.631259         -0.000000
    5.570000       0.163739       1.092741       0.034218       0.631259         -0.000000
    5.580000       0.174647       1.088798       0.038518       0.631259         -0.000000
    5.590000       0.185514       1.084669       0.043005       0.631259         -0.000000
    5.600000       0.196339       1.080361       0.047669       0.631259         -0.000000
    5.610000       0.207121       1.075882       0.052498       0.631259         -0.000000
    5.620000       0.217856       1.071239       0.057482       0.631259         -0.000000
    5.630000       0.228545       1.066438       0.062614       0.631259         -0.000000
    5.640000       0.239185       1.061487       0.067881       0.631259         -0.000000
    5.650000       0.249774       1.056392       0.073277       0.631259         -0.000000
    5.660000       0.260312       1.051159       0.078791       0.631259         -0.000000
    5.670000       0.270797       1.045794       0.084416       0.631259         -0.000000
    5.680000       0.281228       1.040304       0.090143       0.631259         -0.000000
    5.690000       0.291603       1.034693       0.095964       0.631259         -0.000000
    5.700000       0.301921       1.028968       0.101871       0.631259         -0.000000
    5.710000       0.312182       1.023134       0.107858       0.631259         -0.000000
    5.720000       0.322383       1.017195       0.113916       0.631259         -0.000000
    5.730000       0.332525       1.011157       0.120040       0.631259         -0.000000
    5.740000       0.342606       1.005025       0.126222       0.631259         -0.000000
    5.750000       0.352625       0.998802       0.132456       0.631259         -0.000000
    5.760000       0.362582       0.992495       0.138736       0.631259         -0.000000
    5.770000       0.372475       0.986106       0.145056       0.631259         -0.000000
    5.780000       0.382304       0.979640       0.151412       0.631259         -0.000000
    5.790000       0.392068       0.973101       0.157796       0.631259         -0.000000
    5.800000       0.401766       0.966493       0.164205       0.631259         -0.000000
    5.810000       0.411397       0.959819       0.170633       0.631259         -0.000000
    5.820000       0.420962       0.953083       0.177076       0.631259         -0.000000
    5.830000       0.430459       0.946288       0.183529       0.631259         -0.000000
    5.840000       0.439887       0.939437       0.189988       0.631259         -0.000000
    5.850000       0.449247       0.932535       0.196448       0.631259         -0.000000
    5.860000       0.458538       0.925583       0.202907       0.631259         -0.000000
    5.870000       0.467759       0.918584       0.209360       0.631259         -0.000000
    5.880000       0.476909       0.911542       0.215804       0.631259         -0.000000
    5.890000       0.485989       0.904459       0.222236       0.631259         -0.000000
    5.900000       0.494998       0.897338       0.228651       0.631259         -0.000000
    5.910000       0.503936       0.890181       0.235048       0.631259         -0.000000
    5.920000       0.512802       0.882990       0.241424       0.631259         -0.000000
    5.930000       0.521596       0.875767       0.247775       0.631259         -0.000000
    5.940000       0.530317       0.868516       0.254099       0.631259         -0.000000
    5.950000       0.538966       0.861237       0.260394       0.631259         -0.000000
    5.960000       0.547542       0.853933       0.266658       0.631259         -0.000000
    5.970000       0.556045       0.846606       0.272888       0.631259         -0.000000
    5.980000       0.564474       0.839258       0.279082       0.631259         -0.000000
    5.990000       0.572830       0.831889       0.285239       0.631259         -0.000000
    6.000000       0.581112       0.824503       0.291356       0.631259         -0.000000
    6.010000       0.589320       0.817101       0.297432       0.631259         -0.000000
    6.020000       0.597454       0.809683       0.303465       0.631259         -0.000000
    6.030000       0.605513       0.802253       0.309454       0.631259         -0.000000
    6.040000       0.613499       0.794810       0.315398       0.631259         -0.000000
    6.050000       0.621409       0.787356       0.321294       0.631259         -0.000000
    6.060000       0.629246       0.779893       0.327142       0.631259         -0.000000
    6.070000       0.637007       0.772422       0.332941       0.631259         -0.000000
    6.080000       0.644694       0.764943       0.338690       0.631259         -0.000000
    6.090000       0.652306       0.757459       0.344387       0.631259         -0.000000
    6.100000       0.659843       0.749970       0.350032       0.631259         -0.000000
    6.110000       0.667306       0.742477       0.355623       0.631259         -0.000000
    6.120000       0.674693       0.734980       0.361161       0.631259         -0.000000
    6.130000       0.682005       0.727482       0.366644       0.631259         -0.000000
    6.140000       0.689242       0.719983       0.372071       0.631259         -0.000000
    6.150000       0.696405       0.712483       0.377443       0.631259         -0.000000
    6.160000       0.703492       0.704983       0.382758       0.631259         -0.000000
    6.170000       0.710504       0.697484       0.388017       0.631259         -0.000000
    6.180000       0.717442       0.689988       0.393217       0.631259         -0.000000
    6.190000       0.724304       0.682493       0.398360       0.631259         -0.000000
    6.200000       0.731092       0.675002       0.403445       0.631259         -0.000000
    6.210000       0.737804       0.667514       0.408471       0.631259         -0.000000
    6.220000       0.744442       0.660031       0.413439       0.631259         -0.000000
    6.230000       0.751005       0.652552       0.418347       0.631259         -0.000000
    6.240000       0.757493       0.645078       0.423196       0.631259         -0.000000
    6.250000       0.763906       0.637610       0.427985       0.631259         -0.000000
    6.260000       0.770245       0.630148       0.432715       0.631259         -0.000000
    6.270000       0.776509       0.622693       0.437386       0.631259         -0.000000
    6.280000       0.782699       0.615245       0.441996       0.631259         -0.000000
    6.290000       0.788814       0.607803       0.446547       0.631259         -0.000000
    6.300000       0.794855       0.600369       0.451037       0.631259         -0.000000
    6.310000       0.800822       0.592944       0.455468       0.631259         -0.000000
    6.320000       0.806714       0.585526       0.459839       0.631259         -0.000000
    6.330000       0.812532       0.578117       0.464150       0.631259         -0.000000
    6.340000       0.818277       0.570716       0.468401       0.631259         -0.000000
    6.350000       0.823947       0.563324       0.472592       0.631259         -0.000000
    6.360000       0.829543       0.555941       0.476723       0.631259         -0.000000
    6.370000       0.835066       0.548568       0.480795       0.631259         -0.000000
    6.380000       0.840514       0.541204       0.484808       0.631259         -0.000000
    6.390000       0.845890       0.533850       0.488761       0.631259         -0.000000
    6.400000       0.851191       0.526505       0.492655       0.631259         -0.000000
    6.410000       0.856420       0.519170       0.496490       0.631259         -0.000000
    6.420000       0.861575       0.511846       0.500266       0.631259         -0.000000
    6.430000       0.866657       0.504531       0.503983       0.631259         -0.000000
    6.440000       0.871666       0.497226       0.507642       0.631259         -0.000000
    6.450000       0.876601       0.489932       0.511242       0.631259         -0.000000
    6.460000       0.881464       0.482648       0.514785       0.631259         -0.000000
    6.470000       0.886254       0.475374       0.518269       0.631259         -0.000000
    6.480000       0.890972       0.468110       0.521695       0.631259         -0.000000
    6.490000       0.895617       0.460857       0.525064       0.631259         -0.000000
    6.500000       0.900189       0.453614       0.528376       0.631259         -0.000000
    6.510000       0.904689       0.446382       0.531631       0.631259         -0.000000
    6.520000       0.909117       0.439159       0.534828       0.631259         -0.000000
    6.530000       0.913472       0.431947       0.537970       0.631259         -0.000000
    6.540000       0.917756       0.424746       0.541054       0.631259         -0.000000
    6.550000       0.921967       0.417555       0.544083       0.631259         -0.000000
    6.560000       0.926107       0.410373       0.547056       0.631259         -0.000000
    6.570000       0.930175       0.403202       0.549973       0.631259         -0.000000
    6.580000       0.934171       0.396041       0.552835       0.631259         -0.000000
    6.590000       0.938095       0.388890       0.555641       0.631259         -0.000000
    6.600000       0.941949       0.381749       0.558393       0.631259         -0.000000
    6.610000       0.945730       0.374618       0.561090       0.631259         -0.000000
    6.620000       0.949441       0.367497       0.563732       0.631259         -0.000000
    6.630000       0.953080       0.360385       0.566320       0.631259         -0.000000
    6.640000       0.956649       0.353282       0.568855       0.631259         -0.000000
    6.650000       0.960146       0.346190       0.571335       0.631259         -0.000000
    6.660000       0.963573       0.339106       0.573762       0.631259         -0.000000
    6.670000       0.966928       0.332032       0.576136       0.631259         -0.000000
    6.680000       0.970213       0.324966       0.578457       0.631259         -0.000000
    6.690000       0.973428       0.317910       0.580726       0.631259         -0.000000
    6.700000       0.976571       0.310863       0.582941       0.631259         -0.000000
    6.710000       0.979645       0.303824       0.585105       0.631259         -0.000000
    6.720000       0.982648       0.296793       0.587216       0.631259         -0.000000
    6.730000       0.985581       0.289771       0.589275       0.631259         -0.000000
    6.740000       0.988443       0.282758       0.591283       0.631259         -0.000000
    6.750000       0.991236       0.275752       0.593239       0.631259         -0.000000
    6.760000       0.993958       0.268754       0.595145       0.631259         -0.000000
    6.770000       0.996611       0.261764       0.596999       0.631259         -0.000000
    6.780000       0.999194       0.254782       0.598802       0.631259         -0.000000
    6.790000       1.001707       0.247807       0.600555       0.631259         -0.000000
    6.800000       1.004150       0.240839       0.602257       0.631259         -0.000000
    6.810000       1.006523       0.233878       0.603909       0.631259         -0.000000
    6.820000       1.008827       0.226925       0.605512       0.631259         -0.000000
    6.830000       1.011062       0.219978       0.607064       0.631259         -0.000000
    6.840000       1.013227       0.213037       0.608567       0.631259         -0.000000
    6.850000       1.015323       0.206103       0.610020       0.631259         -0.000000
    6.860000       1.017349       0.199175       0.611424       0.631259         -0.000000
    6.870000       1.019306       0.192253       0.612778       0.631259         -0.000000
    6.880000       1.021194       0.185337       0.614084       0.631259         -0.000000
    6.890000       1.023013       0.178426       0.615341       0.631259         -0.000000
    6.900000       1.024763       0.171521       0.616549       0.631259         -0.000000
    6.910000       1.026443       0.164621       0.617709       0.631259         -0.000000
    6.920000       1.028055       0.157726       0.618820       0.631259         -0.000000
    6.930000       1.029598       0.150836       0.619883       0.631259         -0.000000
    6.940000       1.031072       0.143950       0.620898       0.631259         -0.000000
    6.950000       1.032477       0.137069       0.621865       0.631259         -0.000000
    6.960000       1.033813       0.130192       0.622784       0.631259         -0.000000
    6.970000       1.035081       0.123319       0.623655       0.631259         -0.000000
    6.980000       1.036280       0.116450       0.624479       0.631259         -0.000000
    6.990000       1.037410       0.109585       0.625255       0.631259         -0.000000
    7.000000       1.038471       0.102723       0.625983       0.631259         -0.000000
    7.010000       1.039464       0.095864       0.626664       0.631259         -0.000000
    7.020000       1.040389       0.089008       0.627298       0.631259         -0.000000
    7.030000       1.041245       0.082155       0.627884       0.631259         -0.000000
    7.040000       1.042032       0.075304       0.628424       0.631259         -0.000000
    7.050000       1.042751       0.068456       0.628916       0.631259         -0.000000
    7.060000       1.043401       0.061609       0.629361       0.631259         -0.000000
    7.070000       1.043983       0.054765       0.629759       0.631259         -0.000000
    7.080000       1.044496       0.047923       0.630111       0.631259         -0.000000
    7.090000       1.044941       0.041082       0.630415       0.631259         -0.000000
    7.100000       1.045318       0.034242       0.630673       0.631259         -0.000000
    7.110000       1.045626       0.027403       0.630883       0.631259         -0.000000
    7.120000       1.045866       0.020566       0.631047       0.631259         -0.000000
    7.130000       1.046037       0.013728       0.631165       0.631259         -0.000000
    7.140000       1.046141       0.006892       0.631235       0.631259         -0.000000
    7.150000       1.046175       0.000055       0.631259       0.631259         -0.000000
    7.160000       1.046142      -0.006781       0.631236       0.631259         -0.000000
    7.170000       1.046040      -0.013618       0.631166       0.631259         -0.000000
    7.180000       1.045869      -0.020455       0.631050       0.631259         -0.000000
    7.190000       1.045631      -0.027293       0.630886       0.631259         -0.000000
    7.200000       1.045323      -0.034131       0.630676       0.631259         -0.000000
    7.210000       1.044948      -0.040971       0.630420       0.631259         -0.000000
    7.220000       1.044504      -0.047812       0.630116       0.631259         -0.000000
    7.230000       1.043992      -0.054655       0.629765       0.631259         -0.000000
    7.240000       1.043411      -0.061499       0.629368       0.631259         -0.000000
    7.250000       1.042762      -0.068345       0.628923       0.631259         -0.000000
    7.260000       1.042044      -0.075193       0.628432       0.631259         -0.000000
    7.270000       1.041258      -0.082044       0.627893       0.631259         -0.000000
    7.280000       1.040403      -0.088897       0.627308       0.631259         -0.000000
    7.290000       1.039480      -0.095753       0.626675       0.631259         -0.000000
    7.300000       1.038488      -0.102612       0.625994       0.631259         -0.000000
    7.310000       1.037428      -0.109474       0.625267       0.631259         -0.000000
    7.320000       1.036299      -0.116339       0.624492       0.631259         -0.000000
    7.330000       1.035101      -0.123208       0.623669       0.631259         -0.000000
    7.340000       1.033834      -0.130081       0.622798       0.631259         -0.000000
    7.350000       1.032499      -0.136958       0.621880       0.631259         -0.000000
    7.360000       1.031095      -0.143839       0.620914       0.631259         -0.000000
    7.370000       1.029622      -0.150724       0.619900       0.631259         -0.000000
    7.380000       1.028081      -0.157614       0.618838       0.631259         -0.000000
    7.390000       1.026470      -0.164509       0.617727       0.631259         -0.000000
    7.400000       1.024790      -0.171409       0.616568       0.631259         -0.000000
    7.410000       1.023042      -0.178314       0.615361       0.631259         -0.000000
    7.420000       1.021224      -0.185225       0.614105       0.631259         -0.000000
    7.430000       1.019337      -0.192141       0.612800       0.631259         -0.000000
    7.440000       1.017381      -0.199063       0.611446       0.631259         -0.000000
    7.450000       1.015356      -0.205991       0.610043       0.631259         -0.000000
    7.460000       1.013262      -0.212925       0.608590       0.631259         -0.000000
    7.470000       1.011098      -0.219865       0.607089       0.631259         -0.000000
    7.480000       1.008864      -0.226812       0.605537       0.631259         -0.000000
    7.490000       1.006561      -0.233766       0.603936       0.631259         -0.000000
    7.500000       1.004189      -0.240726       0.602284       0.631259         -0.000000
    7.510000       1.001747      -0.247694       0.600583       0.631259         -0.000000
    7.520000       0.999235      -0.254669       0.598831       0.631259         -0.000000
    7.530000       0.996653      -0.261651       0.597028       0.631259         -0.000000
    7.540000       0.994002      -0.268641       0.595175       0.631259         -0.000000
    7.550000       0.991280      -0.275639       0.593271       0.631259         -0.000000
    7.560000       0.988489      -0.282644       0.591315       0.631259         -0.000000
    7.570000       0.985628      -0.289658       0.589308       0.631259         -0.000000
    7.580000       0.982696      -0.296680       0.587249       0.631259         -0.000000
    7.590000       0.979694      -0.303710       0.585139       0.631259         -0.000000
    7.600000       0.976622      -0.310749       0.582977       0.631259         -0.000000
    7.610000       0.973479      -0.317796       0.580762       0.631259         -0.000000
    7.620000       0.970266      -0.324852       0.578494       0.631259         -0.000000
    7.630000       0.966982      -0.331917       0.576174       0.631259         -0.000000
    7.640000       0.963627      -0.338992       0.573801       0.631259         -0.000000
    7.650000       0.960202      -0.346075       0.571375       0.631259         -0.000000
    7.660000       0.956706      -0.353168       0.568895       0.631259         -0.000000
    7.670000       0.953139      -0.360270       0.566362       0.631259         -0.000000
    7.680000       0.949500      -0.367382       0.563774       0.631259         -0.000000
    7.690000       0.945791      -0.374503       0.561133       0.631259         -0.000000
    7.700000       0.942010      -0.381634       0.558437       0.631259         -0.000000
    7.710000       0.938158      -0.388775       0.555686       0.631259         -0.000000
    7.720000       0.934235      -0.395926       0.552880       0.631259         -0.000000
    7.730000       0.930240      -0.403086       0.550020       0.631259         -0.000000
    7.740000       0.926173      -0.410257       0.547103       0.631259         -0.000000
    7.750000       0.922035      -0.417438       0.544132       0.631259         -0.000000
    7.760000       0.917824      -0.424630       0.541104       0.631259         -0.000000
    7.770000       0.913542      -0.431831       0.538020       0.631259         -0.000000
    7.780000       0.909188      -0.439043       0.534880       0.631259         -0.000000
    7.790000       0.904761      -0.446265       0.531683       0.631259         -0.000000
    7.800000       0.900262      -0.453497       0.528429       0.631259         -0.000000
    7.810000       0.895691      -0.460740       0.525118       0.631259         -0.000000
    7.820000       0.891047      -0.467993       0.521750       0.631259         -0.000000
    7.830000       0.886331      -0.475256       0.518325       0.631259         -0.000000
    7.840000       0.881542      -0.482530       0.514841       0.631259         -0.000000
    7.850000       0.876681      -0.489814       0.511300       0.631259         -0.000000
    7.860000       0.871746      -0.497108       0.507701       0.631259         -0.000000
    7.870000       0.866738      -0.504413       0.504043       0.631259         -0.000000
    7.880000       0.861658      -0.511727       0.500327       0.631259         -0.000000
    7.890000       0.856504      -0.519052       0.496552       0.631259         -0.000000
    7.900000       0.851277      -0.526386       0.492718       0.631259         -0.000000
    7.910000       0.845976      -0.533731       0.488825       0.631259         -0.000000
    7.920000       0.840602      -0.541085       0.484872       0.631259         -0.000000
    7.930000       0.835154      -0.548449       0.480861       0.631259         -0.000000
    7.940000       0.829633      -0.555822       0.476790       0.631259         -0.000000
    7.950000       0.824038      -0.563205       0.472659       0.631259         -0.000000
    7.960000       0.818369      -0.570596       0.468469       0.631259         -0.000000
    7.970000       0.812626      -0.577997       0.464219       0.631259         -0.000000
    7.980000       0.806809      -0.585406       0.459909       0.631259         -0.000000
    7.990000       0.800918      -0.592824       0.455539       0.631259         -0.000000
    8.000000       0.794952      -0.600249       0.451109       0.631259         -0.000000
    8.010000       0.788913      -0.607683       0.446620       0.631259         -0.000000
    8.020000       0.782799      -0.615124       0.442070       0.631259         -0.000000
    8.030000       0.776610      -0.622573       0.437461       0.631259         -0.000000
    8.040000       0.770347      -0.630028       0.432791       0.631259         -0.000000
    8.050000       0.764010      -0.637490       0.428062       0.631259         -0.000000
    8.060000       0.757597      -0.644958       0.423274       0.631259         -0.000000
    8.070000       0.751110      -0.652431       0.418426       0.631259         -0.000000
    8.080000       0.744549      -0.659910       0.413518       0.631259         -0.000000
    8.090000       0.737912      -0.667393       0.408552       0.631259         -0.000000
    8.100000       0.731201      -0.674881       0.403527       0.631259         -0.000000
    8.110000       0.724415      -0.682372       0.398443       0.631259         -0.000000
    8.120000       0.717553      -0.689866       0.393301       0.631259         -0.000000
    8.130000       0.710617      -0.697363       0.388101       0.631259         -0.000000
    8.140000       0.703606      -0.704862       0.382844       0.631259         -0.000000
    8.150000       0.696520      -0.712361       0.377530       0.631259         -0.000000
    8.160000       0.689359      -0.719861       0.372159       0.631259         -0.000000
    8.170000       0.682123      -0.727361       0.366732       0.631259         -0.000000
    8.180000       0.674812      -0.734859       0.361250       0.631259         -0.000000
    8.190000       0.667426      -0.742355       0.355713       0.631259         -0.000000
    8.200000       0.659965      -0.749849       0.350122       0.631259         -0.000000
    8.210000       0.652429      -0.757338       0.344478       0.631259         -0.000000
    8.220000       0.644818      -0.764822       0.338782       0.631259         -0.000000
    8.230000       0.637132      -0.772301       0.333035       0.631259         -0.000000
    8.240000       0.629372      -0.779772       0.327237       0.631259         -0.000000
    8.250000       0.621537      -0.787235       0.321389       0.631259         -0.000000
    8.260000       0.613627      -0.794689       0.315493       0.631259         -0.000000
    8.270000       0.605643      -0.802132       0.309551       0.631259         -0.000000
    8.280000       0.597585      -0.809563       0.303563       0.631259         -0.000000
    8.290000       0.589452      -0.816981       0.297530       0.631259         -0.000000
    8.300000       0.581245      -0.824384       0.291455       0.631259         -0.000000
    8.310000       0.572964      -0.831770       0.285338       0.631259         -0.000000
    8.320000       0.564610      -0.839139       0.279182       0.631259         -0.000000
    8.330000       0.556181      -0.846487       0.272989       0.631259         -0.000000
    8.340000       0.547680      -0.853815       0.266759       0.631259         -0.000000
    8.350000       0.539105      -0.861119       0.260496       0.631259         -0.000000
    8.360000       0.530458      -0.868398       0.254201       0.631259         -0.000000
    8.370000       0.521737      -0.875650       0.247877       0.631259         -0.000000
    8.380000       0.512945      -0.882873       0.241527       0.631259         -0.000000
    8.390000       0.504080      -0.890065       0.235152       0.631259         -0.000000
    8.400000       0.495144      -0.897222       0.228755       0.631259         -0.000000
    8.410000       0.486136      -0.904345       0.222339       0.631259         -0.000000
    8.420000       0.477057      -0.911428       0.215908       0.631259         -0.000000
    8.430000       0.467907      -0.918471       0.209465       0.631259         -0.000000
    8.440000       0.458688      -0.925470       0.203012       0.631259         -0.000000
    8.450000       0.449398      -0.932423       0.196553       0.631259         -0.000000
    8.460000       0.440039      -0.939326       0.190092       0.631259         -0.000000
    8.470000       0.430612      -0.946177       0.183633       0.631259         -0.000000
    8.480000       0.421116      -0.952973       0.177180       0.631259         -0.000000
    8.490000       0.411552      -0.959710       0.170737       0.631259         -0.000000
    8.500000       0.401922      -0.966385       0.164309       0.631259         -0.000000
    8.510000       0.392225      -0.972995       0.157900       0.631259         -0.000000
    8.520000       0.382462      -0.979535       0.151515       0.631259         -0.000000
    8.530000       0.372634      -0.986002       0.145159       0.631259         -0.000000
    8.540000       0.362742      -0.992392       0.138838       0.631259         -0.000000
    8.550000       0.352787      -0.998701       0.132557       0.631259         -0.000000
    8.560000       0.342769      -1.004925       0.126322       0.631259         -0.000000
    8.570000       0.332689      -1.011059       0.120139       0.631259         -0.000000
    8.580000       0.322548      -1.017098       0.114015       0.631259         -0.000000
    8.590000       0.312347      -1.023038       0.107955       0.631259         -0.000000
    8.600000       0.302087      -1.028875       0.101968       0.631259         -0.000000
    8.610000       0.291770      -1.034602       0.096059       0.631259         -0.000000
    8.620000       0.281396      -1.040214       0.090236       0.631259         -0.000000
    8.630000       0.270966      -1.045706       0.084508       0.631259         -0.000000
    8.640000       0.260482      -1.051073       0.078882       0.631259         -0.000000
    8.650000       0.249945      -1.056308       0.073365       0.631259         -0.000000
    8.660000       0.239356      -1.061406       0.067968       0.631259         -0.000000
    8.670000       0.228717      -1.066359       0.062698       0.631259         -0.000000
    8.680000       0.218030      -1.071163       0.057564       0.631259         -0.000000
    8.690000       0.207295      -1.075809       0.052577       0.631259         -0.000000
    8.700000       0.196514      -1.080290       0.047745       0.631259         -0.000000
    8.710000       0.185689      -1.084601       0.043079       0.631259         -0.000000
    8.720000       0.174823      -1.088733       0.038589       0.631259         -0.000000
    8.730000       0.163915      -1.092678       0.034286       0.631259         -0.000000
    8.740000       0.152970      -1.096430       0.030180       0.631259         -0.000000
    8.750000       0.141988      -1.099979       0.026282       0.631259         -0.000000
    8.760000       0.130971      -1.103318       0.022604       0.631259         -0.000000
    8.770000       0.119922      -1.106437       0.019157       0.631259         -0.000000
    8.780000       0.108843      -1.109329       0.015953       0.631259         -0.000000
    8.790000       0.097736      -1.111984       0.013005       0.631259         -0.000000
    8.800000       0.086604      -1.114393       0.010323       0.631259         -0.000000
    8.810000       0.075449      -1.116545       0.007922       0.631259         -0.000000
    8.820000       0.064274      -1.118433       0.005813       0.631259         -0.000000
    8.830000       0.053081      -1.120045       0.004009       0.631259         -0.000000
    8.840000       0.041874      -1.121371       0.002523       0.631259         -0.000000
    8.850000       0.030655      -1.122401       0.001367       0.631259         -0.000000
    8.860000       0.019427      -1.123124       0.000555       0.631259         -0.000000
    8.870000       0.008193      -1.123529       0.000100       0.631259         -0.000000
    8.880000      -0.003042      -1.123606       0.000014       0.631259         -0.000000
    8.890000      -0.014277      -1.123342       0.000310       0.631259         -0.000000
    8.900000      -0.025508      -1.122727       0.001001       0.631259         -0.000000
    8.910000      -0.036731      -1.121748       0.002100       0.631259         -0.000000
    8.920000      -0.047942      -1.120394       0.003618       0.631259         -0.000000
    8.930000      -0.059137      -1.118653       0.005567       0.631259         -0.000000
    8.940000      -0.070314      -1.116512       0.007959       0.631259         -0.000000
    8.950000      -0.081466      -1.113959       0.010806       0.631259         -0.000000
    8.960000      -0.092591      -1.110983       0.014117       0.631259         -0.000000
    8.970000      -0.103684      -1.107570       0.017903       0.631259         -0.000000
    8.980000      -0.114741      -1.103708       0.022174       0.631259         -0.000000
    8.990000      -0.125757      -1.099384       0.026937       0.631259         -0.000000
    9.000000      -0.136727      -1.094586       0.032200       0.631259         -0.000000
    9.010000      -0.147647      -1.089301       0.037971       0.631259         -0.000000
    9.020000      -0.158512      -1.083516       0.044255       0.631259         -0.000000
    9.030000      -0.169316      -1.077220       0.051057       0.631259         -0.000000
    9.040000      -0.180054      -1.070400       0.058381       0.631259         -0.000000
    9.050000      -0.190722      -1.063044       0.066228       0.631259         -0.000000
    9.060000      -0.201313      -1.055140       0.074599       0.631259         -0.000000
    9.070000      -0.211823      -1.046676       0.083494       0.631259         -0.000000
    9.080000      -0.222245      -1.037641       0.092910       0.631259         -0.000000
    9.090000      -0.232574      -1.028023       0.102843       0.631259         -0.000000
    9.100000      -0.242803      -1.017813       0.113287       0.631259         -0.000000
    9.110000      -0.252928      -1.006999       0.124235       0.631259         -0.000000
    9.120000      -0.262941      -0.995573       0.135676       0.631259         -0.000000
    9.130000      -0.272837      -0.983524       0.147599       0.631259         -0.000000
    9.140000      -0.282610      -0.970845       0.159989       0.631259         -0.000000
    9.150000      -0.292252      -0.957527       0.172830       0.631259         -0.000000
    9.160000      -0.301758      -0.943563       0.186103       0.631259         -0.000000
    9.170000      -0.311121      -0.928947       0.199788       0.631259         -0.000000
    9.180000      -0.320335      -0.913672       0.213860       0.631259         -0.000000
    9.190000      -0.329393      -0.897736       0.228294       0.631259         -0.000000
    9.200000      -0.338287      -0.881132       0.243062       0.631259          0.000000
    9.210000      -0.347013      -0.863860       0.258132       0.631259          0.000000
    9.220000      -0.355562      -0.845916       0.273472       0.631259          0.000000
    9.230000      -0.363929      -0.827302       0.289045       0.631259          0.000000
    9.240000      -0.372106      -0.808017       0.304813       0.631259          0.000000
    9.250000      -0.380087      -0.788063       0.320737       0.631259          0.000000
    9.260000      -0.387865      -0.767444       0.336774       0.631259          0.000000
    9.270000      -0.395434      -0.746164       0.352879       0.631259          0.000000
    9.280000      -0.402786      -0.724229       0.369005       0.631259          0.000000
    9.290000      -0.409916      -0.701647       0.385105       0.631259          0.000000
    9.300000      -0.416817      -0.678427       0.401127       0.631259          0.000000
    9.310000      -0.423483      -0.654578       0.417023       0.631259          0.000000
    9.320000      -0.429907      -0.630114       0.432737       0.631259          0.000000
    9.330000      -0.436083      -0.605047       0.448218       0.631259          0.000000
    9.340000      -0.442006      -0.579392       0.463411       0.631259          0.000000
    9.350000      -0.447669      -0.553167       0.478262       0.631259          0.000000
    9.360000      -0.453067      -0.526388       0.492717       0.631259          0.000000
    9.370000      -0.458195      -0.499077       0.506720       0.631259          0.000000
    9.380000      -0.463047      -0.471254       0.520219       0.631259          0.000000
    9.390000      -0.467618      -0.442942       0.533160       0.631259         -0.000000
    9.400000      -0.471904      -0.414164       0.545493       0.631259         -0.000000
    9.410000      -0.475900      -0.384948       0.557166       0.631259         -0.000000
    9.420000      -0.479602      -0.355319       0.568133       0.631259         -0.000000
    9.430000      -0.483005      -0.325306       0.578347       0.631259         -0.000000
    9.440000      -0.486107      -0.294939       0.587764       0.631259         -0.000000
    9.450000      -0.488903      -0.264248       0.596345       0.631259         -0.000000
    9.460000      -0.491391      -0.233264       0.604053       0.631259         -0.000000
    9.470000      -0.493567      -0.202022       0.610853       0.631259         -0.000000
    9.480000      -0.495430      -0.170553       0.616715       0.631259         -0.000000
    9.490000      -0.496978      -0.138892       0.621613       0.631259         -0.000000
    9.500000      -0.498208      -0.107075       0.625526       0.631259         -0.000000
    9.510000      -0.499119      -0.075137       0.628436       0.631259         -0.000000
    9.520000      -0.499710      -0.043114       0.630330       0.631259         -0.000000
    9.530000      -0.499981      -0.011041       0.631198       0.631259         -0.000000
    9.540000      -0.499931       0.021044       0.631038       0.631259         -0.000000
    9.550000      -0.499560       0.053105       0.629849       0.631259         -0.000000
    9.560000      -0.498869       0.085105       0.627637       0.631259         -0.000000
    9.570000      -0.497858       0.117009       0.624413       0.631259         -0.000000
    9.580000      -0.496529       0.148782       0.620191       0.631259         -0.000000
    9.590000      -0.494883       0.180386       0.614989       0.631259         -0.000000
    9.600000      -0.492922       0.211788       0.608832       0.631259         -0.000000
    9.610000      -0.490648       0.242954       0.601746       0.631259         -0.000000
    9.620000      -0.488064       0.273849       0.593762       0.631259         -0.000000
    9.630000      -0.485172       0.304443       0.584916       0.631259         -0.000000
    9.640000      -0.481976       0.334703       0.575246       0.631259         -0.000000
    9.650000      -0.478480       0.364599       0.564793       0.631259         -0.000000
    9.660000      -0.474686       0.394102       0.553601       0.631259         -0.000000
    9.670000      -0.470599       0.423185       0.541716       0.631259         -0.000000
    9.680000      -0.466224       0.451820       0.529188       0.631259         -0.000000
    9.690000      -0.461564       0.479982       0.516068       0.631259         -0.000000
    9.700000      -0.456626       0.507648       0.502406       0.631259         -0.000000
    9.710000      -0.451413       0.534795       0.488256       0.631259         -0.000000
    9.720000      -0.445931       0.561403       0.473672       0.631259         -0.000000
    9.730000      -0.440187       0.587453       0.458709       0.631259         -0.000000
    9.740000      -0.434184       0.612926       0.443420       0.631259          0.000000
    9.750000      -0.427930       0.637806       0.427860       0.631259          0.000000
    9.760000      -0.421430       0.662080       0.412084       0.631259          0.000000
    9.770000      -0.414691       0.685734       0.396143       0.631259          0.000000
    9.780000      -0.407718       0.708757       0.380091       0.631259          0.000000
    9.790000      -0.400518       0.731138       0.363978       0.631259          0.000000
    9.800000      -0.393097       0.752869       0.347853       0.631259          0.000000
    9.810000      -0.385462       0.773943       0.331765       0.631259         -0.000000
    9.820000      -0.377620       0.794356       0.315759       0.631259         -0.000000
    9.830000      -0.369578       0.814101       0.299879       0.631259         -0.000000
    9.840000      -0.361341       0.833177       0.284167       0.631259         -0.000000
    9.850000      -0.352916       0.851583       0.268662       0.631259         -0.000000
    9.860000      -0.344311       0.869317       0.253403       0.631259         -0.000000
    9.870000      -0.335532       0.886380       0.238424       0.631259         -0.000000
    9.880000      -0.326586       0.902776       0.223757       0.631259         -0.000000
    9.890000      -0.317479       0.918505       0.209433       0.631259         -0.000000
    9.900000      -0.308218       0.933574       0.195479       0.631259         -0.000000
    9.910000      -0.298810       0.947986       0.181920       0.631259         -0.000000
    9.920000      -0.289260       0.961748       0.168779       0.631259         -0.000000
    9.930000      -0.279577       0.974866       0.156077       0.631259         -0.000000
    9.940000      -0.269765       0.987348       0.143831       0.631259         -0.000000
    9.950000      -0.259832       0.999202       0.132057       0.631259         -0.000000
    9.960000      -0.249783       1.010436       0.120769       0.631259         -0.000000
    9.970000      -0.239625       1.021060       0.109977       0.631259         -0.000000
    9.980000      -0.229364       1.031085       0.099691       0.631259         -0.000000
    9.990000      -0.219005       1.040520       0.089918       0.631259         -0.000000
   10.000000      -0.208555       1.049375       0.080665       0.631259         -0.000000
   10.010000      -0.198020       1.057664       0.071933       0.631259         -0.000000
   10.020000      -0.187404       1.065396       0.063725       0.631259         -0.000000
   10.030000      -0.176714       1.072584       0.056041       0.631259         -0.000000
   10.040000      -0.165954       1.079239       0.048881       0.631259         -0.000000
   10.050000      -0.155131       1.085374       0.042241       0.631259         -0.000000
   10.060000      -0.144248       1.091001       0.036117       0.631259         -0.000000
   10.070000      -0.133312       1.096133       0.030505       0.631259         -0.000000
   10.080000      -0.122327       1.100782       0.025398       0.631259         -0.000000
   10.090000      -0.111298       1.104961       0.020790       0.631259         -0.000000
   10.100000      -0.100230       1.108682       0.016672       0.631259         -0.000000
   10.110000      -0.089126       1.111957       0.013035       0.631259         -0.000000
   10.120000      -0.077992       1.114800       0.009869       0.631259         -0.000000
   10.130000      -0.066831       1.117223       0.007165       0.631259         -0.000000
   10.140000      -0.055649       1.119238       0.004912       0.631259         -0.000000
   10.150000      -0.044448       1.120857       0.003099       0.631259         -0.000000
   10.160000      -0.033233       1.122093       0.001713       0.631259         -0.000000
   10.170000      -0.022007       1.122957       0.000743       0.631259         -0.000000
   10.180000      -0.010775       1.123462       0.000176       0.631259         -0.000000
   10.190000       0.000461       1.123618       0.000000       0.631259         -0.000000
   10.200000       0.011696       1.123438       0.000203       0.631259         -0.000000
   10.210000       0.022928       1.122932       0.000771       0.631259         -0.000000
   10.220000       0.034154       1.122112       0.001691       0.631259         -0.000000
   10.230000       0.045370       1.120989       0.002951       0.631259         -0.000000
   10.240000       0.056573       1.119572       0.004538       0.631259         -0.000000
   10.250000       0.067760       1.117873       0.006438       0.631259         -0.000000
   10.260000       0.078929       1.115902       0.008640       0.631259         -0.000000
   10.270000       0.090077       1.113669       0.011130       0.631259         -0.000000
   10.280000       0.101202       1.111182       0.013896       0.631259         -0.000000
   10.290000       0.112300       1.108453       0.016925       0.631259         -0.000000
   10.300000       0.123370       1.105489       0.020206       0.631259         -0.000000
   10.310000       0.134409       1.102300       0.023726       0.631259         -0.000000
   10.320000       0.145415       1.098895       0.027474       0.631259         -0.000000
   10.330000       0.156386       1.095282       0.031438       0.631259         -0.000000
   10.340000       0.167320       1.091469       0.035607       0.631259         -0.000000
   10.350000       0.178215       1.087464       0.039970       0.631259         -0.000000
   10.360000       0.189069       1.083276       0.044516       0.631259         -0.000000
   10.370000       0.199880       1.078911       0.049234       0.631259         -0.000000
   10.380000       0.210647       1.074377       0.054116       0.631259         -0.000000
   10.390000       0.221367       1.069682       0.059150       0.631259         -0.000000
   10.400000       0.232040       1.064831       0.064326       0.631259         -0.000000
   10.410000       0.242663       1.059832       0.069637       0.631259         -0.000000
   10.420000       0.253236       1.054691       0.075073       0.631259         -0.000000
   10.430000       0.263756       1.049414       0.080624       0.631259         -0.000000
   10.440000       0.274224       1.044007       0.086283       0.631259         -0.000000
   10.450000       0.284636       1.038477       0.092042       0.631259         -0.000000
   10.460000       0.294993       1.032828       0.097892       0.631259         -0.000000
   10.470000       0.305292       1.027066       0.103826       0.631259         -0.000000
   10.480000       0.315534       1.021197       0.109837       0.631259         -0.000000
   10.490000       0.325716       1.015226       0.115917       0.631259         -0.000000
   10.500000       0.335838       1.009156       0.122061       0.631259         -0.000000
   10.510000       0.345899       1.002994       0.128261       0.631259         -0.000000
   10.520000       0.355898       0.996743       0.134510       0.631259         -0.000000
   10.530000       0.365833       0.990408       0.140805       0.631259         -0.000000
   10.540000       0.375705       0.983994       0.147137       0.631259         -0.000000
   10.550000       0.385513       0.977503       0.153502       0.631259         -0.000000
   10.560000       0.395255       0.970941       0.159895       0.631259         -0.000000
   10.570000       0.404932       0.964311       0.166311       0.631259         -0.000000
   10.580000       0.414541       0.957616       0.172744       0.631259         -0.000000
   10.590000       0.424084       0.950861       0.179191       0.631259         -0.000000
   10.600000       0.433558       0.944047       0.185646       0.631259         -0.000000
   10.610000       0.442964       0.937179       0.192106       0.631259         -0.000000
   10.620000       0.452302       0.930260       0.198567       0.631259         -0.000000
   10.630000       0.461570       0.923293       0.205024       0.631259         -0.000000
   10.640000       0.470767       0.916280       0.211475       0.631259         -0.000000
   10.650000       0.479895       0.909224       0.217915       0.631259         -0.000000
   10.660000       0.488952       0.902128       0.224341       0.631259         -0.000000
   10.670000       0.497937       0.894995       0.230751       0.631259         -0.000000
   10.680000       0.506852       0.887826       0.237142       0.631259         -0.000000
   10.690000       0.515694       0.880624       0.243509       0.631259         -0.000000
   10.700000       0.524464       0.873392       0.249852       0.631259         -0.000000
   10.710000       0.533162       0.866131       0.256167       0.631259         -0.000000
   10.720000       0.541786       0.858844       0.262452       0.631259         -0.000000
   10.730000       0.550338       0.851533       0.268705       0.631259         -0.000000
   10.740000       0.558817       0.844198       0.274923       0.631259         -0.000000
   10.750000       0.567222       0.836843       0.281106       0.631259         -0.000000
   10.760000       0.575554       0.829469       0.287249       0.631259         -0.000000
   10.770000       0.583812       0.822077       0.293353       0.631259         -0.000000
   10.780000       0.591995       0.814670       0.299415       0.631259         -0.000000
   10.790000       0.600105       0.807248       0.305434       0.631259         -0.000000
   10.800000       0.608140       0.799813       0.311409       0.631259         -0.000000
   10.810000       0.616101       0.792366       0.317337       0.631259         -0.000000
   10.820000       0.623988       0.784910       0.323217       0.631259         -0.000000
   10.830000       0.631799       0.777444       0.329050       0.631259         -0.000000
   10.840000       0.639536       0.769970       0.334832       0.631259         -0.000000
   10.850000       0.647199       0.762490       0.340564       0.631259         -0.000000
   10.860000       0.654786       0.755004       0.346244       0.631259         -0.000000
   10.870000       0.662299       0.747513       0.351871       0.631259         -0.000000
   10.880000       0.669736       0.740019       0.357445       0.631259         -0.000000
   10.890000       0.677099       0.732522       0.362965       0.631259         -0.000000
   10.900000       0.684387       0.725023       0.368430       0.631259         -0.000000
   10.910000       0.691600       0.717523       0.373839       0.631259         -0.000000
   10.920000       0.698737       0.710023       0.379193       0.631259         -0.000000
   10.930000       0.705800       0.702524       0.384489       0.631259         -0.000000
   10.940000       0.712788       0.695026       0.389729       0.631259         -0.000000
   10.950000       0.719701       0.687530       0.394910       0.631259         -0.000000
   10.960000       0.726538       0.680036       0.400034       0.631259         -0.000000
   10.970000       0.733301       0.672546       0.405100       0.631259         -0.000000
   10.980000       0.739989       0.665060       0.410107       0.631259         -0.000000
   10.990000       0.746602       0.657578       0.415055       0.631259         -0.000000
   11.000000       0.753141       0.650100       0.419944       0.631259         -0.000000
   11.010000       0.759605       0.642629       0.424773       0.631259         -0.000000
   11.020000       0.765993       0.635163       0.429543       0.631259         -0.000000
   11.030000       0.772308       0.627703       0.434254       0.631259         -0.000000
   11.040000       0.778548       0.620250       0.438904       0.631259         -0.000000
   11.050000       0.784713       0.612803       0.443495       0.631259         -0.000000
   11.060000       0.790804       0.605365       0.448026       0.631259         -0.000000
   11.070000       0.796820       0.597933       0.452497       0.631259         -0.000000
   11.080000       0.802762       0.590510       0.456908       0.631259         -0.000000
   11.090000       0.808630       0.583095       0.461259       0.631259         -0.000000
   11.100000       0.814424       0.575689       0.465550       0.631259         -0.000000
   11.110000       0.820144       0.568291       0.469782       0.631259         -0.000000
   11.120000       0.825790       0.560902       0.473953       0.631259         -0.000000
   11.130000       0.831362       0.553522       0.478065       0.631259         -0.000000
   11.140000       0.836861       0.546152       0.482118       0.631259         -0.000000
   11.150000       0.842285       0.538791       0.486111       0.631259         -0.000000
   11.160000       0.847636       0.531440       0.490045       0.631259         -0.000000
   11.170000       0.852914       0.524099       0.493919       0.631259         -0.000000
   11.180000       0.858118       0.516767       0.497735       0.631259         -0.000000
   11.190000       0.863250       0.509446       0.501492       0.631259         -0.000000
   11.200000       0.868307       0.502134       0.505190       0.631259         -0.000000
   11.210000       0.873292       0.494833       0.508829       0.631259         -0.000000
   11.220000       0.878204       0.487542       0.512410       0.631259         -0.000000
   11.230000       0.883043       0.480261       0.515934       0.631259         -0.000000
   11.240000       0.887809       0.472991       0.519399       0.631259         -0.000000
   11.250000       0.892503       0.465730       0.522807       0.631259         -0.000000
   11.260000       0.897124       0.458481       0.526157       0.631259         -0.000000
   11.270000       0.901673       0.451241       0.529450       0.631259         -0.000000
   11.280000       0.906149       0.444012       0.532686       0.631259         -0.000000
   11.290000       0.910553       0.436793       0.535865       0.631259         -0.000000
   11.300000       0.914885       0.429585       0.538987       0.631259         -0.000000
   11.310000       0.919145       0.422386       0.542054       0.631259         -0.000000
   11.320000       0.923332       0.415198       0.545064       0.631259         -0.000000
   11.330000       0.927449       0.408021       0.548019       0.631259         -0.000000
   11.340000       0.931493       0.400853       0.550917       0.631259         -0.000000
   11.350000       0.935466       0.393695       0.553761       0.631259         -0.000000
   11.360000       0.939367       0.386547       0.556549       0.631259         -0.000000
   11.370000       0.943197       0.379410       0.559283       0.631259         -0.000000
   11.380000       0.946955       0.372282       0.561962       0.631259         -0.000000
   11.390000       0.950642       0.365163       0.564587       0.631259         -0.000000
   11.400000       0.954258       0.358055       0.567157       0.631259         -0.000000
   11.410000       0.957803       0.350955       0.569674       0.631259         -0.000000
   11.420000       0.961278       0.343866       0.572137       0.631259         -0.000000
   11.430000       0.964681       0.336785       0.574547       0.631259         -0.000000
   11.440000       0.968013       0.329714       0.576903       0.631259         -0.000000
   11.450000       0.971275       0.322651       0.579207       0.631259         -0.000000
   11.460000       0.974466       0.315598       0.581458       0.631259         -0.000000
   11.470000       0.977587       0.308553       0.583656       0.631259         -0.000000
   11.480000       0.980637       0.301517       0.585803       0.631259         -0.000000
   11.490000       0.983617       0.294490       0.587897       0.631259         -0.000000
   11.500000       0.986527       0.287470       0.589939       0.631259         -0.000000
   11.510000       0.989367       0.280459       0.591930       0.631259         -0.000000
   11.520000       0.992136       0.273456       0.593870       0.631259         -0.000000
   11.530000       0.994836       0.266461       0.595758       0.631259         -0.000000
   11.540000       0.997466       0.259474       0.597596       0.631259         -0.000000
   11.550000       1.000026       0.252494       0.599382       0.631259         -0.000000
   11.560000       1.002516       0.245521       0.601119       0.631259         -0.000000
   11.570000       1.004936       0.238556       0.602805       0.631259         -0.000000
   11.580000       1.007287       0.231597       0.604440       0.631259         -0.000000
   11.590000       1.009568       0.224646       0.606026       0.631259         -0.000000
   11.600000       1.011780       0.217701       0.607562       0.631259         -0.000000
   11.610000       1.013922       0.210762       0.609049       0.631259         -0.000000
   11.620000       1.015995       0.203830       0.610486       0.631259         -0.000000
   11.630000       1.017999       0.196904       0.611873       0.631259         -0.000000
   11.640000       1.019933       0.189984       0.613212       0.631259         -0.000000
   11.650000       1.021798       0.183070       0.614502       0.631259         -0.000000
   11.660000       1.023594       0.176161       0.615743       0.631259         -0.000000
   11.670000       1.025322       0.169258       0.616935       0.631259         -0.000000
   11.680000       1.026980       0.162359       0.618079       0.631259         -0.000000
   11.690000       1.028569       0.155466       0.619174       0.631259         -0.000000
   11.700000       1.030089       0.148577       0.620221       0.631259         -0.000000
   11.710000       1.031540       0.141693       0.621220       0.631259         -0.000000
   11.720000       1.032923       0.134813       0.622172       0.631259         -0.000000
   11.730000       1.034237       0.127938       0.623075       0.631259         -0.000000
   11.740000       1.035482       0.121066       0.623930       0.631259         -0.000000
   11.750000       1.036658       0.114198       0.624738       0.631259         -0.000000
   11.760000       1.037766       0.107334       0.625499       0.631259         -0.000000
   11.770000       1.038805       0.100473       0.626212       0.631259         -0.000000
   11.780000       1.039775       0.093615       0.626877       0.631259         -0.000000
   11.790000       1.040677       0.086760       0.627495       0.631259         -0.000000
   11.800000       1.041510       0.079908       0.628066       0.631259         -0.000000
   11.810000       1.042275       0.073058       0.628590       0.631259         -0.000000
   11.820000       1.042971       0.066210       0.629067       0.631259         -0.000000
   11.830000       1.043599       0.059365       0.629497       0.631259         -0.000000
   11.840000       1.044159       0.052521       0.629880       0.631259         -0.000000
   11.850000       1.044650       0.045679       0.630216       0.631259         -0.000000
   11.860000       1.045072       0.038839       0.630505       0.631259         -0.000000
   11.870000       1.045427       0.031999       0.630747       0.631259         -0.000000
   11.880000       1.045712       0.025161       0.630942       0.631259         -0.000000
   11.890000       1.045930       0.018323       0.631091       0.631259         -0.000000
   11.900000       1.046079       0.011486       0.631193       0.631259         -0.000000
   11.910000       1.046159       0.004650       0.631248       0.631259         -0.000000
   11.920000       1.046172      -0.002187       0.631257       0.631259         -0.000000
   11.930000       1.046116      -0.009023       0.631218       0.631259         -0.000000
   11.940000       1.045991      -0.015860       0.631133       0.631259         -0.000000
   11.950000       1.045799      -0.022697       0.631001       0.631259         -0.000000
   11.960000       1.045537      -0.029535       0.630823       0.631259         -0.000000
   11.970000       1.045208      -0.036374       0.630597       0.631259         -0.000000
   11.980000       1.044810      -0.043214       0.630325       0.631259         -0.000000
   11.990000       1.044344      -0.050056       0.630006       0.631259         -0.000000
   12.000000       1.043809      -0.056899       0.629640       0.631259         -0.000000
   12.010000       1.043206      -0.063744       0.629227       0.631259         -0.000000
   12.020000       1.042534      -0.070590       0.628767       0.631259         -0.000000
   12.030000       1.041794      -0.077439       0.628260       0.631259         -0.000000
   12.040000       1.040985      -0.084291       0.627706       0.631259         -0.000000
   12.050000       1.040108      -0.091145       0.627105       0.631259         -0.000000
   12.060000       1.039162      -0.098002       0.626457       0.631259         -0.000000
   12.070000       1.038148      -0.104862       0.625761       0.631259         -0.000000
   12.080000       1.037065      -0.111725       0.625018       0.631259         -0.000000
   12.090000       1.035913      -0.118591       0.624227       0.631259         -0.000000
   12.100000       1.034693      -0.125462       0.623389       0.631259         -0.000000
   12.110000       1.033404      -0.132336       0.622503       0.631259         -0.000000
   12.120000       1.032046      -0.139214       0.621569       0.631259         -0.000000
   12.130000       1.030620      -0.146096       0.620587       0.631259         -0.000000
   12.140000       1.029124      -0.152983       0.619557       0.631259         -0.000000
   12.150000       1.027560      -0.159875       0.618479       0.631259         -0.000000
   12.160000       1.025927      -0.166772       0.617353       0.631259         -0.000000
   12.170000       1.024225      -0.173673       0.616178       0.631259         -0.000000
   12.180000       1.022453      -0.180580       0.614954       0.631259         -0.000000
   12.190000       1.020613      -0.187492       0.613682       0.631259         -0.000000
   12.200000       1.018704      -0.194410       0.612361       0.631259         -0.000000
   12.210000       1.016725      -0.201334       0.610991       0.631259         -0.000000
   12.220000       1.014677      -0.208264       0.609572       0.631259         -0.000000
   12.230000       1.012560      -0.215200       0.608103       0.631259         -0.000000
   12.240000       1.010373      -0.222143       0.606585       0.631259         -0.000000
   12.250000       1.008117      -0.229092       0.605017       0.631259         -0.000000
   12.260000       1.005791      -0.236048       0.603400       0.631259         -0.000000
   12.270000       1.003396      -0.243011       0.601732       0.631259         -0.000000
   12.280000       1.000931      -0.249981       0.600014       0.631259         -0.000000
   12.290000       0.998396      -0.256958       0.598245       0.631259         -0.000000
   12.300000       0.995792      -0.263943       0.596426       0.631259         -0.000000
   12.310000       0.993117      -0.270935       0.594556       0.631259         -0.000000
   12.320000       0.990373      -0.277935       0.592635       0.631259         -0.000000
   12.330000       0.987558      -0.284943       0.590663       0.631259         -0.000000
   12.340000       0.984674      -0.291960       0.588639       0.631259         -0.000000
   12.350000       0.981719      -0.298984       0.586563       0.631259         -0.000000
   12.360000       0.978694      -0.306017       0.584436       0.631259         -0.000000
   12.370000       0.975599      -0.313059       0.582256       0.631259         -0.000000
   12.380000       0.972433      -0.320109       0.580024       0.631259         -0.000000
   12.390000       0.969197      -0.327168       0.577739       0.631259         -0.000000
   12.400000       0.965890      -0.334236       0.575402       0.631259         -0.000000
   12.410000       0.962512      -0.341314       0.573011       0.631259         -0.000000
   12.420000       0.959063      -0.348400       0.570568       0.631259         -0.000000
   12.430000       0.955544      -0.355496       0.568070       0.631259         -0.000000
   12.440000       0.951953      -0.362601       0.565519       0.631259         -0.000000
   12.450000       0.948292      -0.369716       0.562914       0.631259         -0.000000
   12.460000       0.944559      -0.376840       0.560255       0.631259         -0.000000
   12.470000       0.940755      -0.383975       0.557541       0.631259         -0.000000
   12.480000       0.936879      -0.391119       0.554772       0.631259         -0.000000
   12.490000       0.932933      -0.398273       0.551948       0.631259         -0.000000
   12.500000       0.928914      -0.405437       0.549069       0.631259         -0.000000
   12.510000       0.924824      -0.412611       0.546135       0.631259         -0.000000
   12.520000       0.920662      -0.419795       0.543145       0.631259         -0.000000
   12.530000       0.916428      -0.426990       0.540099       0.631259         -0.000000
   12.540000       0.912122      -0.434195       0.536996       0.631259         -0.000000
   12.550000       0.907744      -0.441410       0.533838       0.631259         -0.000000
   12.560000       0.903294      -0.448635       0.530622       0.631259         -0.000000
   12.570000       0.898771      -0.455871       0.527350       0.631259         -0.000000
   12.580000       0.894176      -0.463117       0.524020       0.631259         -0.000000
   12.590000       0.889509      -0.470374       0.520633       0.631259         -0.000000
   12.600000       0.884769      -0.477640       0.517189       0.631259         -0.000000
   12.610000       0.879956      -0.484917       0.513686       0.631259         -0.000000
   12.620000       0.875070      -0.492205       0.510126       0.631259         -0.000000
   12.630000       0.870112      -0.499502       0.506508       0.631259         -0.000000
   12.640000       0.865080      -0.506810       0.502831       0.631259         -0.000000
   12.650000       0.859976      -0.514128       0.499095       0.631259         -0.000000
   12.660000       0.854798      -0.521456       0.495301       0.631259         -0.000000
   12.670000       0.849546      -0.528794       0.491447       0.631259         -0.000000
   12.680000       0.844222      -0.536142       0.487535       0.631259         -0.000000
   12.690000       0.838824      -0.543499       0.483563       0.631259         -0.000000
   12.700000       0.833352      -0.550866       0.479532       0.631259         -0.000000
   12.710000       0.827806      -0.558242       0.475442       0.631259         -0.000000
   12.720000       0.822187      -0.565628       0.471292       0.631259         -0.000000
   12.730000       0.816494      -0.573022       0.467082       0.631259         -0.000000
   12.740000       0.810726      -0.580426       0.462812       0.631259         -0.000000
   12.750000       0.804885      -0.587838       0.458482       0.631259         -0.000000
   12.760000       0.798970      -0.595258       0.454093       0.631259         -0.000000
   12.770000       0.792980      -0.602686       0.449644       0.631259         -0.000000
   12.780000       0.786916      -0.610122       0.445134       0.631259         -0.000000
   12.790000       0.780777      -0.617566       0.440565       0.631259         -0.000000
   12.800000       0.774564      -0.625017       0.435936       0.631259         -0.000000
   12.810000       0.768277      -0.632474       0.431247       0.631259         -0.000000
   12.820000       0.761915      -0.639938       0.426499       0.631259         -0.000000
   12.830000       0.755478      -0.647408       0.421691       0.631259         -0.000000
   12.840000       0.748967      -0.654883       0.416823       0.631259         -0.000000
   12.850000       0.742381      -0.662363       0.411896       0.631259         -0.000000
   12.860000       0.735720      -0.669848       0.406911       0.631259         -0.000000
   12.870000       0.728984      -0.677337       0.401866       0.631259         -0.000000
   12.880000       0.722173      -0.684830       0.396763       0.631259         -0.000000
   12.890000       0.715287      -0.692325       0.391602       0.631259         -0.000000
   12.900000       0.708326      -0.699822       0.386383       0.631259         -0.000000
   12.910000       0.701291      -0.707321       0.381107       0.631259         -0.000000
   12.920000       0.694180      -0.714821       0.375774       0.631259         -0.000000
   12.930000       0.686994      -0.722321       0.370385       0.631259         -0.000000
   12.940000       0.679733      -0.729820       0.364940       0.631259         -0.000000
   12.950000       0.672398      -0.737318       0.359440       0.631259         -0.000000
   12.960000       0.664987      -0.744813       0.353886       0.631259         -0.000000
   12.970000       0.657501      -0.752305       0.348277       0.631259         -0.000000
   12.980000       0.649941      -0.759793       0.342616       0.631259         -0.000000
   12.990000       0.642306      -0.767276       0.336903       0.631259         -0.000000
   13.000000       0.634595      -0.774752       0.331139       0.631259         -0.000000
   13.010000       0.626811      -0.782221       0.325324       0.631259         -0.000000
   13.020000       0.618951      -0.789681       0.319461       0.631259         -0.000000
   13.030000       0.611017      -0.797131       0.313550       0.631259         -0.000000
   13.040000       0.603009      -0.804571       0.307592       0.631259         -0.000000
   13.050000       0.594926      -0.811997       0.301589       0.631259         -0.000000
   13.060000       0.586769      -0.819410       0.295542       0.631259         -0.000000
   13.070000       0.578538      -0.826808       0.289453       0.631259         -0.000000
   13.080000       0.570233      -0.834189       0.283324       0.631259         -0.000000
   13.090000       0.561854      -0.841551       0.277155       0.631259         -0.000000
   13.100000       0.553402      -0.848893       0.270949       0.631259         -0.000000
   13.110000       0.544876      -0.856213       0.264709       0.631259         -0.000000
   13.120000       0.536277      -0.863509       0.258435       0.631259         -0.000000
   13.130000       0.527606      -0.870779       0.252131       0.631259         -0.000000
   13.140000       0.518862      -0.878022       0.245798       0.631259         -0.000000
   13.150000       0.510046      -0.885235       0.239438       0.631259         -0.000000
   13.160000       0.501157      -0.892416       0.233056       0.631259         -0.000000
   13.170000       0.492197      -0.899562       0.226653       0.631259         -0.000000
   13.180000       0.483166      -0.906672       0.220232       0.631259         -0.000000
   13.190000       0.474064      -0.913742       0.213796       0.631259         -0.000000
   13.200000       0.464891      -0.920771       0.207349       0.631259         -0.000000
   13.210000       0.455649      -0.927755       0.200894       0.631259         -0.000000
   13.220000       0.446337      -0.934692       0.194434       0.631259         -0.000000
   13.230000       0.436955      -0.941579       0.187974       0.631259         -0.000000
   13.240000       0.427505      -0.948412       0.181516       0.631259         -0.000000
   13.250000       0.417987      -0.955189       0.175066       0.631259         -0.000000
   13.260000       0.408402      -0.961906       0.168627       0.631259         -0.000000
   13.270000       0.398749      -0.968560       0.162205       0.631259         -0.000000
   13.280000       0.389031      -0.975147       0.155803       0.631259         -0.000000
   13.290000       0.379246      -0.981664       0.149427       0.631259         -0.000000
   13.300000       0.369398      -0.988106       0.143082       0.631259         -0.000000
   13.310000       0.359485      -0.994470       0.136773       0.631259         -0.000000
   13.320000       0.349508      -1.000752       0.130507       0.631259         -0.000000
   13.330000       0.339470      -1.006946       0.124288       0.631259         -0.000000
   13.340000       0.329370      -1.013050       0.118124       0.631259         -0.000000
   13.350000       0.319209      -1.019057       0.112020       0.631259         -0.000000
   13.360000       0.308989      -1.024964       0.105983       0.631259         -0.000000
   13.370000       0.298710      -1.030765       0.100021       0.631259         -0.000000
   13.380000       0.288374      -1.036455       0.094139       0.631259         -0.000000
   13.390000       0.277982      -1.042029       0.088347       0.631259         -0.000000
   13.400000       0.267534      -1.047481       0.082651       0.631259         -0.000000
   13.410000       0.257032      -1.052805       0.077060       0.631259         -0.000000
   13.420000       0.246478      -1.057996       0.071582       0.631259         -0.000000
   13.430000       0.235873      -1.063047       0.066225       0.631259         -0.000000
   13.440000       0.225218      -1.067952       0.060999       0.631259         -0.000000
   13.450000       0.214514      -1.072704       0.055912       0.631259         -0.000000
   13.460000       0.203764      -1.077297       0.050975       0.631259         -0.000000
   13.470000       0.192969      -1.081723       0.046196       0.631259         -0.000000
   13.480000       0.182130      -1.085976       0.041587       0.631259         -0.000000
   13.490000       0.171250      -1.090048       0.037157       0.631259         -0.000000
   13.500000       0.160330      -1.093930       0.032917       0.631259         -0.000000
   13.510000       0.149372      -1.097617       0.028878       0.631259         -0.000000
   13.520000       0.138378      -1.101098       0.025051       0.631259         -0.000000
   13.530000       0.127351      -1.104365       0.021447       0.631259         -0.000000
   13.540000       0.116292      -1.107411       0.018079       0.631259         -0.000000
   13.550000       0.105203      -1.110226       0.014958       0.631259         -0.000000
   13.560000       0.094088      -1.112801       0.012095       0.631259         -0.000000
   13.570000       0.082948      -1.115127       0.009505       0.631259         -0.000000
   13.580000       0.071786      -1.117194       0.007198       0.631259         -0.000000
   13.590000       0.060605      -1.118992       0.005187       0.631259         -0.000000
   13.600000       0.049407      -1.120512       0.003486       0.631259         -0.000000
   13.610000       0.038196      -1.121742       0.002107       0.631259         -0.000000
   13.620000       0.026974      -1.122672       0.001062       0.631259         -0.000000
   13.630000       0.015744      -1.123292       0.000366       0.631259         -0.000000
   13.640000       0.004509      -1.123591       0.000030       0.631259         -0.000000
   13.650000      -0.006727      -1.123557       0.000068       0.631259         -0.000000
   13.660000      -0.017961      -1.123180       0.000493       0.631259         -0.000000
   13.670000      -0.029190      -1.122446       0.001316       0.631259         -0.000000
   13.680000      -0.040409      -1.121346       0.002551       0.631259         -0.000000
   13.690000      -0.051615      -1.119866       0.004209       0.631259         -0.000000
   13.700000      -0.062805      -1.117995       0.006302       0.631259         -0.000000
   13.710000      -0.073974      -1.115721       0.008842       0.631259         -0.000000
   13.720000      -0.085118      -1.113031       0.011840       0.631259         -0.000000
   13.730000      -0.096233      -1.109912       0.015306       0.631259         -0.000000
   13.740000      -0.107315      -1.106353       0.019250       0.631259         -0.000000
   13.750000      -0.118359      -1.102341       0.023681       0.631259         -0.000000
   13.760000      -0.129360      -1.097863       0.028607       0.631259         -0.000000
   13.770000      -0.140314      -1.092907       0.034036       0.631259         -0.000000
   13.780000      -0.151216      -1.087459       0.039975       0.631259         -0.000000
   13.790000      -0.162062      -1.081509       0.046429       0.631259         -0.000000
   13.800000      -0.172845      -1.075042       0.053401       0.631259         -0.000000
   13.810000      -0.183561      -1.068048       0.060896       0.631259         -0.000000
   13.820000      -0.194204      -1.060513       0.068915       0.631259         -0.000000
   13.830000      -0.204769      -1.052426       0.077458       0.631259         -0.000000
   13.840000      -0.215251      -1.043776       0.086524       0.631259         -0.000000
   13.850000      -0.225643      -1.034551       0.096111       0.631259         -0.000000
   13.860000      -0.235940      -1.024741       0.106212       0.631259         -0.000000
   13.870000      -0.246136      -1.014334       0.116823       0.631259         -0.000000
   13.880000      -0.256224      -1.003320       0.127933       0.631259         -0.000000
   13.890000      -0.266200      -0.991691       0.139534       0.631259         -0.000000
   13.900000      -0.276056      -0.979436       0.151611       0.631259         -0.000000
   13.910000      -0.285787      -0.966548       0.164151       0.631259         -0.000000
   13.920000      -0.295385      -0.953019       0.177136       0.631259         -0.000000
   13.930000      -0.304845      -0.938842       0.190547       0.631259         -0.000000
   13.940000      -0.314160      -0.924010       0.204361       0.631259         -0.000000
   13.950000      -0.323323      -0.908519       0.218555       0.631259         -0.000000
   13.960000      -0.332328      -0.892364       0.233102       0.631259         -0.000000
   13.970000      -0.341168      -0.875542       0.247972       0.631259         -0.000000
   13.980000      -0.349836      -0.858049       0.263135       0.631259         -0.000000
   13.990000      -0.358327      -0.839886       0.278555       0.631259         -0.000000
   14.000000      -0.366632      -0.821051       0.294196       0.631259         -0.000000
   14.010000      -0.374745      -0.801547       0.310020       0.631259         -0.000000
   14.020000      -0.382661      -0.781374       0.325986       0.631259         -0.000000
   14.030000      -0.390371      -0.760538       0.342050       0.631259         -0.000000
   14.040000      -0.397869      -0.739042       0.358167       0.631259         -0.000000
   14.050000      -0.405149      -0.716895       0.374290       0.631259         -0.000000
   14.060000      -0.412205      -0.694102       0.390370       0.631259         -0.000000
   14.070000      -0.419029      -0.670674       0.406357       0.631259         -0.000000
   14.080000      -0.425616      -0.646623       0.422199       0.631259         -0.000000
   14.090000      -0.431960      -0.621959       0.437842       0.631259         -0.000000
   14.100000      -0.438053      -0.596697       0.453235       0.631259         -0.000000
   14.110000      -0.443892      -0.570854       0.468322       0.631259         -0.000000
   14.120000      -0.449469      -0.544445       0.483049       0.631259         -0.000000
   14.130000      -0.454779      -0.517490       0.497361       0.631259         -0.000000
   14.140000      -0.459817      -0.490008       0.511205       0.631259         -0.000000
   14.150000      -0.464577      -0.462022       0.524527       0.631259         -0.000000
   14.160000      -0.469056      -0.433554       0.537274       0.631259         -0.000000
   14.170000      -0.473247      -0.404630       0.549396       0.631259         -0.000000
   14.180000      -0.477147      -0.375276       0.560843       0.631259         -0.000000
   14.190000      -0.480751      -0.345518       0.571568       0.631259         -0.000000
   14.200000      -0.484056      -0.315385       0.581525       0.631259         -0.000000
   14.210000      -0.487058      -0.284908       0.590673       0.631259         -0.000000
   14.220000      -0.489753      -0.254118       0.598971       0.631259         -0.000000
   14.230000      -0.492139      -0.223046       0.606384       0.631259         -0.000000
   14.240000      -0.494213      -0.191725       0.612880       0.631259         -0.000000
   14.250000      -0.495973      -0.160189       0.618429       0.631259         -0.000000
   14.260000      -0.497416      -0.128474       0.623006       0.631259         -0.000000
   14.270000      -0.498542      -0.096613       0.626592       0.631259         -0.000000
   14.280000      -0.499348      -0.064643       0.629170       0.631259         -0.000000
   14.290000      -0.499834      -0.032599       0.630728       0.631259         -0.000000
   14.300000      -0.500000      -0.000519       0.631259       0.631259         -0.000000
   14.310000      -0.499845       0.031562       0.630761       0.631259         -0.000000
   14.320000      -0.499369       0.063607       0.629236       0.631259         -0.000000
   14.330000      -0.498573       0.095580       0.626691       0.631259         -0.000000
   14.340000      -0.497458       0.127445       0.623138       0.631259         -0.000000
   14.350000      -0.496024       0.159166       0.618592       0.631259         -0.000000
   14.360000      -0.494275       0.190708       0.613074       0.631259         -0.000000
   14.370000      -0.492211       0.222036       0.606609       0.631259         -0.000000
   14.380000      -0.489835       0.253117       0.599225       0.631259         -0.000000
   14.390000      -0.487150       0.283917       0.590954       0.631259         -0.000000
   14.400000      -0.484158       0.314405       0.581834       0.631259         -0.000000
   14.410000      -0.480863       0.344549       0.571902       0.631259         -0.000000
   14.420000      -0.477268       0.374319       0.561201       0.631259         -0.000000
   14.430000      -0.473378       0.403687       0.549777       0.631259         -0.000000
   14.440000      -0.469196       0.432626       0.537676       0.631259         -0.000000
   14.450000      -0.464727       0.461108       0.524948       0.631259         -0.000000
   14.460000      -0.459975       0.489111       0.511644       0.631259         -0.000000
   14.470000      -0.454946       0.516609       0.497817       0.631259         -0.000000
   14.480000      -0.449645       0.543582       0.483519       0.631259         -0.000000
   14.490000      -0.444076       0.570008       0.468804       0.631259         -0.000000
   14.500000      -0.438246       0.595871       0.453728       0.631259         -0.000000
   14.510000      -0.432161       0.621151       0.438345       0.631259         -0.000000
   14.520000      -0.425825       0.645834       0.422708       0.631259         -0.000000
   14.530000      -0.419246       0.669906       0.406872       0.631259         -0.000000
   14.540000      -0.412429       0.693354       0.390889       0.631259         -0.000000
   14.550000      -0.405381       0.716167       0.374811       0.631259         -0.000000
   14.560000      -0.398108       0.738336       0.358689       0.631259         -0.000000
   14.570000      -0.390617       0.759853       0.342571       0.631259         -0.000000
   14.580000      -0.382913       0.780711       0.326504       0.631259         -0.000000
   14.590000      -0.375005       0.800905       0.310535       0.631259         -0.000000
   14.600000      -0.366897       0.820431       0.294705       0.631259         -0.000000
   14.610000      -0.358598       0.839287       0.279057       0.631259         -0.000000
   14.620000      -0.350114       0.857472       0.263630       0.631259         -0.000000
   14.630000      -0.341451       0.874986       0.248458       0.631259         -0.000000
   14.640000      -0.332616       0.891831       0.233578       0.631259         -0.000000
   14.650000      -0.323617       0.908007       0.219020       0.631259         -0.000000
   14.660000      -0.314458       0.923520       0.204815       0.631259         -0.000000
   14.670000      -0.305148       0.938372       0.190988       0.631259         -0.000000
   14.680000      -0.295693       0.952571       0.177563       0.631259         -0.000000
   14.690000      -0.286099       0.966121       0.164564       0.631259         -0.000000
   14.700000      -0.276373       0.979029       0.152010       0.631259         -0.000000
   14.710000      -0.266521       0.991304       0.139917       0.631259         -0.000000
   14.720000      -0.256549       1.002954       0.128301       0.631259         -0.000000
   14.730000      -0.246464       1.013987       0.117174       0.631259         -0.000000
   14.740000      -0.236271       1.024413       0.106548       0.631259         -0.000000
   14.750000      -0.225977       1.034243       0.096429       0.631259         -0.000000
   14.760000      -0.215588       1.043487       0.086826       0.631259         -0.000000
   14.770000      -0.205110       1.052156       0.077743       0.631259         -0.000000
   14.780000      -0.194547       1.060260       0.069183       0.631259         -0.000000
   14.790000      -0.183906       1.067812       0.061147       0.631259         -0.000000
   14.800000      -0.173193       1.074824       0.053635       0.631259         -0.000000
   14.810000      -0.162411       1.081308       0.046646       0.631259         -0.000000
   14.820000      -0.151568       1.087275       0.040176       0.631259         -0.000000
   14.830000      -0.140668       1.092738       0.034221       0.631259         -0.000000
   14.840000      -0.129715       1.097710       0.028775       0.631259         -0.000000
   14.850000      -0.118715       1.102204       0.023833       0.631259         -0.000000
   14.860000      -0.107672       1.106231       0.019386       0.631259         -0.000000
   14.870000      -0.096592       1.109804       0.015426       0.631259         -0.000000
   14.880000      -0.085478       1.112937       0.011945       0.631259         -0.000000
   14.890000      -0.074335       1.115640       0.008932       0.631259         -0.000000
   14.900000      -0.063166       1.117928       0.006377       0.631259         -0.000000
   14.910000      -0.051977       1.119812       0.004270       0.631259         -0.000000
   14.920000      -0.040772       1.121304       0.002598       0.631259         -0.000000
   14.930000      -0.029553       1.122417       0.001349       0.631259         -0.000000
   14.940000      -0.018324       1.123162       0.000513       0.631259         -0.000000
   14.950000      -0.007091       1.123551       0.000076       0.631259         -0.000000
   14.960000       0.004145       1.123595       0.000026       0.631259         -0.000000
   14.970000       0.015380       1.123307       0.000349       0.631259         -0.000000
   14.980000       0.026611       1.122697       0.001034       0.631259         -0.000000
   14.990000       0.037833       1.121777       0.002068       0.631259         -0.000000
   15.000000       0.049045       1.120556       0.003436       0.631259         -0.000000
   15.010000       0.060243       1.119046       0.005127       0.631259         -0.000000
   15.020000       0.071425       1.117257       0.007128       0.631259         -0.000000
   15.030000       0.082588       1.115198       0.009425       0.631259         -0.000000
   15.040000       0.093728       1.112881       0.012007       0.631259         -0.000000
   15.050000       0.104844       1.110313       0.014861       0.631259         -0.000000
   15.060000       0.115934       1.107506       0.017974       0.631259         -0.000000
   15.070000       0.126994       1.104468       0.021335       0.631259         -0.000000
   15.080000       0.138022       1.101207       0.024931       0.631259         -0.000000
   15.090000       0.149017       1.097732       0.028751       0.631259         -0.000000
   15.100000       0.159976       1.094053       0.032783       0.631259         -0.000000
   15.110000       0.170897       1.090176       0.037017       0.631259         -0.000000
   15.120000       0.181779       1.086111       0.041441       0.631259         -0.000000
   15.130000       0.192619       1.081863       0.046045       0.631259         -0.000000
   15.140000       0.203416       1.077443       0.050818       0.631259         -0.000000
   15.150000       0.214167       1.072855       0.055750       0.631259         -0.000000
   15.160000       0.224872       1.068108       0.060832       0.631259         -0.000000
   15.170000       0.235529       1.063208       0.066054       0.631259         -0.000000
   15.180000       0.246136       1.058161       0.071406       0.631259         -0.000000
   15.190000       0.256692       1.052975       0.076881       0.631259         -0.000000
   15.200000       0.267195       1.047655       0.082469       0.631259         -0.000000
   15.210000       0.277644       1.042207       0.088161       0.631259         -0.000000
   15.220000       0.288039       1.036637       0.093951       0.631259         -0.000000
   15.230000       0.298377       1.030951       0.099829       0.631259         -0.000000
   15.240000       0.308657       1.025153       0.105789       0.631259         -0.000000
   15.250000       0.318880       1.019250       0.111824       0.631259         -0.000000
   15.260000       0.329042       1.013246       0.117926       0.631259         -0.000000
   15.270000       0.339144       1.007145       0.124088       0.631259         -0.000000
   15.280000       0.349185       1.000954       0.130305       0.631259         -0.000000
   15.290000       0.359163       0.994675       0.136570       0.631259         -0.000000
   15.300000       0.369078       0.988313       0.142877       0.631259         -0.000000
   15.310000       0.378929       0.981873       0.149221       0.631259         -0.000000
   15.320000       0.388715       0.975359       0.155596       0.631259         -0.000000
   15.330000       0.398436       0.968774       0.161997       0.631259         -0.000000
   15.340000       0.408090       0.962122       0.168419       0.631259         -0.000000
   15.350000       0.417678       0.955407       0.174857       0.631259         -0.000000
   15.360000       0.427198       0.948632       0.181307       0.631259         -0.000000
   15.370000       0.436651       0.941801       0.187765       0.631259         -0.000000
   15.380000       0.446034       0.934916       0.194225       0.631259         -0.000000
   15.390000       0.455349       0.927980       0.200685       0.631259         -0.000000
   15.400000       0.464594       0.920998       0.207141       0.631259         -0.000000
   15.410000       0.473769       0.913970       0.213588       0.631259         -0.000000
   15.420000       0.482873       0.906901       0.220024       0.631259         -0.000000
   15.430000       0.491906       0.899793       0.226445       0.631259         -0.000000
   15.440000       0.500869       0.892647       0.232849       0.631259         -0.000000
   15.450000       0.509759       0.885468       0.239232       0.631259         -0.000000
   15.460000       0.518578       0.878256       0.245592       0.631259         -0.000000
   15.470000       0.527324       0.871014       0.251926       0.631259         -0.000000
   15.480000       0.535998       0.863745       0.258232       0.631259         -0.000000
   15.490000       0.544599       0.856449       0.264506       0.631259         -0.000000
   15.500000       0.553127       0.849130       0.270748       0.631259         -0.000000
   15.510000       0.561582       0.841789       0.276955       0.631259         -0.000000
   15.520000       0.569963       0.834427       0.283125       0.631259         -0.000000
   15.530000       0.578270       0.827047       0.289256       0.631259         -0.000000
   15.540000       0.586504       0.819650       0.295346       0.631259         -0.000000
   15.550000       0.594663       0.812237       0.301394       0.631259         -0.000000
   15.560000       0.602748       0.804811       0.307399       0.631259         -0.000000
   15.570000       0.610759       0.797372       0.313358       0.631259         -0.000000
   15.580000       0.618696       0.789922       0.319270       0.631259         -0.000000
   15.590000       0.626558       0.782462       0.325135       0.631259         -0.000000
   15.600000       0.634345       0.774994       0.330951       0.631259         -0.000000
   15.610000       0.642057       0.767518       0.336717       0.631259         -0.000000
   15.620000       0.649695       0.760035       0.342432       0.631259         -0.000000
   15.630000       0.657258       0.752547       0.348095       0.631259         -0.000000
   15.640000       0.664746       0.745056       0.353705       0.631259         -0.000000
   15.650000       0.672159       0.737560       0.359261       0.631259         -0.000000
   15.660000       0.679497       0.730063       0.364763       0.631259         -0.000000
   15.670000       0.686760       0.722563       0.370210       0.631259         -0.000000
   15.680000       0.693949       0.715063       0.375601       0.631259         -0.000000
   15.690000       0.701062       0.707564       0.380936       0.631259         -0.000000
   15.700000       0.708100       0.700065       0.386214       0.631259         -0.000000
   15.710000       0.715063       0.692567       0.391434       0.631259         -0.000000
   15.720000       0.721951       0.685072       0.396597       0.631259         -0.000000
   15.730000       0.728764       0.677579       0.401702       0.631259         -0.000000
   15.740000       0.735503       0.670090       0.406748       0.631259         -0.000000
   15.750000       0.742166       0.662605       0.411736       0.631259         -0.000000
   15.760000       0.748755       0.655125       0.416665       0.631259         -0.000000
   15.770000       0.755269       0.647649       0.421534       0.631259         -0.000000
   15.780000       0.761708       0.640180       0.426344       0.631259         -0.000000
   15.790000       0.768072       0.632715       0.431094       0.631259         -0.000000
   15.800000       0.774362       0.625258       0.435785       0.631259         -0.000000
   15.810000       0.780578       0.617807       0.440416       0.631259         -0.000000
   15.820000       0.786718       0.610363       0.444987       0.631259         -0.000000
   15.830000       0.792785       0.602927       0.449499       0.631259         -0.000000
   15.840000       0.798777       0.595498       0.453950       0.631259         -0.000000
   15.850000       0.804695       0.588077       0.458341       0.631259         -0.000000
   15.860000       0.810539       0.580665       0.462673       0.631259         -0.000000
   15.870000       0.816308       0.573262       0.466944       0.631259         -0.000000
   15.880000       0.822004       0.565867       0.471156       0.631259         -0.000000
   15.890000       0.827626       0.558481       0.475308       0.631259         -0.000000
   15.900000       0.833173       0.551104       0.479401       0.631259         -0.000000
   15.910000       0.838648       0.543737       0.483434       0.631259         -0.000000
   15.920000       0.844048       0.536379       0.487407       0.631259         -0.000000
   15.930000       0.849375       0.529031       0.491322       0.631259         -0.000000
   15.940000       0.854629       0.521693       0.495177       0.631259         -0.000000
   15.950000       0.859809       0.514365       0.498973       0.631259         -0.000000
   15.960000       0.864916       0.507047       0.502711       0.631259         -0.000000
   15.970000       0.869950       0.499739       0.506390       0.631259         -0.000000
   15.980000       0.874911       0.492441       0.510010       0.631259         -0.000000
   15.990000       0.879799       0.485153       0.513572       0.631259         -0.000000
   16.000000       0.884614       0.477876       0.517076       0.631259         -0.000000
   16.010000       0.889357       0.470608       0.520523       0.631259         -0.000000
   16.020000       0.894026       0.463352       0.523912       0.631259         -0.000000
   16.030000       0.898624       0.456105       0.527243       0.631259         -0.000000
   16.040000       0.903149       0.448869       0.530517       0.631259         -0.000000
   16.050000       0.907601       0.441643       0.533734       0.631259         -0.000000
   16.060000       0.911981       0.434428       0.536895       0.631259         -0.000000
   16.070000       0.916290       0.427223       0.539999       0.631259         -0.000000
   16.080000       0.920526       0.420028       0.543047       0.631259         -0.000000
   16.090000       0.924690       0.412843       0.546039       0.631259         -0.000000
   16.100000       0.928783       0.405669       0.548975       0.631259         -0.000000
   16.110000       0.932804       0.398504       0.551856       0.631259         -0.000000
   16.120000       0.936753       0.391350       0.554682       0.631259         -0.000000
   16.130000       0.940631       0.384206       0.557452       0.631259         -0.000000
   16.140000       0.944437       0.377071       0.560168       0.631259         -0.000000
   16.150000       0.948172       0.369946       0.562829       0.631259         -0.000000
   16.160000       0.951836       0.362831       0.565436       0.631259         -0.000000
   16.170000       0.955429       0.355725       0.567989       0.631259         -0.000000
   16.180000       0.958951       0.348629       0.570488       0.631259         -0.000000
   16.190000       0.962401       0.341543       0.572933       0.631259         -0.000000
   16.200000       0.965781       0.334465       0.575325       0.631259         -0.000000
   16.210000       0.969091       0.327397       0.577665       0.631259         -0.000000
   16.220000       0.972329       0.320337       0.579951       0.631259         -0.000000
   16.230000       0.975498       0.313287       0.582185       0.631259         -0.000000
   16.240000       0.978595       0.306245       0.584366       0.631259         -0.000000
   16.250000       0.981622       0.299212       0.586495       0.631259         -0.000000
   16.260000       0.984579       0.292187       0.588572       0.631259         -0.000000
   16.270000       0.987466       0.285170       0.590598       0.631259         -0.000000
   16.280000       0.990283       0.278162       0.592572       0.631259         -0.000000
   16.290000       0.993029       0.271161       0.594495       0.631259         -0.000000
   16.300000       0.995706       0.264169       0.596366       0.631259         -0.000000
   16.310000       0.998313       0.257184       0.598187       0.631259         -0.000000
   16.320000       1.000850       0.250206       0.599957       0.631259         -0.000000
   16.330000       1.003317       0.243236       0.601677       0.631259         -0.000000
   16.340000       1.005715       0.236273       0.603346       0.631259         -0.000000
   16.350000       1.008043       0.229317       0.604966       0.631259         -0.000000
   16.360000       1.010301       0.222367       0.606535       0.631259         -0.000000
   16.370000       1.012490       0.215425       0.608055       0.631259         -0.000000
   16.380000       1.014609       0.208488       0.609525       0.631259         -0.000000
   16.390000       1.016660       0.201558       0.610946       0.631259         -0.000000
   16.400000       1.018641       0.194634       0.612318       0.631259         -0.000000
   16.410000       1.020552       0.187716       0.613640       0.631259         -0.000000
   16.420000       1.022395       0.180804       0.614914       0.631259         -0.000000
   16.430000       1.024168       0.173896       0.616139       0.631259         -0.000000
   16.440000       1.025873       0.166995       0.617315       0.631259         -0.000000
   16.450000       1.027508       0.160098       0.618443       0.631259         -0.000000
   16.460000       1.029075       0.153206       0.619523       0.631259         -0.000000
   16.470000       1.030573       0.146319       0.620554       0.631259         -0.000000
   16.480000       1.032001       0.139436       0.621538       0.631259         -0.000000
   16.490000       1.033361       0.132558       0.622473       0.631259         -0.000000
   16.500000       1.034652       0.125684       0.623361       0.631259         -0.000000
   16.510000       1.035875       0.118814       0.624201       0.631259         -0.000000
   16.520000       1.037029       0.111947       0.624993       0.631259         -0.000000
   16.530000       1.038114       0.105084       0.625738       0.631259         -0.000000
   16.540000       1.039130       0.098224       0.626435       0.631259         -0.000000
   16.550000       1.040078       0.091367       0.627085       0.631259         -0.000000
   16.560000       1.040958       0.084512       0.627688       0.631259         -0.000000
   16.570000       1.041769       0.077661       0.628243       0.631259         -0.000000
   16.580000       1.042511       0.070812       0.628752       0.631259         -0.000000
   16.590000       1.043185       0.063965       0.629213       0.631259         -0.000000
   16.600000       1.043790       0.057120       0.629628       0.631259         -0.000000
   16.610000       1.044327       0.050277       0.629995       0.631259         -0.000000
   16.620000       1.044796       0.043436       0.630316       0.631259         -0.000000
   16.630000       1.045196       0.036596       0.630589       0.631259         -0.000000
   16.640000       1.045528       0.029757       0.630816       0.631259         -0.000000
   16.650000       1.045791       0.022919       0.630996       0.631259         -0.000000
   16.660000       1.045986       0.016081       0.631130       0.631259         -0.000000
   16.670000       1.046113       0.009244       0.631216       0.631259         -0.000000
   16.680000       1.046171       0.002408       0.631256       0.631259         -0.000000
   16.690000       1.046161      -0.004429       0.631249       0.631259         -0.000000
   16.700000       1.046082      -0.011265       0.631195       0.631259         -0.000000
   16.710000       1.045936      -0.018102       0.631095       0.631259         -0.000000
   16.720000       1.045720      -0.024940       0.630948       0.631259         -0.000000
   16.730000       1.045437      -0.031778       0.630754       0.631259         -0.000000
   16.740000       1.045085      -0.038617       0.630513       0.631259         -0.000000
   16.750000       1.044664      -0.045458       0.630226       0.631259         -0.000000
   16.760000       1.044176      -0.052300       0.629891       0.631259         -0.000000
   16.770000       1.043618      -0.059143       0.629510       0.631259         -0.000000
   16.780000       1.042993      -0.065989       0.629082       0.631259         -0.000000
   16.790000       1.042299      -0.072836       0.628606       0.631259         -0.000000
   16.800000       1.041536      -0.079686       0.628084       0.631259         -0.000000
   16.810000       1.040705      -0.086538       0.627514       0.631259         -0.000000
   16.820000       1.039805      -0.093393       0.626898       0.631259         -0.000000
   16.830000       1.038837      -0.100251       0.626234       0.631259         -0.000000
   16.840000       1.037800      -0.107112       0.625522       0.631259         -0.000000
   16.850000       1.036695      -0.113976       0.624764       0.631259         -0.000000
   16.860000       1.035521      -0.120844       0.623957       0.631259         -0.000000
   16.870000       1.034278      -0.127716       0.623103       0.631259         -0.000000
   16.880000       1.032966      -0.134591       0.622202       0.631259         -0.000000
   16.890000       1.031586      -0.141471       0.621252       0.631259         -0.000000
   16.900000       1.030137      -0.148354       0.620254       0.631259         -0.000000
   16.910000       1.028619      -0.155243       0.619209       0.631259         -0.000000
   16.920000       1.027032      -0.162136       0.618115       0.631259         -0.000000
   16.930000       1.025376      -0.169034       0.616973       0.631259         -0.000000
   16.940000       1.023651      -0.175938       0.615782       0.631259         -0.000000
   16.950000       1.021857      -0.182846       0.614543       0.631259         -0.000000
   16.960000       1.019994      -0.189760       0.613254       0.631259         -0.000000
   16.970000       1.018062      -0.196680       0.611917       0.631259         -0.000000
   16.980000       1.016061      -0.203606       0.610531       0.631259         -0.000000
   16.990000       1.013990      -0.210538       0.609096       0.631259         -0.000000
   17.000000       1.011850      -0.217476       0.607611       0.631259         -0.000000
   17.010000       1.009641      -0.224421       0.606077       0.631259         -0.000000
   17.020000       1.007362      -0.231372       0.604492       0.631259         -0.000000
   17.030000       1.005013      -0.238330       0.602858       0.631259         -0.000000
   17.040000       1.002595      -0.245296       0.601174       0.631259         -0.000000
   17.050000       1.000107      -0.252268       0.599439       0.631259         -0.000000
   17.060000       0.997550      -0.259248       0.597654       0.631259         -0.000000
   17.070000       0.994922      -0.266235       0.595818       0.631259         -0.000000
   17.080000       0.992225      -0.273230       0.593932       0.631259         -0.000000
   17.090000       0.989458      -0.280233       0.591994       0.631259         -0.000000
   17.100000       0.986620      -0.287244       0.590005       0.631259         -0.000000
   17.110000       0.983713      -0.294262       0.587964       0.631259         -0.000000
   17.120000       0.980735      -0.301290       0.585871       0.631259         -0.000000
   17.130000       0.977687      -0.308326       0.583727       0.631259         -0.000000
   17.140000       0.974568      -0.315370       0.581530       0.631259         -0.000000
   17.150000       0.971379      -0.322423       0.579281       0.631259         -0.000000
   17.160000       0.968120      -0.329485       0.576979       0.631259         -0.000000
   17.170000       0.964790      -0.336556       0.574624       0.631259         -0.000000
   17.180000       0.961389      -0.343636       0.572216       0.631259         -0.000000
   17.190000       0.957917      -0.350726       0.569755       0.631259         -0.000000
   17.200000       0.954374      -0.357825       0.567240       0.631259         -0.000000
   17.210000       0.950760      -0.364933       0.564671       0.631259         -0.000000
   17.220000       0.947075      -0.372051       0.562048       0.631259         -0.000000
   17.230000       0.943319      -0.379179       0.559371       0.631259         -0.000000
   17.240000       0.939492      -0.386316       0.556639       0.631259         -0.000000
   17.250000       0.935593      -0.393464       0.553852       0.631259         -0.000000
   17.260000       0.931623      -0.400621       0.551010       0.631259         -0.000000
   17.270000       0.927581      -0.407789       0.548113       0.631259         -0.000000
   17.280000       0.923467      -0.414966       0.545161       0.631259         -0.000000
   17.290000       0.919281      -0.422154       0.542152       0.631259         -0.000000
   17.300000       0.915024      -0.429352       0.539087       0.631259         -0.000000
   17.310000       0.910694      -0.436560       0.535967       0.631259         -0.000000
   17.320000       0.906292      -0.443778       0.532789       0.631259         -0.000000
   17.330000       0.901818      -0.451007       0.529555       0.631259         -0.000000
   17.340000       0.897272      -0.458246       0.526264       0.631259         -0.000000
   17.350000       0.892654      -0.465496       0.522916       0.631259         -0.000000
   17.360000       0.887962      -0.472756       0.519510       0.631259         -0.000000
   17.370000       0.883198      -0.480026       0.516047       0.631259         -0.000000
   17.380000       0.878362      -0.487306       0.512525       0.631259         -0.000000
   17.390000       0.873452      -0.494597       0.508946       0.631259         -0.000000
   17.400000       0.868470      -0.501898       0.505308       0.631259         -0.000000
   17.410000       0.863414      -0.509209       0.501612       0.631259         -0.000000
   17.420000       0.858286      -0.516530       0.497857       0.631259         -0.000000
   17.430000       0.853084      -0.523861       0.494044       0.631259         -0.000000
   17.440000       0.847808      -0.531202       0.490171       0.631259         -0.000000
   17.450000       0.842460      -0.538553       0.486239       0.631259         -0.000000
   17.460000       0.837037      -0.545914       0.482248       0.631259         -0.000000
   17.470000       0.831541      -0.553284       0.478197       0.631259         -0.000000
   17.480000       0.825971      -0.560663       0.474087       0.631259         -0.000000
   17.490000       0.820328      -0.568052       0.469918       0.631259         -0.000000
   17.500000       0.814610      -0.575449       0.465688       0.631259         -0.000000
   17.510000       0.808819      -0.582855       0.461399       0.631259         -0.000000
   17.520000       0.802953      -0.590270       0.457049       0.631259         -0.000000
   17.530000       0.797013      -0.597693       0.452640       0.631259         -0.000000
   17.540000       0.790999      -0.605124       0.448171       0.631259         -0.000000
   17.550000       0.784911      -0.612563       0.443642       0.631259         -0.000000
   17.560000       0.778748      -0.620009       0.439054       0.631259         -0.000000
   17.570000       0.772511      -0.627462       0.434405       0.631259         -0.000000
   17.580000       0.766199      -0.634921       0.429696       0.631259         -0.000000
   17.590000       0.759812      -0.642387       0.424928       0.631259         -0.000000
   17.600000       0.753351      -0.649859       0.420101       0.631259         -0.000000
   17.610000       0.746815      -0.657336       0.415214       0.631259         -0.000000
   17.620000       0.740204      -0.664818       0.410268       0.631259         -0.000000
   17.630000       0.733519      -0.672304       0.405263       0.631259         -0.000000
   17.640000       0.726758      -0.679794       0.400199       0.631259         -0.000000
   17.650000       0.719923      -0.687287       0.395077       0.631259         -0.000000
   17.660000       0.713013      -0.694783       0.389897       0.631259         -0.000000
   17.670000       0.706027      -0.702281       0.384659       0.631259         -0.000000
   17.680000       0.698967      -0.709781       0.379365       0.631259         -0.000000
   17.690000       0.691832      -0.717280       0.374013       0.631259         -0.000000
   17.700000       0.684621      -0.724780       0.368606       0.631259         -0.000000
   17.710000       0.677336      -0.732279       0.363143       0.631259         -0.000000
   17.720000       0.669976      -0.739776       0.357625       0.631259         -0.000000
   17.730000       0.662540      -0.747271       0.352052       0.631259         -0.000000
   17.740000       0.655030      -0.754761       0.346427       0.631259         -0.000000
   17.750000       0.647445      -0.762248       0.340748       0.631259         -0.000000
   17.760000       0.639785      -0.769728       0.335018       0.631259         -0.000000
   17.770000       0.632051      -0.777202       0.329237       0.631259         -0.000000
   17.780000       0.624241      -0.784668       0.323407       0.631259         -0.000000
   17.790000       0.616357      -0.792125       0.317528       0.631259         -0.000000
   17.800000       0.608399      -0.799572       0.311601       0.631259         -0.000000
   17.810000       0.600366      -0.807008       0.305628       0.631259         -0.000000
   17.820000       0.592259      -0.814430       0.299611       0.631259         -0.000000
   17.830000       0.584077      -0.821838       0.293550       0.631259         -0.000000
   17.840000       0.575822      -0.829230       0.287447       0.631259         -0.000000
   17.850000       0.567493      -0.836605       0.281305       0.631259         -0.000000
   17.860000       0.559090      -0.843961       0.275124       0.631259         -0.000000
   17.870000       0.550614      -0.851296       0.268907       0.631259         -0.000000
   17.880000       0.542064      -0.858608       0.262655       0.631259         -0.000000
   17.890000       0.533442      -0.865896       0.256371       0.631259         -0.000000
   17.900000       0.524746      -0.873158       0.250057       0.631259         -0.000000
   17.910000       0.515979      -0.880391       0.243715       0.631259         -0.000000
   17.920000       0.507139      -0.887593       0.237348       0.631259         -0.000000
   17.930000       0.498227      -0.894763       0.230958       0.631259         -0.000000
   17.940000       0.489243      -0.901898       0.224549       0.631259         -0.000000
   17.950000       0.480189      -0.908995       0.218123       0.631259         -0.000000
   17.960000       0.471064      -0.916052       0.211683       0.631259         -0.000000
   17.970000       0.461868      -0.923067       0.205233       0.631259         -0.000000
   17.980000       0.452603      -0.930036       0.198776       0.631259         -0.000000
   17.990000       0.443268      -0.936956       0.192315       0.631259         -0.000000
   18.000000       0.433864      -0.943826       0.185855       0.631259         -0.000000
   18.010000       0.424391      -0.950641       0.179400       0.631259         -0.000000
   18.020000       0.414851      -0.957399       0.172953       0.631259         -0.000000
   18.030000       0.405243      -0.964095       0.166519       0.631259         -0.000000
   18.040000       0.395569      -0.970728       0.160103       0.631259         -0.000000
   18.050000       0.385829      -0.977292       0.153709       0.631259         -0.000000
   18.060000       0.376024      -0.983785       0.147342       0.631259         -0.000000
   18.070000       0.366154      -0.990202       0.141009       0.631259         -0.000000
   18.080000       0.356220      -0.996540       0.134713       0.631259         -0.000000
   18.090000       0.346223      -1.002793       0.128462       0.631259         -0.000000
   18.100000       0.336164      -1.008958       0.122260       0.631259         -0.000000
   18.110000       0.326044      -1.015031       0.116115       0.631259         -0.000000
   18.120000       0.315864      -1.021006       0.110033       0.631259         -0.000000
   18.130000       0.305625      -1.026878       0.104019       0.631259         -0.000000
   18.140000       0.295327      -1.032643       0.098083       0.631259         -0.000000
   18.150000       0.284972      -1.038296       0.092230       0.631259         -0.000000
   18.160000       0.274561      -1.043830       0.086468       0.631259         -0.000000
   18.170000       0.264096      -1.049241       0.080806       0.631259         -0.000000
   18.180000       0.253577      -1.054522       0.075251       0.631259         -0.000000
   18.190000       0.243006      -1.059668       0.069811       0.631259         -0.000000
   18.200000       0.232384      -1.064672       0.064496       0.631259         -0.000000
   18.210000       0.221713      -1.069527       0.059315       0.631259         -0.000000
   18.220000       0.210994      -1.074228       0.054276       0.631259         -0.000000
   18.230000       0.200229      -1.078767       0.049390       0.631259         -0.000000
   18.240000       0.189419      -1.083137       0.044666       0.631259         -0.000000
   18.250000       0.178567      -1.087332       0.040114       0.631259         -0.000000
   18.260000       0.167673      -1.091342       0.035745       0.631259         -0.000000
   18.270000       0.156741      -1.095161       0.031570       0.631259         -0.000000
   18.280000       0.145771      -1.098781       0.027599       0.631259         -0.000000
   18.290000       0.134766      -1.102193       0.023844       0.631259         -0.000000
   18.300000       0.123727      -1.105389       0.020316       0.631259         -0.000000
   18.310000       0.112659      -1.108360       0.017028       0.631259         -0.000000
   18.320000       0.101561      -1.111098       0.013990       0.631259         -0.000000
   18.330000       0.090437      -1.113592       0.011215       0.631259         -0.000000
   18.340000       0.079290      -1.115834       0.008716       0.631259         -0.000000
   18.350000       0.068122      -1.117814       0.006505       0.631259         -0.000000
   18.360000       0.056935      -1.119522       0.004594       0.631259         -0.000000
   18.370000       0.045732      -1.120947       0.002997       0.631259         -0.000000
   18.380000       0.034517      -1.122080       0.001727       0.631259         -0.000000
   18.390000       0.023291      -1.122910       0.000795       0.631259         -0.000000
   18.400000       0.012060      -1.123426       0.000216       0.631259         -0.000000
   18.410000       0.000824      -1.123617       0.000001       0.631259         -0.000000
   18.420000      -0.010412      -1.123472       0.000164       0.631259         -0.000000
   18.430000      -0.021644      -1.122979       0.000718       0.631259         -0.000000
   18.440000      -0.032870      -1.122127       0.001675       0.631259         -0.000000
   18.450000      -0.044086      -1.120903       0.003047       0.631259         -0.000000
   18.460000      -0.055287      -1.119296       0.004847       0.631259         -0.000000
   18.470000      -0.066470      -1.117294       0.007086       0.631259         -0.000000
   18.480000      -0.077631      -1.114885       0.009775       0.631259         -0.000000
   18.490000      -0.088766      -1.112056       0.012925       0.631259         -0.000000
   18.500000      -0.099871      -1.108794       0.016546       0.631259         -0.000000
   18.510000      -0.110941      -1.105088       0.020649       0.631259         -0.000000
   18.520000      -0.121971      -1.100924       0.025242       0.631259         -0.000000
   18.530000      -0.132958      -1.096291       0.030332       0.631259         -0.000000
   18.540000      -0.143895      -1.091175       0.035928       0.631259         -0.000000
   18.550000      -0.154780      -1.085564       0.042034       0.631259         -0.000000
   18.560000      -0.165605      -1.079445       0.048658       0.631259         -0.000000
   18.570000      -0.176367      -1.072807       0.055801       0.631259         -0.000000
   18.580000      -0.187059      -1.065637       0.063468       0.631259         -0.000000
   18.590000      -0.197678      -1.057922       0.071659       0.631259         -0.000000
   18.600000      -0.208216      -1.049652       0.080374       0.631259         -0.000000
   18.610000      -0.218669      -1.040815       0.089611       0.631259         -0.000000
   18.620000      -0.229030      -1.031399       0.099367       0.631259         -0.000000
   18.630000      -0.239295      -1.021394       0.109636       0.631259         -0.000000
   18.640000      -0.249456      -1.010789       0.120412       0.631259         -0.000000
   18.650000      -0.259509      -0.999575       0.131684       0.631259         -0.000000
   18.660000      -0.269446      -0.987741       0.143443       0.631259         -0.000000
   18.670000      -0.279261      -0.975280       0.155674       0.631259         -0.000000
   18.680000      -0.288949      -0.962182       0.168362       0.631259         -0.000000
   18.690000      -0.298503      -0.948441       0.181488       0.631259         -0.000000
   18.700000      -0.307916      -0.934050       0.195034       0.631259         -0.000000
   18.710000      -0.317182      -0.919003       0.208976       0.631259         -0.000000
   18.720000      -0.326294      -0.903295       0.223288       0.631259         -0.000000
   18.730000      -0.335245      -0.886921       0.237945       0.631259         -0.000000
   18.740000      -0.344030      -0.869879       0.252914       0.631259         -0.000000
   18.750000      -0.352641      -0.852167       0.268165       0.631259         -0.000000
   18.760000      -0.361071      -0.833783       0.283662       0.631259         -0.000000
   18.770000      -0.369314      -0.814729       0.299368       0.631259         -0.000000
   18.780000      -0.377363      -0.795005       0.315243       0.631259         -0.000000
   18.790000      -0.385212      -0.774614       0.331246       0.631259         -0.000000
   18.800000      -0.392853      -0.753561       0.347332       0.631259         -0.000000
   18.810000      -0.400281      -0.731851       0.363456       0.631259         -0.000000
   18.820000      -0.407488      -0.709491       0.379571       0.631259         -0.000000
   18.830000      -0.414469      -0.686489       0.395626       0.631259         -0.000000
   18.840000      -0.421216      -0.662855       0.411571       0.631259         -0.000000
   18.850000      -0.427724      -0.638601       0.427353       0.631259         -0.000000
   18.860000      -0.433986      -0.613740       0.442921       0.631259         -0.000000
   18.870000      -0.439997      -0.588286       0.458219       0.631259         -0.000000
   18.880000      -0.445750      -0.562255       0.473194       0.631259         -0.000000
   18.890000      -0.451240      -0.535664       0.487791       0.631259         -0.000000
   18.900000      -0.456461      -0.508534       0.501955       0.631259         -0.000000
   18.910000      -0.461409      -0.480885       0.515634       0.631259         -0.000000
   18.920000      -0.466077      -0.452738       0.528773       0.631259         -0.000000
   18.930000      -0.470462      -0.424118       0.541321       0.631259         -0.000000
   18.940000      -0.474558      -0.395050       0.553227       0.631259         -0.000000
   18.950000      -0.478361      -0.365560       0.564442       0.631259         -0.000000
   18.960000      -0.481868      -0.335676       0.574920       0.631259         -0.000000
   18.970000      -0.485074      -0.305427       0.584616       0.631259         -0.000000
   18.980000      -0.487975      -0.274844       0.593489       0.631259         -0.000000
   18.990000      -0.490570      -0.243957       0.601501       0.631259         -0.000000
   19.000000      -0.492854      -0.212800       0.608617       0.631259         -0.000000
   19.010000      -0.494825      -0.181405       0.614805       0.631259         -0.000000
   19.020000      -0.496481      -0.149806       0.620038       0.631259         -0.000000
   19.030000      -0.497820      -0.118039       0.624292       0.631259         -0.000000
   19.040000      -0.498841      -0.086139       0.627549       0.631259         -0.000000
   19.050000      -0.499543      -0.054141       0.629793       0.631259         -0.000000
   19.060000      -0.499924      -0.022081       0.631015       0.631259         -0.000000
   19.070000      -0.499984       0.010004       0.631209       0.631259         -0.000000
   19.080000      -0.499724       0.042077       0.630374       0.631259         -0.000000
   19.090000      -0.499143       0.074102       0.628513       0.631259         -0.000000
   19.100000      -0.498242       0.106044       0.625636       0.631259         -0.000000
   19.110000      -0.497023       0.137865       0.621755       0.631259         -0.000000
   19.120000      -0.495485       0.169532       0.616888       0.631259         -0.000000
   19.130000      -0.493633       0.201007       0.611057       0.631259         -0.000000
   19.140000      -0.491466       0.232258       0.604287       0.631259         -0.000000
   19.150000      -0.488988       0.263250       0.596609       0.631259         -0.000000
   19.160000      -0.486202       0.293951       0.588055       0.631259         -0.000000
   19.170000      -0.483110       0.324330       0.578664       0.631259         -0.000000
   19.180000      -0.479717       0.354354       0.568475       0.631259         -0.000000
   19.190000      -0.476024       0.383996       0.557532       0.631259         -0.000000
   19.200000      -0.472038       0.413226       0.545881       0.631259         -0.000000
   19.210000      -0.467761       0.442018       0.533569       0.631259         -0.000000
   19.220000      -0.463199       0.470346       0.520646       0.631259         -0.000000
   19.230000      -0.458356       0.498185       0.507165       0.631259         -0.000000
   19.240000      -0.453237       0.525513       0.493177       0.631259         -0.000000
   19.250000      -0.447848       0.552309       0.478736       0.631259         -0.000000
   19.260000      -0.442193       0.578553       0.463897       0.631259         -0.000000
   19.270000      -0.436278       0.604226       0.448714       0.631259         -0.000000
   19.280000      -0.430110       0.629312       0.433242       0.631259         -0.000000
   19.290000      -0.423694       0.653797       0.417534       0.631259         -0.000000
   19.300000      -0.417036       0.677665       0.401644       0.631259         -0.000000
   19.310000      -0.410143       0.700906       0.385624       0.631259         -0.000000
   19.320000      -0.403020       0.723509       0.369526       0.631259         -0.000000
   19.330000      -0.395675       0.745465       0.353400       0.631259         -0.000000
   19.340000      -0.388113       0.766766       0.337294       0.631259         -0.000000
   19.350000      -0.380342       0.787406       0.321254       0.631259         -0.000000
   19.360000      -0.372367       0.807382       0.305326       0.631259         -0.000000
   19.370000      -0.364196       0.826689       0.289552       0.631259         -0.000000
   19.380000      -0.355836       0.845325       0.273972       0.631259         -0.000000
   19.390000      -0.347292       0.863290       0.258624       0.631259         -0.000000
   19.400000      -0.338572       0.880584       0.243545       0.631259         -0.000000
   19.410000      -0.329683       0.897209       0.228767       0.631259         -0.000000
   19.420000      -0.320630       0.913167       0.214322       0.631259         -0.000000
   19.430000      -0.311422       0.928463       0.200237       0.631259         -0.000000
   19.440000      -0.302063       0.943100       0.186540       0.631259         -0.000000
   19.450000      -0.292562       0.957085       0.173253       0.631259         -0.000000
   19.460000      -0.282924       0.970424       0.160397       0.631259         -0.000000
   19.470000      -0.273155       0.983124       0.147992       0.631259         -0.000000
   19.480000      -0.263263       0.995193       0.136054       0.631259         -0.000000
   19.490000      -0.253254       1.006639       0.124598       0.631259         -0.000000
   19.500000      -0.243133       1.017473       0.113634       0.631259         -0.000000
   19.510000      -0.232906       1.027702       0.103173       0.631259         -0.000000
   19.520000      -0.222581       1.037339       0.093223       0.631259         -0.000000
   19.530000      -0.212161       1.046393       0.083790       0.631259         -0.000000
   19.540000      -0.201655       1.054875       0.074878       0.631259         -0.000000
   19.550000      -0.191066       1.062797       0.066490       0.631259         -0.000000
   19.560000      -0.180400       1.070171       0.058626       0.631259         -0.000000
   19.570000      -0.169664       1.077008       0.051286       0.631259         -0.000000
   19.580000      -0.158862       1.083321       0.044467       0.631259         -0.000000
   19.590000      -0.147999       1.089121       0.038166       0.631259         -0.000000
   19.600000      -0.137081       1.094422       0.032379       0.631259         -0.000000
   19.610000      -0.126113       1.099236       0.027099       0.631259         -0.000000
   19.620000      -0.115098       1.103575       0.022320       0.631259         -0.000000
   19.630000      -0.104043       1.107452       0.018034       0.631259         -0.000000
   19.640000      -0.092951       1.110879       0.014232       0.631259         -0.000000
   19.650000      -0.081827       1.113870       0.010906       0.631259         -0.000000
   19.660000      -0.070675       1.116436       0.008044       0.631259         -0.000000
   19.670000      -0.059499       1.118590       0.005637       0.631259         -0.000000
   19.680000      -0.048304       1.120344       0.003674       0.631259         -0.000000
   19.690000      -0.037094       1.121710       0.002142       0.631259         -0.000000
   19.700000      -0.025871       1.122701       0.001030       0.631259         -0.000000
   19.710000      -0.014641       1.123328       0.000326       0.631259         -0.000000
   19.720000      -0.003406       1.123603       0.000017       0.631259         -0.000000
   19.730000       0.007830       1.123537       0.000091       0.631259         -0.000000
   19.740000       0.019064       1.123142       0.000535       0.631259         -0.000000
   19.750000       0.030292       1.122429       0.001335       0.631259         -0.000000
   19.760000       0.041511       1.121409       0.002480       0.631259         -0.000000
   19.770000       0.052719       1.120092       0.003956       0.631259         -0.000000
   19.780000       0.063912       1.118489       0.005750       0.631259         -0.000000
   19.790000       0.075088       1.116611       0.007849       0.631259         -0.000000
   19.800000       0.086244       1.114466       0.010241       0.631259         -0.000000
   19.810000       0.097376       1.112066       0.012914       0.631259         -0.000000
   19.820000       0.108484       1.109419       0.015854       0.631259         -0.000000
   19.830000       0.119564       1.106535       0.019050       0.631259         -0.000000
   19.840000       0.130614       1.103422       0.022489       0.631259         -0.000000
   19.850000       0.141632       1.100090       0.026159       0.631259         -0.000000
   19.860000       0.152615       1.096548       0.030050       0.631259         -0.000000
   19.870000       0.163562       1.092803       0.034150       0.631259         -0.000000
   19.880000       0.174471       1.088863       0.038447       0.631259         -0.000000
   19.890000       0.185339       1.084737       0.042931       0.631259         -0.000000
   19.900000       0.196165       1.080432       0.047592       0.631259         -0.000000
   19.910000       0.206947       1.075956       0.052418       0.631259         -0.000000
   19.920000       0.217683       1.071315       0.057401       0.631259         -0.000000
   19.930000       0.228373       1.066517       0.062529       0.631259         -0.000000
   19.940000       0.239013       1.061568       0.067795       0.631259         -0.000000
   19.950000       0.249603       1.056475       0.073189       0.631259         -0.000000
   19.960000       0.260142       1.051245       0.078701       0.631259         -0.000000
   19.970000       0.270628       1.045882       0.084324       0.631259         -0.000000
   19.980000       0.281059       1.040394       0.090050       0.631259         -0.000000
   19.990000       0.291435       1.034785       0.095869       0.631259         -0.000000
   20.000000       0.301755       1.029061       0.101775       0.631259         -0.000000
   20.010000       0.312016       1.023229       0.107760       0.631259         -0.000000
   20.020000       0.322219       1.017292       0.113818       0.631259         -0.000000
   20.030000       0.332362       1.011255       0.119940       0.631259         -0.000000
   20.040000       0.342444       1.005125       0.126121       0.631259         -0.000000
   20.050000       0.352464       0.998904       0.132355       0.631259         -0.000000
   20.060000       0.362421       0.992597       0.138634       0.631259         -0.000000
   20.070000       0.372316       0.986210       0.144954       0.631259         -0.000000
   20.080000       0.382145       0.979745       0.151309       0.631259         -0.000000
   20.090000       0.391910       0.973207       0.157693       0.631259         -0.000000
   20.100000       0.401609       0.966600       0.164101       0.631259         -0.000000
   20.110000       0.411242       0.959927       0.170529       0.631259         -0.000000
   20.120000       0.420808       0.953192       0.176972       0.631259         -0.000000
   20.130000       0.430306       0.946398       0.183424       0.631259         -0.000000
   20.140000       0.439735       0.939549       0.189883       0.631259         -0.000000
   20.150000       0.449096       0.932647       0.196344       0.631259         -0.000000
   20.160000       0.458388       0.925696       0.202803       0.631259         -0.000000
   20.170000       0.467610       0.918698       0.209256       0.631259         -0.000000
   20.180000       0.476762       0.911657       0.215700       0.631259         -0.000000
   20.190000       0.485843       0.904574       0.222132       0.631259         -0.000000
   20.200000       0.494853       0.897453       0.228548       0.631259         -0.000000
   20.210000       0.503792       0.890297       0.234945       0.631259         -0.000000
   20.220000       0.512659       0.883106       0.241321       0.631259         -0.000000
   20.230000       0.521454       0.875884       0.247672       0.631259         -0.000000
   20.240000       0.530177       0.868633       0.253997       0.631259         -0.000000
   20.250000       0.538827       0.861355       0.260293       0.631259         -0.000000
   20.260000       0.547404       0.854051       0.266557       0.631259         -0.000000
   20.270000       0.555908       0.846725       0.272788       0.631259         -0.000000
   20.280000       0.564338       0.839377       0.278982       0.631259         -0.000000
   20.290000       0.572695       0.832009       0.285140       0.631259         -0.000000
   20.300000       0.580978       0.824623       0.291257       0.631259         -0.000000
   20.310000       0.589188       0.817221       0.297334       0.631259         -0.000000
   20.320000       0.597323       0.809803       0.303368       0.631259         -0.000000
   20.330000       0.605384       0.802373       0.309358       0.631259         -0.000000
   20.340000       0.613370       0.794930       0.315302       0.631259         -0.000000
   20.350000       0.621282       0.787477       0.321199       0.631259         -0.000000
   20.360000       0.629120       0.780014       0.327048       0.631259         -0.000000
   20.370000       0.636882       0.772543       0.332848       0.631259         -0.000000
   20.380000       0.644570       0.765064       0.338597       0.631259         -0.000000
   20.390000       0.652184       0.757580       0.344295       0.631259         -0.000000
   20.400000       0.659722       0.750091       0.349941       0.631259         -0.000000
   20.410000       0.667185       0.742598       0.355533       0.631259         -0.000000
   20.420000       0.674574       0.735102       0.361072       0.631259         -0.000000
   20.430000       0.681887       0.727603       0.366556       0.631259         -0.000000
   20.440000       0.689126       0.720104       0.371984       0.631259         -0.000000
   20.450000       0.696290       0.712604       0.377357       0.631259         -0.000000
   20.460000       0.703378       0.705104       0.382673       0.631259         -0.000000
   20.470000       0.710392       0.697606       0.387932       0.631259         -0.000000
   20.480000       0.717330       0.690109       0.393134       0.631259         -0.000000
   20.490000       0.724194       0.682614       0.398278       0.631259         -0.000000
   20.500000       0.730983       0.675123       0.403363       0.631259         -0.000000
   20.510000       0.737696       0.667635       0.408390       0.631259         -0.000000
   20.520000       0.744335       0.660152       0.413359       0.631259         -0.000000
   20.530000       0.750899       0.652673       0.418268       0.631259         -0.000000
   20.540000       0.757389       0.645199       0.423118       0.631259         -0.000000
   20.550000       0.763803       0.637731       0.427908       0.631259         -0.000000
   20.560000       0.770143       0.630269       0.432639       0.631259         -0.000000
   20.570000       0.776409       0.622814       0.437311       0.631259         -0.000000
   20.580000       0.782600       0.615365       0.441922       0.631259         -0.000000
   20.590000       0.788716       0.607924       0.446473       0.631259         -0.000000
   20.600000       0.794758       0.600490       0.450965       0.631259         -0.000000
   20.610000       0.800726       0.593064       0.455397       0.631259         -0.000000
   20.620000       0.806619       0.585646       0.459768       0.631259         -0.000000
   20.630000       0.812439       0.578236       0.464080       0.631259         -0.000000
   20.640000       0.818184       0.570836       0.468332       0.631259         -0.000000
   20.650000       0.823856       0.563444       0.472525       0.631259         -0.000000
   20.660000       0.829453       0.556061       0.476657       0.631259         -0.000000
   20.670000       0.834977       0.548687       0.480730       0.631259         -0.000000
   20.680000       0.840427       0.541323       0.484744       0.631259         -0.000000
   20.690000       0.845803       0.533969       0.488698       0.631259         -0.000000
   20.700000       0.851106       0.526624       0.492593       0.631259         -0.000000
   20.710000       0.856336       0.519289       0.496428       0.631259         -0.000000
   20.720000       0.861492       0.511964       0.500205       0.631259         -0.000000
   20.730000       0.866575       0.504649       0.503924       0.631259         -0.000000
   20.740000       0.871585       0.497344       0.507583       0.631259         -0.000000
   20.750000       0.876522       0.490050       0.511185       0.631259         -0.000000
   20.760000       0.881386       0.482765       0.514728       0.631259         -0.000000
   20.770000       0.886177       0.475491       0.518213       0.631259         -0.000000
   20.780000       0.890896       0.468228       0.521640       0.631259         -0.000000
   20.790000       0.895542       0.460974       0.525010       0.631259         -0.000000
   20.800000       0.900116       0.453731       0.528323       0.631259         -0.000000
   20.810000       0.904617       0.446498       0.531579       0.631259         -0.000000
   20.820000       0.909046       0.439276       0.534777       0.631259         -0.000000
   20.830000       0.913402       0.432064       0.537919       0.631259         -0.000000
   20.840000       0.917687       0.424862       0.541005       0.631259         -0.000000
   20.850000       0.921899       0.417671       0.544035       0.631259         -0.000000
   20.860000       0.926040       0.410489       0.547008       0.631259         -0.000000
   20.870000       0.930109       0.403318       0.549926       0.631259         -0.000000
   20.880000       0.934107       0.396157       0.552789       0.631259         -0.000000
   20.890000       0.938032       0.389006       0.555596       0.631259         -0.000000
   20.900000       0.941887       0.381865       0.558349       0.631259         -0.000000
   20.910000       0.945670       0.374733       0.561046       0.631259         -0.000000
   20.920000       0.949382       0.367612       0.563690       0.631259         -0.000000
   20.930000       0.953022       0.360500       0.566279       0.631259         -0.000000
   20.940000       0.956592       0.353397       0.568814       0.631259         -0.000000
   20.950000       0.960090       0.346304       0.571296       0.631259         -0.000000
   20.960000       0.963518       0.339221       0.573724       0.631259         -0.000000
   20.970000       0.966874       0.332146       0.576098       0.631259         -0.000000
   20.980000       0.970161       0.325081       0.578420       0.631259         -0.000000
   20.990000       0.973376       0.318024       0.580689       0.631259         -0.000000
   21.000000       0.976521       0.310976       0.582906       0.631259         -0.000000
   21.010000       0.979596       0.303937       0.585070       0.631259         -0.000000
   21.020000       0.982600       0.296907       0.587182       0.631259         -0.000000
   21.030000       0.985534       0.289885       0.589242       0.631259         -0.000000
   21.040000       0.988398       0.282871       0.591251       0.631259         -0.000000
   21.050000       0.991191       0.275865       0.593208       0.631259         -0.000000
   21.060000       0.993915       0.268867       0.595114       0.631259         -0.000000
   21.070000       0.996569       0.261877       0.596969       0.631259         -0.000000
   21.080000       0.999153       0.254895       0.598773       0.631259         -0.000000
   21.090000       1.001667       0.247920       0.600527       0.631259         -0.000000
   21.100000       1.004111       0.240952       0.602230       0.631259         -0.000000
   21.110000       1.006486       0.233991       0.603883       0.631259         -0.000000
   21.120000       1.008791       0.227037       0.605486       0.631259         -0.000000
   21.130000       1.011026       0.220090       0.607039       0.631259         -0.000000
   21.140000       1.013193       0.213149       0.608543       0.631259         -0.000000
   21.150000       1.015289       0.206215       0.609997       0.631259         -0.000000
   21.160000       1.017317       0.199287       0.611401       0.631259         -0.000000
   21.170000       1.019275       0.192365       0.612757       0.631259         -0.000000
   21.180000       1.021164       0.185449       0.614063       0.631259         -0.000000
   21.190000       1.022984       0.178538       0.615321       0.631259         -0.000000
   21.200000       1.024735       0.171633       0.616530       0.631259         -0.000000
   21.210000       1.026417       0.164732       0.617691       0.631259         -0.000000
   21.220000       1.028030       0.157837       0.618803       0.631259         -0.000000
   21.230000       1.029574       0.150947       0.619866       0.631259         -0.000000
   21.240000       1.031049       0.144062       0.620882       0.631259         -0.000000
   21.250000       1.032455       0.137180       0.621850       0.631259         -0.000000
   21.260000       1.033792       0.130303       0.622769       0.631259         -0.000000
   21.270000       1.035061       0.123430       0.623641       0.631259         -0.000000
   21.280000       1.036261       0.116561       0.624466       0.631259         -0.000000
   21.290000       1.037392       0.109696       0.625242       0.631259         -0.000000
   21.300000       1.038455       0.102834       0.625972       0.631259         -0.000000
   21.310000       1.039449       0.095975       0.626653       0.631259         -0.000000
   21.320000       1.040374       0.089119       0.627288       0.631259         -0.000000
   21.330000       1.041231       0.082265       0.627875       0.631259         -0.000000
   21.340000       1.042020       0.075415       0.628415       0.631259         -0.000000
   21.350000       1.042740       0.068566       0.628908       0.631259         -0.000000
   21.360000       1.043391       0.061720       0.629354       0.631259         -0.000000
   21.370000       1.043974       0.054876       0.629753       0.631259         -0.000000
   21.380000       1.044488       0.048033       0.630105       0.631259         -0.000000
   21.390000       1.044935       0.041192       0.630411       0.631259         -0.000000
   21.400000       1.045312       0.034353       0.630669       0.631259         -0.000000
   21.410000       1.045622       0.027514       0.630880       0.631259         -0.000000
   21.420000       1.045863       0.020676       0.631045       0.631259         -0.000000
   21.430000       1.046035       0.013839       0.631163       0.631259         -0.000000
   21.440000       1.046139       0.007002       0.631234       0.631259         -0.000000
   21.450000       1.046175       0.000166       0.631259       0.631259         -0.000000
   21.460000       1.046143      -0.006671       0.631237       0.631259         -0.000000
   21.470000       1.046042      -0.013507       0.631168       0.631259         -0.000000
   21.480000       1.045873      -0.020344       0.631052       0.631259         -0.000000
   21.490000       1.045635      -0.027182       0.630889       0.631259         -0.000000
   21.500000       1.045329      -0.034021       0.630680       0.631259         -0.000000
   21.510000       1.044955      -0.040861       0.630424       0.631259         -0.000000
   21.520000       1.044512      -0.047702       0.630121       0.631259         -0.000000
   21.530000       1.044000      -0.054544       0.629771       0.631259         -0.000000
   21.540000       1.043421      -0.061388       0.629375       0.631259         -0.000000
   21.550000       1.042773      -0.068234       0.628931       0.631259         -0.000000
   21.560000       1.042056      -0.075082       0.628440       0.631259         -0.000000
   21.570000       1.041271      -0.081933       0.627902       0.631259         -0.000000
   21.580000       1.040417      -0.088786       0.627317       0.631259         -0.000000
   21.590000       1.039495      -0.095642       0.626685       0.631259         -0.000000
   21.600000       1.038505      -0.102501       0.626006       0.631259         -0.000000
   21.610000       1.037445      -0.109363       0.625279       0.631259         -0.000000
   21.620000       1.036317      -0.116228       0.624504       0.631259         -0.000000
   21.630000       1.035121      -0.123097       0.623682       0.631259         -0.000000
   21.640000       1.033855      -0.129970       0.622813       0.631259         -0.000000
   21.650000       1.032521      -0.136847       0.621895       0.631259         -0.000000
   21.660000       1.031118      -0.143728       0.620930       0.631259         -0.000000
   21.670000       1.029647      -0.150613       0.619917       0.631259         -0.000000
   21.680000       1.028106      -0.157503       0.618855       0.631259         -0.000000
   21.690000       1.026497      -0.164398       0.617746       0.631259         -0.000000
   21.700000       1.024818      -0.171298       0.616587       0.631259         -0.000000
   21.710000       1.023071      -0.178203       0.615381       0.631259         -0.000000
   21.720000       1.021254      -0.185113       0.614125       0.631259         -0.000000
   21.730000       1.019368      -0.192029       0.612821       0.631259         -0.000000
   21.740000       1.017414      -0.198951       0.611468       0.631259         -0.000000
   21.750000       1.015389      -0.205879       0.610066       0.631259         -0.000000
   21.760000       1.013296      -0.212813       0.608614       0.631259         -0.000000
   21.770000       1.011133      -0.219753       0.607113       0.631259         -0.000000
   21.780000       1.008901      -0.226700       0.605563       0.631259         -0.000000
   21.790000       1.006599      -0.233653       0.603962       0.631259         -0.000000
   21.800000       1.004228      -0.240614       0.602311       0.631259         -0.000000
   21.810000       1.001787      -0.247581       0.600611       0.631259         -0.000000
   21.820000       0.999276      -0.254556       0.598860       0.631259         -0.000000
   21.830000       0.996696      -0.261538       0.597058       0.631259         -0.000000
   21.840000       0.994045      -0.268528       0.595205       0.631259         -0.000000
   21.850000       0.991325      -0.275526       0.593302       0.631259         -0.000000
   21.860000       0.988535      -0.282531       0.591347       0.631259         -0.000000
   21.870000       0.985674      -0.289544       0.589341       0.631259         -0.000000
   21.880000       0.982744      -0.296566       0.587283       0.631259         -0.000000
   21.890000       0.979743      -0.303596       0.585174       0.631259         -0.000000
   21.900000       0.976672      -0.310635       0.583012       0.631259         -0.000000
   21.910000       0.973530      -0.317682       0.580798       0.631259         -0.000000
   21.920000       0.970318      -0.324738       0.578532       0.631259         -0.000000
   21.930000       0.967036      -0.331803       0.576212       0.631259         -0.000000
   21.940000       0.963682      -0.338877       0.573840       0.631259         -0.000000
   21.950000       0.960258      -0.345960       0.571415       0.631259         -0.000000
   21.960000       0.956763      -0.353053       0.568936       0.631259         -0.000000
   21.970000       0.953197      -0.360155       0.566403       0.631259         -0.000000
   21.980000       0.949560      -0.367266       0.563817       0.631259         -0.000000
   21.990000       0.945852      -0.374388       0.561176       0.631259         -0.000000
   22.000000       0.942072      -0.381519       0.558481       0.631259         -0.000000
   22.010000       0.938221      -0.388659       0.555731       0.631259         -0.000000
   22.020000       0.934299      -0.395810       0.552926       0.631259         -0.000000
   22.030000       0.930305      -0.402971       0.550066       0.631259         -0.000000
   22.040000       0.926239      -0.410141       0.547151       0.631259         -0.000000
   22.050000       0.922102      -0.417322       0.544180       0.631259         -0.000000
   22.060000       0.917893      -0.424513       0.541153       0.631259         -0.000000
   22.070000       0.913612      -0.431714       0.538070       0.631259         -0.000000
   22.080000       0.909259      -0.438926       0.534931       0.631259         -0.000000
   22.090000       0.904833      -0.446148       0.531735       0.631259         -0.000000
   22.100000       0.900336      -0.453380       0.528482       0.631259         -0.000000
   22.110000       0.895766      -0.460623       0.525172       0.631259         -0.000000
   22.120000       0.891123      -0.467875       0.521805       0.631259         -0.000000
   22.130000       0.886408      -0.475139       0.518381       0.631259         -0.000000
   22.140000       0.881620      -0.482412       0.514898       0.631259         -0.000000
   22.150000       0.876760      -0.489696       0.511358       0.631259         -0.000000
   22.160000       0.871826      -0.496990       0.507759       0.631259         -0.000000
   22.170000       0.866820      -0.504294       0.504103       0.631259         -0.000000
   22.180000       0.861740      -0.511609       0.500387       0.631259         -0.000000
   22.190000       0.856588      -0.518933       0.496613       0.631259         -0.000000
   22.200000       0.851362      -0.526268       0.492780       0.631259         -0.000000
   22.210000       0.846062      -0.533612       0.488888       0.631259         -0.000000
   22.220000       0.840689      -0.540966       0.484937       0.631259         -0.000000
   22.230000       0.835243      -0.548330       0.480926       0.631259         -0.000000
   22.240000       0.829723      -0.555703       0.476856       0.631259         -0.000000
   22.250000       0.824129      -0.563085       0.472726       0.631259         -0.000000
   22.260000       0.818461      -0.570477       0.468537       0.631259         -0.000000
   22.270000       0.812719      -0.577877       0.464288       0.631259         -0.000000
   22.280000       0.806903      -0.585286       0.459979       0.631259         -0.000000
   22.290000       0.801014      -0.592704       0.455610       0.631259         -0.000000
   22.300000       0.795049      -0.600129       0.451181       0.631259         -0.000000
   22.310000       0.789011      -0.607563       0.446693       0.631259         -0.000000
   22.320000       0.782898      -0.615004       0.442144       0.631259         -0.000000
   22.330000       0.776711      -0.622452       0.437536       0.631259         -0.000000
   22.340000       0.770449      -0.629907       0.432867       0.631259         -0.000000
   22.350000       0.764113      -0.637369       0.428139       0.631259         -0.000000
   22.360000       0.757702      -0.644837       0.423352       0.631259         -0.000000
   22.370000       0.751216      -0.652310       0.418505       0.631259         -0.000000
   22.380000       0.744655      -0.659789       0.413598       0.631259         -0.000000
   22.390000       0.738020      -0.667272       0.408633       0.631259         -0.000000
   22.400000       0.731310      -0.674760       0.403609       0.631259         -0.000000
   22.410000       0.724525      -0.682251       0.398526       0.631259         -0.000000
   22.420000       0.717665      -0.689745       0.393385       0.631259         -0.000000
   22.430000       0.710730      -0.697242       0.388186       0.631259         -0.000000
   22.440000       0.703720      -0.704740       0.382929       0.631259         -0.000000
   22.450000       0.696635      -0.712240       0.377616       0.631259         -0.000000
   22.460000       0.689475      -0.719740       0.372246       0.631259         -0.000000
   22.470000       0.682240      -0.727240       0.366820       0.631259         -0.000000
   22.480000       0.674930      -0.734738       0.361339       0.631259         -0.000000
   22.490000       0.667546      -0.742234       0.355803       0.631259         -0.000000
   22.500000       0.660086      -0.749728       0.350213       0.631259         -0.000000
   22.510000       0.652551      -0.757217       0.344570       0.631259         -0.000000
   22.520000       0.644941      -0.764701       0.338875       0.631259         -0.000000
   22.530000       0.637257      -0.772180       0.333128       0.631259         -0.000000
   22.540000       0.629498      -0.779652       0.327331       0.631259         -0.000000
   22.550000       0.621664      -0.787115       0.321484       0.631259         -0.000000
   22.560000       0.613756      -0.794569       0.315589       0.631259         -0.000000
   22.570000       0.605773      -0.802012       0.309647       0.631259         -0.000000
   22.580000       0.597715      -0.809443       0.303660       0.631259         -0.000000
   22.590000       0.589584      -0.816861       0.297628       0.631259         -0.000000
   22.600000       0.581378      -0.824264       0.291553       0.631259         -0.000000
   22.610000       0.573099      -0.831651       0.285437       0.631259         -0.000000
   22.620000       0.564745      -0.839020       0.279282       0.631259         -0.000000
   22.630000       0.556318      -0.846369       0.273089       0.631259         -0.000000
   22.640000       0.547818      -0.853696       0.266860       0.631259         -0.000000
   22.650000       0.539245      -0.861001       0.260598       0.631259         -0.000000
   22.660000       0.530598      -0.868281       0.254303       0.631259         -0.000000
   22.670000       0.521879      -0.875533       0.247980       0.631259         -0.000000
   22.680000       0.513088      -0.882756       0.241629       0.631259         -0.000000
   22.690000       0.504224      -0.889948       0.235255       0.631259         -0.000000
   22.700000       0.495289      -0.897107       0.228858       0.631259         -0.000000
   22.710000       0.486282      -0.904230       0.222443       0.631259         -0.000000
   22.720000       0.477204      -0.911314       0.216012       0.631259         -0.000000
   22.730000       0.468056      -0.918357       0.209569       0.631259         -0.000000
   22.740000       0.458837      -0.925357       0.203116       0.631259         -0.000000
   22.750000       0.449549      -0.932311       0.196657       0.631259         -0.000000
   22.760000       0.440191      -0.939215       0.190197       0.631259         -0.000000
   22.770000       0.430765      -0.946067       0.183738       0.631259         -0.000000
   22.780000       0.421270      -0.952864       0.177284       0.631259         -0.000000
   22.790000       0.411708      -0.959602       0.170841       0.631259         -0.000000
   22.800000       0.402078      -0.966278       0.164413       0.631259         -0.000000
   22.810000       0.392382      -0.972888       0.158003       0.631259         -0.000000
   22.820000       0.382621      -0.979430       0.151618       0.631259         -0.000000
   22.830000       0.372794      -0.985898       0.145261       0.631259         -0.000000
   22.840000       0.362903      -0.992289       0.138940       0.631259         -0.000000
   22.850000       0.352948      -0.998600       0.132658       0.631259         -0.000000
   22.860000       0.342931      -1.004825       0.126422       0.631259         -0.000000
   22.870000       0.332852      -1.010960       0.120239       0.631259         -0.000000
   22.880000       0.322712      -1.017001       0.114113       0.631259         -0.000000
   22.890000       0.312513      -1.022943       0.108053       0.631259         -0.000000
   22.900000       0.302254      -1.028781       0.102064       0.631259         -0.000000
   22.910000       0.291937      -1.034510       0.096154       0.631259         -0.000000
   22.920000       0.281564      -1.040124       0.090330       0.631259         -0.000000
   22.930000       0.271135      -1.045619       0.084600       0.631259         -0.000000
   22.940000       0.260652      -1.050987       0.078972       0.631259         -0.000000
   22.950000       0.250116      -1.056225       0.073454       0.631259         -0.000000
   22.960000       0.239528      -1.061325       0.068054       0.631259         -0.000000
   22.970000       0.228890      -1.066281       0.062782       0.631259         -0.000000
   22.980000       0.218203      -1.071086       0.057646       0.631259         -0.000000
   22.990000       0.207469      -1.075735       0.052656       0.631259         -0.000000
   23.000000       0.196689      -1.080219       0.047822       0.631259         -0.000000
   23.010000       0.185865      -1.084533       0.043153       0.631259         -0.000000
   23.020000       0.174999      -1.088667       0.038661       0.631259         -0.000000
   23.030000       0.164092      -1.092616       0.034354       0.631259         -0.000000
   23.040000       0.153147      -1.096371       0.030244       0.631259         -0.000000
   23.050000       0.142165      -1.099923       0.026343       0.631259         -0.000000
   23.060000       0.131149      -1.103266       0.022661       0.631259         -0.000000
   23.070000       0.120101      -1.106389       0.019211       0.631259         -0.000000
   23.080000       0.109022      -1.109284       0.016003       0.631259         -0.000000
   23.090000       0.097916      -1.111943       0.013050       0.631259         -0.000000
   23.100000       0.086784      -1.114356       0.010365       0.631259         -0.000000
   23.110000       0.075630      -1.116513       0.007959       0.631259         -0.000000
   23.120000       0.064455      -1.118404       0.005845       0.631259         -0.000000
   23.130000       0.053262      -1.120021       0.004036       0.631259         -0.000000
   23.140000       0.042055      -1.121352       0.002544       0.631259         -0.000000
   23.150000       0.030836      -1.122387       0.001383       0.631259         -0.000000
   23.160000       0.019609      -1.123115       0.000566       0.631259         -0.000000
   23.170000       0.008375      -1.123525       0.000104       0.631259         -0.000000
   23.180000      -0.002861      -1.123607       0.000012       0.631259         -0.000000
   23.190000      -0.014096      -1.123349       0.000302       0.631259         -0.000000
   23.200000      -0.025327      -1.122740       0.000987       0.631259         -0.000000
   23.210000      -0.036549      -1.121767       0.002079       0.631259         -0.000000
   23.220000      -0.047761      -1.120419       0.003590       0.631259         -0.000000
   23.230000      -0.058957      -1.118684       0.005532       0.631259         -0.000000
   23.240000      -0.070133      -1.116550       0.007917       0.631259         -0.000000
   23.250000      -0.081286      -1.114004       0.010756       0.631259         -0.000000
   23.260000      -0.092412      -1.111035       0.014060       0.631259         -0.000000
   23.270000      -0.103505      -1.107629       0.017838       0.631259         -0.000000
   23.280000      -0.114563      -1.103774       0.022101       0.631259         -0.000000
   23.290000      -0.125579      -1.099457       0.026856       0.631259         -0.000000
   23.300000      -0.136550      -1.094667       0.032111       0.631259         -0.000000
   23.310000      -0.147471      -1.089390       0.037874       0.631259         -0.000000
   23.320000      -0.158336      -1.083614       0.044149       0.631259         -0.000000
   23.330000      -0.169142      -1.077326       0.050943       0.631259         -0.000000
   23.340000      -0.179881      -1.070515       0.058258       0.631259         -0.000000
   23.350000      -0.190550      -1.063167       0.066096       0.631259         -0.000000
   23.360000      -0.201143      -1.055272       0.074459       0.631259         -0.000000
   23.370000      -0.211654      -1.046817       0.083346       0.631259         -0.000000
   23.380000      -0.222077      -1.037791       0.092753       0.631259         -0.000000
   23.390000      -0.232408      -1.028183       0.102678       0.631259         -0.000000
   23.400000      -0.242639      -1.017983       0.113115       0.631259         -0.000000
   23.410000      -0.252765      -1.007179       0.124054       0.631259         -0.000000
   23.420000      -0.262780      -0.995762       0.135487       0.631259         -0.000000
   23.430000      -0.272678      -0.983724       0.147402       0.631259         -0.000000
   23.440000      -0.282453      -0.971055       0.159785       0.631259         -0.000000
   23.450000      -0.292097      -0.957747       0.172619       0.631259         -0.000000
   23.460000      -0.301606      -0.943794       0.185885       0.631259         -0.000000
   23.470000      -0.310971      -0.929188       0.199564       0.631259         -0.000000
   23.480000      -0.320187      -0.913925       0.213630       0.631259         -0.000000
   23.490000      -0.329247      -0.897998       0.228058       0.631259         -0.000000
   23.500000      -0.338145      -0.881406       0.242821       0.631259         -0.000000
   23.510000      -0.346873      -0.864144       0.257886       0.631259         -0.000000
   23.520000      -0.355426      -0.846212       0.273222       0.631259         -0.000000
   23.530000      -0.363795      -0.827608       0.288791       0.631259         -0.000000
   23.540000      -0.371975      -0.808334       0.304557       0.631259         -0.000000
   23.550000      -0.379960      -0.788391       0.320479       0.631259         -0.000000
   23.560000      -0.387741      -0.767783       0.336514       0.631259         -0.000000
   23.570000      -0.395313      -0.746513       0.352618       0.631259         -0.000000
   23.580000      -0.402669      -0.724589       0.368744       0.631259         -0.000000
   23.590000      -0.409803      -0.702017       0.384845       0.631259         -0.000000
   23.600000      -0.416707      -0.678807       0.400869       0.631259         -0.000000
   23.610000      -0.423377      -0.654969       0.416767       0.631259         -0.000000
   23.620000      -0.429805      -0.630514       0.432485       0.631259         -0.000000
   23.630000      -0.435985      -0.605457       0.447970       0.631259         -0.000000
   23.640000      -0.441912      -0.579812       0.463168       0.631259         -0.000000
   23.650000      -0.447579      -0.553595       0.478025       0.631259         -0.000000
   23.660000      -0.452982      -0.526826       0.492486       0.631259         -0.000000
   23.670000      -0.458114      -0.499523       0.506497       0.631259         -0.000000
   23.680000      -0.462971      -0.471708       0.520005       0.631259         -0.000000
   23.690000      -0.467547      -0.443403       0.532956       0.631259         -0.000000
   23.700000      -0.471837      -0.414633       0.545299       0.631259         -0.000000
   23.710000      -0.475838      -0.385424       0.556983       0.631259         -0.000000
   23.720000      -0.479544      -0.355802       0.567962       0.631259         -0.000000
   23.730000      -0.482953      -0.325795       0.578188       0.631259         -0.000000
   23.740000      -0.486059      -0.295433       0.587619       0.631259         -0.000000
   23.750000      -0.488860      -0.264747       0.596214       0.631259         -0.000000
   23.760000      -0.491353      -0.233768       0.603935       0.631259         -0.000000
   23.770000      -0.493535      -0.202529       0.610750       0.631259         -0.000000
   23.780000      -0.495403      -0.171063       0.616628       0.631259         -0.000000
   23.790000      -0.496955      -0.139406       0.621542       0.631259         -0.000000
   23.800000      -0.498190      -0.107591       0.625471       0.631259         -0.000000
   23.810000      -0.499107      -0.075654       0.628397       0.631259         -0.000000
   23.820000      -0.499703      -0.043632       0.630307       0.631259         -0.000000
   23.830000      -0.499979      -0.011560       0.631192       0.631259         -0.000000
   23.840000      -0.499934       0.020525       0.631048       0.631259         -0.000000
   23.850000      -0.499569       0.052586       0.629876       0.631259         -0.000000
   23.860000      -0.498883       0.084588       0.627681       0.631259         -0.000000
   23.870000      -0.497877       0.116495       0.624473       0.631259         -0.000000
   23.880000      -0.496553       0.148269       0.620267       0.631259         -0.000000
   23.890000      -0.494912       0.179876       0.615081       0.631259         -0.000000
   23.900000      -0.492957       0.211282       0.608939       0.631259         -0.000000
   23.910000      -0.490688       0.242452       0.601868       0.631259         -0.000000
   23.920000      -0.488108       0.273352       0.593898       0.631259         -0.000000
   23.930000      -0.485222       0.303951       0.585066       0.631259         -0.000000
   23.940000      -0.482030       0.334217       0.575409       0.631259         -0.000000
   23.950000      -0.478538       0.364119       0.564968       0.631259         -0.000000
   23.960000      -0.474749       0.393629       0.553787       0.631259         -0.000000
   23.970000      -0.470667       0.422718       0.541914       0.631259         -0.000000
   23.980000      -0.466297       0.451360       0.529396       0.631259         -0.000000
   23.990000      -0.461642       0.479530       0.516284       0.631259         -0.000000
   24.000000      -0.456708       0.507205       0.502631       0.631259         -0.000000
   24.010000      -0.451499       0.534360       0.488488       0.631259         -0.000000
   24.020000      -0.446022       0.560977       0.473911       0.631259         -0.000000
   24.030000      -0.440282       0.587036       0.458953       0.631259         -0.000000
   24.040000      -0.434283       0.612518       0.443669       0.631259         -0.000000
   24.050000      -0.428033       0.637409       0.428114       0.631259         -0.000000
   24.060000      -0.421537       0.661693       0.412340       0.631259         -0.000000
   24.070000      -0.414801       0.685357       0.396402       0.631259         -0.000000
   24.080000      -0.407832       0.708389       0.380351       0.631259         -0.000000
   24.090000      -0.400636       0.730781       0.364239       0.631259         -0.000000
   24.100000      -0.393219       0.752523       0.348114       0.631259         -0.000000
   24.110000      -0.385588       0.773608       0.332024       0.631259         -0.000000
   24.120000      -0.377749       0.794031       0.316016       0.631259         -0.000000
   24.130000      -0.369709       0.813787       0.300134       0.631259         -0.000000
   24.140000      -0.361475       0.832874       0.284419       0.631259         -0.000000
   24.150000      -0.353054       0.851290       0.268911       0.631259         -0.000000
   24.160000      -0.344452       0.869035       0.253648       0.631259         -0.000000
   24.170000      -0.335675       0.886110       0.238664       0.631259         -0.000000
   24.180000      -0.326732       0.902516       0.223992       0.631259         -0.000000
   24.190000      -0.317627       0.918256       0.209662       0.631259         -0.000000
   24.200000      -0.308369       0.933336       0.195701       0.631259         -0.000000
   24.210000      -0.298963       0.947758       0.182136       0.631259         -0.000000
   24.220000      -0.289416       0.961531       0.168988       0.631259         -0.000000
   24.230000      -0.279734       0.974659       0.156279       0.631259         -0.000000
   24.240000      -0.269925       0.987151       0.144025       0.631259         -0.000000
   24.250000      -0.259993       0.999015       0.132244       0.631259         -0.000000
   24.260000      -0.249947       1.010259       0.120947       0.631259         -0.000000
   24.270000      -0.239790       1.020893       0.110147       0.631259         -0.000000
   24.280000      -0.229531       1.030927       0.099853       0.631259         -0.000000
   24.290000      -0.219174       1.040372       0.090072       0.631259         -0.000000
   24.300000      -0.208725       1.049237       0.080810       0.631259         -0.000000
   24.310000      -0.198191       1.057534       0.072070       0.631259         -0.000000
   24.320000      -0.187576       1.065275       0.063853       0.631259         -0.000000
   24.330000      -0.176887       1.072472       0.056161       0.631259         -0.000000
   24.340000      -0.166129       1.079135       0.048992       0.631259         -0.000000
   24.350000      -0.155306       1.085279       0.042344       0.631259         -0.000000
   24.360000      -0.144425       1.090914       0.036212       0.631259         -0.000000
   24.370000      -0.133490       1.096054       0.030592       0.631259         -0.000000
   24.380000      -0.122505       1.100711       0.025477       0.631259         -0.000000
   24.390000      -0.111477       1.104897       0.020860       0.631259         -0.000000
   24.400000      -0.100409       1.108625       0.016734       0.631259         -0.000000
   24.410000      -0.089306       1.111908       0.013090       0.631259         -0.000000
   24.420000      -0.078172       1.114758       0.009917       0.631259         -0.000000
   24.430000      -0.067012       1.117187       0.007205       0.631259         -0.000000
   24.440000      -0.055830       1.119208       0.004945       0.631259         -0.000000
   24.450000      -0.044629       1.120834       0.003125       0.631259         -0.000000
   24.460000      -0.033414       1.122076       0.001732       0.631259         -0.000000
   24.470000      -0.022189       1.122946       0.000755       0.631259         -0.000000
   24.480000      -0.010957       1.123456       0.000182       0.631259         -0.000000
   24.490000       0.000279       1.123618       0.000000       0.631259         -0.000000
   24.500000       0.011515       1.123443       0.000197       0.631259         -0.000000
   24.510000       0.022747       1.122943       0.000759       0.631259         -0.000000
   24.520000       0.033972       1.122128       0.001674       0.631259         -0.000000
   24.530000       0.045188       1.121009       0.002928       0.631259         -0.000000
   24.540000       0.056392       1.119597       0.004510       0.631259         -0.000000
   24.550000       0.067579       1.117903       0.006405       0.631259         -0.000000
   24.560000       0.078749       1.115936       0.008602       0.631259         -0.000000
   24.570000       0.089897       1.113707       0.011088       0.631259         -0.000000
   24.580000       0.101022       1.111224       0.013849       0.631259         -0.000000
   24.590000       0.112121       1.108499       0.016874       0.631259         -0.000000
   24.600000       0.123191       1.105539       0.020151       0.631259         -0.000000
   24.610000       0.134231       1.102353       0.023667       0.631259         -0.000000
   24.620000       0.145238       1.098951       0.027412       0.631259         -0.000000
   24.630000       0.156209       1.095342       0.031372       0.631259         -0.000000
   24.640000       0.167144       1.091532       0.035538       0.631259         -0.000000
   24.650000       0.178039       1.087530       0.039898       0.631259         -0.000000
   24.660000       0.188894       1.083345       0.044441       0.631259         -0.000000
   24.670000       0.199705       1.078983       0.049157       0.631259         -0.000000
   24.680000       0.210473       1.074452       0.054035       0.631259         -0.000000
   24.690000       0.221194       1.069759       0.059067       0.631259         -0.000000
   24.700000       0.231867       1.064911       0.064242       0.631259         -0.000000
   24.710000       0.242492       1.059914       0.069550       0.631259         -0.000000
   24.720000       0.253065       1.054775       0.074984       0.631259         -0.000000
   24.730000       0.263587       1.049500       0.080534       0.631259         -0.000000
   24.740000       0.274055       1.044096       0.086191       0.631259         -0.000000
   24.750000       0.284468       1.038567       0.091948       0.631259         -0.000000
   24.760000       0.294826       1.032920       0.097797       0.631259         -0.000000
   24.770000       0.305126       1.027160       0.103730       0.631259         -0.000000
   24.780000       0.315369       1.021293       0.109739       0.631259         -0.000000
   24.790000       0.325552       1.015323       0.115819       0.631259         -0.000000
   24.800000       0.335675       1.009255       0.121961       0.631259         -0.000000
   24.810000       0.345737       1.003094       0.128160       0.631259         -0.000000
   24.820000       0.355736       0.996845       0.134409       0.631259         -0.000000
   24.830000       0.365673       0.990511       0.140702       0.631259         -0.000000
   24.840000       0.375546       0.984098       0.147034       0.631259         -0.000000
   24.850000       0.385355       0.977609       0.153399       0.631259         -0.000000
   24.860000       0.395098       0.971048       0.159792       0.631259         -0.000000
   24.870000       0.404776       0.964419       0.166207       0.631259         -0.000000
   24.880000       0.414386       0.957725       0.172640       0.631259         -0.000000
   24.890000       0.423930       0.950970       0.179087       0.631259         -0.000000
   24.900000       0.433406       0.944158       0.185542       0.631259         -0.000000
   24.910000       0.442813       0.937291       0.192002       0.631259         -0.000000
   24.920000       0.452151       0.930372       0.198462       0.631259         -0.000000
   24.930000       0.461420       0.923406       0.204920       0.631259         -0.000000
   24.940000       0.470619       0.916393       0.211370       0.631259         -0.000000
   24.950000       0.479748       0.909338       0.217811       0.631259         -0.000000
   24.960000       0.488806       0.902243       0.224238       0.631259         -0.000000
   24.970000       0.497793       0.895110       0.230648       0.631259         -0.000000
   24.980000       0.506708       0.887942       0.237038       0.631259         -0.000000
   24.990000       0.515551       0.880741       0.243407       0.631259         -0.000000
   25.000000       0.524323       0.873509       0.249750       0.631259         -0.000000
   25.010000       0.533021       0.866249       0.256065       0.631259         -0.000000
   25.020000       0.541648       0.858962       0.262351       0.631259         -0.000000
   25.030000       0.550201       0.851651       0.268604       0.631259         -0.000000
   25.040000       0.558681       0.844317       0.274823       0.631259         -0.000000
   25.050000       0.567087       0.836962       0.281006       0.631259         -0.000000
   25.060000       0.575420       0.829588       0.287150       0.631259         -0.000000
   25.070000       0.583679       0.822197       0.293255       0.631259         -0.000000
   25.080000       0.591864       0.814790       0.299318       0.631259         -0.000000
   25.090000       0.599974       0.807368       0.305337       0.631259         -0.000000
   25.100000       0.608011       0.799933       0.311312       0.631259         -0.000000
   25.110000       0.615973       0.792487       0.317241       0.631259         -0.000000
   25.120000       0.623861       0.785030       0.323123       0.631259         -0.000000
   25.130000       0.631674       0.777565       0.328956       0.631259         -0.000000
   25.140000       0.639412       0.770091       0.334739       0.631259         -0.000000
   25.150000       0.647075       0.762611       0.340471       0.631259         -0.000000
   25.160000       0.654664       0.755125       0.346152       0.631259         -0.000000
   25.170000       0.662178       0.747634       0.351781       0.631259         -0.000000
   25.180000       0.669617       0.740140       0.357355       0.631259         -0.000000
   25.190000       0.676981       0.732643       0.362876       0.631259         -0.000000
   25.200000       0.684270       0.725144       0.368342       0.631259         -0.000000
   25.210000       0.691484       0.717644       0.373752       0.631259         -0.000000
   25.220000       0.698622       0.710144       0.379106       0.631259         -0.000000
   25.230000       0.705686       0.702645       0.384404       0.631259         -0.000000
   25.240000       0.712675       0.695147       0.389644       0.631259         -0.000000
   25.250000       0.719589       0.687651       0.394827       0.631259         -0.000000
   25.260000       0.726428       0.680157       0.399952       0.631259         -0.000000
   25.270000       0.733193       0.672667       0.405018       0.631259         -0.000000
   25.280000       0.739882       0.665181       0.410026       0.631259         -0.000000
   25.290000       0.746496       0.657699       0.414975       0.631259         -0.000000
   25.300000       0.753036       0.650221       0.419865       0.631259         -0.000000
   25.310000       0.759501       0.642749       0.424696       0.631259         -0.000000
   25.320000       0.765891       0.635283       0.429467       0.631259         -0.000000
   25.330000       0.772206       0.627823       0.434178       0.631259         -0.000000
   25.340000       0.778447       0.620370       0.438829       0.631259         -0.000000
   25.350000       0.784614       0.612924       0.443421       0.631259         -0.000000
   25.360000       0.790706       0.605485       0.447953       0.631259         -0.000000
   25.370000       0.796723       0.598053       0.452425       0.631259         -0.000000
   25.380000       0.802667       0.590630       0.456837       0.631259         -0.000000
   25.390000       0.808536       0.583215       0.461189       0.631259         -0.000000
   25.400000       0.814331       0.575808       0.465481       0.631259         -0.000000
   25.410000       0.820052       0.568410       0.469714       0.631259         -0.000000
   25.420000       0.825699       0.561021       0.473886       0.631259         -0.000000
   25.430000       0.831273       0.553642       0.477999       0.631259         -0.000000
   25.440000       0.836772       0.546271       0.482053       0.631259         -0.000000
   25.450000       0.842198       0.538910       0.486047       0.631259         -0.000000
   25.460000       0.847550       0.531559       0.489982       0.631259         -0.000000
   25.470000       0.852829       0.524217       0.493857       0.631259         -0.000000
   25.480000       0.858035       0.516886       0.497674       0.631259         -0.000000
   25.490000       0.863167       0.509564       0.501431       0.631259         -0.000000
   25.500000       0.868226       0.502252       0.505130       0.631259         -0.000000
   25.510000       0.873212       0.494951       0.508771       0.631259         -0.000000
   25.520000       0.878125       0.487660       0.512353       0.631259         -0.000000
   25.530000       0.882965       0.480379       0.515877       0.631259         -0.000000
   25.540000       0.887733       0.473108       0.519343       0.631259         -0.000000
   25.550000       0.892428       0.465848       0.522752       0.631259         -0.000000
   25.560000       0.897050       0.458598       0.526103       0.631259         -0.000000
   25.570000       0.901600       0.451358       0.529397       0.631259         -0.000000
   25.580000       0.906077       0.444129       0.532634       0.631259         -0.000000
   25.590000       0.910482       0.436910       0.535814       0.631259         -0.000000
   25.600000       0.914815       0.429701       0.538937       0.631259         -0.000000
   25.610000       0.919076       0.422503       0.542005       0.631259         -0.000000
   25.620000       0.923265       0.415315       0.545016       0.631259         -0.000000
   25.630000       0.927383       0.408137       0.547971       0.631259         -0.000000
   25.640000       0.931428       0.400969       0.550871       0.631259         -0.000000
   25.650000       0.935402       0.393811       0.553715       0.631259         -0.000000
   25.660000       0.939304       0.386663       0.556505       0.631259         -0.000000
   25.670000       0.943135       0.379525       0.559239       0.631259         -0.000000
   25.680000       0.946895       0.372397       0.561919       0.631259         -0.000000
   25.690000       0.950583       0.365278       0.564545       0.631259         -0.000000
   25.700000       0.954200       0.358169       0.567116       0.631259         -0.000000
   25.710000       0.957747       0.351070       0.569634       0.631259         -0.000000
   25.720000       0.961222       0.343980       0.572098       0.631259         -0.000000
   25.730000       0.964626       0.336899       0.574508       0.631259         -0.000000
   25.740000       0.967960       0.329828       0.576866       0.631259         -0.000000
   25.750000       0.971223       0.322765       0.579170       0.631259         -0.000000
   25.760000       0.974415       0.315712       0.581422       0.631259         -0.000000
   25.770000       0.977537       0.308667       0.583621       0.631259         -0.000000
   25.780000       0.980589       0.301631       0.585768       0.631259         -0.000000
   25.790000       0.983570       0.294603       0.587863       0.631259         -0.000000
   25.800000       0.986481       0.287584       0.589907       0.631259         -0.000000
   25.810000       0.989322       0.280573       0.591898       0.631259         -0.000000
   25.820000       0.992092       0.273569       0.593839       0.631259         -0.000000
   25.830000       0.994793       0.266574       0.595728       0.631259         -0.000000
   25.840000       0.997424       0.259587       0.597566       0.631259         -0.000000
   25.850000       0.999985       0.252606       0.599354       0.631259         -0.000000
   25.860000       1.002476       0.245634       0.601091       0.631259         -0.000000
   25.870000       1.004897       0.238668       0.602778       0.631259         -0.000000
   25.880000       1.007249       0.231710       0.604414       0.631259         -0.000000
   25.890000       1.009532       0.224758       0.606001       0.631259         -0.000000
   25.900000       1.011744       0.217813       0.607538       0.631259         -0.000000
   25.910000       1.013888       0.210875       0.609025       0.631259         -0.000000
   25.920000       1.015962       0.203942       0.610463       0.631259         -0.000000
   25.930000       1.017967       0.197016       0.611851       0.631259         -0.000000
   25.940000       1.019902       0.190096       0.613191       0.631259         -0.000000
   25.950000       1.021769       0.183182       0.614481       0.631259         -0.000000
   25.960000       1.023566       0.176273       0.615723       0.631259         -0.000000
   25.970000       1.025294       0.169369       0.616916       0.631259         -0.000000
   25.980000       1.026953       0.162471       0.618061       0.631259         -0.000000
   25.990000       1.028544       0.155577       0.619157       0.631259         -0.000000
   26.000000       1.030065       0.148689       0.620205       0.631259         -0.000000
   26.010000       1.031517       0.141804       0.621205       0.631259         -0.000000
   26.020000       1.032901       0.134925       0.622157       0.631259         -0.000000
   26.030000       1.034216       0.128049       0.623061       0.631259         -0.000000
   26.040000       1.035462       0.121177       0.623917       0.631259         -0.000000
   26.050000       1.036639       0.114309       0.624726       0.631259         -0.000000
   26.060000       1.037748       0.107445       0.625487       0.631259         -0.000000
   26.070000       1.038788       0.100584       0.626200       0.631259         -0.000000
   26.080000       1.039760       0.093726       0.626867       0.631259         -0.000000
   26.090000       1.040663       0.086871       0.627486       0.631259         -0.000000
   26.100000       1.041497       0.080018       0.628057       0.631259         -0.000000
   26.110000       1.042263       0.073169       0.628582       0.631259         -0.000000
   26.120000       1.042961       0.066321       0.629060       0.631259         -0.000000
   26.130000       1.043590       0.059475       0.629490       0.631259         -0.000000
   26.140000       1.044150       0.052632       0.629874       0.631259         -0.000000
   26.150000       1.044642       0.045790       0.630211       0.631259         -0.000000
   26.160000       1.045066       0.038949       0.630500       0.631259         -0.000000
   26.170000       1.045421       0.032110       0.630743       0.631259         -0.000000
   26.180000       1.045708       0.025271       0.630940       0.631259         -0.000000
   26.190000       1.045927       0.018434       0.631089       0.631259         -0.000000
   26.200000       1.046077       0.011597       0.631192       0.631259         -0.000000
   26.210000       1.046159       0.004760       0.631248       0.631259         -0.000000
   26.220000       1.046172      -0.002076       0.631257       0.631259         -0.000000
   26.230000       1.046117      -0.008913       0.631219       0.631259         -0.000000
   26.240000       1.045994      -0.015750       0.631135       0.631259         -0.000000
   26.250000       1.045802      -0.022587       0.631004       0.631259         -0.000000
   26.260000       1.045542      -0.029425       0.630826       0.631259         -0.000000
   26.270000       1.045214      -0.036264       0.630601       0.631259         -0.000000
   26.280000       1.044817      -0.043104       0.630330       0.631259         -0.000000
   26.290000       1.044352      -0.049945       0.630012       0.631259         -0.000000
   26.300000       1.043818      -0.056788       0.629646       0.631259         -0.000000
   26.310000       1.043216      -0.063633       0.629234       0.631259         -0.000000
   26.320000       1.042545      -0.070480       0.628775       0.631259         -0.000000
   26.330000       1.041806      -0.077329       0.628269       0.631259         -0.000000
   26.340000       1.040999      -0.084180       0.627716       0.631259         -0.000000
   26.350000       1.040123      -0.091034       0.627115       0.631259         -0.000000
   26.360000       1.039178      -0.097891       0.626468       0.631259         -0.000000
   26.370000       1.038165      -0.104751       0.625773       0.631259         -0.000000
   26.380000       1.037083      -0.111614       0.625030       0.631259         -0.000000
   26.390000       1.035932      -0.118480       0.624240       0.631259         -0.000000
   26.400000       1.034713      -0.125351       0.623403       0.631259         -0.000000
   26.410000       1.033425      -0.132225       0.622517       0.631259         -0.000000
   26.420000       1.032069      -0.139103       0.621584       0.631259         -0.000000
   26.430000       1.030643      -0.145985       0.620603       0.631259         -0.000000
   26.440000       1.029149      -0.152872       0.619574       0.631259         -0.000000
   26.450000       1.027586      -0.159764       0.618497       0.631259         -0.000000
   26.460000       1.025954      -0.166660       0.617371       0.631259         -0.000000
   26.470000       1.024253      -0.173562       0.616197       0.631259         -0.000000
   26.480000       1.022483      -0.180468       0.614975       0.631259         -0.000000
   26.490000       1.020643      -0.187381       0.613703       0.631259         -0.000000
   26.500000       1.018735      -0.194298       0.612383       0.631259         -0.000000
   26.510000       1.016757      -0.201222       0.611014       0.631259         -0.000000
   26.520000       1.014710      -0.208152       0.609595       0.631259         -0.000000
   26.530000       1.012594      -0.215088       0.608127       0.631259         -0.000000
   26.540000       1.010409      -0.222030       0.606610       0.631259         -0.000000
   26.550000       1.008154      -0.228979       0.605043       0.631259         -0.000000
   26.560000       1.005829      -0.235935       0.603426       0.631259         -0.000000
   26.570000       1.003435      -0.242898       0.601759       0.631259         -0.000000
   26.580000       1.000971      -0.249868       0.600042       0.631259         -0.000000
   26.590000       0.998438      -0.256845       0.598274       0.631259         -0.000000
   26.600000       0.995834      -0.263830       0.596456       0.631259         -0.000000
   26.610000       0.993161      -0.270822       0.594587       0.631259         -0.000000
   26.620000       0.990418      -0.277822       0.592666       0.631259         -0.000000
   26.630000       0.987604      -0.284830       0.590695       0.631259         -0.000000
   26.640000       0.984721      -0.291846       0.588672       0.631259         -0.000000
   26.650000       0.981768      -0.298871       0.586597       0.631259         -0.000000
   26.660000       0.978744      -0.305903       0.584470       0.631259         -0.000000
   26.670000       0.975649      -0.312945       0.582292       0.631259         -0.000000
   26.680000       0.972485      -0.319995       0.580061       0.631259         -0.000000
   26.690000       0.969249      -0.327054       0.577777       0.631259         -0.000000
   26.700000       0.965944      -0.334122       0.575440       0.631259         -0.000000
   26.710000       0.962567      -0.341199       0.573051       0.631259         -0.000000
   26.720000       0.959120      -0.348285       0.570608       0.631259         -0.000000
   26.730000       0.955601      -0.355381       0.568111       0.631259         -0.000000
   26.740000       0.952012      -0.362486       0.565561       0.631259         -0.000000
   26.750000       0.948352      -0.369601       0.562957       0.631259         -0.000000
   26.760000       0.944620      -0.376725       0.560298       0.631259         -0.000000
   26.770000       0.940817      -0.383859       0.557585       0.631259         -0.000000
   26.780000       0.936943      -0.391003       0.554817       0.631259         -0.000000
   26.790000       0.932997      -0.398157       0.551994       0.631259         -0.000000
   26.800000       0.928980      -0.405321       0.549116       0.631259         -0.000000
   26.810000       0.924890      -0.412495       0.546183       0.631259         -0.000000
   26.820000       0.920730      -0.419679       0.543194       0.631259         -0.000000
   26.830000       0.916497      -0.426874       0.540148       0.631259         -0.000000
   26.840000       0.912192      -0.434078       0.537047       0.631259         -0.000000
   26.850000       0.907815      -0.441293       0.533889       0.631259         -0.000000
   26.860000       0.903366      -0.448518       0.530675       0.631259         -0.000000
   26.870000       0.898845      -0.455754       0.527403       0.631259         -0.000000
   26.880000       0.894251      -0.463000       0.524074       0.631259         -0.000000
   26.890000       0.889585      -0.470256       0.520688       0.631259         -0.000000
   26.900000       0.884846      -0.477523       0.517245       0.631259         -0.000000
   26.910000       0.880034      -0.484800       0.513744       0.631259         -0.000000
   26.920000       0.875150      -0.492087       0.510184       0.631259         -0.000000
   26.930000       0.870193      -0.499384       0.506567       0.631259         -0.000000
   26.940000       0.865162      -0.506692       0.502891       0.631259         -0.000000
   26.950000       0.860059      -0.514010       0.499156       0.631259         -0.000000
   26.960000       0.854882      -0.521337       0.495363       0.631259         -0.000000
   26.970000       0.849632      -0.528675       0.491510       0.631259         -0.000000
   26.980000       0.844308      -0.536023       0.487599       0.631259         -0.000000
   26.990000       0.838911      -0.543380       0.483628       0.631259         -0.000000
   27.000000       0.833441      -0.550747       0.479598       0.631259         -0.000000
   27.010000       0.827896      -0.558123       0.475508       0.631259         -0.000000
   27.020000       0.822278      -0.565508       0.471359       0.631259         -0.000000
   27.030000       0.816586      -0.572903       0.467150       0.631259         -0.000000
   27.040000       0.810820      -0.580306       0.462881       0.631259         -0.000000
   27.050000       0.804980      -0.587718       0.458553       0.631259         -0.000000
   27.060000       0.799066      -0.595138       0.454164       0.631259         -0.000000
   27.070000       0.793077      -0.602566       0.449716       0.631259         -0.000000
   27.080000       0.787014      -0.610002       0.445208       0.631259         -0.000000
   27.090000       0.780877      -0.617446       0.440639       0.631259         -0.000000
   27.100000       0.774666      -0.624896       0.436011       0.631259         -0.000000
   27.110000       0.768379      -0.632354       0.431323       0.631259         -0.000000
   27.120000       0.762018      -0.639817       0.426576       0.631259         -0.000000
   27.130000       0.755583      -0.647287       0.421769       0.631259         -0.000000
   27.140000       0.749073      -0.654762       0.416902       0.631259         -0.000000
   27.150000       0.742488      -0.662242       0.411976       0.631259         -0.000000
   27.160000       0.735828      -0.669727       0.406992       0.631259         -0.000000
   27.170000       0.729093      -0.677216       0.401948       0.631259         -0.000000
   27.180000       0.722283      -0.684708       0.396846       0.631259         -0.000000
   27.190000       0.715399      -0.692203       0.391686       0.631259         -0.000000
   27.200000       0.708439      -0.699701       0.386468       0.631259         -0.000000
   27.210000       0.701405      -0.707200       0.381193       0.631259         -0.000000
   27.220000       0.694295      -0.714700       0.375861       0.631259         -0.000000
   27.230000       0.687111      -0.722200       0.370473       0.631259         -0.000000
   27.240000       0.679851      -0.729699       0.365029       0.631259         -0.000000
   27.250000       0.672517      -0.737197       0.359530       0.631259         -0.000000
   27.260000       0.665107      -0.744692       0.353976       0.631259         -0.000000
   27.270000       0.657623      -0.752184       0.348368       0.631259         -0.000000
   27.280000       0.650064      -0.759672       0.342708       0.631259         -0.000000
   27.290000       0.642430      -0.767155       0.336996       0.631259         -0.000000
   27.300000       0.634721      -0.774631       0.331232       0.631259         -0.000000
   27.310000       0.626937      -0.782100       0.325419       0.631259         -0.000000
   27.320000       0.619079      -0.789560       0.319556       0.631259         -0.000000
   27.330000       0.611146      -0.797011       0.313646       0.631259         -0.000000
   27.340000       0.603139      -0.804450       0.307689       0.631259         -0.000000
   27.350000       0.595057      -0.811877       0.301686       0.631259         -0.000000
   27.360000       0.586901      -0.819291       0.295640       0.631259         -0.000000
   27.370000       0.578671      -0.826688       0.289552       0.631259         -0.000000
   27.380000       0.570367      -0.834069       0.283423       0.631259         -0.000000
   27.390000       0.561990      -0.841432       0.277255       0.631259         -0.000000
   27.400000       0.553539      -0.848774       0.271050       0.631259         -0.000000
   27.410000       0.545014      -0.856095       0.264810       0.631259         -0.000000
   27.420000       0.536417      -0.863391       0.258537       0.631259         -0.000000
   27.430000       0.527747      -0.870662       0.252233       0.631259         -0.000000
   27.440000       0.519004      -0.877905       0.245900       0.631259         -0.000000
   27.450000       0.510189      -0.885119       0.239541       0.631259         -0.000000
   27.460000       0.501302      -0.892300       0.233159       0.631259         -0.000000
   27.470000       0.492343      -0.899447       0.226757       0.631259         -0.000000
   27.480000       0.483313      -0.906557       0.220336       0.631259         -0.000000
   27.490000       0.474212      -0.913628       0.213900       0.631259         -0.000000
   27.500000       0.465040      -0.920658       0.207454       0.631259         -0.000000
   27.510000       0.455799      -0.927643       0.200998       0.631259         -0.000000
   27.520000       0.446488      -0.934580       0.194539       0.631259         -0.000000
   27.530000       0.437107      -0.941468       0.188078       0.631259         -0.000000
   27.540000       0.427658      -0.948302       0.181620       0.631259         -0.000000
   27.550000       0.418142      -0.955080       0.175170       0.631259         -0.000000
   27.560000       0.408557      -0.961798       0.168731       0.631259         -0.000000
   27.570000       0.398906      -0.968453       0.162308       0.631259         -0.000000
   27.580000       0.389188      -0.975041       0.155906       0.631259         -0.000000
   27.590000       0.379405      -0.981559       0.149530       0.631259         -0.000000
   27.600000       0.369557      -0.988003       0.143184       0.631259         -0.000000
   27.610000       0.359645      -0.994368       0.136875       0.631259         -0.000000
   27.620000       0.349670      -1.000651       0.130608       0.631259         -0.000000
   27.630000       0.339633      -1.006847       0.124388       0.631259         -0.000000
   27.640000       0.329534      -1.012952       0.118223       0.631259         -0.000000
   27.650000       0.319374      -1.018961       0.112118       0.631259         -0.000000
   27.660000       0.309155      -1.024869       0.106080       0.631259         -0.000000
   27.670000       0.298877      -1.030672       0.100117       0.631259         -0.000000
   27.680000       0.288542      -1.036364       0.094234       0.631259         -0.000000
   27.690000       0.278150      -1.041939       0.088440       0.631259         -0.000000
   27.700000       0.267703      -1.047393       0.082742       0.631259         -0.000000
   27.710000       0.257203      -1.052720       0.077149       0.631259         -0.000000
   27.720000       0.246649      -1.057913       0.071669       0.631259         -0.000000
   27.730000       0.236045      -1.062966       0.066311       0.631259         -0.000000
   27.740000       0.225390      -1.067873       0.061082       0.631259         -0.000000
   27.750000       0.214688      -1.072628       0.055993       0.631259         -0.000000
   27.760000       0.203938      -1.077224       0.051053       0.631259         -0.000000
   27.770000       0.193144      -1.081653       0.046272       0.631259         -0.000000
   27.780000       0.182306      -1.085909       0.041660       0.631259         -0.000000
   27.790000       0.171426      -1.089983       0.037227       0.631259         -0.000000
   27.800000       0.160507      -1.093869       0.032984       0.631259         -0.000000
   27.810000       0.149550      -1.097559       0.028942       0.631259         -0.000000
   27.820000       0.138556      -1.101043       0.025111       0.631259         -0.000000
   27.830000       0.127529      -1.104314       0.021504       0.631259         -0.000000
   27.840000       0.116471      -1.107364       0.018132       0.631259         -0.000000
   27.850000       0.105383      -1.110183       0.015006       0.631259         -0.000000
   27.860000       0.094268      -1.112762       0.012140       0.631259         -0.000000
   27.870000       0.083129      -1.115092       0.009544       0.631259         -0.000000
   27.880000       0.071967      -1.117163       0.007233       0.631259         -0.000000
   27.890000       0.060786      -1.118965       0.005217       0.631259         -0.000000
   27.900000       0.049589      -1.120489       0.003511       0.631259         -0.000000
   27.910000       0.038377      -1.121724       0.002126       0.631259         -0.000000
   27.920000       0.027155      -1.122660       0.001077       0.631259         -0.000000
   27.930000       0.015925      -1.123285       0.000374       0.631259         -0.000000
   27.940000       0.004691      -1.123589       0.000033       0.631259         -0.000000
   27.950000      -0.006545      -1.123561       0.000065       0.631259         -0.000000
   27.960000      -0.017780      -1.123189       0.000483       0.631259         -0.000000
   27.970000      -0.029008      -1.122461       0.001299       0.631259         -0.000000
   27.980000      -0.040228      -1.121367       0.002527       0.631259         -0.000000
   27.990000      -0.051434      -1.119893       0.004179       0.631259         -0.000000
   28.000000      -0.062624      -1.118029       0.006265       0.631259         -0.000000
   28.010000      -0.073793      -1.115761       0.008798       0.631259         -0.000000
   28.020000      -0.084938      -1.113078       0.011788       0.631259         -0.000000
   28.030000      -0.096054      -1.109966       0.015246       0.631259         -0.000000
   28.040000      -0.107136      -1.106414       0.019182       0.631259         -0.000000
   28.050000      -0.118180      -1.102410       0.023605       0.631259         -0.000000
   28.060000      -0.129182      -1.097939       0.028524       0.631259         -0.000000
   28.070000      -0.140137      -1.092991       0.033945       0.631259         -0.000000
   28.080000      -0.151041      -1.087551       0.039875       0.631259         -0.000000
   28.090000      -0.161887      -1.081609       0.046320       0.631259         -0.000000
   28.100000      -0.172671      -1.075151       0.053284       0.631259         -0.000000
   28.110000      -0.183388      -1.068165       0.060771       0.631259         -0.000000
   28.120000      -0.194033      -1.060639       0.068781       0.631259         -0.000000
   28.130000      -0.204599      -1.052562       0.077316       0.631259         -0.000000
   28.140000      -0.215082      -1.043921       0.086374       0.631259         -0.000000
   28.150000      -0.225476      -1.034705       0.095952       0.631259         -0.000000
   28.160000      -0.235774      -1.024904       0.106045       0.631259         -0.000000
   28.170000      -0.245972      -1.014507       0.116647       0.631259         -0.000000
   28.180000      -0.256062      -1.003503       0.127750       0.631259         -0.000000
   28.190000      -0.266040      -0.991884       0.139342       0.631259         -0.000000
   28.200000      -0.275898      -0.979639       0.151412       0.631259         -0.000000
   28.210000      -0.285630      -0.966762       0.163945       0.631259         -0.000000
   28.220000      -0.295231      -0.953243       0.176923       0.631259         -0.000000
   28.230000      -0.304693      -0.939076       0.190327       0.631259         -0.000000
   28.240000      -0.314010      -0.924255       0.204135       0.631259         -0.000000
   28.250000      -0.323176      -0.908775       0.218323       0.631259         -0.000000
   28.260000      -0.332183      -0.892631       0.232864       0.631259         -0.000000
   28.270000      -0.341026      -0.875819       0.247730       0.631259         -0.000000
   28.280000      -0.349698      -0.858337       0.262887       0.631259         -0.000000
   28.290000      -0.358191      -0.840185       0.278304       0.631259         -0.000000
   28.300000      -0.366499      -0.821361       0.293942       0.631259         -0.000000
   28.310000      -0.374616      -0.801867       0.309763       0.631259         -0.000000
   28.320000      -0.382534      -0.781706       0.325727       0.631259         -0.000000
   28.330000      -0.390248      -0.760880       0.341790       0.631259         -0.000000
   28.340000      -0.397750      -0.739395       0.357906       0.631259         -0.000000
   28.350000      -0.405033      -0.717258       0.374030       0.631259         -0.000000
   28.360000      -0.412093      -0.694476       0.390111       0.631259         -0.000000
   28.370000      -0.418921      -0.671058       0.406099       0.631259         -0.000000
   28.380000      -0.425512      -0.647016       0.421944       0.631259         -0.000000
   28.390000      -0.431859      -0.622363       0.437591       0.631259         -0.000000
   28.400000      -0.437957      -0.597111       0.452988       0.631259         -0.000000
   28.410000      -0.443799      -0.571276       0.468081       0.631259         -0.000000
   28.420000      -0.449381      -0.544876       0.482814       0.631259         -0.000000
   28.430000      -0.454695      -0.517930       0.497133       0.631259         -0.000000
   28.440000      -0.459737      -0.490456       0.510985       0.631259         -0.000000
   28.450000      -0.464503      -0.462478       0.524316       0.631259         -0.000000
   28.460000      -0.468985      -0.434018       0.537073       0.631259         -0.000000
   28.470000      -0.473181      -0.405101       0.549205       0.631259         -0.000000
   28.480000      -0.477086      -0.375754       0.560664       0.631259         -0.000000
   28.490000      -0.480695      -0.346002       0.571400       0.631259         -0.000000
   28.500000      -0.484005      -0.315875       0.581370       0.631259         -0.000000
   28.510000      -0.487011      -0.285404       0.590531       0.631259         -0.000000
   28.520000      -0.489712      -0.254618       0.598844       0.631259         -0.000000
   28.530000      -0.492103      -0.223550       0.606272       0.631259         -0.000000
   28.540000      -0.494182      -0.192233       0.612782       0.631259         -0.000000
   28.550000      -0.495947      -0.160701       0.618347       0.631259         -0.000000
   28.560000      -0.497395      -0.128988       0.622940       0.631259         -0.000000
   28.570000      -0.498526      -0.097129       0.626542       0.631259         -0.000000
   28.580000      -0.499338      -0.065160       0.629136       0.631259         -0.000000
   28.590000      -0.499829      -0.033118       0.630711       0.631259         -0.000000
   28.600000      -0.500000      -0.001038       0.631258       0.631259         -0.000000
   28.610000      -0.499850       0.031044       0.630777       0.631259         -0.000000
   28.620000      -0.499379       0.063090       0.629269       0.631259         -0.000000
   28.630000      -0.498588       0.095064       0.626740       0.631259         -0.000000
   28.640000      -0.497478       0.126931       0.623203       0.631259         -0.000000
   28.650000      -0.496050       0.158655       0.618673       0.631259         -0.000000
   28.660000      -0.494306       0.190200       0.613171       0.631259         -0.000000
   28.670000      -0.492247       0.221532       0.606721       0.631259         -0.000000
   28.680000      -0.489876       0.252617       0.599351       0.631259         -0.000000
   28.690000      -0.487195       0.283422       0.591095       0.631259         -0.000000
   28.700000      -0.484208       0.313915       0.581988       0.631259         -0.000000
   28.710000      -0.480918       0.344064       0.572069       0.631259         -0.000000
   28.720000      -0.477328       0.373841       0.561380       0.631259         -0.000000
   28.730000      -0.473443       0.403216       0.549967       0.631259         -0.000000
   28.740000      -0.469266       0.432162       0.537877       0.631259         -0.000000
   28.750000      -0.464801       0.460652       0.525159       0.631259         -0.000000
   28.760000      -0.460054       0.488662       0.511864       0.631259         -0.000000
   28.770000      -0.455030       0.516168       0.498044       0.631259         -0.000000
   28.780000      -0.449732       0.543150       0.483753       0.631259         -0.000000
   28.790000      -0.444168       0.569585       0.469045       0.631259         -0.000000
   28.800000      -0.438343       0.595457       0.453974       0.631259         -0.000000
   28.810000      -0.432261       0.620747       0.438595       0.631259         -0.000000
   28.820000      -0.425930       0.645440       0.422962       0.631259         -0.000000
   28.830000      -0.419354       0.669522       0.407129       0.631259         -0.000000
   28.840000      -0.412541       0.692980       0.391148       0.631259         -0.000000
   28.850000      -0.405497       0.715804       0.375072       0.631259         -0.000000
   28.860000      -0.398227       0.737983       0.358950       0.631259         -0.000000
   28.870000      -0.390739       0.759510       0.342831       0.631259         -0.000000
   28.880000      -0.383039       0.780379       0.326764       0.631259         -0.000000
   28.890000      -0.375134       0.800583       0.310792       0.631259         -0.000000
   28.900000      -0.367030       0.820121       0.294960       0.631259         -0.000000
   28.910000      -0.358734       0.838988       0.279309       0.631259         -0.000000
   28.920000      -0.350252       0.857184       0.263877       0.631259         -0.000000
   28.930000      -0.341592       0.874708       0.248701       0.631259         -0.000000
   28.940000      -0.332761       0.891563       0.233816       0.631259         -0.000000
   28.950000      -0.323763       0.907751       0.219253       0.631259         -0.000000
   28.960000      -0.314608       0.923274       0.205041       0.631259         -0.000000
   28.970000      -0.305300       0.938137       0.191208       0.631259         -0.000000
   28.980000      -0.295847       0.952346       0.177777       0.631259         -0.000000
   28.990000      -0.286255       0.965907       0.164771       0.631259         -0.000000
   29.000000      -0.276531       0.978825       0.152209       0.631259         -0.000000
   29.010000      -0.266681       0.991111       0.140109       0.631259         -0.000000
   29.020000      -0.256711       1.002770       0.128485       0.631259         -0.000000
   29.030000      -0.246628       1.013813       0.117350       0.631259         -0.000000
   29.040000      -0.236437       1.024250       0.106715       0.631259         -0.000000
   29.050000      -0.226145       1.034089       0.096589       0.631259         -0.000000
   29.060000      -0.215757       1.043342       0.086978       0.631259         -0.000000
   29.070000      -0.205280       1.052020       0.077886       0.631259         -0.000000
   29.080000      -0.194718       1.060134       0.069317       0.631259         -0.000000
   29.090000      -0.184079       1.067695       0.061273       0.631259         -0.000000
   29.100000      -0.173366       1.074715       0.053753       0.631259         -0.000000
   29.110000      -0.162586       1.081207       0.046755       0.631259         -0.000000
   29.120000      -0.151744       1.087182       0.040276       0.631259         -0.000000
   29.130000      -0.140844       1.092654       0.034313       0.631259         -0.000000
   29.140000      -0.129892       1.097634       0.028859       0.631259         -0.000000
   29.150000      -0.118893       1.102135       0.023908       0.631259         -0.000000
   29.160000      -0.107851       1.106169       0.019454       0.631259         -0.000000
   29.170000      -0.096771       1.109750       0.015486       0.631259         -0.000000
   29.180000      -0.085658       1.112889       0.011998       0.631259         -0.000000
   29.190000      -0.074515       1.115600       0.008977       0.631259         -0.000000
   29.200000      -0.063347       1.117894       0.006415       0.631259         -0.000000
   29.210000      -0.052158       1.119785       0.004300       0.631259         -0.000000
   29.220000      -0.040953       1.121283       0.002621       0.631259         -0.000000
   29.230000      -0.029734       1.122402       0.001366       0.631259         -0.000000
   29.240000      -0.018506       1.123152       0.000523       0.631259         -0.000000
   29.250000      -0.007272       1.123547       0.000080       0.631259         -0.000000
   29.260000       0.003964       1.123597       0.000023       0.631259         -0.000000
   29.270000       0.015199       1.123314       0.000341       0.631259         -0.000000
   29.280000       0.026429       1.122710       0.001020       0.631259         -0.000000
   29.290000       0.037652       1.121794       0.002048       0.631259         -0.000000
   29.300000       0.048864       1.120578       0.003411       0.631259         -0.000000
   29.310000       0.060062       1.119072       0.005097       0.631259         -0.000000
   29.320000       0.071244       1.117288       0.007093       0.631259         -0.000000
   29.330000       0.082407       1.115234       0.009386       0.631259         -0.000000
   29.340000       0.093548       1.112920       0.011963       0.631259         -0.000000
   29.350000       0.104665       1.110357       0.014813       0.631259         -0.000000
   29.360000       0.115755       1.107553       0.017922       0.631259         -0.000000
   29.370000       0.126815       1.104518       0.021278       0.631259         -0.000000
   29.380000       0.137844       1.101261       0.024871       0.631259         -0.000000
   29.390000       0.148840       1.097790       0.028687       0.631259         -0.000000
   29.400000       0.159799       1.094114       0.032716       0.631259         -0.000000
   29.410000       0.170721       1.090240       0.036947       0.631259         -0.000000
   29.420000       0.181603       1.086178       0.041368       0.631259         -0.000000
   29.430000       0.192444       1.081934       0.045969       0.631259         -0.000000
   29.440000       0.203242       1.077515       0.050739       0.631259         -0.000000
   29.450000       0.213994       1.072930       0.055669       0.631259         -0.000000
   29.460000       0.224700       1.068186       0.060749       0.631259         -0.000000
   29.470000       0.235357       1.063288       0.065968       0.631259         -0.000000
   29.480000       0.245965       1.058244       0.071319       0.631259         -0.000000
   29.490000       0.256522       1.053060       0.076792       0.631259         -0.000000
   29.500000       0.267026       1.047742       0.082377       0.631259         -0.000000
   29.510000       0.277476       1.042296       0.088068       0.631259         -0.000000
   29.520000       0.287871       1.036728       0.093856       0.631259         -0.000000
   29.530000       0.298210       1.031044       0.099733       0.631259         -0.000000
   29.540000       0.308492       1.025248       0.105692       0.631259         -0.000000
   29.550000       0.318715       1.019346       0.111726       0.631259         -0.000000
   29.560000       0.328878       1.013344       0.117826       0.631259         -0.000000
   29.570000       0.338981       1.007245       0.123988       0.631259         -0.000000
   29.580000       0.349023       1.001054       0.130204       0.631259         -0.000000
   29.590000       0.359002       0.994777       0.136468       0.631259         -0.000000
   29.600000       0.368918       0.988417       0.142775       0.631259         -0.000000
   29.610000       0.378770       0.981978       0.149118       0.631259         -0.000000
   29.620000       0.388557       0.975465       0.155493       0.631259         -0.000000
   29.630000       0.398279       0.968881       0.161893       0.631259         -0.000000
   29.640000       0.407935       0.962231       0.168315       0.631259         -0.000000
   29.650000       0.417524       0.955516       0.174753       0.631259         -0.000000
   29.660000       0.427045       0.948742       0.181203       0.631259         -0.000000
   29.670000       0.436498       0.941912       0.187660       0.631259         -0.000000
   29.680000       0.445883       0.935027       0.194121       0.631259         -0.000000
   29.690000       0.455199       0.928093       0.200581       0.631259         -0.000000
   29.700000       0.464445       0.921111       0.207036       0.631259         -0.000000
   29.710000       0.473621       0.914084       0.213484       0.631259         -0.000000
   29.720000       0.482726       0.907016       0.219920       0.631259         -0.000000
   29.730000       0.491761       0.899908       0.226342       0.631259         -0.000000
   29.740000       0.500724       0.892763       0.232746       0.631259         -0.000000
   29.750000       0.509616       0.885584       0.239129       0.631259         -0.000000
   29.760000       0.518436       0.878373       0.245490       0.631259         -0.000000
   29.770000       0.527183       0.871131       0.251824       0.631259         -0.000000
   29.780000       0.535858       0.863862       0.258130       0.631259         -0.000000
   29.790000       0.544461       0.856567       0.264405       0.631259         -0.000000
   29.800000       0.552990       0.849248       0.270648       0.631259         -0.000000
   29.810000       0.561445       0.841907       0.276855       0.631259         -0.000000
   29.820000       0.569828       0.834546       0.283025       0.631259         -0.000000
   29.830000       0.578136       0.827166       0.289157       0.631259         -0.000000
   29.840000       0.586371       0.819770       0.295248       0.631259         -0.000000
   29.850000       0.594532       0.812357       0.301297       0.631259         -0.000000
   29.860000       0.602618       0.804931       0.307302       0.631259         -0.000000
   29.870000       0.610630       0.797492       0.313262       0.631259         -0.000000
   29.880000       0.618568       0.790043       0.319175       0.631259         -0.000000
   29.890000       0.626431       0.782583       0.325041       0.631259         -0.000000
   29.900000       0.634220       0.775114       0.330858       0.631259         -0.000000
   29.910000       0.641933       0.767638       0.336625       0.631259         -0.000000
   29.920000       0.649572       0.760156       0.342340       0.631259         -0.000000
   29.930000       0.657136       0.752669       0.348004       0.631259         -0.000000
   29.940000       0.664626       0.745177       0.353615       0.631259         -0.000000
   29.950000       0.672040       0.737681       0.359172       0.631259         -0.000000
   29.960000       0.679379       0.730184       0.364675       0.631259         -0.000000
   29.970000       0.686644       0.722685       0.370122       0.631259         -0.000000
   29.980000       0.693833       0.715185       0.375514       0.631259         -0.000000
   29.990000       0.700947       0.707685       0.380850       0.631259         -0.000000
