           t              x              v              P              E             dE/E0
    0.000000      -0.500000       0.000000       0.210420       0.210420          0.000000
    0.010000      -0.499947       0.010695       0.210362       0.210420         -0.000000
    0.020000      -0.499786       0.021386       0.210191       0.210420          0.000000
    0.030000      -0.499519       0.032069       0.209905       0.210420          0.000000
    0.040000      -0.499145       0.042739       0.209506       0.210420          0.000000
    0.050000      -0.498664       0.053394       0.208994       0.210420          0.000000
    0.060000      -0.498077       0.064028       0.208370       0.210420          0.000000
    0.070000      -0.497384       0.074638       0.207634       0.210420          0.000000
    0.080000      -0.496584       0.085220       0.206788       0.210420          0.000000
    0.090000      -0.495679       0.095771       0.205834       0.210420          0.000000
    0.100000      -0.494669       0.106285       0.204771       0.210420          0.000000
    0.110000      -0.493554       0.116759       0.203603       0.210420          0.000000
    0.120000      -0.492334       0.127190       0.202331       0.210420          0.000000
    0.130000      -0.491010       0.137574       0.200956       0.210420          0.000000
    0.140000      -0.489583       0.147907       0.199481       0.210420          0.000000
    0.150000      -0.488052       0.158185       0.197908       0.210420          0.000000
    0.160000      -0.486419       0.168404       0.196240       0.210420          0.000000
    0.170000      -0.484684       0.178563       0.194477       0.210420          0.000000
    0.180000      -0.482848       0.188656       0.192624       0.210420          0.000000
    0.190000      -0.480911       0.198680       0.190683       0.210420          0.000000
    0.200000      -0.478875       0.208633       0.188656       0.210420          0.000000
    0.210000      -0.476739       0.218510       0.186546       0.210420          0.000000
    0.220000      -0.474505       0.228310       0.184357       0.210420          0.000000
    0.230000      -0.472173       0.238028       0.182091       0.210420          0.000000
    0.240000      -0.469745       0.247662       0.179751       0.210420          0.000000
    0.250000      -0.467220       0.257209       0.177341       0.210420          0.000000
    0.260000      -0.464601       0.266666       0.174864       0.210420          0.000000
    0.270000      -0.461887       0.276030       0.172323       0.210420          0.000000
    0.280000      -0.459080       0.285299       0.169722       0.210420          0.000000
    0.290000      -0.456181       0.294471       0.167063       0.210420          0.000000
    0.300000      -0.453191       0.303542       0.164351       0.210420          0.000000
    0.310000      -0.450111       0.312510       0.161588       0.210420          0.000000
    0.320000      -0.446941       0.321374       0.158779       0.210420          0.000000
    0.330000      -0.443684       0.330131       0.155926       0.210420          0.000000
    0.340000      -0.440339       0.338779       0.153034       0.210420          0.000000
    0.350000      -0.436909       0.347317       0.150105       0.210420          0.000000
    0.360000      -0.433393       0.355741       0.147144       0.210420          0.000000
    0.370000      -0.429794       0.364052       0.144153       0.210420          0.000000
    0.380000      -0.426113       0.372246       0.141136       0.210420          0.000000
    0.390000      -0.422350       0.380322       0.138097       0.210420          0.000000
    0.400000      -0.418507       0.388280       0.135039       0.210420          0.000000
    0.410000      -0.414584       0.396117       0.131965       0.210420          0.000000
    0.420000      -0.410585       0.403833       0.128879       0.210420          0.000000
    0.430000      -0.406508       0.411426       0.125784       0.210420          0.000000
    0.440000      -0.402356       0.418895       0.122683       0.210420          0.000000
    0.450000      -0.398131       0.426240       0.119579       0.210420          0.000000
    0.460000      -0.393832       0.433459       0.116476       0.210420          0.000000
    0.470000      -0.389462       0.440552       0.113377       0.210420          0.000000
    0.480000      -0.385021       0.447518       0.110284       0.210420          0.000000
    0.490000      -0.380512       0.454356       0.107200       0.210420          0.000000
    0.500000      -0.375935       0.461066       0.104129       0.210420          0.000000
    0.510000      -0.371291       0.467648       0.101072       0.210420          0.000000
    0.520000      -0.366582       0.474101       0.098034       0.210420          0.000000
    0.530000      -0.361810       0.480425       0.095015       0.210420          0.000000
    0.540000      -0.356974       0.486620       0.092020       0.210420          0.000000
    0.550000      -0.352078       0.492686       0.089050       0.210420          0.000000
    0.560000      -0.347121       0.498623       0.086107       0.210420          0.000000
    0.570000      -0.342106       0.504430       0.083195       0.210420          0.000000
    0.580000      -0.337033       0.510109       0.080314       0.210420          0.000000
    0.590000      -0.331904       0.515658       0.077468       0.210420          0.000000
    0.600000      -0.326720       0.521080       0.074658       0.210420          0.000000
    0.610000      -0.321483       0.526373       0.071885       0.210420          0.000000
    0.620000      -0.316193       0.531539       0.069153       0.210420          0.000000
    0.630000      -0.310852       0.536577       0.066462       0.210420          0.000000
    0.640000      -0.305462       0.541489       0.063814       0.210420          0.000000
    0.650000      -0.300023       0.546275       0.061211       0.210420          0.000000
    0.660000      -0.294537       0.550936       0.058655       0.210420          0.000000
    0.670000      -0.289005       0.555472       0.056145       0.210420          0.000000
    0.680000      -0.283428       0.559884       0.053685       0.210420          0.000000
    0.690000      -0.277807       0.564173       0.051274       0.210420          0.000000
    0.700000      -0.272145       0.568340       0.048915       0.210420          0.000000
    0.710000      -0.266441       0.572385       0.046607       0.210420         -0.000000
    0.720000      -0.260697       0.576310       0.044353       0.210420         -0.000000
    0.730000      -0.254915       0.580116       0.042152       0.210420         -0.000000
    0.740000      -0.249095       0.583804       0.040006       0.210420         -0.000000
    0.750000      -0.243239       0.587374       0.037915       0.210420         -0.000000
    0.760000      -0.237348       0.590828       0.035881       0.210420         -0.000000
    0.770000      -0.231423       0.594167       0.033902       0.210420         -0.000000
    0.780000      -0.225465       0.597393       0.031981       0.210420         -0.000000
    0.790000      -0.219476       0.600505       0.030116       0.210420         -0.000000
    0.800000      -0.213456       0.603506       0.028310       0.210420         -0.000000
    0.810000      -0.207406       0.606397       0.026561       0.210420         -0.000000
    0.820000      -0.201328       0.609179       0.024870       0.210420         -0.000000
    0.830000      -0.195223       0.611853       0.023238       0.210420         -0.000000
    0.840000      -0.189091       0.614420       0.021663       0.210420         -0.000000
    0.850000      -0.182935       0.616883       0.020147       0.210420         -0.000000
    0.860000      -0.176754       0.619241       0.018690       0.210420         -0.000000
    0.870000      -0.170550       0.621498       0.017290       0.210420         -0.000000
    0.880000      -0.164324       0.623653       0.015948       0.210420         -0.000000
    0.890000      -0.158078       0.625708       0.014664       0.210420         -0.000000
    0.900000      -0.151811       0.627665       0.013438       0.210420         -0.000000
    0.910000      -0.145525       0.629525       0.012269       0.210420         -0.000000
    0.920000      -0.139220       0.631289       0.011157       0.210420         -0.000000
    0.930000      -0.132899       0.632959       0.010101       0.210420         -0.000000
    0.940000      -0.126562       0.634536       0.009102       0.210420         -0.000000
    0.950000      -0.120209       0.636022       0.008158       0.210420         -0.000000
    0.960000      -0.113841       0.637418       0.007269       0.210420         -0.000000
    0.970000      -0.107461       0.638725       0.006435       0.210420         -0.000000
    0.980000      -0.101067       0.639944       0.005655       0.210420         -0.000000
    0.990000      -0.094662       0.641078       0.004929       0.210420         -0.000000
    1.000000      -0.088246       0.642128       0.004256       0.210420         -0.000000
    1.010000      -0.081820       0.643094       0.003635       0.210420         -0.000000
    1.020000      -0.075384       0.643979       0.003065       0.210420         -0.000000
    1.030000      -0.068940       0.644783       0.002547       0.210420         -0.000000
    1.040000      -0.062489       0.645509       0.002079       0.210420         -0.000000
    1.050000      -0.056031       0.646156       0.001661       0.210420         -0.000000
    1.060000      -0.049566       0.646728       0.001291       0.210420         -0.000000
    1.070000      -0.043096       0.647225       0.000970       0.210420         -0.000000
    1.080000      -0.036622       0.647648       0.000696       0.210420         -0.000000
    1.090000      -0.030144       0.647999       0.000468       0.210420         -0.000000
    1.100000      -0.023662       0.648279       0.000287       0.210420         -0.000000
    1.110000      -0.017178       0.648490       0.000150       0.210420         -0.000000
    1.120000      -0.010693       0.648632       0.000058       0.210420         -0.000000
    1.130000      -0.004206       0.648708       0.000009       0.210420         -0.000000
    1.140000       0.002281       0.648717       0.000003       0.210420         -0.000000
    1.150000       0.008768       0.648663       0.000038       0.210420         -0.000000
    1.160000       0.015254       0.648545       0.000115       0.210420         -0.000000
    1.170000       0.021739       0.648365       0.000231       0.210420         -0.000000
    1.180000       0.028222       0.648124       0.000387       0.210420         -0.000000
    1.190000       0.034701       0.647824       0.000582       0.210420         -0.000000
    1.200000       0.041178       0.647466       0.000814       0.210420         -0.000000
    1.210000       0.047650       0.647050       0.001083       0.210420         -0.000000
    1.220000       0.054119       0.646579       0.001388       0.210420         -0.000000
    1.230000       0.060582       0.646052       0.001728       0.210420         -0.000000
    1.240000       0.067040       0.645473       0.002102       0.210420         -0.000000
    1.250000       0.073491       0.644840       0.002510       0.210420         -0.000000
    1.260000       0.079936       0.644156       0.002951       0.210420         -0.000000
    1.270000       0.086374       0.643422       0.003424       0.210420         -0.000000
    1.280000       0.092804       0.642639       0.003927       0.210420         -0.000000
    1.290000       0.099227       0.641807       0.004462       0.210420         -0.000000
    1.300000       0.105640       0.640928       0.005025       0.210420         -0.000000
    1.310000       0.112045       0.640003       0.005618       0.210420         -0.000000
    1.320000       0.118440       0.639033       0.006238       0.210420         -0.000000
    1.330000       0.124826       0.638019       0.006885       0.210420         -0.000000
    1.340000       0.131201       0.636962       0.007559       0.210420         -0.000000
    1.350000       0.137565       0.635863       0.008259       0.210420         -0.000000
    1.360000       0.143918       0.634722       0.008983       0.210420         -0.000000
    1.370000       0.150259       0.633542       0.009732       0.210420         -0.000000
    1.380000       0.156588       0.632322       0.010504       0.210420         -0.000000
    1.390000       0.162905       0.631063       0.011299       0.210420         -0.000000
    1.400000       0.169210       0.629767       0.012116       0.210420         -0.000000
    1.410000       0.175501       0.628435       0.012955       0.210420         -0.000000
    1.420000       0.181778       0.627066       0.013813       0.210420         -0.000000
    1.430000       0.188042       0.625663       0.014692       0.210420         -0.000000
    1.440000       0.194291       0.624226       0.015591       0.210420         -0.000000
    1.450000       0.200526       0.622756       0.016507       0.210420         -0.000000
    1.460000       0.206746       0.621253       0.017442       0.210420         -0.000000
    1.470000       0.212951       0.619718       0.018394       0.210420         -0.000000
    1.480000       0.219141       0.618153       0.019363       0.210420         -0.000000
    1.490000       0.225314       0.616557       0.020348       0.210420         -0.000000
    1.500000       0.231472       0.614932       0.021349       0.210420         -0.000000
    1.510000       0.237613       0.613278       0.022364       0.210420         -0.000000
    1.520000       0.243737       0.611597       0.023394       0.210420         -0.000000
    1.530000       0.249844       0.609888       0.024438       0.210420         -0.000000
    1.540000       0.255935       0.608153       0.025495       0.210420         -0.000000
    1.550000       0.262007       0.606392       0.026564       0.210420         -0.000000
    1.560000       0.268062       0.604606       0.027645       0.210420         -0.000000
    1.570000       0.274099       0.602795       0.028738       0.210420         -0.000000
    1.580000       0.280118       0.600961       0.029843       0.210420         -0.000000
    1.590000       0.286119       0.599103       0.030957       0.210420         -0.000000
    1.600000       0.292100       0.597223       0.032082       0.210420         -0.000000
    1.610000       0.298063       0.595321       0.033216       0.210420         -0.000000
    1.620000       0.304007       0.593397       0.034360       0.210420         -0.000000
    1.630000       0.309931       0.591452       0.035512       0.210420         -0.000000
    1.640000       0.315836       0.589487       0.036672       0.210420         -0.000000
    1.650000       0.321721       0.587503       0.037840       0.210420         -0.000000
    1.660000       0.327586       0.585499       0.039015       0.210420         -0.000000
    1.670000       0.333430       0.583477       0.040197       0.210420         -0.000000
    1.680000       0.339255       0.581437       0.041385       0.210420         -0.000000
    1.690000       0.345059       0.579379       0.042580       0.210420         -0.000000
    1.700000       0.350843       0.577303       0.043780       0.210420         -0.000000
    1.710000       0.356605       0.575212       0.044985       0.210420         -0.000000
    1.720000       0.362347       0.573104       0.046196       0.210420         -0.000000
    1.730000       0.368067       0.570981       0.047410       0.210420         -0.000000
    1.740000       0.373766       0.568842       0.048629       0.210420         -0.000000
    1.750000       0.379444       0.566689       0.049852       0.210420         -0.000000
    1.760000       0.385100       0.564521       0.051078       0.210420         -0.000000
    1.770000       0.390734       0.562340       0.052307       0.210420         -0.000000
    1.780000       0.396347       0.560145       0.053539       0.210420         -0.000000
    1.790000       0.401937       0.557937       0.054773       0.210420         -0.000000
    1.800000       0.407505       0.555716       0.056009       0.210420         -0.000000
    1.810000       0.413051       0.553483       0.057248       0.210420         -0.000000
    1.820000       0.418575       0.551239       0.058488       0.210420         -0.000000
    1.830000       0.424076       0.548983       0.059729       0.210420         -0.000000
    1.840000       0.429555       0.546715       0.060971       0.210420         -0.000000
    1.850000       0.435011       0.544438       0.062214       0.210420         -0.000000
    1.860000       0.440443       0.542149       0.063457       0.210420         -0.000000
    1.870000       0.445853       0.539851       0.064700       0.210420         -0.000000
    1.880000       0.451240       0.537543       0.065943       0.210420         -0.000000
    1.890000       0.456604       0.535226       0.067186       0.210420         -0.000000
    1.900000       0.461945       0.532899       0.068429       0.210420         -0.000000
    1.910000       0.467262       0.530564       0.069671       0.210420         -0.000000
    1.920000       0.472556       0.528220       0.070911       0.210420         -0.000000
    1.930000       0.477827       0.525869       0.072151       0.210420         -0.000000
    1.940000       0.483074       0.523509       0.073389       0.210420         -0.000000
    1.950000       0.488297       0.521142       0.074625       0.210420         -0.000000
    1.960000       0.493496       0.518768       0.075860       0.210420         -0.000000
    1.970000       0.498672       0.516386       0.077092       0.210420         -0.000000
    1.980000       0.503824       0.513998       0.078323       0.210420         -0.000000
    1.990000       0.508952       0.511604       0.079551       0.210420         -0.000000
    2.000000       0.514056       0.509203       0.080776       0.210420         -0.000000
    2.010000       0.519136       0.506796       0.081999       0.210420         -0.000000
    2.020000       0.524192       0.504383       0.083218       0.210420         -0.000000
    2.030000       0.529224       0.501965       0.084435       0.210420         -0.000000
    2.040000       0.534231       0.499542       0.085648       0.210420         -0.000000
    2.050000       0.539215       0.497114       0.086859       0.210420         -0.000000
    2.060000       0.544174       0.494681       0.088065       0.210420         -0.000000
    2.070000       0.549108       0.492243       0.089268       0.210420         -0.000000
    2.080000       0.554018       0.489801       0.090467       0.210420         -0.000000
    2.090000       0.558904       0.487354       0.091662       0.210420         -0.000000
    2.100000       0.563765       0.484904       0.092854       0.210420         -0.000000
    2.110000       0.568602       0.482450       0.094041       0.210420         -0.000000
    2.120000       0.573414       0.479992       0.095223       0.210420         -0.000000
    2.130000       0.578202       0.477531       0.096402       0.210420         -0.000000
    2.140000       0.582965       0.475066       0.097576       0.210420         -0.000000
    2.150000       0.587703       0.472599       0.098745       0.210420         -0.000000
    2.160000       0.592417       0.470128       0.099909       0.210420         -0.000000
    2.170000       0.597106       0.467655       0.101069       0.210420         -0.000000
    2.180000       0.601770       0.465179       0.102224       0.210420         -0.000000
    2.190000       0.606410       0.462701       0.103374       0.210420         -0.000000
    2.200000       0.611024       0.460220       0.104518       0.210420         -0.000000
    2.210000       0.615614       0.457737       0.105658       0.210420         -0.000000
    2.220000       0.620179       0.455253       0.106792       0.210420         -0.000000
    2.230000       0.624719       0.452766       0.107921       0.210420         -0.000000
    2.240000       0.629234       0.450278       0.109045       0.210420         -0.000000
    2.250000       0.633724       0.447788       0.110163       0.210420         -0.000000
    2.260000       0.638190       0.445297       0.111275       0.210420         -0.000000
    2.270000       0.642630       0.442804       0.112382       0.210420         -0.000000
    2.280000       0.647046       0.440310       0.113483       0.210420         -0.000000
    2.290000       0.651437       0.437815       0.114579       0.210420         -0.000000
    2.300000       0.655802       0.435319       0.115668       0.210420         -0.000000
    2.310000       0.660143       0.432822       0.116752       0.210420         -0.000000
    2.320000       0.664459       0.430325       0.117830       0.210420         -0.000000
    2.330000       0.668750       0.427827       0.118902       0.210420         -0.000000
    2.340000       0.673015       0.425328       0.119968       0.210420         -0.000000
    2.350000       0.677256       0.422829       0.121028       0.210420         -0.000000
    2.360000       0.681472       0.420329       0.122081       0.210420         -0.000000
    2.370000       0.685663       0.417829       0.123129       0.210420         -0.000000
    2.380000       0.689828       0.415330       0.124170       0.210420         -0.000000
    2.390000       0.693969       0.412830       0.125206       0.210420         -0.000000
    2.400000       0.698085       0.410330       0.126234       0.210420         -0.000000
    2.410000       0.702176       0.407830       0.127257       0.210420         -0.000000
    2.420000       0.706242       0.405330       0.128273       0.210420         -0.000000
    2.430000       0.710282       0.402831       0.129283       0.210420         -0.000000
    2.440000       0.714298       0.400332       0.130287       0.210420         -0.000000
    2.450000       0.718289       0.397833       0.131284       0.210420         -0.000000
    2.460000       0.722255       0.395335       0.132275       0.210420         -0.000000
    2.470000       0.726196       0.392837       0.133259       0.210420         -0.000000
    2.480000       0.730112       0.390340       0.134237       0.210420         -0.000000
    2.490000       0.734003       0.387844       0.135208       0.210420         -0.000000
    2.500000       0.737869       0.385348       0.136173       0.210420         -0.000000
    2.510000       0.741710       0.382853       0.137131       0.210420         -0.000000
    2.520000       0.745526       0.380359       0.138083       0.210420         -0.000000
    2.530000       0.749317       0.377866       0.139028       0.210420         -0.000000
    2.540000       0.753083       0.375374       0.139967       0.210420         -0.000000
    2.550000       0.756824       0.372883       0.140899       0.210420         -0.000000
    2.560000       0.760541       0.370393       0.141824       0.210420         -0.000000
    2.570000       0.764232       0.367904       0.142743       0.210420         -0.000000
    2.580000       0.767899       0.365417       0.143655       0.210420         -0.000000
    2.590000       0.771540       0.362930       0.144560       0.210420         -0.000000
    2.600000       0.775157       0.360445       0.145459       0.210420         -0.000000
    2.610000       0.778749       0.357961       0.146351       0.210420         -0.000000
    2.620000       0.782317       0.355479       0.147237       0.210420         -0.000000
    2.630000       0.785859       0.352998       0.148116       0.210420         -0.000000
    2.640000       0.789376       0.350518       0.148988       0.210420         -0.000000
    2.650000       0.792869       0.348040       0.149854       0.210420         -0.000000
    2.660000       0.796337       0.345563       0.150713       0.210420         -0.000000
    2.670000       0.799781       0.343088       0.151565       0.210420         -0.000000
    2.680000       0.803199       0.340614       0.152411       0.210420         -0.000000
    2.690000       0.806593       0.338142       0.153250       0.210420         -0.000000
    2.700000       0.809962       0.335672       0.154082       0.210420         -0.000000
    2.710000       0.813306       0.333203       0.154908       0.210420         -0.000000
    2.720000       0.816626       0.330736       0.155727       0.210420         -0.000000
    2.730000       0.819921       0.328270       0.156539       0.210420         -0.000000
    2.740000       0.823191       0.325807       0.157345       0.210420         -0.000000
    2.750000       0.826437       0.323345       0.158144       0.210420         -0.000000
    2.760000       0.829658       0.320885       0.158936       0.210420         -0.000000
    2.770000       0.832855       0.318426       0.159722       0.210420         -0.000000
    2.780000       0.836027       0.315970       0.160501       0.210420         -0.000000
    2.790000       0.839174       0.313515       0.161274       0.210420         -0.000000
    2.800000       0.842297       0.311062       0.162040       0.210420         -0.000000
    2.810000       0.845395       0.308611       0.162799       0.210420         -0.000000
    2.820000       0.848469       0.306162       0.163552       0.210420         -0.000000
    2.830000       0.851519       0.303714       0.164298       0.210420         -0.000000
    2.840000       0.854544       0.301269       0.165038       0.210420         -0.000000
    2.850000       0.857544       0.298825       0.165771       0.210420         -0.000000
    2.860000       0.860520       0.296384       0.166498       0.210420         -0.000000
    2.870000       0.863472       0.293944       0.167218       0.210420         -0.000000
    2.880000       0.866399       0.291507       0.167932       0.210420         -0.000000
    2.890000       0.869302       0.289071       0.168639       0.210420         -0.000000
    2.900000       0.872180       0.286637       0.169339       0.210420         -0.000000
    2.910000       0.875035       0.284205       0.170033       0.210420         -0.000000
    2.920000       0.877865       0.281775       0.170721       0.210420         -0.000000
    2.930000       0.880670       0.279347       0.171402       0.210420         -0.000000
    2.940000       0.883452       0.276921       0.172077       0.210420         -0.000000
    2.950000       0.886209       0.274497       0.172745       0.210420         -0.000000
    2.960000       0.888941       0.272076       0.173407       0.210420         -0.000000
    2.970000       0.891650       0.269656       0.174063       0.210420         -0.000000
    2.980000       0.894335       0.267238       0.174712       0.210420         -0.000000
    2.990000       0.896995       0.264822       0.175354       0.210420         -0.000000
    3.000000       0.899631       0.262408       0.175991       0.210420         -0.000000
    3.010000       0.902243       0.259996       0.176621       0.210420         -0.000000
    3.020000       0.904831       0.257586       0.177244       0.210420         -0.000000
    3.030000       0.907395       0.255178       0.177862       0.210420         -0.000000
    3.040000       0.909934       0.252772       0.178473       0.210420         -0.000000
    3.050000       0.912450       0.250368       0.179078       0.210420         -0.000000
    3.060000       0.914942       0.247966       0.179676       0.210420         -0.000000
    3.070000       0.917410       0.245565       0.180268       0.210420         -0.000000
    3.080000       0.919853       0.243167       0.180854       0.210420         -0.000000
    3.090000       0.922273       0.240771       0.181434       0.210420         -0.000000
    3.100000       0.924669       0.238377       0.182008       0.210420         -0.000000
    3.110000       0.927040       0.235985       0.182575       0.210420         -0.000000
    3.120000       0.929388       0.233594       0.183136       0.210420         -0.000000
    3.130000       0.931712       0.231206       0.183692       0.210420         -0.000000
    3.140000       0.934012       0.228820       0.184240       0.210420         -0.000000
    3.150000       0.936289       0.226435       0.184783       0.210420         -0.000000
    3.160000       0.938541       0.224053       0.185320       0.210420         -0.000000
    3.170000       0.940770       0.221672       0.185850       0.210420         -0.000000
    3.180000       0.942975       0.219293       0.186375       0.210420         -0.000000
    3.190000       0.945156       0.216916       0.186893       0.210420         -0.000000
    3.200000       0.947313       0.214541       0.187406       0.210420         -0.000000
    3.210000       0.949446       0.212168       0.187912       0.210420         -0.000000
    3.220000       0.951556       0.209797       0.188412       0.210420         -0.000000
    3.230000       0.953642       0.207427       0.188907       0.210420         -0.000000
    3.240000       0.955705       0.205060       0.189395       0.210420         -0.000000
    3.250000       0.957744       0.202694       0.189877       0.210420         -0.000000
    3.260000       0.959759       0.200330       0.190354       0.210420         -0.000000
    3.270000       0.961750       0.197968       0.190824       0.210420         -0.000000
    3.280000       0.963718       0.195607       0.191289       0.210420         -0.000000
    3.290000       0.965662       0.193249       0.191747       0.210420         -0.000000
    3.300000       0.967583       0.190892       0.192200       0.210420         -0.000000
    3.310000       0.969480       0.188537       0.192647       0.210420         -0.000000
    3.320000       0.971354       0.186183       0.193088       0.210420         -0.000000
    3.330000       0.973204       0.183832       0.193523       0.210420         -0.000000
    3.340000       0.975030       0.181482       0.193952       0.210420         -0.000000
    3.350000       0.976834       0.179133       0.194375       0.210420         -0.000000
    3.360000       0.978613       0.176787       0.194793       0.210420         -0.000000
    3.370000       0.980369       0.174442       0.195205       0.210420         -0.000000
    3.380000       0.982102       0.172098       0.195611       0.210420         -0.000000
    3.390000       0.983811       0.169757       0.196011       0.210420         -0.000000
    3.400000       0.985497       0.167416       0.196406       0.210420         -0.000000
    3.410000       0.987160       0.165078       0.196794       0.210420         -0.000000
    3.420000       0.988799       0.162741       0.197177       0.210420         -0.000000
    3.430000       0.990414       0.160405       0.197555       0.210420         -0.000000
    3.440000       0.992007       0.158072       0.197926       0.210420         -0.000000
    3.450000       0.993576       0.155739       0.198292       0.210420         -0.000000
    3.460000       0.995122       0.153408       0.198653       0.210420         -0.000000
    3.470000       0.996644       0.151079       0.199007       0.210420         -0.000000
    3.480000       0.998143       0.148751       0.199356       0.210420         -0.000000
    3.490000       0.999619       0.146424       0.199700       0.210420         -0.000000
    3.500000       1.001072       0.144099       0.200037       0.210420         -0.000000
    3.510000       1.002501       0.141776       0.200369       0.210420         -0.000000
    3.520000       1.003907       0.139453       0.200696       0.210420         -0.000000
    3.530000       1.005290       0.137132       0.201017       0.210420         -0.000000
    3.540000       1.006650       0.134813       0.201332       0.210420         -0.000000
    3.550000       1.007986       0.132494       0.201642       0.210420         -0.000000
    3.560000       1.009300       0.130177       0.201947       0.210420         -0.000000
    3.570000       1.010590       0.127862       0.202245       0.210420         -0.000000
    3.580000       1.011857       0.125547       0.202539       0.210420         -0.000000
    3.590000       1.013101       0.123234       0.202826       0.210420         -0.000000
    3.600000       1.014322       0.120922       0.203109       0.210420         -0.000000
    3.610000       1.015519       0.118611       0.203385       0.210420         -0.000000
    3.620000       1.016694       0.116302       0.203657       0.210420         -0.000000
    3.630000       1.017845       0.113993       0.203922       0.210420         -0.000000
    3.640000       1.018974       0.111686       0.204183       0.210420         -0.000000
    3.650000       1.020079       0.109380       0.204438       0.210420         -0.000000
    3.660000       1.021161       0.107075       0.204687       0.210420         -0.000000
    3.670000       1.022221       0.104771       0.204931       0.210420         -0.000000
    3.680000       1.023257       0.102468       0.205170       0.210420         -0.000000
    3.690000       1.024270       0.100166       0.205403       0.210420         -0.000000
    3.700000       1.025260       0.097865       0.205631       0.210420         -0.000000
    3.710000       1.026227       0.095566       0.205853       0.210420         -0.000000
    3.720000       1.027171       0.093267       0.206070       0.210420         -0.000000
    3.730000       1.028093       0.090969       0.206282       0.210420         -0.000000
    3.740000       1.028991       0.088672       0.206488       0.210420         -0.000000
    3.750000       1.029866       0.086376       0.206689       0.210420         -0.000000
    3.760000       1.030718       0.084080       0.206885       0.210420         -0.000000
    3.770000       1.031548       0.081786       0.207075       0.210420         -0.000000
    3.780000       1.032354       0.079493       0.207260       0.210420         -0.000000
    3.790000       1.033137       0.077200       0.207440       0.210420         -0.000000
    3.800000       1.033898       0.074908       0.207614       0.210420         -0.000000
    3.810000       1.034636       0.072617       0.207783       0.210420         -0.000000
    3.820000       1.035350       0.070326       0.207947       0.210420         -0.000000
    3.830000       1.036042       0.068037       0.208105       0.210420         -0.000000
    3.840000       1.036711       0.065748       0.208258       0.210420         -0.000000
    3.850000       1.037357       0.063459       0.208406       0.210420         -0.000000
    3.860000       1.037980       0.061172       0.208549       0.210420         -0.000000
    3.870000       1.038581       0.058885       0.208686       0.210420         -0.000000
    3.880000       1.039158       0.056598       0.208818       0.210420         -0.000000
    3.890000       1.039713       0.054312       0.208945       0.210420         -0.000000
    3.900000       1.040244       0.052027       0.209066       0.210420         -0.000000
    3.910000       1.040753       0.049742       0.209182       0.210420         -0.000000
    3.920000       1.041239       0.047458       0.209294       0.210420         -0.000000
    3.930000       1.041702       0.045174       0.209399       0.210420         -0.000000
    3.940000       1.042143       0.042891       0.209500       0.210420         -0.000000
    3.950000       1.042560       0.040608       0.209595       0.210420         -0.000000
    3.960000       1.042955       0.038326       0.209685       0.210420         -0.000000
    3.970000       1.043327       0.036044       0.209770       0.210420         -0.000000
    3.980000       1.043676       0.033762       0.209850       0.210420         -0.000000
    3.990000       1.044002       0.031481       0.209924       0.210420         -0.000000
    4.000000       1.044305       0.029200       0.209993       0.210420         -0.000000
    4.010000       1.044586       0.026920       0.210057       0.210420         -0.000000
    4.020000       1.044844       0.024639       0.210116       0.210420         -0.000000
    4.030000       1.045079       0.022359       0.210170       0.210420         -0.000000
    4.040000       1.045291       0.020079       0.210218       0.210420         -0.000000
    4.050000       1.045480       0.017800       0.210261       0.210420         -0.000000
    4.060000       1.045647       0.015520       0.210299       0.210420         -0.000000
    4.070000       1.045791       0.013241       0.210332       0.210420         -0.000000
    4.080000       1.045912       0.010962       0.210360       0.210420         -0.000000
    4.090000       1.046010       0.008683       0.210382       0.210420         -0.000000
    4.100000       1.046085       0.006404       0.210399       0.210420         -0.000000
    4.110000       1.046138       0.004125       0.210411       0.210420         -0.000000
    4.120000       1.046168       0.001846       0.210418       0.210420         -0.000000
    4.130000       1.046175      -0.000433       0.210420       0.210420         -0.000000
    4.140000       1.046159      -0.002712       0.210416       0.210420         -0.000000
    4.150000       1.046121      -0.004990       0.210407       0.210420         -0.000000
    4.160000       1.046059      -0.007269       0.210393       0.210420         -0.000000
    4.170000       1.045975      -0.009548       0.210374       0.210420         -0.000000
    4.180000       1.045868      -0.011827       0.210350       0.210420         -0.000000
    4.190000       1.045739      -0.014107       0.210320       0.210420         -0.000000
    4.200000       1.045586      -0.016386       0.210285       0.210420         -0.000000
    4.210000       1.045411      -0.018665       0.210245       0.210420         -0.000000
    4.220000       1.045213      -0.020945       0.210200       0.210420         -0.000000
    4.230000       1.044992      -0.023225       0.210150       0.210420         -0.000000
    4.240000       1.044748      -0.025505       0.210094       0.210420         -0.000000
    4.250000       1.044482      -0.027786       0.210034       0.210420         -0.000000
    4.260000       1.044193      -0.030066       0.209968       0.210420         -0.000000
    4.270000       1.043881      -0.032348       0.209896       0.210420         -0.000000
    4.280000       1.043546      -0.034629       0.209820       0.210420         -0.000000
    4.290000       1.043188      -0.036911       0.209738       0.210420         -0.000000
    4.300000       1.042808      -0.039193       0.209652       0.210420         -0.000000
    4.310000       1.042404      -0.041475       0.209560       0.210420         -0.000000
    4.320000       1.041978      -0.043758       0.209462       0.210420         -0.000000
    4.330000       1.041529      -0.046042       0.209360       0.210420         -0.000000
    4.340000       1.041057      -0.048326       0.209252       0.210420         -0.000000
    4.350000       1.040563      -0.050610       0.209139       0.210420         -0.000000
    4.360000       1.040045      -0.052895       0.209021       0.210420         -0.000000
    4.370000       1.039505      -0.055180       0.208897       0.210420         -0.000000
    4.380000       1.038941      -0.057466       0.208768       0.210420         -0.000000
    4.390000       1.038355      -0.059753       0.208634       0.210420         -0.000000
    4.400000       1.037746      -0.062040       0.208495       0.210420         -0.000000
    4.410000       1.037114      -0.064328       0.208351       0.210420         -0.000000
    4.420000       1.036460      -0.066617       0.208201       0.210420         -0.000000
    4.430000       1.035782      -0.068906       0.208046       0.210420         -0.000000
    4.440000       1.035082      -0.071196       0.207885       0.210420         -0.000000
    4.450000       1.034358      -0.073487       0.207719       0.210420         -0.000000
    4.460000       1.033612      -0.075778       0.207548       0.210420         -0.000000
    4.470000       1.032843      -0.078070       0.207372       0.210420         -0.000000
    4.480000       1.032050      -0.080363       0.207191       0.210420         -0.000000
    4.490000       1.031235      -0.082657       0.207004       0.210420         -0.000000
    4.500000       1.030397      -0.084952       0.206811       0.210420         -0.000000
    4.510000       1.029536      -0.087248       0.206614       0.210420         -0.000000
    4.520000       1.028652      -0.089544       0.206411       0.210420         -0.000000
    4.530000       1.027745      -0.091841       0.206202       0.210420         -0.000000
    4.540000       1.026816      -0.094140       0.205989       0.210420         -0.000000
    4.550000       1.025863      -0.096439       0.205769       0.210420         -0.000000
    4.560000       1.024887      -0.098739       0.205545       0.210420         -0.000000
    4.570000       1.023888      -0.101040       0.205315       0.210420         -0.000000
    4.580000       1.022866      -0.103343       0.205080       0.210420         -0.000000
    4.590000       1.021821      -0.105646       0.204839       0.210420         -0.000000
    4.600000       1.020753      -0.107950       0.204593       0.210420         -0.000000
    4.610000       1.019662      -0.110256       0.204341       0.210420         -0.000000
    4.620000       1.018548      -0.112562       0.204085       0.210420         -0.000000
    4.630000       1.017411      -0.114870       0.203822       0.210420         -0.000000
    4.640000       1.016251      -0.117179       0.203554       0.210420         -0.000000
    4.650000       1.015067      -0.119489       0.203281       0.210420         -0.000000
    4.660000       1.013861      -0.121800       0.203002       0.210420         -0.000000
    4.670000       1.012631      -0.124112       0.202718       0.210420         -0.000000
    4.680000       1.011378      -0.126426       0.202428       0.210420         -0.000000
    4.690000       1.010103      -0.128741       0.202133       0.210420         -0.000000
    4.700000       1.008804      -0.131057       0.201832       0.210420         -0.000000
    4.710000       1.007481      -0.133375       0.201525       0.210420         -0.000000
    4.720000       1.006136      -0.135693       0.201213       0.210420         -0.000000
    4.730000       1.004768      -0.138014       0.200896       0.210420         -0.000000
    4.740000       1.003376      -0.140335       0.200573       0.210420         -0.000000
    4.750000       1.001961      -0.142658       0.200244       0.210420         -0.000000
    4.760000       1.000523      -0.144982       0.199910       0.210420         -0.000000
    4.770000       0.999061      -0.147308       0.199570       0.210420         -0.000000
    4.780000       0.997577      -0.149635       0.199224       0.210420         -0.000000
    4.790000       0.996069      -0.151963       0.198873       0.210420         -0.000000
    4.800000       0.994537      -0.154293       0.198516       0.210420         -0.000000
    4.810000       0.992983      -0.156625       0.198154       0.210420         -0.000000
    4.820000       0.991405      -0.158958       0.197786       0.210420         -0.000000
    4.830000       0.989804      -0.161292       0.197412       0.210420         -0.000000
    4.840000       0.988179      -0.163628       0.197033       0.210420         -0.000000
    4.850000       0.986531      -0.165966       0.196647       0.210420         -0.000000
    4.860000       0.984860      -0.168305       0.196256       0.210420         -0.000000
    4.870000       0.983165      -0.170646       0.195860       0.210420         -0.000000
    4.880000       0.981447      -0.172988       0.195457       0.210420         -0.000000
    4.890000       0.979705      -0.175332       0.195049       0.210420         -0.000000
    4.900000       0.977940      -0.177678       0.194635       0.210420         -0.000000
    4.910000       0.976152      -0.180025       0.194215       0.210420         -0.000000
    4.920000       0.974340      -0.182374       0.193790       0.210420         -0.000000
    4.930000       0.972504      -0.184725       0.193358       0.210420         -0.000000
    4.940000       0.970645      -0.187077       0.192921       0.210420         -0.000000
    4.950000       0.968762      -0.189431       0.192478       0.210420         -0.000000
    4.960000       0.966856      -0.191787       0.192029       0.210420         -0.000000
    4.970000       0.964927      -0.194144       0.191574       0.210420         -0.000000
    4.980000       0.962974      -0.196504       0.191113       0.210420         -0.000000
    4.990000       0.960997      -0.198865       0.190646       0.210420         -0.000000
    5.000000       0.958996      -0.201228       0.190173       0.210420         -0.000000
    5.010000       0.956972      -0.203592       0.189695       0.210420         -0.000000
    5.020000       0.954924      -0.205959       0.189210       0.210420         -0.000000
    5.030000       0.952853      -0.208327       0.188720       0.210420         -0.000000
    5.040000       0.950758      -0.210697       0.188223       0.210420         -0.000000
    5.050000       0.948639      -0.213069       0.187720       0.210420         -0.000000
    5.060000       0.946496      -0.215443       0.187212       0.210420         -0.000000
    5.070000       0.944330      -0.217819       0.186697       0.210420         -0.000000
    5.080000       0.942140      -0.220196       0.186176       0.210420         -0.000000
    5.090000       0.939926      -0.222576       0.185650       0.210420         -0.000000
    5.100000       0.937689      -0.224957       0.185117       0.210420         -0.000000
    5.110000       0.935427      -0.227341       0.184578       0.210420         -0.000000
    5.120000       0.933142      -0.229726       0.184033       0.210420         -0.000000
    5.130000       0.930833      -0.232113       0.183481       0.210420         -0.000000
    5.140000       0.928499      -0.234502       0.182924       0.210420         -0.000000
    5.150000       0.926142      -0.236893       0.182360       0.210420         -0.000000
    5.160000       0.923762      -0.239286       0.181791       0.210420         -0.000000
    5.170000       0.921357      -0.241681       0.181215       0.210420         -0.000000
    5.180000       0.918928      -0.244078       0.180633       0.210420         -0.000000
    5.190000       0.916475      -0.246477       0.180044       0.210420         -0.000000
    5.200000       0.913998      -0.248878       0.179450       0.210420         -0.000000
    5.210000       0.911498      -0.251280       0.178849       0.210420         -0.000000
    5.220000       0.908973      -0.253685       0.178242       0.210420         -0.000000
    5.230000       0.906424      -0.256092       0.177628       0.210420         -0.000000
    5.240000       0.903851      -0.258501       0.177008       0.210420         -0.000000
    5.250000       0.901254      -0.260911       0.176382       0.210420         -0.000000
    5.260000       0.898633      -0.263324       0.175750       0.210420         -0.000000
    5.270000       0.895987      -0.265739       0.175111       0.210420         -0.000000
    5.280000       0.893318      -0.268156       0.174466       0.210420         -0.000000
    5.290000       0.890624      -0.270574       0.173814       0.210420         -0.000000
    5.300000       0.887906      -0.272995       0.173156       0.210420         -0.000000
    5.310000       0.885164      -0.275418       0.172492       0.210420         -0.000000
    5.320000       0.882398      -0.277842       0.171821       0.210420         -0.000000
    5.330000       0.879608      -0.280269       0.171144       0.210420         -0.000000
    5.340000       0.876793      -0.282698       0.170461       0.210420         -0.000000
    5.350000       0.873954      -0.285128       0.169771       0.210420         -0.000000
    5.360000       0.871090      -0.287561       0.169074       0.210420         -0.000000
    5.370000       0.868202      -0.289996       0.168371       0.210420         -0.000000
    5.380000       0.865290      -0.292432       0.167661       0.210420         -0.000000
    5.390000       0.862354      -0.294871       0.166945       0.210420         -0.000000
    5.400000       0.859393      -0.297311       0.166223       0.210420         -0.000000
    5.410000       0.856407      -0.299753       0.165494       0.210420         -0.000000
    5.420000       0.853398      -0.302197       0.164758       0.210420         -0.000000
    5.430000       0.850363      -0.304644       0.164016       0.210420         -0.000000
    5.440000       0.847305      -0.307092       0.163267       0.210420         -0.000000
    5.450000       0.844222      -0.309542       0.162512       0.210420         -0.000000
    5.460000       0.841114      -0.311993       0.161750       0.210420         -0.000000
    5.470000       0.837982      -0.314447       0.160981       0.210420         -0.000000
    5.480000       0.834825      -0.316902       0.160206       0.210420         -0.000000
    5.490000       0.831644      -0.319360       0.159424       0.210420         -0.000000
    5.500000       0.828438      -0.321819       0.158636       0.210420         -0.000000
    5.510000       0.825207      -0.324280       0.157841       0.210420         -0.000000
    5.520000       0.821952      -0.326742       0.157039       0.210420         -0.000000
    5.530000       0.818672      -0.329207       0.156231       0.210420         -0.000000
    5.540000       0.815368      -0.331673       0.155416       0.210420         -0.000000
    5.550000       0.812039      -0.334140       0.154595       0.210420         -0.000000
    5.560000       0.808685      -0.336610       0.153767       0.210420         -0.000000
    5.570000       0.805307      -0.339081       0.152932       0.210420         -0.000000
    5.580000       0.801904      -0.341554       0.152090       0.210420         -0.000000
    5.590000       0.798476      -0.344028       0.151242       0.210420         -0.000000
    5.600000       0.795023      -0.346504       0.150387       0.210420         -0.000000
    5.610000       0.791546      -0.348981       0.149526       0.210420         -0.000000
    5.620000       0.788043      -0.351460       0.148658       0.210420         -0.000000
    5.630000       0.784516      -0.353940       0.147783       0.210420         -0.000000
    5.640000       0.780965      -0.356421       0.146902       0.210420         -0.000000
    5.650000       0.777388      -0.358904       0.146013       0.210420         -0.000000
    5.660000       0.773787      -0.361389       0.145119       0.210420         -0.000000
    5.670000       0.770160      -0.363874       0.144217       0.210420         -0.000000
    5.680000       0.766509      -0.366361       0.143309       0.210420         -0.000000
    5.690000       0.762833      -0.368849       0.142395       0.210420         -0.000000
    5.700000       0.759132      -0.371339       0.141473       0.210420         -0.000000
    5.710000       0.755406      -0.373829       0.140546       0.210420         -0.000000
    5.720000       0.751656      -0.376320       0.139611       0.210420         -0.000000
    5.730000       0.747880      -0.378813       0.138670       0.210420         -0.000000
    5.740000       0.744079      -0.381306       0.137722       0.210420         -0.000000
    5.750000       0.740254      -0.383801       0.136768       0.210420         -0.000000
    5.760000       0.736403      -0.386296       0.135807       0.210420         -0.000000
    5.770000       0.732528      -0.388792       0.134840       0.210420         -0.000000
    5.780000       0.728627      -0.391288       0.133866       0.210420         -0.000000
    5.790000       0.724702      -0.393785       0.132886       0.210420         -0.000000
    5.800000       0.720752      -0.396283       0.131899       0.210420         -0.000000
    5.810000       0.716776      -0.398782       0.130906       0.210420         -0.000000
    5.820000       0.712776      -0.401281       0.129907       0.210420         -0.000000
    5.830000       0.708751      -0.403780       0.128901       0.210420         -0.000000
    5.840000       0.704700      -0.406279       0.127888       0.210420         -0.000000
    5.850000       0.700625      -0.408779       0.126869       0.210420         -0.000000
    5.860000       0.696525      -0.411279       0.125844       0.210420         -0.000000
    5.870000       0.692400      -0.413779       0.124813       0.210420         -0.000000
    5.880000       0.688249      -0.416279       0.123776       0.210420         -0.000000
    5.890000       0.684074      -0.418779       0.122732       0.210420         -0.000000
    5.900000       0.679874      -0.421279       0.121682       0.210420         -0.000000
    5.910000       0.675648      -0.423778       0.120626       0.210420         -0.000000
    5.920000       0.671398      -0.426277       0.119564       0.210420         -0.000000
    5.930000       0.667123      -0.428775       0.118495       0.210420         -0.000000
    5.940000       0.662823      -0.431273       0.117421       0.210420         -0.000000
    5.950000       0.658497      -0.433771       0.116341       0.210420         -0.000000
    5.960000       0.654147      -0.436267       0.115255       0.210420         -0.000000
    5.970000       0.649772      -0.438763       0.114163       0.210420         -0.000000
    5.980000       0.645372      -0.441257       0.113066       0.210420         -0.000000
    5.990000       0.640947      -0.443751       0.111962       0.210420         -0.000000
    6.000000       0.636497      -0.446243       0.110853       0.210420         -0.000000
    6.010000       0.632022      -0.448734       0.109739       0.210420         -0.000000
    6.020000       0.627522      -0.451223       0.108619       0.210420         -0.000000
    6.030000       0.622998      -0.453711       0.107493       0.210420         -0.000000
    6.040000       0.618448      -0.456197       0.106362       0.210420         -0.000000
    6.050000       0.613874      -0.458681       0.105226       0.210420         -0.000000
    6.060000       0.609275      -0.461163       0.104084       0.210420         -0.000000
    6.070000       0.604650      -0.463642       0.102938       0.210420         -0.000000
    6.080000       0.600002      -0.466120       0.101786       0.210420         -0.000000
    6.090000       0.595328      -0.468595       0.100629       0.210420         -0.000000
    6.100000       0.590630      -0.471067       0.099468       0.210420         -0.000000
    6.110000       0.585907      -0.473536       0.098301       0.210420         -0.000000
    6.120000       0.581159      -0.476003       0.097130       0.210420         -0.000000
    6.130000       0.576387      -0.478466       0.095955       0.210420         -0.000000
    6.140000       0.571590      -0.480926       0.094775       0.210420         -0.000000
    6.150000       0.566768      -0.483382       0.093590       0.210420         -0.000000
    6.160000       0.561922      -0.485835       0.092402       0.210420         -0.000000
    6.170000       0.557052      -0.488284       0.091209       0.210420         -0.000000
    6.180000       0.552156      -0.490729       0.090012       0.210420         -0.000000
    6.190000       0.547237      -0.493169       0.088812       0.210420         -0.000000
    6.200000       0.542293      -0.495605       0.087607       0.210420         -0.000000
    6.210000       0.537325      -0.498037       0.086399       0.210420         -0.000000
    6.220000       0.532332      -0.500463       0.085188       0.210420         -0.000000
    6.230000       0.527316      -0.502884       0.083973       0.210420         -0.000000
    6.240000       0.522275      -0.505300       0.082755       0.210420         -0.000000
    6.250000       0.517210      -0.507711       0.081535       0.210420         -0.000000
    6.260000       0.512121      -0.510115       0.080311       0.210420         -0.000000
    6.270000       0.507007      -0.512514       0.079084       0.210420         -0.000000
    6.280000       0.501870      -0.514906       0.077856       0.210420         -0.000000
    6.290000       0.496709      -0.517291       0.076624       0.210420         -0.000000
    6.300000       0.491524      -0.519670       0.075391       0.210420         -0.000000
    6.310000       0.486316      -0.522042       0.074156       0.210420         -0.000000
    6.320000       0.481084      -0.524406       0.072919       0.210420         -0.000000
    6.330000       0.475828      -0.526763       0.071680       0.210420         -0.000000
    6.340000       0.470548      -0.529111       0.070440       0.210420         -0.000000
    6.350000       0.465246      -0.531452       0.069199       0.210420         -0.000000
    6.360000       0.459919      -0.533784       0.067957       0.210420         -0.000000
    6.370000       0.454570      -0.536107       0.066714       0.210420         -0.000000
    6.380000       0.449197      -0.538421       0.065471       0.210420         -0.000000
    6.390000       0.443802      -0.540725       0.064228       0.210420         -0.000000
    6.400000       0.438383      -0.543020       0.062985       0.210420         -0.000000
    6.410000       0.432941      -0.545304       0.061741       0.210420         -0.000000
    6.420000       0.427477      -0.547578       0.060499       0.210420         -0.000000
    6.430000       0.421990      -0.549841       0.059257       0.210420         -0.000000
    6.440000       0.416480      -0.552093       0.058017       0.210420         -0.000000
    6.450000       0.410948      -0.554333       0.056777       0.210420         -0.000000
    6.460000       0.405393      -0.556561       0.055540       0.210420         -0.000000
    6.470000       0.399817      -0.558777       0.054304       0.210420         -0.000000
    6.480000       0.394218      -0.560980       0.053070       0.210420         -0.000000
    6.490000       0.388597      -0.563170       0.051840       0.210420         -0.000000
    6.500000       0.382955      -0.565346       0.050612       0.210420         -0.000000
    6.510000       0.377290      -0.567508       0.049387       0.210420         -0.000000
    6.520000       0.371604      -0.569656       0.048166       0.210420         -0.000000
    6.530000       0.365897      -0.571789       0.046948       0.210420         -0.000000
    6.540000       0.360169      -0.573906       0.045735       0.210420         -0.000000
    6.550000       0.354419      -0.576008       0.044527       0.210420         -0.000000
    6.560000       0.348649      -0.578093       0.043324       0.210420         -0.000000
    6.570000       0.342857      -0.580162       0.042126       0.210420         -0.000000
    6.580000       0.337045      -0.582214       0.040933       0.210420         -0.000000
    6.590000       0.331213      -0.584247       0.039747       0.210420         -0.000000
    6.600000       0.325361      -0.586262       0.038568       0.210420         -0.000000
    6.610000       0.319488      -0.588259       0.037395       0.210420         -0.000000
    6.620000       0.313595      -0.590236       0.036230       0.210420         -0.000000
    6.630000       0.307683      -0.592193       0.035073       0.210420         -0.000000
    6.640000       0.301752      -0.594130       0.033924       0.210420         -0.000000
    6.650000       0.295801      -0.596046       0.032784       0.210420         -0.000000
    6.660000       0.289831      -0.597940       0.031654       0.210420         -0.000000
    6.670000       0.283842      -0.599811       0.030533       0.210420         -0.000000
    6.680000       0.277835      -0.601660       0.029422       0.210420         -0.000000
    6.690000       0.271809      -0.603486       0.028322       0.210420         -0.000000
    6.700000       0.265765      -0.605287       0.027233       0.210420         -0.000000
    6.710000       0.259703      -0.607064       0.026156       0.210420         -0.000000
    6.720000       0.253624      -0.608815       0.025092       0.210420         -0.000000
    6.730000       0.247527      -0.610540       0.024040       0.210420         -0.000000
    6.740000       0.241413      -0.612239       0.023001       0.210420         -0.000000
    6.750000       0.235282      -0.613910       0.021977       0.210420         -0.000000
    6.760000       0.229135      -0.615553       0.020967       0.210420         -0.000000
    6.770000       0.222971      -0.617166       0.019972       0.210420         -0.000000
    6.780000       0.216792      -0.618751       0.018993       0.210420         -0.000000
    6.790000       0.210596      -0.620304       0.018031       0.210420         -0.000000
    6.800000       0.204386      -0.621827       0.017085       0.210420         -0.000000
    6.810000       0.198160      -0.623318       0.016157       0.210420         -0.000000
    6.820000       0.191920      -0.624776       0.015247       0.210420         -0.000000
    6.830000       0.185665      -0.626200       0.014356       0.210420         -0.000000
    6.840000       0.179396      -0.627590       0.013485       0.210420         -0.000000
    6.850000       0.173113      -0.628945       0.012634       0.210420         -0.000000
    6.860000       0.166817      -0.630264       0.011803       0.210420         -0.000000
    6.870000       0.160508      -0.631545       0.010995       0.210420         -0.000000
    6.880000       0.154186      -0.632789       0.010208       0.210420         -0.000000
    6.890000       0.147852      -0.633995       0.009445       0.210420         -0.000000
    6.900000       0.141506      -0.635160       0.008705       0.210420         -0.000000
    6.910000       0.135149      -0.636285       0.007990       0.210420         -0.000000
    6.920000       0.128781      -0.637368       0.007300       0.210420         -0.000000
    6.930000       0.122402      -0.638409       0.006636       0.210420         -0.000000
    6.940000       0.116013      -0.639407       0.005999       0.210420         -0.000000
    6.950000       0.109614      -0.640360       0.005389       0.210420         -0.000000
    6.960000       0.103206      -0.641267       0.004808       0.210420         -0.000000
    6.970000       0.096789      -0.642128       0.004255       0.210420         -0.000000
    6.980000       0.090363      -0.642942       0.003733       0.210420         -0.000000
    6.990000       0.083930      -0.643707       0.003240       0.210420         -0.000000
    7.000000       0.077489      -0.644422       0.002780       0.210420         -0.000000
    7.010000       0.071042      -0.645086       0.002351       0.210420         -0.000000
    7.020000       0.064588      -0.645699       0.001956       0.210420         -0.000000
    7.030000       0.058128      -0.646259       0.001594       0.210420         -0.000000
    7.040000       0.051663      -0.646764       0.001268       0.210420         -0.000000
    7.050000       0.045193      -0.647215       0.000976       0.210420         -0.000000
    7.060000       0.038719      -0.647609       0.000721       0.210420         -0.000000
    7.070000       0.032241      -0.647945       0.000503       0.210420         -0.000000
    7.080000       0.025760      -0.648223       0.000323       0.210420         -0.000000
    7.090000       0.019277      -0.648440       0.000182       0.210420         -0.000000
    7.100000       0.012791      -0.648597       0.000081       0.210420         -0.000000
    7.110000       0.006305      -0.648691       0.000020       0.210420         -0.000000
    7.120000      -0.000182      -0.648721       0.000000       0.210420         -0.000000
    7.130000      -0.006669      -0.648687       0.000022       0.210420         -0.000000
    7.140000      -0.013156      -0.648586       0.000088       0.210420         -0.000000
    7.150000      -0.019641      -0.648418       0.000197       0.210420         -0.000000
    7.160000      -0.026124      -0.648181       0.000350       0.210420         -0.000000
    7.170000      -0.032604      -0.647874       0.000549       0.210420         -0.000000
    7.180000      -0.039081      -0.647496       0.000794       0.210420         -0.000000
    7.190000      -0.045554      -0.647045       0.001086       0.210420         -0.000000
    7.200000      -0.052022      -0.646520       0.001426       0.210420         -0.000000
    7.210000      -0.058484      -0.645919       0.001814       0.210420         -0.000000
    7.220000      -0.064940      -0.645242       0.002251       0.210420         -0.000000
    7.230000      -0.071389      -0.644487       0.002738       0.210420         -0.000000
    7.240000      -0.077829      -0.643652       0.003276       0.210420         -0.000000
    7.250000      -0.084261      -0.642737       0.003864       0.210420         -0.000000
    7.260000      -0.090684      -0.641739       0.004505       0.210420         -0.000000
    7.270000      -0.097096      -0.640658       0.005199       0.210420         -0.000000
    7.280000      -0.103497      -0.639491       0.005945       0.210420         -0.000000
    7.290000      -0.109885      -0.638239       0.006745       0.210420         -0.000000
    7.300000      -0.116261      -0.636898       0.007600       0.210420         -0.000000
    7.310000      -0.122623      -0.635468       0.008510       0.210420         -0.000000
    7.320000      -0.128970      -0.633948       0.009475       0.210420         -0.000000
    7.330000      -0.135302      -0.632336       0.010495       0.210420         -0.000000
    7.340000      -0.141617      -0.630630       0.011573       0.210420         -0.000000
    7.350000      -0.147914      -0.628830       0.012706       0.210420         -0.000000
    7.360000      -0.154193      -0.626933       0.013897       0.210420         -0.000000
    7.370000      -0.160452      -0.624939       0.015145       0.210420         -0.000000
    7.380000      -0.166691      -0.622846       0.016451       0.210420         -0.000000
    7.390000      -0.172909      -0.620653       0.017815       0.210420         -0.000000
    7.400000      -0.179104      -0.618358       0.019236       0.210420         -0.000000
    7.410000      -0.185276      -0.615960       0.020716       0.210420         -0.000000
    7.420000      -0.191423      -0.613458       0.022255       0.210420         -0.000000
    7.430000      -0.197545      -0.610850       0.023851       0.210420         -0.000000
    7.440000      -0.203640      -0.608135       0.025506       0.210420         -0.000000
    7.450000      -0.209707      -0.605312       0.027218       0.210420         -0.000000
    7.460000      -0.215746      -0.602380       0.028989       0.210420         -0.000000
    7.470000      -0.221754      -0.599336       0.030818       0.210420         -0.000000
    7.480000      -0.227732      -0.596181       0.032704       0.210420         -0.000000
    7.490000      -0.233677      -0.592913       0.034647       0.210420         -0.000000
    7.500000      -0.239590      -0.589530       0.036647       0.210420         -0.000000
    7.510000      -0.245468      -0.586032       0.038703       0.210420         -0.000000
    7.520000      -0.251310      -0.582417       0.040815       0.210420         -0.000000
    7.530000      -0.257116      -0.578685       0.042982       0.210420         -0.000000
    7.540000      -0.262883      -0.574834       0.045203       0.210420         -0.000000
    7.550000      -0.268612      -0.570863       0.047477       0.210420         -0.000000
    7.560000      -0.274300      -0.566771       0.049805       0.210420          0.000000
    7.570000      -0.279947      -0.562558       0.052184       0.210420          0.000000
    7.580000      -0.285551      -0.558223       0.054613       0.210420          0.000000
    7.590000      -0.291111      -0.553764       0.057093       0.210420          0.000000
    7.600000      -0.296626      -0.549180       0.059620       0.210420          0.000000
    7.610000      -0.302094      -0.544472       0.062195       0.210420          0.000000
    7.620000      -0.307515      -0.539639       0.064815       0.210420          0.000000
    7.630000      -0.312886      -0.534679       0.067479       0.210420          0.000000
    7.640000      -0.318208      -0.529592       0.070186       0.210420          0.000000
    7.650000      -0.323478      -0.524378       0.072934       0.210420          0.000000
    7.660000      -0.328695      -0.519036       0.075720       0.210420          0.000000
    7.670000      -0.333858      -0.513566       0.078545       0.210420          0.000000
    7.680000      -0.338966      -0.507967       0.081404       0.210420          0.000000
    7.690000      -0.344017      -0.502240       0.084297       0.210420          0.000000
    7.700000      -0.349010      -0.496383       0.087222       0.210420          0.000000
    7.710000      -0.353944      -0.490397       0.090175       0.210420          0.000000
    7.720000      -0.358818      -0.484283       0.093155       0.210420          0.000000
    7.730000      -0.363630      -0.478039       0.096159       0.210420          0.000000
    7.740000      -0.368378      -0.471665       0.099185       0.210420          0.000000
    7.750000      -0.373062      -0.465163       0.102231       0.210420          0.000000
    7.760000      -0.377681      -0.458533       0.105293       0.210420          0.000000
    7.770000      -0.382233      -0.451774       0.108370       0.210420          0.000000
    7.780000      -0.386716      -0.444887       0.111457       0.210420          0.000000
    7.790000      -0.391130      -0.437873       0.114553       0.210420          0.000000
    7.800000      -0.395473      -0.430732       0.117655       0.210420          0.000000
    7.810000      -0.399744      -0.423465       0.120758       0.210420          0.000000
    7.820000      -0.403942      -0.416073       0.123861       0.210420          0.000000
    7.830000      -0.408065      -0.408557       0.126960       0.210420          0.000000
    7.840000      -0.412113      -0.400917       0.130052       0.210420          0.000000
    7.850000      -0.416083      -0.393155       0.133134       0.210420          0.000000
    7.860000      -0.419975      -0.385272       0.136202       0.210420          0.000000
    7.870000      -0.423788      -0.377269       0.139254       0.210420          0.000000
    7.880000      -0.427520      -0.369148       0.142285       0.210420          0.000000
    7.890000      -0.431171      -0.360909       0.145292       0.210420          0.000000
    7.900000      -0.434738      -0.352555       0.148272       0.210420          0.000000
    7.910000      -0.438222      -0.344088       0.151222       0.210420          0.000000
    7.920000      -0.441620      -0.335508       0.154137       0.210420          0.000000
    7.930000      -0.444931      -0.326818       0.157015       0.210420          0.000000
    7.940000      -0.448156      -0.318020       0.159851       0.210420          0.000000
    7.950000      -0.451291      -0.309116       0.162643       0.210420          0.000000
    7.960000      -0.454338      -0.300109       0.165387       0.210420          0.000000
    7.970000      -0.457293      -0.290999       0.168079       0.210420          0.000000
    7.980000      -0.460157      -0.281790       0.170717       0.210420          0.000000
    7.990000      -0.462929      -0.272485       0.173296       0.210420          0.000000
    8.000000      -0.465607      -0.263085       0.175813       0.210420          0.000000
    8.010000      -0.468190      -0.253594       0.178265       0.210420          0.000000
    8.020000      -0.470678      -0.244013       0.180648       0.210420          0.000000
    8.030000      -0.473070      -0.234347       0.182960       0.210420          0.000000
    8.040000      -0.475365      -0.224598       0.185198       0.210420          0.000000
    8.050000      -0.477562      -0.214768       0.187357       0.210420          0.000000
    8.060000      -0.479660      -0.204862       0.189435       0.210420          0.000000
    8.070000      -0.481659      -0.194881       0.191430       0.210420          0.000000
    8.080000      -0.483557      -0.184830       0.193338       0.210420          0.000000
    8.090000      -0.485355      -0.174712       0.195157       0.210420          0.000000
    8.100000      -0.487051      -0.164530       0.196885       0.210420          0.000000
    8.110000      -0.488646      -0.154288       0.198517       0.210420          0.000000
    8.120000      -0.490137      -0.143989       0.200053       0.210420          0.000000
    8.130000      -0.491525      -0.133636       0.201490       0.210420          0.000000
    8.140000      -0.492810      -0.123234       0.202826       0.210420         -0.000000
    8.150000      -0.493990      -0.112786       0.204059       0.210420         -0.000000
    8.160000      -0.495065      -0.102296       0.205187       0.210420         -0.000000
    8.170000      -0.496035      -0.091768       0.206209       0.210420         -0.000000
    8.180000      -0.496900      -0.081205       0.207123       0.210420         -0.000000
    8.190000      -0.497659      -0.070612       0.207927       0.210420         -0.000000
    8.200000      -0.498312      -0.059992       0.208620       0.210420         -0.000000
    8.210000      -0.498859      -0.049350       0.209202       0.210420         -0.000000
    8.220000      -0.499299      -0.038688       0.209671       0.210420         -0.000000
    8.230000      -0.499633      -0.028013       0.210027       0.210420         -0.000000
    8.240000      -0.499860      -0.017326       0.210270       0.210420         -0.000000
    8.250000      -0.499979      -0.006633       0.210398       0.210420         -0.000000
    8.260000      -0.499992       0.004062       0.210411       0.210420         -0.000000
    8.270000      -0.499898       0.014756       0.210311       0.210420         -0.000000
    8.280000      -0.499697       0.025444       0.210096       0.210420         -0.000000
    8.290000      -0.499389       0.036123       0.209767       0.210420         -0.000000
    8.300000      -0.498975       0.046788       0.209325       0.210420         -0.000000
    8.310000      -0.498454       0.057435       0.208770       0.210420         -0.000000
    8.320000      -0.497826       0.068061       0.208104       0.210420         -0.000000
    8.330000      -0.497093       0.078661       0.207326       0.210420         -0.000000
    8.340000      -0.496253       0.089231       0.206439       0.210420         -0.000000
    8.350000      -0.495308       0.099768       0.205443       0.210420         -0.000000
    8.360000      -0.494258       0.110268       0.204340       0.210420         -0.000000
    8.370000      -0.493103       0.120726       0.203132       0.210420         -0.000000
    8.380000      -0.491843       0.131139       0.201821       0.210420         -0.000000
    8.390000      -0.490480       0.141504       0.200408       0.210420         -0.000000
    8.400000      -0.489014       0.151817       0.198896       0.210420         -0.000000
    8.410000      -0.487444       0.162073       0.197286       0.210420          0.000000
    8.420000      -0.485772       0.172270       0.195581       0.210420          0.000000
    8.430000      -0.483999       0.182404       0.193784       0.210420          0.000000
    8.440000      -0.482124       0.192471       0.191897       0.210420          0.000000
    8.450000      -0.480150       0.202469       0.189923       0.210420          0.000000
    8.460000      -0.478075       0.212393       0.187864       0.210420          0.000000
    8.470000      -0.475902       0.222241       0.185724       0.210420          0.000000
    8.480000      -0.473631       0.232010       0.183505       0.210420          0.000000
    8.490000      -0.471262       0.241697       0.181211       0.210420          0.000000
    8.500000      -0.468797       0.251298       0.178844       0.210420          0.000000
    8.510000      -0.466236       0.260811       0.176408       0.210420          0.000000
    8.520000      -0.463581       0.270233       0.173907       0.210420          0.000000
    8.530000      -0.460832       0.279562       0.171342       0.210420          0.000000
    8.540000      -0.457990       0.288794       0.168719       0.210420          0.000000
    8.550000      -0.455057       0.297928       0.166039       0.210420          0.000000
    8.560000      -0.452032       0.306960       0.163307       0.210420          0.000000
    8.570000      -0.448918       0.315889       0.160527       0.210420          0.000000
    8.580000      -0.445715       0.324713       0.157700       0.210420          0.000000
    8.590000      -0.442424       0.333429       0.154832       0.210420          0.000000
    8.600000      -0.439046       0.342035       0.151926       0.210420          0.000000
    8.610000      -0.435583       0.350530       0.148984       0.210420          0.000000
    8.620000      -0.432036       0.358911       0.146011       0.210420          0.000000
    8.630000      -0.428406       0.367177       0.143010       0.210420          0.000000
    8.640000      -0.424693       0.375327       0.139984       0.210420          0.000000
    8.650000      -0.420899       0.383359       0.136938       0.210420          0.000000
    8.660000      -0.417026       0.391271       0.133873       0.210420          0.000000
    8.670000      -0.413074       0.399062       0.130794       0.210420          0.000000
    8.680000      -0.409045       0.406731       0.127705       0.210420          0.000000
    8.690000      -0.404940       0.414277       0.124607       0.210420          0.000000
    8.700000      -0.400760       0.421699       0.121504       0.210420          0.000000
    8.710000      -0.396507       0.428996       0.118401       0.210420          0.000000
    8.720000      -0.392181       0.436168       0.115299       0.210420          0.000000
    8.730000      -0.387784       0.443212       0.112201       0.210420          0.000000
    8.740000      -0.383317       0.450130       0.109111       0.210420          0.000000
    8.750000      -0.378782       0.456919       0.106032       0.210420          0.000000
    8.760000      -0.374179       0.463581       0.102966       0.210420          0.000000
    8.770000      -0.369510       0.470114       0.099916       0.210420          0.000000
    8.780000      -0.364777       0.476518       0.096885       0.210420          0.000000
    8.790000      -0.359980       0.482793       0.093875       0.210420          0.000000
    8.800000      -0.355122       0.488939       0.090889       0.210420          0.000000
    8.810000      -0.350202       0.494956       0.087929       0.210420          0.000000
    8.820000      -0.345223       0.500843       0.084998       0.210420          0.000000
    8.830000      -0.340186       0.506602       0.082097       0.210420          0.000000
    8.840000      -0.335091       0.512231       0.079229       0.210420          0.000000
    8.850000      -0.329941       0.517732       0.076396       0.210420          0.000000
    8.860000      -0.324737       0.523105       0.073600       0.210420          0.000000
    8.870000      -0.319480       0.528350       0.070843       0.210420          0.000000
    8.880000      -0.314171       0.533467       0.068126       0.210420          0.000000
    8.890000      -0.308811       0.538458       0.065451       0.210420          0.000000
    8.900000      -0.303402       0.543322       0.062820       0.210420          0.000000
    8.910000      -0.297945       0.548060       0.060235       0.210420          0.000000
    8.920000      -0.292441       0.552673       0.057696       0.210420         -0.000000
    8.930000      -0.286892       0.557162       0.055205       0.210420         -0.000000
    8.940000      -0.281298       0.561527       0.052763       0.210420         -0.000000
    8.950000      -0.275662       0.565770       0.050372       0.210420         -0.000000
    8.960000      -0.269983       0.569890       0.048032       0.210420         -0.000000
    8.970000      -0.264264       0.573890       0.045745       0.210420         -0.000000
    8.980000      -0.258506       0.577770       0.043511       0.210420         -0.000000
    8.990000      -0.252709       0.581531       0.041331       0.210420         -0.000000
    9.000000      -0.246876       0.585174       0.039206       0.210420         -0.000000
    9.010000      -0.241006       0.588700       0.037136       0.210420         -0.000000
    9.020000      -0.235102       0.592110       0.035123       0.210420         -0.000000
    9.030000      -0.229164       0.595406       0.033166       0.210420         -0.000000
    9.040000      -0.223194       0.598588       0.031266       0.210420         -0.000000
    9.050000      -0.217193       0.601658       0.029423       0.210420         -0.000000
    9.060000      -0.211162       0.604617       0.027639       0.210420         -0.000000
    9.070000      -0.205101       0.607466       0.025912       0.210420         -0.000000
    9.080000      -0.199013       0.610207       0.024243       0.210420         -0.000000
    9.090000      -0.192897       0.612840       0.022633       0.210420         -0.000000
    9.100000      -0.186756       0.615368       0.021081       0.210420         -0.000000
    9.110000      -0.180590       0.617791       0.019587       0.210420         -0.000000
    9.120000      -0.174401       0.620110       0.018151       0.210420         -0.000000
    9.130000      -0.168188       0.622328       0.016774       0.210420         -0.000000
    9.140000      -0.161954       0.624445       0.015454       0.210420         -0.000000
    9.150000      -0.155700       0.626463       0.014192       0.210420         -0.000000
    9.160000      -0.149426       0.628382       0.012987       0.210420         -0.000000
    9.170000      -0.143132       0.630206       0.011840       0.210420         -0.000000
    9.180000      -0.136822       0.631934       0.010749       0.210420         -0.000000
    9.190000      -0.130494       0.633569       0.009715       0.210420         -0.000000
    9.200000      -0.124151       0.635111       0.008737       0.210420         -0.000000
    9.210000      -0.117792       0.636562       0.007814       0.210420         -0.000000
    9.220000      -0.111420       0.637924       0.006946       0.210420         -0.000000
    9.230000      -0.105034       0.639198       0.006133       0.210420         -0.000000
    9.240000      -0.098636       0.640385       0.005373       0.210420         -0.000000
    9.250000      -0.092227       0.641487       0.004667       0.210420         -0.000000
    9.260000      -0.085807       0.642504       0.004014       0.210420         -0.000000
    9.270000      -0.079377       0.643440       0.003412       0.210420         -0.000000
    9.280000      -0.072938       0.644294       0.002863       0.210420         -0.000000
    9.290000      -0.066491       0.645068       0.002363       0.210420         -0.000000
    9.300000      -0.060037       0.645764       0.001914       0.210420         -0.000000
    9.310000      -0.053576       0.646382       0.001515       0.210420         -0.000000
    9.320000      -0.047110       0.646925       0.001163       0.210420         -0.000000
    9.330000      -0.040638       0.647394       0.000860       0.210420         -0.000000
    9.340000      -0.034162       0.647790       0.000604       0.210420         -0.000000
    9.350000      -0.027682       0.648114       0.000394       0.210420         -0.000000
    9.360000      -0.021200       0.648367       0.000230       0.210420         -0.000000
    9.370000      -0.014715       0.648552       0.000110       0.210420         -0.000000
    9.380000      -0.008229       0.648669       0.000034       0.210420         -0.000000
    9.390000      -0.001742       0.648719       0.000002       0.210420         -0.000000
    9.400000       0.004745       0.648704       0.000011       0.210420         -0.000000
    9.410000       0.011232       0.648625       0.000062       0.210420         -0.000000
    9.420000       0.017717       0.648484       0.000154       0.210420         -0.000000
    9.430000       0.024201       0.648280       0.000286       0.210420         -0.000000
    9.440000       0.030683       0.648017       0.000457       0.210420         -0.000000
    9.450000       0.037161       0.647695       0.000665       0.210420         -0.000000
    9.460000       0.043636       0.647315       0.000912       0.210420         -0.000000
    9.470000       0.050107       0.646878       0.001194       0.210420         -0.000000
    9.480000       0.056574       0.646385       0.001513       0.210420         -0.000000
    9.490000       0.063035       0.645839       0.001866       0.210420         -0.000000
    9.500000       0.069490       0.645238       0.002253       0.210420         -0.000000
    9.510000       0.075940       0.644586       0.002674       0.210420         -0.000000
    9.520000       0.082382       0.643883       0.003127       0.210420         -0.000000
    9.530000       0.088817       0.643130       0.003611       0.210420         -0.000000
    9.540000       0.095244       0.642328       0.004127       0.210420         -0.000000
    9.550000       0.101664       0.641479       0.004672       0.210420         -0.000000
    9.560000       0.108074       0.640582       0.005247       0.210420         -0.000000
    9.570000       0.114475       0.639640       0.005850       0.210420         -0.000000
    9.580000       0.120867       0.638653       0.006481       0.210420         -0.000000
    9.590000       0.127248       0.637623       0.007138       0.210420         -0.000000
    9.600000       0.133619       0.636549       0.007822       0.210420         -0.000000
    9.610000       0.139979       0.635434       0.008531       0.210420         -0.000000
    9.620000       0.146327       0.634279       0.009265       0.210420         -0.000000
    9.630000       0.152664       0.633083       0.010023       0.210420         -0.000000
    9.640000       0.158989       0.631848       0.010804       0.210420         -0.000000
    9.650000       0.165301       0.630575       0.011607       0.210420         -0.000000
    9.660000       0.171600       0.629265       0.012432       0.210420         -0.000000
    9.670000       0.177886       0.627919       0.013278       0.210420         -0.000000
    9.680000       0.184159       0.626538       0.014145       0.210420         -0.000000
    9.690000       0.190417       0.625121       0.015031       0.210420         -0.000000
    9.700000       0.196661       0.623671       0.015937       0.210420         -0.000000
    9.710000       0.202890       0.622188       0.016860       0.210420         -0.000000
    9.720000       0.209105       0.620673       0.017802       0.210420         -0.000000
    9.730000       0.215304       0.619127       0.018760       0.210420         -0.000000
    9.740000       0.221487       0.617550       0.019736       0.210420         -0.000000
    9.750000       0.227654       0.615943       0.020727       0.210420         -0.000000
    9.760000       0.233806       0.614307       0.021733       0.210420         -0.000000
    9.770000       0.239941       0.612643       0.022754       0.210420         -0.000000
    9.780000       0.246059       0.610951       0.023789       0.210420         -0.000000
    9.790000       0.252159       0.609232       0.024838       0.210420         -0.000000
    9.800000       0.258243       0.607487       0.025899       0.210420         -0.000000
    9.810000       0.264309       0.605717       0.026973       0.210420         -0.000000
    9.820000       0.270357       0.603921       0.028059       0.210420         -0.000000
    9.830000       0.276387       0.602101       0.029157       0.210420         -0.000000
    9.840000       0.282399       0.600258       0.030265       0.210420         -0.000000
    9.850000       0.288393       0.598392       0.031383       0.210420         -0.000000
    9.860000       0.294367       0.596503       0.032512       0.210420         -0.000000
    9.870000       0.300323       0.594592       0.033650       0.210420         -0.000000
    9.880000       0.306259       0.592661       0.034796       0.210420         -0.000000
    9.890000       0.312176       0.590708       0.035951       0.210420         -0.000000
    9.900000       0.318073       0.588736       0.037115       0.210420         -0.000000
    9.910000       0.323950       0.586744       0.038285       0.210420         -0.000000
    9.920000       0.329808       0.584733       0.039463       0.210420         -0.000000
    9.930000       0.335645       0.582704       0.040648       0.210420         -0.000000
    9.940000       0.341462       0.580657       0.041838       0.210420         -0.000000
    9.950000       0.347258       0.578592       0.043035       0.210420         -0.000000
    9.960000       0.353034       0.576511       0.044237       0.210420         -0.000000
    9.970000       0.358788       0.574413       0.045444       0.210420         -0.000000
    9.980000       0.364522       0.572299       0.046656       0.210420         -0.000000
    9.990000       0.370234       0.570170       0.047873       0.210420         -0.000000
   10.000000       0.375925       0.568026       0.049093       0.210420         -0.000000
   10.010000       0.381595       0.565867       0.050317       0.210420         -0.000000
   10.020000       0.387242       0.563694       0.051544       0.210420         -0.000000
   10.030000       0.392868       0.561508       0.052774       0.210420         -0.000000
   10.040000       0.398473       0.559308       0.054007       0.210420         -0.000000
   10.050000       0.404055       0.557095       0.055242       0.210420         -0.000000
   10.060000       0.409614       0.554870       0.056480       0.210420         -0.000000
   10.070000       0.415152       0.552632       0.057718       0.210420         -0.000000
   10.080000       0.420667       0.550383       0.058959       0.210420         -0.000000
   10.090000       0.426160       0.548123       0.060200       0.210420         -0.000000
   10.100000       0.431629       0.545852       0.061443       0.210420         -0.000000
   10.110000       0.437077       0.543570       0.062686       0.210420         -0.000000
   10.120000       0.442501       0.541278       0.063929       0.210420         -0.000000
   10.130000       0.447902       0.538976       0.065172       0.210420         -0.000000
   10.140000       0.453280       0.536664       0.066416       0.210420         -0.000000
   10.150000       0.458635       0.534343       0.067658       0.210420         -0.000000
   10.160000       0.463967       0.532013       0.068901       0.210420         -0.000000
   10.170000       0.469276       0.529675       0.070142       0.210420         -0.000000
   10.180000       0.474561       0.527328       0.071382       0.210420         -0.000000
   10.190000       0.479822       0.524973       0.072621       0.210420         -0.000000
   10.200000       0.485060       0.522611       0.073859       0.210420         -0.000000
   10.210000       0.490274       0.520241       0.075094       0.210420         -0.000000
   10.220000       0.495465       0.517864       0.076328       0.210420         -0.000000
   10.230000       0.500632       0.515480       0.077560       0.210420         -0.000000
   10.240000       0.505774       0.513089       0.078789       0.210420         -0.000000
   10.250000       0.510893       0.510692       0.080016       0.210420         -0.000000
   10.260000       0.515988       0.508289       0.081241       0.210420         -0.000000
   10.270000       0.521059       0.505880       0.082462       0.210420         -0.000000
   10.280000       0.526106       0.503466       0.083681       0.210420         -0.000000
   10.290000       0.531128       0.501046       0.084896       0.210420         -0.000000
   10.300000       0.536127       0.498621       0.086108       0.210420         -0.000000
   10.310000       0.541101       0.496190       0.087317       0.210420         -0.000000
   10.320000       0.546050       0.493755       0.088522       0.210420         -0.000000
   10.330000       0.550976       0.491316       0.089724       0.210420         -0.000000
   10.340000       0.555877       0.488872       0.090922       0.210420         -0.000000
   10.350000       0.560753       0.486424       0.092115       0.210420         -0.000000
   10.360000       0.565605       0.483972       0.093305       0.210420         -0.000000
   10.370000       0.570433       0.481517       0.094490       0.210420         -0.000000
   10.380000       0.575236       0.479058       0.095671       0.210420         -0.000000
   10.390000       0.580014       0.476595       0.096848       0.210420         -0.000000
   10.400000       0.584767       0.474130       0.098020       0.210420         -0.000000
   10.410000       0.589496       0.471661       0.099188       0.210420         -0.000000
   10.420000       0.594201       0.469189       0.100350       0.210420         -0.000000
   10.430000       0.598880       0.466715       0.101508       0.210420         -0.000000
   10.440000       0.603535       0.464238       0.102661       0.210420         -0.000000
   10.450000       0.608165       0.461759       0.103809       0.210420         -0.000000
   10.460000       0.612770       0.459278       0.104952       0.210420         -0.000000
   10.470000       0.617350       0.456794       0.106089       0.210420         -0.000000
   10.480000       0.621906       0.454309       0.107222       0.210420         -0.000000
   10.490000       0.626437       0.451821       0.108348       0.210420         -0.000000
   10.500000       0.630942       0.449332       0.109470       0.210420         -0.000000
   10.510000       0.635423       0.446842       0.110586       0.210420         -0.000000
   10.520000       0.639879       0.444350       0.111696       0.210420         -0.000000
   10.530000       0.644310       0.441857       0.112801       0.210420         -0.000000
   10.540000       0.648716       0.439363       0.113900       0.210420         -0.000000
   10.550000       0.653098       0.436867       0.114993       0.210420         -0.000000
   10.560000       0.657454       0.434371       0.116081       0.210420         -0.000000
   10.570000       0.661785       0.431874       0.117162       0.210420         -0.000000
   10.580000       0.666091       0.429376       0.118238       0.210420         -0.000000
   10.590000       0.670372       0.426878       0.119307       0.210420         -0.000000
   10.600000       0.674629       0.424379       0.120371       0.210420         -0.000000
   10.610000       0.678860       0.421880       0.121428       0.210420         -0.000000
   10.620000       0.683066       0.419380       0.122480       0.210420         -0.000000
   10.630000       0.687248       0.416880       0.123525       0.210420         -0.000000
   10.640000       0.691404       0.414380       0.124564       0.210420         -0.000000
   10.650000       0.695535       0.411880       0.125597       0.210420         -0.000000
   10.660000       0.699642       0.409380       0.126624       0.210420         -0.000000
   10.670000       0.703723       0.406880       0.127644       0.210420         -0.000000
   10.680000       0.707779       0.404381       0.128658       0.210420         -0.000000
   10.690000       0.711810       0.401881       0.129665       0.210420         -0.000000
   10.700000       0.715817       0.399383       0.130666       0.210420         -0.000000
   10.710000       0.719798       0.396884       0.131661       0.210420         -0.000000
   10.720000       0.723754       0.394386       0.132649       0.210420         -0.000000
   10.730000       0.727686       0.391889       0.133631       0.210420         -0.000000
   10.740000       0.731592       0.389392       0.134607       0.210420         -0.000000
   10.750000       0.735474       0.386896       0.135576       0.210420         -0.000000
   10.760000       0.739330       0.384400       0.136538       0.210420         -0.000000
   10.770000       0.743162       0.381906       0.137494       0.210420         -0.000000
   10.780000       0.746968       0.379412       0.138443       0.210420         -0.000000
   10.790000       0.750750       0.376920       0.139385       0.210420         -0.000000
   10.800000       0.754507       0.374428       0.140321       0.210420         -0.000000
   10.810000       0.758239       0.371937       0.141251       0.210420         -0.000000
   10.820000       0.761945       0.369448       0.142174       0.210420         -0.000000
   10.830000       0.765627       0.366959       0.143090       0.210420         -0.000000
   10.840000       0.769285       0.364472       0.144000       0.210420         -0.000000
   10.850000       0.772917       0.361986       0.144903       0.210420         -0.000000
   10.860000       0.776524       0.359502       0.145799       0.210420         -0.000000
   10.870000       0.780107       0.357018       0.146689       0.210420         -0.000000
   10.880000       0.783665       0.354536       0.147572       0.210420         -0.000000
   10.890000       0.787198       0.352056       0.148448       0.210420         -0.000000
   10.900000       0.790706       0.349577       0.149318       0.210420         -0.000000
   10.910000       0.794189       0.347099       0.150181       0.210420         -0.000000
   10.920000       0.797648       0.344623       0.151037       0.210420         -0.000000
   10.930000       0.801082       0.342148       0.151887       0.210420         -0.000000
   10.940000       0.804491       0.339675       0.152730       0.210420         -0.000000
   10.950000       0.807875       0.337204       0.153566       0.210420         -0.000000
   10.960000       0.811235       0.334734       0.154396       0.210420         -0.000000
   10.970000       0.814570       0.332266       0.155219       0.210420         -0.000000
   10.980000       0.817880       0.329799       0.156036       0.210420         -0.000000
   10.990000       0.821166       0.327335       0.156846       0.210420         -0.000000
   11.000000       0.824427       0.324872       0.157649       0.210420         -0.000000
   11.010000       0.827663       0.322410       0.158445       0.210420         -0.000000
   11.020000       0.830875       0.319951       0.159235       0.210420         -0.000000
   11.030000       0.834062       0.317493       0.160019       0.210420         -0.000000
   11.040000       0.837225       0.315037       0.160795       0.210420         -0.000000
   11.050000       0.840363       0.312583       0.161566       0.210420         -0.000000
   11.060000       0.843477       0.310131       0.162329       0.210420         -0.000000
   11.070000       0.846566       0.307681       0.163086       0.210420         -0.000000
   11.080000       0.849630       0.305232       0.163836       0.210420         -0.000000
   11.090000       0.852670       0.302785       0.164580       0.210420         -0.000000
   11.100000       0.855686       0.300341       0.165317       0.210420         -0.000000
   11.110000       0.858677       0.297898       0.166048       0.210420         -0.000000
   11.120000       0.861644       0.295457       0.166772       0.210420         -0.000000
   11.130000       0.864586       0.293018       0.167490       0.210420         -0.000000
   11.140000       0.867504       0.290581       0.168201       0.210420         -0.000000
   11.150000       0.870398       0.288146       0.168906       0.210420         -0.000000
   11.160000       0.873267       0.285713       0.169604       0.210420         -0.000000
   11.170000       0.876112       0.283282       0.170295       0.210420         -0.000000
   11.180000       0.878933       0.280853       0.170980       0.210420         -0.000000
   11.190000       0.881729       0.278426       0.171659       0.210420         -0.000000
   11.200000       0.884501       0.276001       0.172331       0.210420         -0.000000
   11.210000       0.887249       0.273577       0.172997       0.210420         -0.000000
   11.220000       0.889973       0.271156       0.173657       0.210420         -0.000000
   11.230000       0.892672       0.268737       0.174310       0.210420         -0.000000
   11.240000       0.895348       0.266320       0.174957       0.210420         -0.000000
   11.250000       0.897999       0.263905       0.175597       0.210420         -0.000000
   11.260000       0.900626       0.261491       0.176231       0.210420         -0.000000
   11.270000       0.903229       0.259080       0.176858       0.210420         -0.000000
   11.280000       0.905807       0.256671       0.177480       0.210420         -0.000000
   11.290000       0.908362       0.254264       0.178095       0.210420         -0.000000
   11.300000       0.910893       0.251858       0.178703       0.210420         -0.000000
   11.310000       0.913399       0.249455       0.179306       0.210420         -0.000000
   11.320000       0.915882       0.247054       0.179902       0.210420         -0.000000
   11.330000       0.918340       0.244654       0.180492       0.210420         -0.000000
   11.340000       0.920775       0.242257       0.181075       0.210420         -0.000000
   11.350000       0.923186       0.239862       0.181653       0.210420         -0.000000
   11.360000       0.925572       0.237468       0.182224       0.210420         -0.000000
   11.370000       0.927935       0.235077       0.182789       0.210420         -0.000000
   11.380000       0.930274       0.232687       0.183348       0.210420         -0.000000
   11.390000       0.932589       0.230300       0.183901       0.210420         -0.000000
   11.400000       0.934880       0.227914       0.184447       0.210420         -0.000000
   11.410000       0.937147       0.225530       0.184988       0.210420         -0.000000
   11.420000       0.939390       0.223148       0.185522       0.210420         -0.000000
   11.430000       0.941610       0.220768       0.186050       0.210420         -0.000000
   11.440000       0.943806       0.218390       0.186572       0.210420         -0.000000
   11.450000       0.945978       0.216014       0.187089       0.210420         -0.000000
   11.460000       0.948126       0.213640       0.187599       0.210420         -0.000000
   11.470000       0.950251       0.211267       0.188103       0.210420         -0.000000
   11.480000       0.952351       0.208897       0.188601       0.210420         -0.000000
   11.490000       0.954428       0.206528       0.189093       0.210420         -0.000000
   11.500000       0.956482       0.204161       0.189579       0.210420         -0.000000
   11.510000       0.958512       0.201796       0.190059       0.210420         -0.000000
   11.520000       0.960518       0.199433       0.190533       0.210420         -0.000000
   11.530000       0.962500       0.197071       0.191001       0.210420         -0.000000
   11.540000       0.964459       0.194711       0.191463       0.210420         -0.000000
   11.550000       0.966395       0.192354       0.191920       0.210420         -0.000000
   11.560000       0.968306       0.189997       0.192370       0.210420         -0.000000
   11.570000       0.970195       0.187643       0.192815       0.210420         -0.000000
   11.580000       0.972059       0.185290       0.193253       0.210420         -0.000000
   11.590000       0.973900       0.182939       0.193686       0.210420         -0.000000
   11.600000       0.975718       0.180590       0.194113       0.210420         -0.000000
   11.610000       0.977512       0.178242       0.194535       0.210420         -0.000000
   11.620000       0.979283       0.175896       0.194950       0.210420         -0.000000
   11.630000       0.981030       0.173552       0.195360       0.210420         -0.000000
   11.640000       0.982754       0.171209       0.195763       0.210420         -0.000000
   11.650000       0.984454       0.168868       0.196161       0.210420         -0.000000
   11.660000       0.986131       0.166528       0.196554       0.210420         -0.000000
   11.670000       0.987785       0.164190       0.196940       0.210420         -0.000000
   11.680000       0.989415       0.161854       0.197321       0.210420         -0.000000
   11.690000       0.991022       0.159519       0.197696       0.210420         -0.000000
   11.700000       0.992605       0.157186       0.198066       0.210420         -0.000000
   11.710000       0.994166       0.154854       0.198430       0.210420         -0.000000
   11.720000       0.995703       0.152523       0.198788       0.210420         -0.000000
   11.730000       0.997216       0.150195       0.199140       0.210420         -0.000000
   11.740000       0.998706       0.147867       0.199487       0.210420         -0.000000
   11.750000       1.000173       0.145541       0.199829       0.210420         -0.000000
   11.760000       1.001617       0.143217       0.200164       0.210420         -0.000000
   11.770000       1.003038       0.140893       0.200494       0.210420         -0.000000
   11.780000       1.004435       0.138572       0.200819       0.210420         -0.000000
   11.790000       1.005809       0.136251       0.201137       0.210420         -0.000000
   11.800000       1.007160       0.133932       0.201451       0.210420         -0.000000
   11.810000       1.008488       0.131614       0.201758       0.210420         -0.000000
   11.820000       1.009792       0.129298       0.202061       0.210420         -0.000000
   11.830000       1.011074       0.126983       0.202357       0.210420         -0.000000
   11.840000       1.012332       0.124669       0.202649       0.210420         -0.000000
   11.850000       1.013567       0.122356       0.202934       0.210420         -0.000000
   11.860000       1.014779       0.120044       0.203214       0.210420         -0.000000
   11.870000       1.015968       0.117734       0.203489       0.210420         -0.000000
   11.880000       1.017134       0.115425       0.203758       0.210420         -0.000000
   11.890000       1.018277       0.113117       0.204022       0.210420         -0.000000
   11.900000       1.019396       0.110810       0.204280       0.210420         -0.000000
   11.910000       1.020493       0.108505       0.204533       0.210420         -0.000000
   11.920000       1.021566       0.106200       0.204780       0.210420         -0.000000
   11.930000       1.022617       0.103896       0.205022       0.210420         -0.000000
   11.940000       1.023644       0.101594       0.205259       0.210420         -0.000000
   11.950000       1.024649       0.099292       0.205490       0.210420         -0.000000
   11.960000       1.025630       0.096992       0.205716       0.210420         -0.000000
   11.970000       1.026589       0.094692       0.205936       0.210420         -0.000000
   11.980000       1.027524       0.092394       0.206151       0.210420         -0.000000
   11.990000       1.028436       0.090096       0.206361       0.210420         -0.000000
   12.000000       1.029326       0.087800       0.206565       0.210420         -0.000000
   12.010000       1.030192       0.085504       0.206764       0.210420         -0.000000
   12.020000       1.031036       0.083209       0.206958       0.210420         -0.000000
   12.030000       1.031857       0.080915       0.207146       0.210420         -0.000000
   12.040000       1.032654       0.078622       0.207329       0.210420         -0.000000
   12.050000       1.033429       0.076329       0.207507       0.210420         -0.000000
   12.060000       1.034181       0.074038       0.207679       0.210420         -0.000000
   12.070000       1.034910       0.071747       0.207846       0.210420         -0.000000
   12.080000       1.035616       0.069457       0.208008       0.210420         -0.000000
   12.090000       1.036299       0.067167       0.208164       0.210420         -0.000000
   12.100000       1.036959       0.064878       0.208315       0.210420         -0.000000
   12.110000       1.037596       0.062590       0.208461       0.210420         -0.000000
   12.120000       1.038211       0.060303       0.208601       0.210420         -0.000000
   12.130000       1.038803       0.058016       0.208737       0.210420         -0.000000
   12.140000       1.039371       0.055730       0.208867       0.210420         -0.000000
   12.150000       1.039917       0.053444       0.208991       0.210420         -0.000000
   12.160000       1.040440       0.051159       0.209111       0.210420         -0.000000
   12.170000       1.040940       0.048875       0.209225       0.210420         -0.000000
   12.180000       1.041418       0.046591       0.209334       0.210420         -0.000000
   12.190000       1.041872       0.044307       0.209438       0.210420         -0.000000
   12.200000       1.042304       0.042024       0.209537       0.210420         -0.000000
   12.210000       1.042713       0.039742       0.209630       0.210420         -0.000000
   12.220000       1.043099       0.037459       0.209718       0.210420         -0.000000
   12.230000       1.043462       0.035178       0.209801       0.210420         -0.000000
   12.240000       1.043802       0.032896       0.209879       0.210420         -0.000000
   12.250000       1.044120       0.030615       0.209951       0.210420         -0.000000
   12.260000       1.044414       0.028334       0.210018       0.210420         -0.000000
   12.270000       1.044686       0.026054       0.210080       0.210420         -0.000000
   12.280000       1.044936       0.023773       0.210137       0.210420         -0.000000
   12.290000       1.045162       0.021493       0.210189       0.210420         -0.000000
   12.300000       1.045365       0.019214       0.210235       0.210420         -0.000000
   12.310000       1.045546       0.016934       0.210276       0.210420         -0.000000
   12.320000       1.045704       0.014655       0.210312       0.210420         -0.000000
   12.330000       1.045839       0.012375       0.210343       0.210420         -0.000000
   12.340000       1.045952       0.010096       0.210369       0.210420         -0.000000
   12.350000       1.046041       0.007817       0.210389       0.210420         -0.000000
   12.360000       1.046108       0.005538       0.210404       0.210420         -0.000000
   12.370000       1.046152       0.003259       0.210414       0.210420         -0.000000
   12.380000       1.046173       0.000981       0.210419       0.210420         -0.000000
   12.390000       1.046172      -0.001298       0.210419       0.210420         -0.000000
   12.400000       1.046147      -0.003577       0.210413       0.210420         -0.000000
   12.410000       1.046100      -0.005856       0.210402       0.210420         -0.000000
   12.420000       1.046030      -0.008135       0.210387       0.210420         -0.000000
   12.430000       1.045937      -0.010414       0.210365       0.210420         -0.000000
   12.440000       1.045822      -0.012693       0.210339       0.210420         -0.000000
   12.450000       1.045683      -0.014972       0.210308       0.210420         -0.000000
   12.460000       1.045522      -0.017252       0.210271       0.210420         -0.000000
   12.470000       1.045338      -0.019531       0.210229       0.210420         -0.000000
   12.480000       1.045132      -0.021811       0.210182       0.210420         -0.000000
   12.490000       1.044902      -0.024091       0.210129       0.210420         -0.000000
   12.500000       1.044650      -0.026371       0.210072       0.210420         -0.000000
   12.510000       1.044375      -0.028652       0.210009       0.210420         -0.000000
   12.520000       1.044077      -0.030933       0.209941       0.210420         -0.000000
   12.530000       1.043756      -0.033214       0.209868       0.210420         -0.000000
   12.540000       1.043413      -0.035495       0.209790       0.210420         -0.000000
   12.550000       1.043046      -0.037777       0.209706       0.210420         -0.000000
   12.560000       1.042657      -0.040060       0.209617       0.210420         -0.000000
   12.570000       1.042245      -0.042342       0.209523       0.210420         -0.000000
   12.580000       1.041810      -0.044625       0.209424       0.210420         -0.000000
   12.590000       1.041353      -0.046909       0.209319       0.210420         -0.000000
   12.600000       1.040872      -0.049193       0.209210       0.210420         -0.000000
   12.610000       1.040369      -0.051478       0.209095       0.210420         -0.000000
   12.620000       1.039842      -0.053763       0.208974       0.210420         -0.000000
   12.630000       1.039293      -0.056049       0.208849       0.210420         -0.000000
   12.640000       1.038721      -0.058335       0.208718       0.210420         -0.000000
   12.650000       1.038127      -0.060622       0.208582       0.210420         -0.000000
   12.660000       1.037509      -0.062909       0.208441       0.210420         -0.000000
   12.670000       1.036869      -0.065197       0.208294       0.210420         -0.000000
   12.680000       1.036205      -0.067486       0.208142       0.210420         -0.000000
   12.690000       1.035519      -0.069776       0.207985       0.210420         -0.000000
   12.700000       1.034810      -0.072066       0.207823       0.210420         -0.000000
   12.710000       1.034077      -0.074357       0.207655       0.210420         -0.000000
   12.720000       1.033322      -0.076649       0.207482       0.210420         -0.000000
   12.730000       1.032544      -0.078941       0.207304       0.210420         -0.000000
   12.740000       1.031744      -0.081235       0.207120       0.210420         -0.000000
   12.750000       1.030920      -0.083529       0.206931       0.210420         -0.000000
   12.760000       1.030073      -0.085824       0.206737       0.210420         -0.000000
   12.770000       1.029203      -0.088120       0.206537       0.210420         -0.000000
   12.780000       1.028311      -0.090416       0.206332       0.210420         -0.000000
   12.790000       1.027395      -0.092714       0.206122       0.210420         -0.000000
   12.800000       1.026456      -0.095013       0.205906       0.210420         -0.000000
   12.810000       1.025495      -0.097312       0.205685       0.210420         -0.000000
   12.820000       1.024510      -0.099613       0.205458       0.210420         -0.000000
   12.830000       1.023502      -0.101915       0.205226       0.210420         -0.000000
   12.840000       1.022472      -0.104217       0.204989       0.210420         -0.000000
   12.850000       1.021418      -0.106521       0.204746       0.210420         -0.000000
   12.860000       1.020341      -0.108826       0.204498       0.210420         -0.000000
   12.870000       1.019242      -0.111132       0.204245       0.210420         -0.000000
   12.880000       1.018119      -0.113439       0.203985       0.210420         -0.000000
   12.890000       1.016973      -0.115747       0.203721       0.210420         -0.000000
   12.900000       1.015804      -0.118056       0.203451       0.210420         -0.000000
   12.910000       1.014612      -0.120366       0.203176       0.210420         -0.000000
   12.920000       1.013396      -0.122678       0.202895       0.210420         -0.000000
   12.930000       1.012158      -0.124991       0.202608       0.210420         -0.000000
   12.940000       1.010897      -0.127305       0.202316       0.210420         -0.000000
   12.950000       1.009612      -0.129621       0.202019       0.210420         -0.000000
   12.960000       1.008304      -0.131937       0.201716       0.210420         -0.000000
   12.970000       1.006973      -0.134255       0.201407       0.210420         -0.000000
   12.980000       1.005619      -0.136574       0.201093       0.210420         -0.000000
   12.990000       1.004242      -0.138895       0.200774       0.210420         -0.000000
   13.000000       1.002841      -0.141217       0.200449       0.210420         -0.000000
   13.010000       1.001417      -0.143540       0.200118       0.210420         -0.000000
   13.020000       0.999970      -0.145865       0.199781       0.210420         -0.000000
   13.030000       0.998500      -0.148191       0.199439       0.210420         -0.000000
   13.040000       0.997007      -0.150519       0.199092       0.210420         -0.000000
   13.050000       0.995490      -0.152848       0.198738       0.210420         -0.000000
   13.060000       0.993950      -0.155179       0.198379       0.210420         -0.000000
   13.070000       0.992386      -0.157511       0.198015       0.210420         -0.000000
   13.080000       0.990799      -0.159844       0.197645       0.210420         -0.000000
   13.090000       0.989189      -0.162179       0.197269       0.210420         -0.000000
   13.100000       0.987556      -0.164516       0.196887       0.210420         -0.000000
   13.110000       0.985899      -0.166854       0.196500       0.210420         -0.000000
   13.120000       0.984219      -0.169194       0.196106       0.210420         -0.000000
   13.130000       0.982515      -0.171535       0.195707       0.210420         -0.000000
   13.140000       0.980788      -0.173878       0.195303       0.210420         -0.000000
   13.150000       0.979038      -0.176223       0.194892       0.210420         -0.000000
   13.160000       0.977264      -0.178569       0.194476       0.210420         -0.000000
   13.170000       0.975466      -0.180917       0.194054       0.210420         -0.000000
   13.180000       0.973645      -0.183267       0.193626       0.210420         -0.000000
   13.190000       0.971801      -0.185618       0.193193       0.210420         -0.000000
   13.200000       0.969933      -0.187971       0.192753       0.210420         -0.000000
   13.210000       0.968041      -0.190326       0.192308       0.210420         -0.000000
   13.220000       0.966126      -0.192682       0.191856       0.210420         -0.000000
   13.230000       0.964188      -0.195040       0.191399       0.210420         -0.000000
   13.240000       0.962226      -0.197400       0.190936       0.210420         -0.000000
   13.250000       0.960240      -0.199762       0.190467       0.210420         -0.000000
   13.260000       0.958230      -0.202125       0.189992       0.210420         -0.000000
   13.270000       0.956197      -0.204491       0.189511       0.210420         -0.000000
   13.280000       0.954140      -0.206858       0.189025       0.210420         -0.000000
   13.290000       0.952060      -0.209227       0.188532       0.210420         -0.000000
   13.300000       0.949956      -0.211598       0.188033       0.210420         -0.000000
   13.310000       0.947828      -0.213970       0.187528       0.210420         -0.000000
   13.320000       0.945677      -0.216345       0.187017       0.210420         -0.000000
   13.330000       0.943501      -0.218721       0.186500       0.210420         -0.000000
   13.340000       0.941302      -0.221100       0.185977       0.210420         -0.000000
   13.350000       0.939079      -0.223480       0.185448       0.210420         -0.000000
   13.360000       0.936832      -0.225862       0.184913       0.210420         -0.000000
   13.370000       0.934562      -0.228246       0.184371       0.210420         -0.000000
   13.380000       0.932268      -0.230632       0.183824       0.210420         -0.000000
   13.390000       0.929949      -0.233020       0.183270       0.210420         -0.000000
   13.400000       0.927607      -0.235410       0.182711       0.210420         -0.000000
   13.410000       0.925241      -0.237802       0.182145       0.210420         -0.000000
   13.420000       0.922851      -0.240195       0.181573       0.210420         -0.000000
   13.430000       0.920437      -0.242591       0.180994       0.210420         -0.000000
   13.440000       0.917999      -0.244989       0.180410       0.210420         -0.000000
   13.450000       0.915537      -0.247388       0.179819       0.210420         -0.000000
   13.460000       0.913051      -0.249790       0.179222       0.210420         -0.000000
   13.470000       0.910542      -0.252193       0.178619       0.210420         -0.000000
   13.480000       0.908008      -0.254599       0.178009       0.210420         -0.000000
   13.490000       0.905450      -0.257006       0.177393       0.210420         -0.000000
   13.500000       0.902867      -0.259416       0.176771       0.210420         -0.000000
   13.510000       0.900261      -0.261828       0.176143       0.210420         -0.000000
   13.520000       0.897631      -0.264241       0.175508       0.210420         -0.000000
   13.530000       0.894976      -0.266657       0.174867       0.210420         -0.000000
   13.540000       0.892298      -0.269074       0.174219       0.210420         -0.000000
   13.550000       0.889595      -0.271493       0.173565       0.210420         -0.000000
   13.560000       0.886868      -0.273915       0.172905       0.210420         -0.000000
   13.570000       0.884117      -0.276338       0.172238       0.210420         -0.000000
   13.580000       0.881341      -0.278764       0.171565       0.210420         -0.000000
   13.590000       0.878541      -0.281191       0.170885       0.210420         -0.000000
   13.600000       0.875717      -0.283621       0.170199       0.210420         -0.000000
   13.610000       0.872869      -0.286052       0.169507       0.210420         -0.000000
   13.620000       0.869996      -0.288485       0.168808       0.210420         -0.000000
   13.630000       0.867099      -0.290921       0.168102       0.210420         -0.000000
   13.640000       0.864178      -0.293358       0.167390       0.210420         -0.000000
   13.650000       0.861232      -0.295797       0.166672       0.210420         -0.000000
   13.660000       0.858262      -0.298238       0.165947       0.210420         -0.000000
   13.670000       0.855267      -0.300681       0.165215       0.210420         -0.000000
   13.680000       0.852248      -0.303126       0.164477       0.210420         -0.000000
   13.690000       0.849205      -0.305573       0.163732       0.210420         -0.000000
   13.700000       0.846137      -0.308022       0.162981       0.210420         -0.000000
   13.710000       0.843044      -0.310472       0.162223       0.210420         -0.000000
   13.720000       0.839927      -0.312925       0.161459       0.210420         -0.000000
   13.730000       0.836786      -0.315379       0.160688       0.210420         -0.000000
   13.740000       0.833620      -0.317835       0.159910       0.210420         -0.000000
   13.750000       0.830429      -0.320293       0.159126       0.210420         -0.000000
   13.760000       0.827214      -0.322753       0.158335       0.210420         -0.000000
   13.770000       0.823974      -0.325215       0.157537       0.210420         -0.000000
   13.780000       0.820710      -0.327678       0.156733       0.210420         -0.000000
   13.790000       0.817420      -0.330143       0.155922       0.210420         -0.000000
   13.800000       0.814107      -0.332610       0.155105       0.210420         -0.000000
   13.810000       0.810768      -0.335078       0.154281       0.210420         -0.000000
   13.820000       0.807405      -0.337548       0.153450       0.210420         -0.000000
   13.830000       0.804017      -0.340020       0.152613       0.210420         -0.000000
   13.840000       0.800605      -0.342493       0.151769       0.210420         -0.000000
   13.850000       0.797167      -0.344968       0.150918       0.210420         -0.000000
   13.860000       0.793705      -0.347444       0.150061       0.210420         -0.000000
   13.870000       0.790219      -0.349922       0.149197       0.210420         -0.000000
   13.880000       0.786707      -0.352401       0.148326       0.210420         -0.000000
   13.890000       0.783171      -0.354882       0.147449       0.210420         -0.000000
   13.900000       0.779609      -0.357364       0.146565       0.210420         -0.000000
   13.910000       0.776023      -0.359848       0.145674       0.210420         -0.000000
   13.920000       0.772412      -0.362333       0.144777       0.210420         -0.000000
   13.930000       0.768777      -0.364819       0.143873       0.210420         -0.000000
   13.940000       0.765116      -0.367306       0.142963       0.210420         -0.000000
   13.950000       0.761430      -0.369795       0.142046       0.210420         -0.000000
   13.960000       0.757720      -0.372284       0.141122       0.210420         -0.000000
   13.970000       0.753985      -0.374775       0.140191       0.210420         -0.000000
   13.980000       0.750225      -0.377267       0.139254       0.210420         -0.000000
   13.990000       0.746439      -0.379760       0.138311       0.210420         -0.000000
   14.000000       0.742629      -0.382253       0.137361       0.210420         -0.000000
   14.010000       0.738794      -0.384748       0.136404       0.210420         -0.000000
   14.020000       0.734934      -0.387243       0.135441       0.210420         -0.000000
   14.030000       0.731049      -0.389740       0.134471       0.210420         -0.000000
   14.040000       0.727140      -0.392236       0.133495       0.210420         -0.000000
   14.050000       0.723205      -0.394734       0.132512       0.210420         -0.000000
   14.060000       0.719245      -0.397232       0.131523       0.210420         -0.000000
   14.070000       0.715260      -0.399731       0.130527       0.210420         -0.000000
   14.080000       0.711250      -0.402230       0.129525       0.210420         -0.000000
   14.090000       0.707215      -0.404729       0.128517       0.210420         -0.000000
   14.100000       0.703156      -0.407229       0.127502       0.210420         -0.000000
   14.110000       0.699071      -0.409729       0.126481       0.210420         -0.000000
   14.120000       0.694961      -0.412228       0.125453       0.210420         -0.000000
   14.130000       0.690826      -0.414728       0.124420       0.210420         -0.000000
   14.140000       0.686667      -0.417228       0.123380       0.210420         -0.000000
   14.150000       0.682482      -0.419728       0.122334       0.210420         -0.000000
   14.160000       0.678272      -0.422228       0.121281       0.210420         -0.000000
   14.170000       0.674037      -0.424727       0.120223       0.210420         -0.000000
   14.180000       0.669777      -0.427226       0.119159       0.210420         -0.000000
   14.190000       0.665493      -0.429724       0.118088       0.210420         -0.000000
   14.200000       0.661183      -0.432222       0.117012       0.210420         -0.000000
   14.210000       0.656848      -0.434719       0.115929       0.210420         -0.000000
   14.220000       0.652489      -0.437215       0.114841       0.210420         -0.000000
   14.230000       0.648104      -0.439710       0.113747       0.210420         -0.000000
   14.240000       0.643694      -0.442204       0.112647       0.210420         -0.000000
   14.250000       0.639260      -0.444697       0.111542       0.210420         -0.000000
   14.260000       0.634800      -0.447189       0.110431       0.210420         -0.000000
   14.270000       0.630316      -0.449679       0.109314       0.210420         -0.000000
   14.280000       0.625807      -0.452168       0.108192       0.210420         -0.000000
   14.290000       0.621273      -0.454655       0.107064       0.210420         -0.000000
   14.300000       0.616714      -0.457140       0.105931       0.210420         -0.000000
   14.310000       0.612130      -0.459623       0.104793       0.210420         -0.000000
   14.320000       0.607521      -0.462105       0.103649       0.210420         -0.000000
   14.330000       0.602888      -0.464583       0.102501       0.210420         -0.000000
   14.340000       0.598230      -0.467060       0.101347       0.210420         -0.000000
   14.350000       0.593547      -0.469534       0.100189       0.210420         -0.000000
   14.360000       0.588839      -0.472005       0.099025       0.210420         -0.000000
   14.370000       0.584107      -0.474473       0.097857       0.210420         -0.000000
   14.380000       0.579350      -0.476939       0.096684       0.210420         -0.000000
   14.390000       0.574568      -0.479401       0.095507       0.210420         -0.000000
   14.400000       0.569762      -0.481859       0.094325       0.210420         -0.000000
   14.410000       0.564931      -0.484314       0.093139       0.210420         -0.000000
   14.420000       0.560075      -0.486766       0.091949       0.210420         -0.000000
   14.430000       0.555195      -0.489213       0.090755       0.210420         -0.000000
   14.440000       0.550291      -0.491656       0.089557       0.210420         -0.000000
   14.450000       0.545362      -0.494095       0.088355       0.210420         -0.000000
   14.460000       0.540409      -0.496529       0.087149       0.210420         -0.000000
   14.470000       0.535432      -0.498959       0.085940       0.210420         -0.000000
   14.480000       0.530430      -0.501383       0.084727       0.210420         -0.000000
   14.490000       0.525404      -0.503803       0.083511       0.210420         -0.000000
   14.500000       0.520354      -0.506216       0.082292       0.210420         -0.000000
   14.510000       0.515280      -0.508625       0.081070       0.210420         -0.000000
   14.520000       0.510181      -0.511027       0.079845       0.210420         -0.000000
   14.530000       0.505059      -0.513423       0.078618       0.210420         -0.000000
   14.540000       0.499913      -0.515813       0.077388       0.210420         -0.000000
   14.550000       0.494743      -0.518196       0.076156       0.210420         -0.000000
   14.560000       0.489549      -0.520572       0.074922       0.210420         -0.000000
   14.570000       0.484332      -0.522941       0.073686       0.210420         -0.000000
   14.580000       0.479090      -0.525302       0.072449       0.210420         -0.000000
   14.590000       0.473826      -0.527656       0.071209       0.210420         -0.000000
   14.600000       0.468537      -0.530001       0.069969       0.210420         -0.000000
   14.610000       0.463226      -0.532338       0.068728       0.210420         -0.000000
   14.620000       0.457891      -0.534667       0.067485       0.210420         -0.000000
   14.630000       0.452532      -0.536987       0.066242       0.210420         -0.000000
   14.640000       0.447151      -0.539297       0.064999       0.210420         -0.000000
   14.650000       0.441746      -0.541598       0.063756       0.210420         -0.000000
   14.660000       0.436319      -0.543888       0.062512       0.210420         -0.000000
   14.670000       0.430869      -0.546169       0.061269       0.210420         -0.000000
   14.680000       0.425396      -0.548439       0.060027       0.210420         -0.000000
   14.690000       0.419900      -0.550697       0.058786       0.210420         -0.000000
   14.700000       0.414382      -0.552945       0.057546       0.210420         -0.000000
   14.710000       0.408841      -0.555180       0.056307       0.210420         -0.000000
   14.720000       0.403278      -0.557404       0.055070       0.210420         -0.000000
   14.730000       0.397693      -0.559615       0.053835       0.210420         -0.000000
   14.740000       0.392086      -0.561813       0.052603       0.210420         -0.000000
   14.750000       0.386457      -0.563998       0.051373       0.210420         -0.000000
   14.760000       0.380806      -0.566169       0.050146       0.210420         -0.000000
   14.770000       0.375133      -0.568326       0.048923       0.210420         -0.000000
   14.780000       0.369439      -0.570468       0.047703       0.210420         -0.000000
   14.790000       0.363724      -0.572595       0.046487       0.210420         -0.000000
   14.800000       0.357988      -0.574706       0.045276       0.210420         -0.000000
   14.810000       0.352230      -0.576802       0.044069       0.210420         -0.000000
   14.820000       0.346452      -0.578881       0.042868       0.210420         -0.000000
   14.830000       0.340653      -0.580943       0.041672       0.210420         -0.000000
   14.840000       0.334833      -0.582988       0.040482       0.210420         -0.000000
   14.850000       0.328993      -0.585015       0.039299       0.210420         -0.000000
   14.860000       0.323133      -0.587023       0.038122       0.210420         -0.000000
   14.870000       0.317252      -0.589012       0.036952       0.210420         -0.000000
   14.880000       0.311352      -0.590982       0.035790       0.210420         -0.000000
   14.890000       0.305433      -0.592931       0.034636       0.210420         -0.000000
   14.900000       0.299494      -0.594860       0.033490       0.210420         -0.000000
   14.910000       0.293536      -0.596767       0.032354       0.210420         -0.000000
   14.920000       0.287559      -0.598653       0.031227       0.210420         -0.000000
   14.930000       0.281563      -0.600516       0.030110       0.210420         -0.000000
   14.940000       0.275548      -0.602356       0.029003       0.210420         -0.000000
   14.950000       0.269516      -0.604173       0.027907       0.210420         -0.000000
   14.960000       0.263465      -0.605965       0.026823       0.210420         -0.000000
   14.970000       0.257396      -0.607732       0.025751       0.210420         -0.000000
   14.980000       0.251310      -0.609474       0.024691       0.210420         -0.000000
   14.990000       0.245207      -0.611189       0.023644       0.210420         -0.000000
   15.000000       0.239087      -0.612877       0.022611       0.210420         -0.000000
   15.010000       0.232950      -0.614537       0.021592       0.210420         -0.000000
   15.020000       0.226796      -0.616169       0.020588       0.210420         -0.000000
   15.030000       0.220626      -0.617772       0.019599       0.210420         -0.000000
   15.040000       0.214441      -0.619344       0.018626       0.210420         -0.000000
   15.050000       0.208240      -0.620886       0.017670       0.210420         -0.000000
   15.060000       0.202023      -0.622397       0.016731       0.210420         -0.000000
   15.070000       0.195792      -0.623875       0.015809       0.210420         -0.000000
   15.080000       0.189546      -0.625321       0.014907       0.210420         -0.000000
   15.090000       0.183285      -0.626732       0.014023       0.210420         -0.000000
   15.100000       0.177011      -0.628109       0.013159       0.210420         -0.000000
   15.110000       0.170723      -0.629450       0.012316       0.210420         -0.000000
   15.120000       0.164422      -0.630755       0.011494       0.210420         -0.000000
   15.130000       0.158108      -0.632022       0.010693       0.210420         -0.000000
   15.140000       0.151782      -0.633252       0.009916       0.210420         -0.000000
   15.150000       0.145443      -0.634442       0.009161       0.210420         -0.000000
   15.160000       0.139093      -0.635592       0.008431       0.210420         -0.000000
   15.170000       0.132732      -0.636701       0.007725       0.210420         -0.000000
   15.180000       0.126359      -0.637769       0.007045       0.210420         -0.000000
   15.190000       0.119977      -0.638793       0.006391       0.210420         -0.000000
   15.200000       0.113584      -0.639774       0.005764       0.210420         -0.000000
   15.210000       0.107181      -0.640710       0.005165       0.210420         -0.000000
   15.220000       0.100770      -0.641600       0.004594       0.210420         -0.000000
   15.230000       0.094349      -0.642443       0.004053       0.210420         -0.000000
   15.240000       0.087921      -0.643238       0.003542       0.210420         -0.000000
   15.250000       0.081485      -0.643984       0.003062       0.210420         -0.000000
   15.260000       0.075041      -0.644680       0.002613       0.210420         -0.000000
   15.270000       0.068591      -0.645325       0.002197       0.210420         -0.000000
   15.280000       0.062135      -0.645918       0.001815       0.210420         -0.000000
   15.290000       0.055673      -0.646457       0.001466       0.210420         -0.000000
   15.300000       0.049206      -0.646942       0.001153       0.210420         -0.000000
   15.310000       0.042735      -0.647371       0.000875       0.210420         -0.000000
   15.320000       0.036259      -0.647743       0.000634       0.210420         -0.000000
   15.330000       0.029780      -0.648057       0.000430       0.210420         -0.000000
   15.340000       0.023298      -0.648312       0.000265       0.210420         -0.000000
   15.350000       0.016814      -0.648507       0.000139       0.210420         -0.000000
   15.360000       0.010328      -0.648640       0.000053       0.210420         -0.000000
   15.370000       0.003841      -0.648710       0.000007       0.210420         -0.000000
   15.380000      -0.002646      -0.648716       0.000004       0.210420         -0.000000
   15.390000      -0.009133      -0.648656       0.000042       0.210420         -0.000000
   15.400000      -0.015619      -0.648530       0.000124       0.210420         -0.000000
   15.410000      -0.022103      -0.648336       0.000250       0.210420         -0.000000
   15.420000      -0.028585      -0.648073       0.000420       0.210420         -0.000000
   15.430000      -0.035064      -0.647739       0.000637       0.210420         -0.000000
   15.440000      -0.041540      -0.647333       0.000900       0.210420         -0.000000
   15.450000      -0.048011      -0.646854       0.001209       0.210420         -0.000000
   15.460000      -0.054477      -0.646301       0.001567       0.210420         -0.000000
   15.470000      -0.060937      -0.645671       0.001974       0.210420         -0.000000
   15.480000      -0.067390      -0.644965       0.002430       0.210420         -0.000000
   15.490000      -0.073836      -0.644179       0.002936       0.210420         -0.000000
   15.500000      -0.080273      -0.643314       0.003493       0.210420         -0.000000
   15.510000      -0.086702      -0.642368       0.004102       0.210420         -0.000000
   15.520000      -0.093120      -0.641338       0.004762       0.210420         -0.000000
   15.530000      -0.099528      -0.640225       0.005476       0.210420         -0.000000
   15.540000      -0.105925      -0.639026       0.006243       0.210420         -0.000000
   15.550000      -0.112308      -0.637740       0.007064       0.210420         -0.000000
   15.560000      -0.118679      -0.636366       0.007939       0.210420         -0.000000
   15.570000      -0.125035      -0.634902       0.008870       0.210420         -0.000000
   15.580000      -0.131377      -0.633347       0.009856       0.210420         -0.000000
   15.590000      -0.137702      -0.631699       0.010898       0.210420         -0.000000
   15.600000      -0.144010      -0.629958       0.011996       0.210420         -0.000000
   15.610000      -0.150301      -0.628121       0.013152       0.210420         -0.000000
   15.620000      -0.156573      -0.626187       0.014364       0.210420         -0.000000
   15.630000      -0.162824      -0.624156       0.015634       0.210420         -0.000000
   15.640000      -0.169055      -0.622025       0.016962       0.210420         -0.000000
   15.650000      -0.175264      -0.619793       0.018348       0.210420         -0.000000
   15.660000      -0.181451      -0.617459       0.019792       0.210420         -0.000000
   15.670000      -0.187613      -0.615022       0.021294       0.210420         -0.000000
   15.680000      -0.193751      -0.612480       0.022854       0.210420         -0.000000
   15.690000      -0.199863      -0.609831       0.024472       0.210420         -0.000000
   15.700000      -0.205947      -0.607076       0.026149       0.210420         -0.000000
   15.710000      -0.212004      -0.604211       0.027884       0.210420         -0.000000
   15.720000      -0.218031      -0.601237       0.029677       0.210420         -0.000000
   15.730000      -0.224028      -0.598151       0.031527       0.210420         -0.000000
   15.740000      -0.229994      -0.594953       0.033435       0.210420         -0.000000
   15.750000      -0.235927      -0.591642       0.035400       0.210420         -0.000000
   15.760000      -0.241826      -0.588215       0.037421       0.210420         -0.000000
   15.770000      -0.247691      -0.584673       0.039498       0.210420         -0.000000
   15.780000      -0.253519      -0.581014       0.041631       0.210420         -0.000000
   15.790000      -0.259311      -0.577236       0.043819       0.210420         -0.000000
   15.800000      -0.265064      -0.573340       0.046060       0.210420         -0.000000
   15.810000      -0.270777      -0.569323       0.048355       0.210420         -0.000000
   15.820000      -0.276450      -0.565186       0.050702       0.210420         -0.000000
   15.830000      -0.282080      -0.560926       0.053101       0.210420         -0.000000
   15.840000      -0.287668      -0.556544       0.055549       0.210420         -0.000000
   15.850000      -0.293211      -0.552038       0.058047       0.210420         -0.000000
   15.860000      -0.298708      -0.547407       0.060592       0.210420          0.000000
   15.870000      -0.304158      -0.542651       0.063184       0.210420          0.000000
   15.880000      -0.309561      -0.537770       0.065821       0.210420          0.000000
   15.890000      -0.314913      -0.532762       0.068502       0.210420          0.000000
   15.900000      -0.320215      -0.527627       0.071225       0.210420          0.000000
   15.910000      -0.325466      -0.522364       0.073987       0.210420          0.000000
   15.920000      -0.330662      -0.516974       0.076789       0.210420          0.000000
   15.930000      -0.335805      -0.511455       0.079627       0.210420          0.000000
   15.940000      -0.340891      -0.505807       0.082499       0.210420          0.000000
   15.950000      -0.345920      -0.500031       0.085404       0.210420          0.000000
   15.960000      -0.350891      -0.494125       0.088340       0.210420          0.000000
   15.970000      -0.355802      -0.488090       0.091304       0.210420          0.000000
   15.980000      -0.360653      -0.481926       0.094293       0.210420          0.000000
   15.990000      -0.365440      -0.475633       0.097306       0.210420          0.000000
   16.000000      -0.370165      -0.469211       0.100340       0.210420          0.000000
   16.010000      -0.374824      -0.462660       0.103392       0.210420          0.000000
   16.020000      -0.379418      -0.455981       0.106460       0.210420          0.000000
   16.030000      -0.383943      -0.449174       0.109541       0.210420          0.000000
   16.040000      -0.388401      -0.442238       0.112632       0.210420          0.000000
   16.050000      -0.392788      -0.435176       0.115731       0.210420          0.000000
   16.060000      -0.397104      -0.427987       0.118833       0.210420          0.000000
   16.070000      -0.401347      -0.420673       0.121937       0.210420          0.000000
   16.080000      -0.405517      -0.413233       0.125039       0.210420          0.000000
   16.090000      -0.409611      -0.405670       0.128136       0.210420          0.000000
   16.100000      -0.413630      -0.397984       0.131224       0.210420          0.000000
   16.110000      -0.417571      -0.390175       0.134301       0.210420          0.000000
   16.120000      -0.421433      -0.382247       0.137363       0.210420          0.000000
   16.130000      -0.425215      -0.374198       0.140407       0.210420          0.000000
   16.140000      -0.428916      -0.366032       0.143430       0.210420          0.000000
   16.150000      -0.432535      -0.357750       0.146427       0.210420          0.000000
   16.160000      -0.436071      -0.349353       0.149396       0.210420          0.000000
   16.170000      -0.439522      -0.340842       0.152333       0.210420          0.000000
   16.180000      -0.442888      -0.332221       0.155234       0.210420          0.000000
   16.190000      -0.446166      -0.323490       0.158097       0.210420          0.000000
   16.200000      -0.449357      -0.314651       0.160917       0.210420          0.000000
   16.210000      -0.452459      -0.305708       0.163691       0.210420          0.000000
   16.220000      -0.455471      -0.296661       0.166416       0.210420          0.000000
   16.230000      -0.458392      -0.287513       0.169088       0.210420          0.000000
   16.240000      -0.461221      -0.278268       0.171703       0.210420          0.000000
   16.250000      -0.463957      -0.268926       0.174259       0.210420          0.000000
   16.260000      -0.466599      -0.259491       0.176752       0.210420          0.000000
   16.270000      -0.469146      -0.249966       0.179178       0.210420          0.000000
   16.280000      -0.471598      -0.240352       0.181535       0.210420          0.000000
   16.290000      -0.473953      -0.230654       0.183819       0.210420          0.000000
   16.300000      -0.476211      -0.220874       0.186027       0.210420          0.000000
   16.310000      -0.478370      -0.211015       0.188156       0.210420          0.000000
   16.320000      -0.480431      -0.201080       0.190203       0.210420          0.000000
   16.330000      -0.482392      -0.191072       0.192165       0.210420         -0.000000
   16.340000      -0.484252      -0.180996       0.194040       0.210420         -0.000000
   16.350000      -0.486011      -0.170853       0.195824       0.210420         -0.000000
   16.360000      -0.487669      -0.160647       0.197516       0.210420         -0.000000
   16.370000      -0.489224      -0.150383       0.199112       0.210420         -0.000000
   16.380000      -0.490676      -0.140063       0.200611       0.210420         -0.000000
   16.390000      -0.492025      -0.129691       0.202010       0.210420         -0.000000
   16.400000      -0.493270      -0.119271       0.203307       0.210420         -0.000000
   16.410000      -0.494410      -0.108807       0.204500       0.210420         -0.000000
   16.420000      -0.495446      -0.098302       0.205588       0.210420         -0.000000
   16.430000      -0.496376      -0.087760       0.206569       0.210420         -0.000000
   16.440000      -0.497201      -0.077185       0.207441       0.210420         -0.000000
   16.450000      -0.497920      -0.066582       0.208203       0.210420         -0.000000
   16.460000      -0.498533      -0.055953       0.208854       0.210420         -0.000000
   16.470000      -0.499039      -0.045303       0.209393       0.210420         -0.000000
   16.480000      -0.499439      -0.034636       0.209820       0.210420         -0.000000
   16.490000      -0.499732      -0.023955       0.210133       0.210420         -0.000000
   16.500000      -0.499918      -0.013266       0.210332       0.210420         -0.000000
   16.510000      -0.499997      -0.002572       0.210416       0.210420         -0.000000
   16.520000      -0.499969       0.008124       0.210387       0.210420         -0.000000
   16.530000      -0.499834       0.018816       0.210243       0.210420         -0.000000
   16.540000      -0.499593       0.029501       0.209984       0.210420         -0.000000
   16.550000      -0.499244       0.040175       0.209613       0.210420         -0.000000
   16.560000      -0.498789       0.050834       0.209128       0.210420         -0.000000
   16.570000      -0.498228       0.061473       0.208530       0.210420         -0.000000
   16.580000      -0.497560       0.072090       0.207821       0.210420         -0.000000
   16.590000      -0.496786       0.082679       0.207002       0.210420         -0.000000
   16.600000      -0.495907       0.093237       0.206073       0.210420         -0.000000
   16.610000      -0.494922       0.103760       0.205037       0.210420         -0.000000
   16.620000      -0.493831       0.114245       0.203894       0.210420         -0.000000
   16.630000      -0.492637       0.124686       0.202646       0.210420         -0.000000
   16.640000      -0.491338       0.135082       0.201296       0.210420         -0.000000
   16.650000      -0.489935       0.145427       0.199845       0.210420         -0.000000
   16.660000      -0.488430       0.155718       0.198296       0.210420         -0.000000
   16.670000      -0.486821       0.165953       0.196650       0.210420         -0.000000
   16.680000      -0.485111       0.176126       0.194909       0.210420         -0.000000
   16.690000      -0.483299       0.186235       0.193078       0.210420         -0.000000
   16.700000      -0.481386       0.196276       0.191157       0.210420         -0.000000
   16.710000      -0.479374       0.206247       0.189151       0.210420         -0.000000
   16.720000      -0.477262       0.216142       0.187061       0.210420         -0.000000
   16.730000      -0.475051       0.225961       0.184890       0.210420          0.000000
   16.740000      -0.472743       0.235699       0.182643       0.210420          0.000000
   16.750000      -0.470337       0.245353       0.180320       0.210420          0.000000
   16.760000      -0.467836       0.254922       0.177927       0.210420          0.000000
   16.770000      -0.465239       0.264400       0.175466       0.210420          0.000000
   16.780000      -0.462548       0.273787       0.172940       0.210420          0.000000
   16.790000      -0.459764       0.283079       0.170353       0.210420          0.000000
   16.800000      -0.456887       0.292274       0.167707       0.210420          0.000000
   16.810000      -0.453919       0.301370       0.165008       0.210420          0.000000
   16.820000      -0.450860       0.310363       0.162257       0.210420          0.000000
   16.830000      -0.447712       0.319253       0.159459       0.210420          0.000000
   16.840000      -0.444475       0.328036       0.156616       0.210420          0.000000
   16.850000      -0.441151       0.336710       0.153733       0.210420          0.000000
   16.860000      -0.437741       0.345274       0.150813       0.210420          0.000000
   16.870000      -0.434246       0.353726       0.147859       0.210420          0.000000
   16.880000      -0.430667       0.362064       0.144874       0.210420          0.000000
   16.890000      -0.427005       0.370286       0.141864       0.210420          0.000000
   16.900000      -0.423262       0.378391       0.138830       0.210420          0.000000
   16.910000      -0.419438       0.386378       0.135776       0.210420          0.000000
   16.920000      -0.415535       0.394244       0.132706       0.210420          0.000000
   16.930000      -0.411553       0.401989       0.129622       0.210420          0.000000
   16.940000      -0.407495       0.409612       0.126529       0.210420          0.000000
   16.950000      -0.403362       0.417111       0.123429       0.210420          0.000000
   16.960000      -0.399153       0.424485       0.120326       0.210420          0.000000
   16.970000      -0.394872       0.431735       0.117222       0.210420          0.000000
   16.980000      -0.390519       0.438858       0.114121       0.210420          0.000000
   16.990000      -0.386096       0.445854       0.111027       0.210420          0.000000
   17.000000      -0.381603       0.452723       0.107940       0.210420          0.000000
   17.010000      -0.377041       0.459464       0.104866       0.210420          0.000000
   17.020000      -0.372414       0.466077       0.101806       0.210420          0.000000
   17.030000      -0.367720       0.472561       0.098763       0.210420          0.000000
   17.040000      -0.362963       0.478916       0.095739       0.210420          0.000000
   17.050000      -0.358142       0.485142       0.092738       0.210420          0.000000
   17.060000      -0.353260       0.491239       0.089762       0.210420          0.000000
   17.070000      -0.348318       0.497207       0.086812       0.210420          0.000000
   17.080000      -0.343317       0.503045       0.083892       0.210420          0.000000
   17.090000      -0.338258       0.508755       0.081004       0.210420          0.000000
   17.100000      -0.333142       0.514336       0.078149       0.210420          0.000000
   17.110000      -0.327971       0.519788       0.075330       0.210420          0.000000
   17.120000      -0.322747       0.525112       0.072548       0.210420          0.000000
   17.130000      -0.317470       0.530308       0.069806       0.210420         -0.000000
   17.140000      -0.312141       0.535377       0.067105       0.210420         -0.000000
   17.150000      -0.306762       0.540320       0.064447       0.210420         -0.000000
   17.160000      -0.301335       0.545136       0.061833       0.210420         -0.000000
   17.170000      -0.295860       0.549826       0.059265       0.210420         -0.000000
   17.180000      -0.290339       0.554392       0.056744       0.210420         -0.000000
   17.190000      -0.284773       0.558834       0.054272       0.210420         -0.000000
   17.200000      -0.279163       0.563153       0.051849       0.210420         -0.000000
   17.210000      -0.273510       0.567349       0.049477       0.210420         -0.000000
   17.220000      -0.267816       0.571423       0.047157       0.210420         -0.000000
   17.230000      -0.262082       0.575378       0.044890       0.210420         -0.000000
   17.240000      -0.256309       0.579212       0.042676       0.210420         -0.000000
   17.250000      -0.250498       0.582928       0.040517       0.210420         -0.000000
   17.260000      -0.244651       0.586526       0.038413       0.210420         -0.000000
   17.270000      -0.238768       0.590008       0.036365       0.210420         -0.000000
   17.280000      -0.232851       0.593375       0.034373       0.210420         -0.000000
   17.290000      -0.226901       0.596628       0.032437       0.210420         -0.000000
   17.300000      -0.220919       0.599767       0.030559       0.210420         -0.000000
   17.310000      -0.214906       0.602795       0.028739       0.210420         -0.000000
   17.320000      -0.208863       0.605712       0.026976       0.210420         -0.000000
   17.330000      -0.202792       0.608520       0.025271       0.210420         -0.000000
   17.340000      -0.196693       0.611220       0.023625       0.210420         -0.000000
   17.350000      -0.190568       0.613813       0.022037       0.210420         -0.000000
   17.360000      -0.184417       0.616300       0.020507       0.210420         -0.000000
   17.370000      -0.178242       0.618684       0.019035       0.210420         -0.000000
   17.380000      -0.172044       0.620964       0.017621       0.210420         -0.000000
   17.390000      -0.165823       0.623144       0.016266       0.210420         -0.000000
   17.400000      -0.159581       0.625223       0.014968       0.210420         -0.000000
   17.410000      -0.153319       0.627203       0.013728       0.210420         -0.000000
   17.420000      -0.147038       0.629086       0.012545       0.210420         -0.000000
   17.430000      -0.140738       0.630873       0.011419       0.210420         -0.000000
   17.440000      -0.134421       0.632566       0.010350       0.210420         -0.000000
   17.450000      -0.128087       0.634165       0.009337       0.210420         -0.000000
   17.460000      -0.121738       0.635673       0.008380       0.210420         -0.000000
   17.470000      -0.115374       0.637090       0.007478       0.210420         -0.000000
   17.480000      -0.108996       0.638418       0.006631       0.210420         -0.000000
   17.490000      -0.102606       0.639659       0.005838       0.210420         -0.000000
   17.500000      -0.096203       0.640813       0.005099       0.210420         -0.000000
   17.510000      -0.089790       0.641883       0.004413       0.210420         -0.000000
   17.520000      -0.083366       0.642869       0.003779       0.210420         -0.000000
   17.530000      -0.076933       0.643773       0.003198       0.210420         -0.000000
   17.540000      -0.070491       0.644597       0.002667       0.210420         -0.000000
   17.550000      -0.064041       0.645341       0.002187       0.210420         -0.000000
   17.560000      -0.057584       0.646008       0.001757       0.210420         -0.000000
   17.570000      -0.051121       0.646597       0.001376       0.210420         -0.000000
   17.580000      -0.044652       0.647112       0.001043       0.210420         -0.000000
   17.590000      -0.038179       0.647553       0.000757       0.210420         -0.000000
   17.600000      -0.031702       0.647921       0.000519       0.210420         -0.000000
   17.610000      -0.025221       0.648218       0.000326       0.210420         -0.000000
   17.620000      -0.018737       0.648445       0.000179       0.210420         -0.000000
   17.630000      -0.012252       0.648604       0.000076       0.210420         -0.000000
   17.640000      -0.005766       0.648696       0.000017       0.210420         -0.000000
   17.650000       0.000722       0.648721       0.000000       0.210420         -0.000000
   17.660000       0.007209       0.648682       0.000026       0.210420         -0.000000
   17.670000       0.013695       0.648579       0.000093       0.210420         -0.000000
   17.680000       0.020180       0.648414       0.000200       0.210420         -0.000000
   17.690000       0.026663       0.648187       0.000346       0.210420         -0.000000
   17.700000       0.033144       0.647902       0.000531       0.210420         -0.000000
   17.710000       0.039621       0.647557       0.000755       0.210420         -0.000000
   17.720000       0.046095       0.647155       0.001015       0.210420         -0.000000
   17.730000       0.052564       0.646697       0.001311       0.210420         -0.000000
   17.740000       0.059028       0.646184       0.001643       0.210420         -0.000000
   17.750000       0.065487       0.645617       0.002009       0.210420         -0.000000
   17.760000       0.071940       0.644997       0.002409       0.210420         -0.000000
   17.770000       0.078387       0.644325       0.002842       0.210420         -0.000000
   17.780000       0.084827       0.643603       0.003307       0.210420         -0.000000
   17.790000       0.091259       0.642831       0.003804       0.210420         -0.000000
   17.800000       0.097683       0.642011       0.004330       0.210420         -0.000000
   17.810000       0.104099       0.641144       0.004887       0.210420         -0.000000
   17.820000       0.110506       0.640230       0.005473       0.210420         -0.000000
   17.830000       0.116904       0.639271       0.006086       0.210420         -0.000000
   17.840000       0.123291       0.638267       0.006727       0.210420         -0.000000
   17.850000       0.129669       0.637220       0.007395       0.210420         -0.000000
   17.860000       0.136036       0.636131       0.008088       0.210420         -0.000000
   17.870000       0.142391       0.635000       0.008807       0.210420         -0.000000
   17.880000       0.148735       0.633829       0.009550       0.210420         -0.000000
   17.890000       0.155068       0.632618       0.010317       0.210420         -0.000000
   17.900000       0.161388       0.631369       0.011106       0.210420         -0.000000
   17.910000       0.167695       0.630082       0.011918       0.210420         -0.000000
   17.920000       0.173989       0.628758       0.012751       0.210420         -0.000000
   17.930000       0.180270       0.627399       0.013605       0.210420         -0.000000
   17.940000       0.186537       0.626004       0.014479       0.210420         -0.000000
   17.950000       0.192790       0.624575       0.015373       0.210420         -0.000000
   17.960000       0.199028       0.623112       0.016285       0.210420         -0.000000
   17.970000       0.205252       0.621617       0.017216       0.210420         -0.000000
   17.980000       0.211461       0.620090       0.018164       0.210420         -0.000000
   17.990000       0.217654       0.618532       0.019129       0.210420         -0.000000
   18.000000       0.223831       0.616943       0.020110       0.210420         -0.000000
   18.010000       0.229993       0.615325       0.021107       0.210420         -0.000000
   18.020000       0.236138       0.613679       0.022119       0.210420         -0.000000
   18.030000       0.242266       0.612004       0.023145       0.210420         -0.000000
   18.040000       0.248378       0.610302       0.024186       0.210420         -0.000000
   18.050000       0.254472       0.608573       0.025239       0.210420         -0.000000
   18.060000       0.260549       0.606818       0.026306       0.210420         -0.000000
   18.070000       0.266608       0.605038       0.027384       0.210420         -0.000000
   18.080000       0.272650       0.603233       0.028475       0.210420         -0.000000
   18.090000       0.278673       0.601404       0.029576       0.210420         -0.000000
   18.100000       0.284678       0.599552       0.030688       0.210420         -0.000000
   18.110000       0.290664       0.597677       0.031811       0.210420         -0.000000
   18.120000       0.296631       0.595780       0.032943       0.210420         -0.000000
   18.130000       0.302579       0.593861       0.034084       0.210420         -0.000000
   18.140000       0.308508       0.591922       0.035234       0.210420         -0.000000
   18.150000       0.314418       0.589962       0.036392       0.210420         -0.000000
   18.160000       0.320307       0.587982       0.037558       0.210420         -0.000000
   18.170000       0.326177       0.585983       0.038732       0.210420         -0.000000
   18.180000       0.332027       0.583965       0.039912       0.210420         -0.000000
   18.190000       0.337856       0.581929       0.041099       0.210420         -0.000000
   18.200000       0.343665       0.579875       0.042292       0.210420         -0.000000
   18.210000       0.349454       0.577804       0.043491       0.210420         -0.000000
   18.220000       0.355222       0.575716       0.044695       0.210420         -0.000000
   18.230000       0.360968       0.573612       0.045904       0.210420         -0.000000
   18.240000       0.366694       0.571493       0.047118       0.210420         -0.000000
   18.250000       0.372398       0.569358       0.048336       0.210420         -0.000000
   18.260000       0.378081       0.567208       0.049557       0.210420         -0.000000
   18.270000       0.383742       0.565043       0.050783       0.210420         -0.000000
   18.280000       0.389382       0.562865       0.052011       0.210420         -0.000000
   18.290000       0.394999       0.560674       0.053242       0.210420         -0.000000
   18.300000       0.400595       0.558469       0.054476       0.210420         -0.000000
   18.310000       0.406169       0.556251       0.055712       0.210420         -0.000000
   18.320000       0.411720       0.554021       0.056950       0.210420         -0.000000
   18.330000       0.417249       0.551779       0.058189       0.210420         -0.000000
   18.340000       0.422756       0.549526       0.059430       0.210420         -0.000000
   18.350000       0.428240       0.547262       0.060672       0.210420         -0.000000
   18.360000       0.433701       0.544986       0.061915       0.210420         -0.000000
   18.370000       0.439139       0.542700       0.063158       0.210420         -0.000000
   18.380000       0.444555       0.540404       0.064401       0.210420         -0.000000
   18.390000       0.449947       0.538099       0.065644       0.210420         -0.000000
   18.400000       0.455317       0.535784       0.066888       0.210420         -0.000000
   18.410000       0.460663       0.533459       0.068130       0.210420         -0.000000
   18.420000       0.465986       0.531126       0.069372       0.210420         -0.000000
   18.430000       0.471285       0.528785       0.070613       0.210420         -0.000000
   18.440000       0.476562       0.526435       0.071853       0.210420         -0.000000
   18.450000       0.481814       0.524077       0.073091       0.210420         -0.000000
   18.460000       0.487043       0.521712       0.074328       0.210420         -0.000000
   18.470000       0.492248       0.519339       0.075563       0.210420         -0.000000
   18.480000       0.497430       0.516959       0.076796       0.210420         -0.000000
   18.490000       0.502587       0.514573       0.078027       0.210420         -0.000000
   18.500000       0.507721       0.512180       0.079256       0.210420         -0.000000
   18.510000       0.512831       0.509781       0.080482       0.210420         -0.000000
   18.520000       0.517917       0.507375       0.081705       0.210420         -0.000000
   18.530000       0.522979       0.504964       0.082925       0.210420         -0.000000
   18.540000       0.528016       0.502547       0.084143       0.210420         -0.000000
   18.550000       0.533029       0.500125       0.085357       0.210420         -0.000000
   18.560000       0.538019       0.497698       0.086568       0.210420         -0.000000
   18.570000       0.542983       0.495266       0.087775       0.210420         -0.000000
   18.580000       0.547924       0.492829       0.088979       0.210420         -0.000000
   18.590000       0.552840       0.490388       0.090179       0.210420         -0.000000
   18.600000       0.557732       0.487943       0.091375       0.210420         -0.000000
   18.610000       0.562599       0.485494       0.092568       0.210420         -0.000000
   18.620000       0.567442       0.483040       0.093756       0.210420         -0.000000
   18.630000       0.572260       0.480583       0.094939       0.210420         -0.000000
   18.640000       0.577053       0.478123       0.096119       0.210420         -0.000000
   18.650000       0.581822       0.475659       0.097294       0.210420         -0.000000
   18.660000       0.586566       0.473192       0.098464       0.210420         -0.000000
   18.670000       0.591286       0.470722       0.099630       0.210420         -0.000000
   18.680000       0.595981       0.468250       0.100791       0.210420         -0.000000
   18.690000       0.600651       0.465775       0.101947       0.210420         -0.000000
   18.700000       0.605296       0.463297       0.103098       0.210420         -0.000000
   18.710000       0.609917       0.460817       0.104244       0.210420         -0.000000
   18.720000       0.614513       0.458335       0.105384       0.210420         -0.000000
   18.730000       0.619084       0.455850       0.106520       0.210420         -0.000000
   18.740000       0.623630       0.453364       0.107650       0.210420         -0.000000
   18.750000       0.628151       0.450876       0.108775       0.210420         -0.000000
   18.760000       0.632647       0.448387       0.109894       0.210420         -0.000000
   18.770000       0.637119       0.445896       0.111008       0.210420         -0.000000
   18.780000       0.641565       0.443403       0.112116       0.210420         -0.000000
   18.790000       0.645987       0.440910       0.113219       0.210420         -0.000000
   18.800000       0.650383       0.438415       0.114316       0.210420         -0.000000
   18.810000       0.654755       0.435919       0.115407       0.210420         -0.000000
   18.820000       0.659102       0.433423       0.116492       0.210420         -0.000000
   18.830000       0.663423       0.430925       0.117571       0.210420         -0.000000
   18.840000       0.667720       0.428427       0.118645       0.210420         -0.000000
   18.850000       0.671992       0.425929       0.119712       0.210420         -0.000000
   18.860000       0.676239       0.423430       0.120773       0.210420         -0.000000
   18.870000       0.680460       0.420930       0.121828       0.210420         -0.000000
   18.880000       0.684657       0.418431       0.122878       0.210420         -0.000000
   18.890000       0.688829       0.415931       0.123920       0.210420         -0.000000
   18.900000       0.692976       0.413431       0.124957       0.210420         -0.000000
   18.910000       0.697098       0.410931       0.125988       0.210420         -0.000000
   18.920000       0.701195       0.408431       0.127012       0.210420         -0.000000
   18.930000       0.705266       0.405931       0.128030       0.210420         -0.000000
   18.940000       0.709313       0.403432       0.129041       0.210420         -0.000000
   18.950000       0.713335       0.400932       0.130046       0.210420         -0.000000
   18.960000       0.717332       0.398434       0.131045       0.210420         -0.000000
   18.970000       0.721304       0.395935       0.132037       0.210420         -0.000000
   18.980000       0.725250       0.393437       0.133023       0.210420         -0.000000
   18.990000       0.729172       0.390940       0.134003       0.210420         -0.000000
   19.000000       0.733069       0.388444       0.134975       0.210420         -0.000000
   19.010000       0.736941       0.385948       0.135942       0.210420         -0.000000
   19.020000       0.740788       0.383453       0.136902       0.210420         -0.000000
   19.030000       0.744610       0.380959       0.137855       0.210420         -0.000000
   19.040000       0.748407       0.378466       0.138802       0.210420         -0.000000
   19.050000       0.752180       0.375973       0.139742       0.210420         -0.000000
   19.060000       0.755927       0.373482       0.140675       0.210420         -0.000000
   19.070000       0.759649       0.370992       0.141602       0.210420         -0.000000
   19.080000       0.763347       0.368503       0.142523       0.210420         -0.000000
   19.090000       0.767019       0.366015       0.143436       0.210420         -0.000000
   19.100000       0.770667       0.363528       0.144343       0.210420         -0.000000
   19.110000       0.774290       0.361043       0.145244       0.210420         -0.000000
   19.120000       0.777888       0.358558       0.146138       0.210420         -0.000000
   19.130000       0.781461       0.356076       0.147025       0.210420         -0.000000
   19.140000       0.785009       0.353594       0.147905       0.210420         -0.000000
   19.150000       0.788533       0.351114       0.148779       0.210420         -0.000000
   19.160000       0.792032       0.348636       0.149646       0.210420         -0.000000
   19.170000       0.795506       0.346158       0.150507       0.210420         -0.000000
   19.180000       0.798955       0.343683       0.151361       0.210420         -0.000000
   19.190000       0.802379       0.341209       0.152208       0.210420         -0.000000
   19.200000       0.805779       0.338736       0.153048       0.210420         -0.000000
   19.210000       0.809154       0.336266       0.153882       0.210420         -0.000000
   19.220000       0.812504       0.333796       0.154710       0.210420         -0.000000
   19.230000       0.815830       0.331329       0.155530       0.210420         -0.000000
   19.240000       0.819131       0.328863       0.156344       0.210420         -0.000000
   19.250000       0.822407       0.326399       0.157151       0.210420         -0.000000
   19.260000       0.825659       0.323937       0.157952       0.210420         -0.000000
   19.270000       0.828886       0.321476       0.158746       0.210420         -0.000000
   19.280000       0.832088       0.319017       0.159534       0.210420         -0.000000
   19.290000       0.835266       0.316560       0.160314       0.210420         -0.000000
   19.300000       0.838420       0.314105       0.161089       0.210420         -0.000000
   19.310000       0.841548       0.311652       0.161856       0.210420         -0.000000
   19.320000       0.844653       0.309200       0.162617       0.210420         -0.000000
   19.330000       0.847732       0.306750       0.163372       0.210420         -0.000000
   19.340000       0.850788       0.304303       0.164120       0.210420         -0.000000
   19.350000       0.853819       0.301857       0.164861       0.210420         -0.000000
   19.360000       0.856825       0.299413       0.165596       0.210420         -0.000000
   19.370000       0.859807       0.296971       0.166324       0.210420         -0.000000
   19.380000       0.862764       0.294531       0.167045       0.210420         -0.000000
   19.390000       0.865697       0.292092       0.167761       0.210420         -0.000000
   19.400000       0.868606       0.289656       0.168469       0.210420         -0.000000
   19.410000       0.871491       0.287222       0.169171       0.210420         -0.000000
   19.420000       0.874351       0.284790       0.169867       0.210420         -0.000000
   19.430000       0.877186       0.282359       0.170556       0.210420         -0.000000
   19.440000       0.879998       0.279931       0.171239       0.210420         -0.000000
   19.450000       0.882785       0.277505       0.171915       0.210420         -0.000000
   19.460000       0.885548       0.275080       0.172585       0.210420         -0.000000
   19.470000       0.888287       0.272658       0.173249       0.210420         -0.000000
   19.480000       0.891001       0.270237       0.173906       0.210420         -0.000000
   19.490000       0.893691       0.267819       0.174556       0.210420         -0.000000
   19.500000       0.896357       0.265402       0.175200       0.210420         -0.000000
   19.510000       0.898999       0.262988       0.175838       0.210420         -0.000000
   19.520000       0.901617       0.260575       0.176470       0.210420         -0.000000
   19.530000       0.904211       0.258165       0.177095       0.210420         -0.000000
   19.540000       0.906780       0.255756       0.177714       0.210420         -0.000000
   19.550000       0.909326       0.253350       0.178327       0.210420         -0.000000
   19.560000       0.911848       0.250945       0.178933       0.210420         -0.000000
   19.570000       0.914345       0.248543       0.179533       0.210420         -0.000000
   19.580000       0.916818       0.246142       0.180127       0.210420         -0.000000
   19.590000       0.919268       0.243744       0.180714       0.210420         -0.000000
   19.600000       0.921693       0.241347       0.181295       0.210420         -0.000000
   19.610000       0.924095       0.238952       0.181871       0.210420         -0.000000
   19.620000       0.926472       0.236560       0.182439       0.210420         -0.000000
   19.630000       0.928826       0.234169       0.183002       0.210420         -0.000000
   19.640000       0.931156       0.231780       0.183559       0.210420         -0.000000
   19.650000       0.933462       0.229393       0.184109       0.210420         -0.000000
   19.660000       0.935744       0.227008       0.184653       0.210420         -0.000000
   19.670000       0.938002       0.224625       0.185191       0.210420         -0.000000
   19.680000       0.940236       0.222244       0.185723       0.210420         -0.000000
   19.690000       0.942447       0.219865       0.186249       0.210420         -0.000000
   19.700000       0.944633       0.217488       0.186769       0.210420         -0.000000
   19.710000       0.946796       0.215112       0.187283       0.210420         -0.000000
   19.720000       0.948936       0.212739       0.187791       0.210420         -0.000000
   19.730000       0.951051       0.210367       0.188293       0.210420         -0.000000
   19.740000       0.953143       0.207997       0.188788       0.210420         -0.000000
   19.750000       0.955211       0.205629       0.189278       0.210420         -0.000000
   19.760000       0.957256       0.203263       0.189762       0.210420         -0.000000
   19.770000       0.959276       0.200898       0.190240       0.210420         -0.000000
   19.780000       0.961274       0.198536       0.190711       0.210420         -0.000000
   19.790000       0.963247       0.196175       0.191177       0.210420         -0.000000
   19.800000       0.965197       0.193816       0.191637       0.210420         -0.000000
   19.810000       0.967123       0.191458       0.192091       0.210420         -0.000000
   19.820000       0.969026       0.189103       0.192540       0.210420         -0.000000
   19.830000       0.970905       0.186749       0.192982       0.210420         -0.000000
   19.840000       0.972761       0.184397       0.193419       0.210420         -0.000000
   19.850000       0.974593       0.182047       0.193849       0.210420         -0.000000
   19.860000       0.976402       0.179698       0.194274       0.210420         -0.000000
   19.870000       0.978187       0.177351       0.194693       0.210420         -0.000000
   19.880000       0.979949       0.175005       0.195106       0.210420         -0.000000
   19.890000       0.981687       0.172662       0.195514       0.210420         -0.000000
   19.900000       0.983402       0.170320       0.195915       0.210420         -0.000000
   19.910000       0.985094       0.167979       0.196311       0.210420         -0.000000
   19.920000       0.986762       0.165640       0.196701       0.210420         -0.000000
   19.930000       0.988407       0.163303       0.197086       0.210420         -0.000000
   19.940000       0.990028       0.160967       0.197464       0.210420         -0.000000
   19.950000       0.991626       0.158633       0.197837       0.210420         -0.000000
   19.960000       0.993201       0.156300       0.198205       0.210420         -0.000000
   19.970000       0.994752       0.153969       0.198566       0.210420         -0.000000
   19.980000       0.996280       0.151639       0.198922       0.210420         -0.000000
   19.990000       0.997785       0.149310       0.199273       0.210420         -0.000000
   20.000000       0.999266       0.146984       0.199618       0.210420         -0.000000
   20.010000       1.000724       0.144658       0.199957       0.210420         -0.000000
   20.020000       1.002159       0.142334       0.200290       0.210420         -0.000000
   20.030000       1.003571       0.140011       0.200618       0.210420         -0.000000
   20.040000       1.004960       0.137690       0.200940       0.210420         -0.000000
   20.050000       1.006325       0.135370       0.201257       0.210420         -0.000000
   20.060000       1.007667       0.133052       0.201568       0.210420         -0.000000
   20.070000       1.008986       0.130734       0.201874       0.210420         -0.000000
   20.080000       1.010282       0.128418       0.202174       0.210420         -0.000000
   20.090000       1.011554       0.126104       0.202469       0.210420         -0.000000
   20.100000       1.012804       0.123790       0.202758       0.210420         -0.000000
   20.110000       1.014030       0.121478       0.203041       0.210420         -0.000000
   20.120000       1.015233       0.119167       0.203319       0.210420         -0.000000
   20.130000       1.016414       0.116857       0.203592       0.210420         -0.000000
   20.140000       1.017571       0.114548       0.203859       0.210420         -0.000000
   20.150000       1.018705       0.112241       0.204121       0.210420         -0.000000
   20.160000       1.019815       0.109934       0.204377       0.210420         -0.000000
   20.170000       1.020903       0.107629       0.204628       0.210420         -0.000000
   20.180000       1.021968       0.105325       0.204873       0.210420         -0.000000
   20.190000       1.023010       0.103022       0.205113       0.210420         -0.000000
   20.200000       1.024028       0.100720       0.205347       0.210420         -0.000000
   20.210000       1.025024       0.098419       0.205577       0.210420         -0.000000
   20.220000       1.025997       0.096118       0.205800       0.210420         -0.000000
   20.230000       1.026946       0.093819       0.206019       0.210420         -0.000000
   20.240000       1.027873       0.091521       0.206232       0.210420         -0.000000
   20.250000       1.028777       0.089224       0.206439       0.210420         -0.000000
   20.260000       1.029658       0.086928       0.206641       0.210420         -0.000000
   20.270000       1.030515       0.084632       0.206838       0.210420         -0.000000
   20.280000       1.031350       0.082338       0.207030       0.210420         -0.000000
   20.290000       1.032162       0.080044       0.207216       0.210420         -0.000000
   20.300000       1.032951       0.077751       0.207397       0.210420         -0.000000
   20.310000       1.033717       0.075459       0.207573       0.210420         -0.000000
   20.320000       1.034460       0.073168       0.207743       0.210420         -0.000000
   20.330000       1.035181       0.070877       0.207908       0.210420         -0.000000
   20.340000       1.035878       0.068587       0.208068       0.210420         -0.000000
   20.350000       1.036552       0.066298       0.208222       0.210420         -0.000000
   20.360000       1.037204       0.064009       0.208371       0.210420         -0.000000
   20.370000       1.037833       0.061722       0.208515       0.210420         -0.000000
   20.380000       1.038438       0.059434       0.208653       0.210420         -0.000000
   20.390000       1.039021       0.057148       0.208787       0.210420         -0.000000
   20.400000       1.039581       0.054862       0.208915       0.210420         -0.000000
   20.410000       1.040118       0.052577       0.209037       0.210420         -0.000000
   20.420000       1.040633       0.050292       0.209155       0.210420         -0.000000
   20.430000       1.041124       0.048007       0.209267       0.210420         -0.000000
   20.440000       1.041593       0.045724       0.209374       0.210420         -0.000000
   20.450000       1.042039       0.043440       0.209476       0.210420         -0.000000
   20.460000       1.042462       0.041157       0.209573       0.210420         -0.000000
   20.470000       1.042862       0.038875       0.209664       0.210420         -0.000000
   20.480000       1.043239       0.036593       0.209750       0.210420         -0.000000
   20.490000       1.043594       0.034311       0.209831       0.210420         -0.000000
   20.500000       1.043925       0.032030       0.209907       0.210420         -0.000000
   20.510000       1.044234       0.029749       0.209977       0.210420         -0.000000
   20.520000       1.044520       0.027468       0.210042       0.210420         -0.000000
   20.530000       1.044784       0.025188       0.210102       0.210420         -0.000000
   20.540000       1.045024       0.022907       0.210157       0.210420         -0.000000
   20.550000       1.045242       0.020628       0.210207       0.210420         -0.000000
   20.560000       1.045437       0.018348       0.210251       0.210420         -0.000000
   20.570000       1.045609       0.016068       0.210291       0.210420         -0.000000
   20.580000       1.045758       0.013789       0.210325       0.210420         -0.000000
   20.590000       1.045885       0.011510       0.210353       0.210420         -0.000000
   20.600000       1.045988       0.009231       0.210377       0.210420         -0.000000
   20.610000       1.046069       0.006952       0.210395       0.210420         -0.000000
   20.620000       1.046127       0.004673       0.210409       0.210420         -0.000000
   20.630000       1.046163       0.002394       0.210417       0.210420         -0.000000
   20.640000       1.046175       0.000115       0.210420       0.210420         -0.000000
   20.650000       1.046165      -0.002164       0.210417       0.210420         -0.000000
   20.660000       1.046132      -0.004442       0.210410       0.210420         -0.000000
   20.670000       1.046076      -0.006721       0.210397       0.210420         -0.000000
   20.680000       1.045998      -0.009000       0.210379       0.210420         -0.000000
   20.690000       1.045896      -0.011279       0.210356       0.210420         -0.000000
   20.700000       1.045772      -0.013559       0.210328       0.210420         -0.000000
   20.710000       1.045625      -0.015838       0.210294       0.210420         -0.000000
   20.720000       1.045455      -0.018117       0.210256       0.210420         -0.000000
   20.730000       1.045263      -0.020397       0.210212       0.210420         -0.000000
   20.740000       1.045047      -0.022677       0.210163       0.210420         -0.000000
   20.750000       1.044809      -0.024957       0.210108       0.210420         -0.000000
   20.760000       1.044548      -0.027237       0.210049       0.210420         -0.000000
   20.770000       1.044264      -0.029518       0.209984       0.210420         -0.000000
   20.780000       1.043958      -0.031799       0.209914       0.210420         -0.000000
   20.790000       1.043628      -0.034080       0.209839       0.210420         -0.000000
   20.800000       1.043276      -0.036362       0.209759       0.210420         -0.000000
   20.810000       1.042901      -0.038644       0.209673       0.210420         -0.000000
   20.820000       1.042503      -0.040926       0.209582       0.210420         -0.000000
   20.830000       1.042083      -0.043209       0.209486       0.210420         -0.000000
   20.840000       1.041639      -0.045493       0.209385       0.210420         -0.000000
   20.850000       1.041173      -0.047776       0.209278       0.210420         -0.000000
   20.860000       1.040684      -0.050061       0.209167       0.210420         -0.000000
   20.870000       1.040172      -0.052346       0.209050       0.210420         -0.000000
   20.880000       1.039637      -0.054631       0.208927       0.210420         -0.000000
   20.890000       1.039079      -0.056917       0.208800       0.210420         -0.000000
   20.900000       1.038498      -0.059203       0.208667       0.210420         -0.000000
   20.910000       1.037895      -0.061490       0.208529       0.210420         -0.000000
   20.920000       1.037268      -0.063778       0.208386       0.210420         -0.000000
   20.930000       1.036619      -0.066067       0.208237       0.210420         -0.000000
   20.940000       1.035947      -0.068356       0.208083       0.210420         -0.000000
   20.950000       1.035252      -0.070645       0.207924       0.210420         -0.000000
   20.960000       1.034534      -0.072936       0.207760       0.210420         -0.000000
   20.970000       1.033793      -0.075227       0.207590       0.210420         -0.000000
   20.980000       1.033030      -0.077519       0.207415       0.210420         -0.000000
   20.990000       1.032243      -0.079812       0.207235       0.210420         -0.000000
   21.000000       1.031433      -0.082106       0.207049       0.210420         -0.000000
   21.010000       1.030601      -0.084400       0.206858       0.210420         -0.000000
   21.020000       1.029745      -0.086696       0.206662       0.210420         -0.000000
   21.030000       1.028867      -0.088992       0.206460       0.210420         -0.000000
   21.040000       1.027966      -0.091289       0.206253       0.210420         -0.000000
   21.050000       1.027041      -0.093587       0.206040       0.210420         -0.000000
   21.060000       1.026094      -0.095886       0.205823       0.210420         -0.000000
   21.070000       1.025124      -0.098186       0.205599       0.210420         -0.000000
   21.080000       1.024130      -0.100487       0.205371       0.210420         -0.000000
   21.090000       1.023114      -0.102789       0.205137       0.210420         -0.000000
   21.100000       1.022074      -0.105092       0.204897       0.210420         -0.000000
   21.110000       1.021012      -0.107396       0.204653       0.210420         -0.000000
   21.120000       1.019926      -0.109701       0.204402       0.210420         -0.000000
   21.130000       1.018818      -0.112008       0.204147       0.210420         -0.000000
   21.140000       1.017686      -0.114315       0.203886       0.210420         -0.000000
   21.150000       1.016532      -0.116624       0.203619       0.210420         -0.000000
   21.160000       1.015354      -0.118933       0.203347       0.210420         -0.000000
   21.170000       1.014153      -0.121244       0.203070       0.210420         -0.000000
   21.180000       1.012929      -0.123556       0.202787       0.210420         -0.000000
   21.190000       1.011682      -0.125870       0.202498       0.210420         -0.000000
   21.200000       1.010412      -0.128184       0.202204       0.210420         -0.000000
   21.210000       1.009118      -0.130500       0.201904       0.210420         -0.000000
   21.220000       1.007802      -0.132817       0.201599       0.210420         -0.000000
   21.230000       1.006462      -0.135136       0.201289       0.210420         -0.000000
   21.240000       1.005099      -0.137456       0.200973       0.210420         -0.000000
   21.250000       1.003713      -0.139777       0.200651       0.210420         -0.000000
   21.260000       1.002303      -0.142099       0.200324       0.210420         -0.000000
   21.270000       1.000871      -0.144423       0.199991       0.210420         -0.000000
   21.280000       0.999415      -0.146748       0.199652       0.210420         -0.000000
   21.290000       0.997936      -0.149075       0.199308       0.210420         -0.000000
   21.300000       0.996433      -0.151403       0.198958       0.210420         -0.000000
   21.310000       0.994908      -0.153733       0.198603       0.210420         -0.000000
   21.320000       0.993359      -0.156064       0.198242       0.210420         -0.000000
   21.330000       0.991786      -0.158397       0.197875       0.210420         -0.000000
   21.340000       0.990191      -0.160731       0.197502       0.210420         -0.000000
   21.350000       0.988572      -0.163066       0.197124       0.210420         -0.000000
   21.360000       0.986929      -0.165404       0.196740       0.210420         -0.000000
   21.370000       0.985264      -0.167742       0.196351       0.210420         -0.000000
   21.380000       0.983574      -0.170083       0.195956       0.210420         -0.000000
   21.390000       0.981862      -0.172425       0.195554       0.210420         -0.000000
   21.400000       0.980126      -0.174768       0.195148       0.210420         -0.000000
   21.410000       0.978367      -0.177114       0.194735       0.210420         -0.000000
   21.420000       0.976584      -0.179461       0.194317       0.210420         -0.000000
   21.430000       0.974777      -0.181809       0.193892       0.210420         -0.000000
   21.440000       0.972948      -0.184159       0.193462       0.210420         -0.000000
   21.450000       0.971094      -0.186511       0.193026       0.210420         -0.000000
   21.460000       0.969217      -0.188865       0.192585       0.210420         -0.000000
   21.470000       0.967317      -0.191220       0.192137       0.210420         -0.000000
   21.480000       0.965393      -0.193577       0.191684       0.210420         -0.000000
   21.490000       0.963445      -0.195936       0.191224       0.210420         -0.000000
   21.500000       0.961474      -0.198297       0.190759       0.210420         -0.000000
   21.510000       0.959479      -0.200659       0.190288       0.210420         -0.000000
   21.520000       0.957461      -0.203024       0.189810       0.210420         -0.000000
   21.530000       0.955419      -0.205390       0.189327       0.210420         -0.000000
   21.540000       0.953353      -0.207757       0.188838       0.210420         -0.000000
   21.550000       0.951264      -0.210127       0.188343       0.210420         -0.000000
   21.560000       0.949151      -0.212499       0.187842       0.210420         -0.000000
   21.570000       0.947014      -0.214872       0.187335       0.210420         -0.000000
   21.580000       0.944853      -0.217247       0.186821       0.210420         -0.000000
   21.590000       0.942669      -0.219624       0.186302       0.210420         -0.000000
   21.600000       0.940461      -0.222004       0.185777       0.210420         -0.000000
   21.610000       0.938229      -0.224384       0.185245       0.210420         -0.000000
   21.620000       0.935973      -0.226767       0.184708       0.210420         -0.000000
   21.630000       0.933693      -0.229152       0.184164       0.210420         -0.000000
   21.640000       0.931390      -0.231539       0.183615       0.210420         -0.000000
   21.650000       0.929063      -0.233927       0.183059       0.210420         -0.000000
   21.660000       0.926711      -0.236318       0.182497       0.210420         -0.000000
   21.670000       0.924336      -0.238710       0.181928       0.210420         -0.000000
   21.680000       0.921937      -0.241105       0.181354       0.210420         -0.000000
   21.690000       0.919514      -0.243501       0.180773       0.210420         -0.000000
   21.700000       0.917067      -0.245900       0.180186       0.210420         -0.000000
   21.710000       0.914596      -0.248300       0.179593       0.210420         -0.000000
   21.720000       0.912101      -0.250702       0.178994       0.210420         -0.000000
   21.730000       0.909582      -0.253107       0.178388       0.210420         -0.000000
   21.740000       0.907039      -0.255513       0.177776       0.210420         -0.000000
   21.750000       0.904472      -0.257921       0.177158       0.210420         -0.000000
   21.760000       0.901881      -0.260332       0.176533       0.210420         -0.000000
   21.770000       0.899265      -0.262744       0.175902       0.210420         -0.000000
   21.780000       0.896626      -0.265158       0.175265       0.210420         -0.000000
   21.790000       0.893962      -0.267574       0.174622       0.210420         -0.000000
   21.800000       0.891274      -0.269993       0.173972       0.210420         -0.000000
   21.810000       0.888562      -0.272413       0.173315       0.210420         -0.000000
   21.820000       0.885826      -0.274835       0.172652       0.210420         -0.000000
   21.830000       0.883065      -0.277259       0.171983       0.210420         -0.000000
   21.840000       0.880281      -0.279686       0.171308       0.210420         -0.000000
   21.850000       0.877472      -0.282114       0.170626       0.210420         -0.000000
   21.860000       0.874638      -0.284544       0.169937       0.210420         -0.000000
   21.870000       0.871781      -0.286976       0.169242       0.210420         -0.000000
   21.880000       0.868899      -0.289410       0.168541       0.210420         -0.000000
   21.890000       0.865993      -0.291846       0.167833       0.210420         -0.000000
   21.900000       0.863062      -0.294284       0.167118       0.210420         -0.000000
   21.910000       0.860107      -0.296724       0.166397       0.210420         -0.000000
   21.920000       0.857127      -0.299166       0.165670       0.210420         -0.000000
   21.930000       0.854124      -0.301610       0.164935       0.210420         -0.000000
   21.940000       0.851095      -0.304055       0.164195       0.210420         -0.000000
   21.950000       0.848042      -0.306503       0.163448       0.210420         -0.000000
   21.960000       0.844965      -0.308952       0.162694       0.210420         -0.000000
   21.970000       0.841863      -0.311404       0.161934       0.210420         -0.000000
   21.980000       0.838737      -0.313857       0.161167       0.210420         -0.000000
   21.990000       0.835586      -0.316312       0.160393       0.210420         -0.000000
   22.000000       0.832411      -0.318769       0.159613       0.210420         -0.000000
   22.010000       0.829211      -0.321227       0.158826       0.210420         -0.000000
   22.020000       0.825986      -0.323688       0.158033       0.210420         -0.000000
   22.030000       0.822737      -0.326150       0.157233       0.210420         -0.000000
   22.040000       0.819463      -0.328614       0.156426       0.210420         -0.000000
   22.050000       0.816165      -0.331080       0.155613       0.210420         -0.000000
   22.060000       0.812842      -0.333547       0.154793       0.210420         -0.000000
   22.070000       0.809494      -0.336016       0.153966       0.210420         -0.000000
   22.080000       0.806121      -0.338487       0.153133       0.210420         -0.000000
   22.090000       0.802724      -0.340959       0.152293       0.210420         -0.000000
   22.100000       0.799302      -0.343433       0.151447       0.210420         -0.000000
   22.110000       0.795856      -0.345908       0.150593       0.210420         -0.000000
   22.120000       0.792384      -0.348385       0.149734       0.210420         -0.000000
   22.130000       0.788888      -0.350863       0.148867       0.210420         -0.000000
   22.140000       0.785367      -0.353343       0.147994       0.210420         -0.000000
   22.150000       0.781821      -0.355825       0.147114       0.210420         -0.000000
   22.160000       0.778250      -0.358307       0.146228       0.210420         -0.000000
   22.170000       0.774655      -0.360791       0.145334       0.210420         -0.000000
   22.180000       0.771034      -0.363277       0.144435       0.210420         -0.000000
   22.190000       0.767389      -0.365763       0.143528       0.210420         -0.000000
   22.200000       0.763719      -0.368251       0.142615       0.210420         -0.000000
   22.210000       0.760024      -0.370740       0.141696       0.210420         -0.000000
   22.220000       0.756304      -0.373230       0.140769       0.210420         -0.000000
   22.230000       0.752560      -0.375721       0.139836       0.210420         -0.000000
   22.240000       0.748790      -0.378213       0.138897       0.210420         -0.000000
   22.250000       0.744995      -0.380707       0.137951       0.210420         -0.000000
   22.260000       0.741176      -0.383201       0.136998       0.210420         -0.000000
   22.270000       0.737331      -0.385696       0.136039       0.210420         -0.000000
   22.280000       0.733462      -0.388191       0.135073       0.210420         -0.000000
   22.290000       0.729568      -0.390688       0.134101       0.210420         -0.000000
   22.300000       0.725648      -0.393185       0.133122       0.210420         -0.000000
   22.310000       0.721704      -0.395683       0.132137       0.210420         -0.000000
   22.320000       0.717734      -0.398181       0.131146       0.210420         -0.000000
   22.330000       0.713740      -0.400680       0.130148       0.210420         -0.000000
   22.340000       0.709721      -0.403179       0.129143       0.210420         -0.000000
   22.350000       0.705677      -0.405678       0.128132       0.210420         -0.000000
   22.360000       0.701607      -0.408178       0.127115       0.210420         -0.000000
   22.370000       0.697513      -0.410678       0.126091       0.210420         -0.000000
   22.380000       0.693394      -0.413178       0.125062       0.210420         -0.000000
   22.390000       0.689249      -0.415678       0.124026       0.210420         -0.000000
   22.400000       0.685080      -0.418178       0.122983       0.210420         -0.000000
   22.410000       0.680886      -0.420678       0.121935       0.210420         -0.000000
   22.420000       0.676667      -0.423177       0.120880       0.210420         -0.000000
   22.430000       0.672422      -0.425676       0.119820       0.210420         -0.000000
   22.440000       0.668153      -0.428175       0.118753       0.210420         -0.000000
   22.450000       0.663859      -0.430673       0.117680       0.210420         -0.000000
   22.460000       0.659540      -0.433170       0.116601       0.210420         -0.000000
   22.470000       0.655196      -0.435667       0.115517       0.210420         -0.000000
   22.480000       0.650826      -0.438163       0.114426       0.210420         -0.000000
   22.490000       0.646432      -0.440658       0.113330       0.210420         -0.000000
   22.500000       0.642013      -0.443151       0.112228       0.210420         -0.000000
   22.510000       0.637569      -0.445644       0.111120       0.210420         -0.000000
   22.520000       0.633100      -0.448135       0.110007       0.210420         -0.000000
   22.530000       0.628607      -0.450625       0.108888       0.210420         -0.000000
   22.540000       0.624088      -0.453113       0.107764       0.210420         -0.000000
   22.550000       0.619544      -0.455599       0.106634       0.210420         -0.000000
   22.560000       0.614976      -0.458083       0.105499       0.210420         -0.000000
   22.570000       0.610383      -0.460566       0.104359       0.210420         -0.000000
   22.580000       0.605765      -0.463046       0.103214       0.210420         -0.000000
   22.590000       0.601122      -0.465524       0.102063       0.210420         -0.000000
   22.600000       0.596454      -0.468000       0.100908       0.210420         -0.000000
   22.610000       0.591762      -0.470473       0.099747       0.210420         -0.000000
   22.620000       0.587045      -0.472943       0.098582       0.210420         -0.000000
   22.630000       0.582303      -0.475410       0.097412       0.210420         -0.000000
   22.640000       0.577536      -0.477874       0.096238       0.210420         -0.000000
   22.650000       0.572745      -0.480335       0.095059       0.210420         -0.000000
   22.660000       0.567930      -0.482792       0.093876       0.210420         -0.000000
   22.670000       0.563090      -0.485246       0.092688       0.210420         -0.000000
   22.680000       0.558225      -0.487696       0.091496       0.210420         -0.000000
   22.690000       0.553336      -0.490141       0.090300       0.210420         -0.000000
   22.700000       0.548422      -0.492583       0.089101       0.210420         -0.000000
   22.710000       0.543484      -0.495020       0.087897       0.210420         -0.000000
   22.720000       0.538522      -0.497452       0.086690       0.210420         -0.000000
   22.730000       0.533535      -0.499880       0.085480       0.210420         -0.000000
   22.740000       0.528524      -0.502303       0.084266       0.210420         -0.000000
   22.750000       0.523489      -0.504720       0.083049       0.210420         -0.000000
   22.760000       0.518430      -0.507132       0.081828       0.210420         -0.000000
   22.770000       0.513346      -0.509538       0.080605       0.210420         -0.000000
   22.780000       0.508239      -0.511938       0.079380       0.210420         -0.000000
   22.790000       0.503108      -0.514331       0.078151       0.210420         -0.000000
   22.800000       0.497952      -0.516718       0.076921       0.210420         -0.000000
   22.810000       0.492773      -0.519099       0.075688       0.210420         -0.000000
   22.820000       0.487570      -0.521472       0.074453       0.210420         -0.000000
   22.830000       0.482344      -0.523838       0.073216       0.210420         -0.000000
   22.840000       0.477094      -0.526197       0.071978       0.210420         -0.000000
   22.850000       0.471820      -0.528547       0.070738       0.210420         -0.000000
   22.860000       0.466523      -0.530890       0.069498       0.210420         -0.000000
   22.870000       0.461202      -0.533224       0.068256       0.210420         -0.000000
   22.880000       0.455858      -0.535549       0.067013       0.210420         -0.000000
   22.890000       0.450491      -0.537865       0.065770       0.210420         -0.000000
   22.900000       0.445101      -0.540172       0.064527       0.210420         -0.000000
   22.910000       0.439688      -0.542469       0.063283       0.210420         -0.000000
   22.920000       0.434252      -0.544756       0.062040       0.210420         -0.000000
   22.930000       0.428793      -0.547032       0.060798       0.210420         -0.000000
   22.940000       0.423311      -0.549298       0.059556       0.210420         -0.000000
   22.950000       0.417807      -0.551552       0.058315       0.210420         -0.000000
   22.960000       0.412280      -0.553795       0.057075       0.210420         -0.000000
   22.970000       0.406731      -0.556026       0.055837       0.210420         -0.000000
   22.980000       0.401160      -0.558245       0.054601       0.210420         -0.000000
   22.990000       0.395566      -0.560451       0.053367       0.210420         -0.000000
   23.000000       0.389951      -0.562644       0.052135       0.210420         -0.000000
   23.010000       0.384313      -0.564824       0.050907       0.210420         -0.000000
   23.020000       0.378654      -0.566990       0.049681       0.210420         -0.000000
   23.030000       0.372974      -0.569141       0.048459       0.210420         -0.000000
   23.040000       0.367271      -0.571277       0.047241       0.210420         -0.000000
   23.050000       0.361548      -0.573399       0.046027       0.210420         -0.000000
   23.060000       0.355803      -0.575504       0.044817       0.210420         -0.000000
   23.070000       0.350038      -0.577594       0.043612       0.210420         -0.000000
   23.080000       0.344252      -0.579666       0.042413       0.210420         -0.000000
   23.090000       0.338445      -0.581722       0.041219       0.210420         -0.000000
   23.100000       0.332617      -0.583760       0.040032       0.210420         -0.000000
   23.110000       0.326770      -0.585780       0.038851       0.210420         -0.000000
   23.120000       0.320902      -0.587781       0.037677       0.210420         -0.000000
   23.130000       0.315014      -0.589762       0.036510       0.210420         -0.000000
   23.140000       0.309107      -0.591724       0.035351       0.210420         -0.000000
   23.150000       0.303180      -0.593666       0.034200       0.210420         -0.000000
   23.160000       0.297233      -0.595587       0.033058       0.210420         -0.000000
   23.170000       0.291268      -0.597486       0.031925       0.210420         -0.000000
   23.180000       0.285284      -0.599363       0.030801       0.210420         -0.000000
   23.190000       0.279281      -0.601218       0.029688       0.210420         -0.000000
   23.200000       0.273259      -0.603049       0.028586       0.210420         -0.000000
   23.210000       0.267220      -0.604856       0.027494       0.210420         -0.000000
   23.220000       0.261162      -0.606639       0.026414       0.210420         -0.000000
   23.230000       0.255087      -0.608396       0.025346       0.210420         -0.000000
   23.240000       0.248995      -0.610128       0.024292       0.210420         -0.000000
   23.250000       0.242885      -0.611833       0.023250       0.210420         -0.000000
   23.260000       0.236758      -0.613511       0.022222       0.210420         -0.000000
   23.270000       0.230615      -0.615160       0.021209       0.210420         -0.000000
   23.280000       0.224455      -0.616781       0.020210       0.210420         -0.000000
   23.290000       0.218279      -0.618372       0.019227       0.210420         -0.000000
   23.300000       0.212087      -0.619934       0.018261       0.210420         -0.000000
   23.310000       0.205880      -0.621464       0.017311       0.210420         -0.000000
   23.320000       0.199658      -0.622962       0.016379       0.210420         -0.000000
   23.330000       0.193421      -0.624428       0.015464       0.210420         -0.000000
   23.340000       0.187170      -0.625861       0.014569       0.210420         -0.000000
   23.350000       0.180904      -0.627259       0.013693       0.210420         -0.000000
   23.360000       0.174625      -0.628623       0.012836       0.210420         -0.000000
   23.370000       0.168332      -0.629950       0.012001       0.210420         -0.000000
   23.380000       0.162026      -0.631241       0.011187       0.210420         -0.000000
   23.390000       0.155707      -0.632494       0.010395       0.210420         -0.000000
   23.400000       0.149376      -0.633708       0.009626       0.210420         -0.000000
   23.410000       0.143033      -0.634884       0.008881       0.210420         -0.000000
   23.420000       0.136679      -0.636018       0.008160       0.210420         -0.000000
   23.430000       0.130313      -0.637112       0.007464       0.210420         -0.000000
   23.440000       0.123937      -0.638163       0.006794       0.210420         -0.000000
   23.450000       0.117550      -0.639171       0.006150       0.210420         -0.000000
   23.460000       0.111153      -0.640135       0.005533       0.210420         -0.000000
   23.470000       0.104747      -0.641053       0.004945       0.210420         -0.000000
   23.480000       0.098332      -0.641926       0.004385       0.210420         -0.000000
   23.490000       0.091909      -0.642751       0.003855       0.210420         -0.000000
   23.500000       0.085478      -0.643527       0.003356       0.210420         -0.000000
   23.510000       0.079039      -0.644255       0.002888       0.210420         -0.000000
   23.520000       0.072593      -0.644931       0.002451       0.210420         -0.000000
   23.530000       0.066140      -0.645557       0.002048       0.210420         -0.000000
   23.540000       0.059682      -0.646129       0.001678       0.210420         -0.000000
   23.550000       0.053218      -0.646648       0.001343       0.210420         -0.000000
   23.560000       0.046749      -0.647111       0.001043       0.210420         -0.000000
   23.570000       0.040276      -0.647519       0.000779       0.210420         -0.000000
   23.580000       0.033799      -0.647869       0.000552       0.210420         -0.000000
   23.590000       0.027318      -0.648161       0.000363       0.210420         -0.000000
   23.600000       0.020836      -0.648393       0.000213       0.210420         -0.000000
   23.610000       0.014351      -0.648565       0.000102       0.210420         -0.000000
   23.620000       0.007865      -0.648674       0.000031       0.210420         -0.000000
   23.630000       0.001378      -0.648720       0.000001       0.210420         -0.000000
   23.640000      -0.005110      -0.648701       0.000013       0.210420         -0.000000
   23.650000      -0.011596      -0.648616       0.000068       0.210420         -0.000000
   23.660000      -0.018082      -0.648465       0.000166       0.210420         -0.000000
   23.670000      -0.024565      -0.648244       0.000309       0.210420         -0.000000
   23.680000      -0.031046      -0.647954       0.000497       0.210420         -0.000000
   23.690000      -0.037524      -0.647593       0.000731       0.210420         -0.000000
   23.700000      -0.043998      -0.647160       0.001012       0.210420         -0.000000
   23.710000      -0.050467      -0.646653       0.001340       0.210420         -0.000000
   23.720000      -0.056931      -0.646071       0.001716       0.210420         -0.000000
   23.730000      -0.063388      -0.645412       0.002141       0.210420         -0.000000
   23.740000      -0.069839      -0.644676       0.002616       0.210420         -0.000000
   23.750000      -0.076282      -0.643860       0.003142       0.210420         -0.000000
   23.760000      -0.082716      -0.642964       0.003718       0.210420         -0.000000
   23.770000      -0.089141      -0.641986       0.004346       0.210420         -0.000000
   23.780000      -0.095555      -0.640925       0.005027       0.210420         -0.000000
   23.790000      -0.101959      -0.639780       0.005761       0.210420         -0.000000
   23.800000      -0.108351      -0.638548       0.006548       0.210420         -0.000000
   23.810000      -0.114729      -0.637228       0.007390       0.210420         -0.000000
   23.820000      -0.121095      -0.635820       0.008286       0.210420         -0.000000
   23.830000      -0.127446      -0.634322       0.009238       0.210420         -0.000000
   23.840000      -0.133781      -0.632732       0.010245       0.210420         -0.000000
   23.850000      -0.140100      -0.631049       0.011308       0.210420         -0.000000
   23.860000      -0.146402      -0.629271       0.012428       0.210420         -0.000000
   23.870000      -0.152685      -0.627398       0.013606       0.210420         -0.000000
   23.880000      -0.158949      -0.625427       0.014840       0.210420         -0.000000
   23.890000      -0.165193      -0.623358       0.016132       0.210420         -0.000000
   23.900000      -0.171416      -0.621189       0.017482       0.210420         -0.000000
   23.910000      -0.177617      -0.618919       0.018889       0.210420         -0.000000
   23.920000      -0.183794      -0.616546       0.020355       0.210420         -0.000000
   23.930000      -0.189947      -0.614069       0.021879       0.210420         -0.000000
   23.940000      -0.196075      -0.611487       0.023462       0.210420         -0.000000
   23.950000      -0.202177      -0.608798       0.025102       0.210420         -0.000000
   23.960000      -0.208251      -0.606001       0.026801       0.210420         -0.000000
   23.970000      -0.214296      -0.603095       0.028558       0.210420         -0.000000
   23.980000      -0.220312      -0.600078       0.030373       0.210420         -0.000000
   23.990000      -0.226297      -0.596950       0.032245       0.210420         -0.000000
   24.000000      -0.232251      -0.593709       0.034174       0.210420         -0.000000
   24.010000      -0.238171      -0.590354       0.036161       0.210420         -0.000000
   24.020000      -0.244058      -0.586884       0.038203       0.210420         -0.000000
   24.030000      -0.249909      -0.583297       0.040302       0.210420         -0.000000
   24.040000      -0.255723      -0.579593       0.042456       0.210420         -0.000000
   24.050000      -0.261500      -0.575771       0.044664       0.210420         -0.000000
   24.060000      -0.267238      -0.571829       0.046926       0.210420         -0.000000
   24.070000      -0.272936      -0.567766       0.049240       0.210420         -0.000000
   24.080000      -0.278593      -0.563582       0.051607       0.210420         -0.000000
   24.090000      -0.284207      -0.559276       0.054025       0.210420         -0.000000
   24.100000      -0.289778      -0.554847       0.056492       0.210420         -0.000000
   24.110000      -0.295304      -0.550294       0.059008       0.210420         -0.000000
   24.120000      -0.300784      -0.545616       0.061571       0.210420         -0.000000
   24.130000      -0.306216      -0.540812       0.064181       0.210420         -0.000000
   24.140000      -0.311599      -0.535883       0.066834       0.210420         -0.000000
   24.150000      -0.316933      -0.530827       0.069531       0.210420         -0.000000
   24.160000      -0.322216      -0.525643       0.072269       0.210420         -0.000000
   24.170000      -0.327446      -0.520332       0.075047       0.210420          0.000000
   24.180000      -0.332622      -0.514893       0.077862       0.210420          0.000000
   24.190000      -0.337743      -0.509325       0.080714       0.210420          0.000000
   24.200000      -0.342808      -0.503629       0.083599       0.210420          0.000000
   24.210000      -0.347815      -0.497803       0.086516       0.210420          0.000000
   24.220000      -0.352763      -0.491848       0.089462       0.210420          0.000000
   24.230000      -0.357652      -0.485765       0.092436       0.210420          0.000000
   24.240000      -0.362478      -0.479552       0.095435       0.210420          0.000000
   24.250000      -0.367242      -0.473210       0.098456       0.210420          0.000000
   24.260000      -0.371942      -0.466739       0.101497       0.210420          0.000000
   24.270000      -0.376577      -0.460139       0.104556       0.210420          0.000000
   24.280000      -0.381144      -0.453411       0.107629       0.210420          0.000000
   24.290000      -0.385644      -0.446555       0.110714       0.210420          0.000000
   24.300000      -0.390075      -0.439571       0.113808       0.210420          0.000000
   24.310000      -0.394435      -0.432461       0.116909       0.210420          0.000000
   24.320000      -0.398724      -0.425224       0.120012       0.210420          0.000000
   24.330000      -0.402939      -0.417862       0.123115       0.210420          0.000000
   24.340000      -0.407081      -0.410375       0.126216       0.210420          0.000000
   24.350000      -0.411147      -0.402765       0.129310       0.210420          0.000000
   24.360000      -0.415136      -0.395033       0.132394       0.210420          0.000000
   24.370000      -0.419047      -0.387178       0.135466       0.210420          0.000000
   24.380000      -0.422879      -0.379204       0.138522       0.210420          0.000000
   24.390000      -0.426630      -0.371111       0.141558       0.210420          0.000000
   24.400000      -0.430301      -0.362901       0.144571       0.210420          0.000000
   24.410000      -0.433888      -0.354574       0.147558       0.210420          0.000000
   24.420000      -0.437392      -0.346134       0.150515       0.210420          0.000000
   24.430000      -0.440810      -0.337581       0.153439       0.210420          0.000000
   24.440000      -0.444143      -0.328918       0.156326       0.210420          0.000000
   24.450000      -0.447388      -0.320146       0.159173       0.210420          0.000000
   24.460000      -0.450546      -0.311267       0.161976       0.210420          0.000000
   24.470000      -0.453613      -0.302284       0.164732       0.210420          0.000000
   24.480000      -0.456591      -0.293199       0.167437       0.210420          0.000000
   24.490000      -0.459477      -0.284014       0.170088       0.210420          0.000000
   24.500000      -0.462271      -0.274731       0.172681       0.210420          0.000000
   24.510000      -0.464971      -0.265354       0.175213       0.210420          0.000000
   24.520000      -0.467578      -0.255884       0.177681       0.210420          0.000000
   24.530000      -0.470089      -0.246325       0.180082       0.210420         -0.000000
   24.540000      -0.472504      -0.236679       0.182411       0.210420         -0.000000
   24.550000      -0.474822      -0.226949       0.184667       0.210420         -0.000000
   24.560000      -0.477042      -0.217139       0.186845       0.210420         -0.000000
   24.570000      -0.479165      -0.207251       0.188943       0.210420         -0.000000
   24.580000      -0.481187      -0.197288       0.190958       0.210420         -0.000000
   24.590000      -0.483110      -0.187253       0.192888       0.210420         -0.000000
   24.600000      -0.484932      -0.177151       0.194728       0.210420         -0.000000
   24.610000      -0.486653      -0.166984       0.196478       0.210420         -0.000000
   24.620000      -0.488272      -0.156756       0.198133       0.210420         -0.000000
   24.630000      -0.489788      -0.146470       0.199693       0.210420         -0.000000
   24.640000      -0.491201      -0.136130       0.201154       0.210420         -0.000000
   24.650000      -0.492510      -0.125739       0.202514       0.210420         -0.000000
   24.660000      -0.493715      -0.115302       0.203772       0.210420         -0.000000
   24.670000      -0.494816      -0.104822       0.204926       0.210420         -0.000000
   24.680000      -0.495812      -0.094303       0.205973       0.210420         -0.000000
   24.690000      -0.496702      -0.083748       0.206913       0.210420         -0.000000
   24.700000      -0.497487      -0.073162       0.207743       0.210420         -0.000000
   24.710000      -0.498165      -0.062548       0.208464       0.210420         -0.000000
   24.720000      -0.498737      -0.051910       0.209072       0.210420         -0.000000
   24.730000      -0.499203      -0.041253       0.209569       0.210420         -0.000000
   24.740000      -0.499562      -0.030581       0.209952       0.210420         -0.000000
   24.750000      -0.499815      -0.019897       0.210222       0.210420         -0.000000
   24.760000      -0.499960      -0.009205       0.210377       0.210420         -0.000000
   24.770000      -0.499999       0.001490       0.210419       0.210420         -0.000000
   24.780000      -0.499931       0.012185       0.210345       0.210420         -0.000000
   24.790000      -0.499755       0.022875       0.210158       0.210420         -0.000000
   24.800000      -0.499473       0.033556       0.209857       0.210420         -0.000000
   24.810000      -0.499084       0.044225       0.209442       0.210420         -0.000000
   24.820000      -0.498589       0.054877       0.208914       0.210420         -0.000000
   24.830000      -0.497987       0.065508       0.208274       0.210420         -0.000000
   24.840000      -0.497279       0.076115       0.207523       0.210420         -0.000000
   24.850000      -0.496465       0.086692       0.206662       0.210420         -0.000000
   24.860000      -0.495545       0.097238       0.205692       0.210420         -0.000000
   24.870000      -0.494520       0.107747       0.204615       0.210420         -0.000000
   24.880000      -0.493390       0.118215       0.203432       0.210420         -0.000000
   24.890000      -0.492156       0.128640       0.202146       0.210420         -0.000000
   24.900000      -0.490817       0.139017       0.200757       0.210420         -0.000000
   24.910000      -0.489376       0.149342       0.199268       0.210420         -0.000000
   24.920000      -0.487831       0.159612       0.197682       0.210420         -0.000000
   24.930000      -0.486184       0.169824       0.196000       0.210420         -0.000000
   24.940000      -0.484434       0.179973       0.194225       0.210420         -0.000000
   24.950000      -0.482584       0.190057       0.192359       0.210420         -0.000000
   24.960000      -0.480634       0.200071       0.190405       0.210420         -0.000000
   24.970000      -0.478583       0.210014       0.188367       0.210420         -0.000000
   24.980000      -0.476434       0.219881       0.186246       0.210420         -0.000000
   24.990000      -0.474186       0.229669       0.184046       0.210420         -0.000000
   25.000000      -0.471840       0.239376       0.181769       0.210420         -0.000000
   25.010000      -0.469399       0.248998       0.179420       0.210420         -0.000000
   25.020000      -0.466861       0.258532       0.177000       0.210420         -0.000000
   25.030000      -0.464228       0.267976       0.174514       0.210420         -0.000000
   25.040000      -0.461502       0.277327       0.171964       0.210420         -0.000000
   25.050000      -0.458682       0.286583       0.169355       0.210420         -0.000000
   25.060000      -0.455770       0.295741       0.166688       0.210420          0.000000
   25.070000      -0.452767       0.304798       0.163969       0.210420          0.000000
   25.080000      -0.449675       0.313752       0.161200       0.210420          0.000000
   25.090000      -0.446493       0.322601       0.158384       0.210420          0.000000
   25.100000      -0.443223       0.331343       0.155526       0.210420          0.000000
   25.110000      -0.439866       0.339976       0.152628       0.210420          0.000000
   25.120000      -0.436424       0.348497       0.149694       0.210420          0.000000
   25.130000      -0.432897       0.356906       0.146729       0.210420          0.000000
   25.140000      -0.429286       0.365200       0.143734       0.210420          0.000000
   25.150000      -0.425593       0.373378       0.140714       0.210420          0.000000
   25.160000      -0.421819       0.381438       0.137672       0.210420          0.000000
   25.170000      -0.417965       0.389379       0.134612       0.210420          0.000000
   25.180000      -0.414032       0.397200       0.131536       0.210420          0.000000
   25.190000      -0.410021       0.404898       0.128448       0.210420          0.000000
   25.200000      -0.405934       0.412474       0.125352       0.210420          0.000000
   25.210000      -0.401772       0.419926       0.122251       0.210420          0.000000
   25.220000      -0.397536       0.427253       0.119147       0.210420          0.000000
   25.230000      -0.393227       0.434455       0.116044       0.210420          0.000000
   25.240000      -0.388847       0.441530       0.112945       0.210420          0.000000
   25.250000      -0.384397       0.448478       0.109853       0.210420          0.000000
   25.260000      -0.379878       0.455299       0.106771       0.210420          0.000000
   25.270000      -0.375292       0.461991       0.103702       0.210420          0.000000
   25.280000      -0.370639       0.468555       0.100648       0.210420          0.000000
   25.290000      -0.365921       0.474990       0.097612       0.210420          0.000000
   25.300000      -0.361140       0.481296       0.094597       0.210420          0.000000
   25.310000      -0.356296       0.487473       0.091605       0.210420          0.000000
   25.320000      -0.351390       0.493521       0.088638       0.210420         -0.000000
   25.330000      -0.346426       0.499439       0.085700       0.210420         -0.000000
   25.340000      -0.341402       0.505229       0.082791       0.210420         -0.000000
   25.350000      -0.336321       0.510890       0.079916       0.210420         -0.000000
   25.360000      -0.331185       0.516421       0.077074       0.210420         -0.000000
   25.370000      -0.325993       0.521825       0.074269       0.210420         -0.000000
   25.380000      -0.320749       0.527100       0.071502       0.210420         -0.000000
   25.390000      -0.315452       0.532248       0.068775       0.210420         -0.000000
   25.400000      -0.310104       0.537269       0.066091       0.210420         -0.000000
   25.410000      -0.304707       0.542164       0.063449       0.210420         -0.000000
   25.420000      -0.299261       0.546932       0.060852       0.210420         -0.000000
   25.430000      -0.293769       0.551575       0.058302       0.210420         -0.000000
   25.440000      -0.288230       0.556094       0.055800       0.210420         -0.000000
   25.450000      -0.282647       0.560489       0.053346       0.210420         -0.000000
   25.460000      -0.277021       0.564761       0.050942       0.210420         -0.000000
   25.470000      -0.271352       0.568911       0.048590       0.210420         -0.000000
   25.480000      -0.265643       0.572939       0.046290       0.210420         -0.000000
   25.490000      -0.259894       0.576848       0.044043       0.210420         -0.000000
   25.500000      -0.254106       0.580637       0.041850       0.210420         -0.000000
   25.510000      -0.248282       0.584308       0.039712       0.210420         -0.000000
   25.520000      -0.242421       0.587862       0.037629       0.210420         -0.000000
   25.530000      -0.236525       0.591300       0.035602       0.210420         -0.000000
   25.540000      -0.230595       0.594624       0.033631       0.210420         -0.000000
   25.550000      -0.224633       0.597833       0.031717       0.210420         -0.000000
   25.560000      -0.218639       0.600930       0.029861       0.210420         -0.000000
   25.570000      -0.212614       0.603916       0.028063       0.210420         -0.000000
   25.580000      -0.206561       0.606791       0.026322       0.210420         -0.000000
   25.590000      -0.200479       0.609558       0.024639       0.210420         -0.000000
   25.600000      -0.194370       0.612217       0.023015       0.210420         -0.000000
   25.610000      -0.188235       0.614770       0.021449       0.210420         -0.000000
   25.620000      -0.182075       0.617218       0.019941       0.210420         -0.000000
   25.630000      -0.175891       0.619562       0.018491       0.210420         -0.000000
   25.640000      -0.169684       0.621804       0.017100       0.210420         -0.000000
   25.650000      -0.163455       0.623945       0.015766       0.210420         -0.000000
   25.660000      -0.157206       0.625986       0.014490       0.210420         -0.000000
   25.670000      -0.150936       0.627930       0.013272       0.210420         -0.000000
   25.680000      -0.144647       0.629776       0.012111       0.210420         -0.000000
   25.690000      -0.138341       0.631527       0.011006       0.210420         -0.000000
   25.700000      -0.132017       0.633184       0.009959       0.210420         -0.000000
   25.710000      -0.125677       0.634749       0.008967       0.210420         -0.000000
   25.720000      -0.119322       0.636222       0.008031       0.210420         -0.000000
   25.730000      -0.112953       0.637605       0.007150       0.210420         -0.000000
   25.740000      -0.106571       0.638900       0.006323       0.210420         -0.000000
   25.750000      -0.100175       0.640107       0.005551       0.210420         -0.000000
   25.760000      -0.093769       0.641230       0.004832       0.210420         -0.000000
   25.770000      -0.087351       0.642267       0.004166       0.210420         -0.000000
   25.780000      -0.080924       0.643222       0.003552       0.210420         -0.000000
   25.790000      -0.074487       0.644096       0.002990       0.210420         -0.000000
   25.800000      -0.068042       0.644889       0.002479       0.210420         -0.000000
   25.810000      -0.061589       0.645603       0.002018       0.210420         -0.000000
   25.820000      -0.055130       0.646241       0.001606       0.210420         -0.000000
   25.830000      -0.048665       0.646802       0.001243       0.210420         -0.000000
   25.840000      -0.042194       0.647288       0.000929       0.210420         -0.000000
   25.850000      -0.035719       0.647701       0.000661       0.210420         -0.000000
   25.860000      -0.029241       0.648042       0.000440       0.210420         -0.000000
   25.870000      -0.022759       0.648313       0.000265       0.210420         -0.000000
   25.880000      -0.016275       0.648514       0.000135       0.210420         -0.000000
   25.890000      -0.009789       0.648647       0.000048       0.210420         -0.000000
   25.900000      -0.003302       0.648713       0.000005       0.210420         -0.000000
   25.910000       0.003185       0.648713       0.000005       0.210420         -0.000000
   25.920000       0.009672       0.648650       0.000046       0.210420         -0.000000
   25.930000       0.016158       0.648523       0.000128       0.210420         -0.000000
   25.940000       0.022642       0.648335       0.000251       0.210420         -0.000000
   25.950000       0.029125       0.648086       0.000412       0.210420         -0.000000
   25.960000       0.035604       0.647778       0.000612       0.210420         -0.000000
   25.970000       0.042080       0.647411       0.000849       0.210420         -0.000000
   25.980000       0.048552       0.646988       0.001123       0.210420         -0.000000
   25.990000       0.055020       0.646509       0.001433       0.210420         -0.000000
   26.000000       0.061482       0.645975       0.001778       0.210420         -0.000000
   26.010000       0.067939       0.645388       0.002157       0.210420         -0.000000
   26.020000       0.074390       0.644748       0.002570       0.210420         -0.000000
   26.030000       0.080834       0.644057       0.003015       0.210420         -0.000000
   26.040000       0.087271       0.643316       0.003492       0.210420         -0.000000
   26.050000       0.093700       0.642526       0.004000       0.210420         -0.000000
   26.060000       0.100121       0.641687       0.004538       0.210420         -0.000000
   26.070000       0.106533       0.640802       0.005106       0.210420         -0.000000
   26.080000       0.112937       0.639871       0.005702       0.210420         -0.000000
   26.090000       0.119331       0.638895       0.006327       0.210420         -0.000000
   26.100000       0.125715       0.637874       0.006978       0.210420         -0.000000
   26.110000       0.132088       0.636811       0.007655       0.210420         -0.000000
   26.120000       0.138451       0.635706       0.008358       0.210420         -0.000000
   26.130000       0.144802       0.634560       0.009086       0.210420         -0.000000
   26.140000       0.151142       0.633374       0.009838       0.210420         -0.000000
   26.150000       0.157469       0.632148       0.010614       0.210420         -0.000000
   26.160000       0.163785       0.630885       0.011412       0.210420         -0.000000
   26.170000       0.170087       0.629584       0.012232       0.210420         -0.000000
   26.180000       0.176376       0.628246       0.013073       0.210420         -0.000000
   26.190000       0.182652       0.626873       0.013935       0.210420         -0.000000
   26.200000       0.188913       0.625465       0.014816       0.210420         -0.000000
   26.210000       0.195161       0.624023       0.015717       0.210420         -0.000000
   26.220000       0.201394       0.622548       0.016637       0.210420         -0.000000
   26.230000       0.207612       0.621041       0.017574       0.210420         -0.000000
   26.240000       0.213814       0.619502       0.018528       0.210420         -0.000000
   26.250000       0.220002       0.617932       0.019500       0.210420         -0.000000
   26.260000       0.226173       0.616332       0.020487       0.210420         -0.000000
   26.270000       0.232328       0.614703       0.021490       0.210420         -0.000000
   26.280000       0.238467       0.613046       0.022507       0.210420         -0.000000
   26.290000       0.244589       0.611361       0.023539       0.210420         -0.000000
   26.300000       0.250694       0.609648       0.024584       0.210420         -0.000000
   26.310000       0.256782       0.607909       0.025643       0.210420         -0.000000
   26.320000       0.262852       0.606145       0.026714       0.210420         -0.000000
   26.330000       0.268905       0.604355       0.027797       0.210420         -0.000000
   26.340000       0.274939       0.602541       0.028892       0.210420         -0.000000
   26.350000       0.280955       0.600703       0.029997       0.210420         -0.000000
   26.360000       0.286953       0.598843       0.031113       0.210420         -0.000000
   26.370000       0.292932       0.596959       0.032240       0.210420         -0.000000
   26.380000       0.298892       0.595054       0.033375       0.210420         -0.000000
   26.390000       0.304833       0.593127       0.034520       0.210420         -0.000000
   26.400000       0.310755       0.591180       0.035673       0.210420         -0.000000
   26.410000       0.316657       0.589212       0.036834       0.210420         -0.000000
   26.420000       0.322539       0.587225       0.038003       0.210420         -0.000000
   26.430000       0.328401       0.585219       0.039179       0.210420         -0.000000
   26.440000       0.334243       0.583194       0.040362       0.210420         -0.000000
   26.450000       0.340065       0.581151       0.041552       0.210420         -0.000000
   26.460000       0.345866       0.579090       0.042747       0.210420         -0.000000
   26.470000       0.351647       0.577013       0.043948       0.210420         -0.000000
   26.480000       0.357406       0.574919       0.045154       0.210420         -0.000000
   26.490000       0.363145       0.572809       0.046365       0.210420         -0.000000
   26.500000       0.368863       0.570683       0.047580       0.210420         -0.000000
   26.510000       0.374559       0.568543       0.048799       0.210420         -0.000000
   26.520000       0.380233       0.566387       0.050022       0.210420         -0.000000
   26.530000       0.385886       0.564218       0.051249       0.210420         -0.000000
   26.540000       0.391518       0.562035       0.052478       0.210420         -0.000000
   26.550000       0.397127       0.559838       0.053710       0.210420         -0.000000
   26.560000       0.402714       0.557628       0.054945       0.210420         -0.000000
   26.570000       0.408280       0.555406       0.056182       0.210420         -0.000000
   26.580000       0.413822       0.553171       0.057420       0.210420         -0.000000
   26.590000       0.419343       0.550925       0.058660       0.210420         -0.000000
   26.600000       0.424841       0.548667       0.059902       0.210420         -0.000000
   26.610000       0.430316       0.546399       0.061144       0.210420         -0.000000
   26.620000       0.435769       0.544119       0.062387       0.210420         -0.000000
   26.630000       0.441199       0.541830       0.063630       0.210420         -0.000000
   26.640000       0.446605       0.539530       0.064873       0.210420         -0.000000
   26.650000       0.451989       0.537221       0.066117       0.210420         -0.000000
   26.660000       0.457350       0.534902       0.067360       0.210420         -0.000000
   26.670000       0.462687       0.532574       0.068602       0.210420         -0.000000
   26.680000       0.468001       0.530238       0.069844       0.210420         -0.000000
   26.690000       0.473292       0.527893       0.071084       0.210420         -0.000000
   26.700000       0.478559       0.525540       0.072323       0.210420         -0.000000
   26.710000       0.483803       0.523180       0.073561       0.210420         -0.000000
   26.720000       0.489023       0.520812       0.074797       0.210420         -0.000000
   26.730000       0.494219       0.518436       0.076032       0.210420         -0.000000
   26.740000       0.499391       0.516054       0.077264       0.210420         -0.000000
   26.750000       0.504540       0.513665       0.078494       0.210420         -0.000000
   26.760000       0.509665       0.511269       0.079721       0.210420         -0.000000
   26.770000       0.514765       0.508868       0.080946       0.210420         -0.000000
   26.780000       0.519842       0.506460       0.082169       0.210420         -0.000000
   26.790000       0.524895       0.504047       0.083388       0.210420         -0.000000
   26.800000       0.529923       0.501628       0.084604       0.210420         -0.000000
   26.810000       0.534927       0.499204       0.085817       0.210420         -0.000000
   26.820000       0.539907       0.496775       0.087027       0.210420         -0.000000
   26.830000       0.544863       0.494341       0.088233       0.210420         -0.000000
   26.840000       0.549794       0.491903       0.089435       0.210420         -0.000000
   26.850000       0.554701       0.489460       0.090634       0.210420         -0.000000
   26.860000       0.559583       0.487013       0.091829       0.210420         -0.000000
   26.870000       0.564441       0.484562       0.093019       0.210420         -0.000000
   26.880000       0.569274       0.482108       0.094206       0.210420         -0.000000
   26.890000       0.574083       0.479649       0.095388       0.210420         -0.000000
   26.900000       0.578867       0.477188       0.096566       0.210420         -0.000000
   26.910000       0.583627       0.474723       0.097739       0.210420         -0.000000
   26.920000       0.588362       0.472255       0.098907       0.210420         -0.000000
   26.930000       0.593072       0.469784       0.100071       0.210420         -0.000000
   26.940000       0.597757       0.467310       0.101230       0.210420         -0.000000
   26.950000       0.602418       0.464834       0.102384       0.210420         -0.000000
   26.960000       0.607054       0.462355       0.103533       0.210420         -0.000000
   26.970000       0.611665       0.459874       0.104677       0.210420         -0.000000
   26.980000       0.616251       0.457391       0.105816       0.210420         -0.000000
   26.990000       0.620813       0.454906       0.106950       0.210420         -0.000000
   27.000000       0.625350       0.452420       0.108078       0.210420         -0.000000
   27.010000       0.629861       0.449931       0.109201       0.210420         -0.000000
   27.020000       0.634348       0.447441       0.110318       0.210420         -0.000000
   27.030000       0.638810       0.444949       0.111430       0.210420         -0.000000
   27.040000       0.643247       0.442457       0.112536       0.210420         -0.000000
   27.050000       0.647659       0.439963       0.113636       0.210420         -0.000000
   27.060000       0.652046       0.437467       0.114731       0.210420         -0.000000
   27.070000       0.656409       0.434971       0.115820       0.210420         -0.000000
   27.080000       0.660746       0.432474       0.116903       0.210420         -0.000000
   27.090000       0.665058       0.429977       0.117980       0.210420         -0.000000
   27.100000       0.669345       0.427479       0.119051       0.210420         -0.000000
   27.110000       0.673608       0.424980       0.120116       0.210420         -0.000000
   27.120000       0.677845       0.422481       0.121175       0.210420         -0.000000
   27.130000       0.682057       0.419981       0.122228       0.210420         -0.000000
   27.140000       0.686245       0.417481       0.123274       0.210420         -0.000000
   27.150000       0.690407       0.414981       0.124315       0.210420         -0.000000
   27.160000       0.694544       0.412481       0.125349       0.210420         -0.000000
   27.170000       0.698657       0.409981       0.126377       0.210420         -0.000000
   27.180000       0.702744       0.407481       0.127399       0.210420         -0.000000
   27.190000       0.706806       0.404982       0.128415       0.210420         -0.000000
   27.200000       0.710843       0.402482       0.129424       0.210420         -0.000000
   27.210000       0.714856       0.399983       0.130426       0.210420         -0.000000
   27.220000       0.718843       0.397485       0.131423       0.210420         -0.000000
   27.230000       0.722805       0.394987       0.132412       0.210420         -0.000000
   27.240000       0.726743       0.392489       0.133396       0.210420         -0.000000
   27.250000       0.730655       0.389992       0.134373       0.210420         -0.000000
   27.260000       0.734543       0.387496       0.135343       0.210420         -0.000000
   27.270000       0.738405       0.385000       0.136307       0.210420         -0.000000
   27.280000       0.742243       0.382506       0.137264       0.210420         -0.000000
   27.290000       0.746055       0.380012       0.138215       0.210420         -0.000000
   27.300000       0.749843       0.377519       0.139159       0.210420         -0.000000
   27.310000       0.753606       0.375027       0.140097       0.210420         -0.000000
   27.320000       0.757344       0.372536       0.141028       0.210420         -0.000000
   27.330000       0.761056       0.370046       0.141952       0.210420         -0.000000
   27.340000       0.764744       0.367558       0.142870       0.210420         -0.000000
   27.350000       0.768408       0.365070       0.143782       0.210420         -0.000000
   27.360000       0.772046       0.362584       0.144686       0.210420         -0.000000
   27.370000       0.775659       0.360099       0.145584       0.210420         -0.000000
   27.380000       0.779248       0.357615       0.146475       0.210420         -0.000000
   27.390000       0.782812       0.355133       0.147360       0.210420         -0.000000
   27.400000       0.786350       0.352652       0.148238       0.210420         -0.000000
   27.410000       0.789865       0.350173       0.149109       0.210420         -0.000000
   27.420000       0.793354       0.347695       0.149974       0.210420         -0.000000
   27.430000       0.796819       0.345218       0.150832       0.210420         -0.000000
   27.440000       0.800258       0.342743       0.151683       0.210420         -0.000000
   27.450000       0.803673       0.340270       0.152528       0.210420         -0.000000
   27.460000       0.807064       0.337798       0.153366       0.210420         -0.000000
   27.470000       0.810429       0.335328       0.154197       0.210420         -0.000000
   27.480000       0.813770       0.332859       0.155022       0.210420         -0.000000
   27.490000       0.817087       0.330392       0.155840       0.210420         -0.000000
   27.500000       0.820378       0.327927       0.156652       0.210420         -0.000000
   27.510000       0.823645       0.325464       0.157456       0.210420         -0.000000
   27.520000       0.826887       0.323002       0.158255       0.210420         -0.000000
   27.530000       0.830105       0.320542       0.159046       0.210420         -0.000000
   27.540000       0.833298       0.318084       0.159831       0.210420         -0.000000
   27.550000       0.836467       0.315628       0.160609       0.210420         -0.000000
   27.560000       0.839611       0.313173       0.161381       0.210420         -0.000000
   27.570000       0.842730       0.310720       0.162146       0.210420         -0.000000
   27.580000       0.845825       0.308270       0.162905       0.210420         -0.000000
   27.590000       0.848896       0.305821       0.163657       0.210420         -0.000000
   27.600000       0.851942       0.303374       0.164402       0.210420         -0.000000
   27.610000       0.854963       0.300928       0.165141       0.210420         -0.000000
   27.620000       0.857960       0.298485       0.165873       0.210420         -0.000000
   27.630000       0.860933       0.296044       0.166599       0.210420         -0.000000
   27.640000       0.863881       0.293604       0.167318       0.210420         -0.000000
   27.650000       0.866805       0.291167       0.168031       0.210420         -0.000000
   27.660000       0.869704       0.288732       0.168737       0.210420         -0.000000
   27.670000       0.872580       0.286298       0.169436       0.210420         -0.000000
   27.680000       0.875430       0.283866       0.170130       0.210420         -0.000000
   27.690000       0.878257       0.281437       0.170816       0.210420         -0.000000
   27.700000       0.881059       0.279009       0.171497       0.210420         -0.000000
   27.710000       0.883837       0.276584       0.172170       0.210420         -0.000000
   27.720000       0.886591       0.274160       0.172838       0.210420         -0.000000
   27.730000       0.889320       0.271738       0.173499       0.210420         -0.000000
   27.740000       0.892026       0.269319       0.174153       0.210420         -0.000000
   27.750000       0.894707       0.266901       0.174802       0.210420         -0.000000
   27.760000       0.897364       0.264485       0.175443       0.210420         -0.000000
   27.770000       0.899996       0.262071       0.176079       0.210420         -0.000000
   27.780000       0.902605       0.259660       0.176708       0.210420         -0.000000
   27.790000       0.905190       0.257250       0.177331       0.210420         -0.000000
   27.800000       0.907750       0.254842       0.177947       0.210420         -0.000000
   27.810000       0.910286       0.252437       0.178558       0.210420         -0.000000
   27.820000       0.912799       0.250033       0.179161       0.210420         -0.000000
   27.830000       0.915287       0.247631       0.179759       0.210420         -0.000000
   27.840000       0.917751       0.245231       0.180350       0.210420         -0.000000
   27.850000       0.920192       0.242833       0.180936       0.210420         -0.000000
   27.860000       0.922608       0.240437       0.181515       0.210420         -0.000000
   27.870000       0.925001       0.238044       0.182087       0.210420         -0.000000
   27.880000       0.927369       0.235652       0.182654       0.210420         -0.000000
   27.890000       0.929714       0.233262       0.183214       0.210420         -0.000000
   27.900000       0.932034       0.230873       0.183768       0.210420         -0.000000
   27.910000       0.934331       0.228487       0.184316       0.210420         -0.000000
   27.920000       0.936604       0.226103       0.184858       0.210420         -0.000000
   27.930000       0.938853       0.223721       0.185394       0.210420         -0.000000
   27.940000       0.941078       0.221340       0.185924       0.210420         -0.000000
   27.950000       0.943280       0.218962       0.186447       0.210420         -0.000000
   27.960000       0.945458       0.216585       0.186965       0.210420         -0.000000
   27.970000       0.947612       0.214210       0.187477       0.210420         -0.000000
   27.980000       0.949742       0.211838       0.187982       0.210420         -0.000000
   27.990000       0.951848       0.209467       0.188482       0.210420         -0.000000
   28.000000       0.953931       0.207097       0.188975       0.210420         -0.000000
   28.010000       0.955990       0.204730       0.189462       0.210420         -0.000000
   28.020000       0.958026       0.202365       0.189944       0.210420         -0.000000
   28.030000       0.960038       0.200001       0.190419       0.210420         -0.000000
   28.040000       0.962026       0.197639       0.190889       0.210420         -0.000000
   28.050000       0.963990       0.195279       0.191353       0.210420         -0.000000
   28.060000       0.965931       0.192920       0.191811       0.210420         -0.000000
   28.070000       0.967849       0.190564       0.192262       0.210420         -0.000000
   28.080000       0.969743       0.188209       0.192708       0.210420         -0.000000
   28.090000       0.971613       0.185856       0.193148       0.210420         -0.000000
   28.100000       0.973460       0.183504       0.193583       0.210420         -0.000000
   28.110000       0.975283       0.181154       0.194011       0.210420         -0.000000
   28.120000       0.977083       0.178806       0.194434       0.210420         -0.000000
   28.130000       0.978859       0.176460       0.194851       0.210420         -0.000000
   28.140000       0.980612       0.174115       0.195262       0.210420         -0.000000
   28.150000       0.982342       0.171772       0.195667       0.210420         -0.000000
   28.160000       0.984048       0.169430       0.196066       0.210420         -0.000000
   28.170000       0.985730       0.167091       0.196460       0.210420         -0.000000
   28.180000       0.987389       0.164752       0.196848       0.210420         -0.000000
   28.190000       0.989025       0.162415       0.197230       0.210420         -0.000000
   28.200000       0.990638       0.160080       0.197607       0.210420         -0.000000
   28.210000       0.992227       0.157746       0.197978       0.210420         -0.000000
   28.220000       0.993793       0.155414       0.198343       0.210420         -0.000000
   28.230000       0.995335       0.153084       0.198702       0.210420         -0.000000
   28.240000       0.996854       0.150754       0.199056       0.210420         -0.000000
   28.250000       0.998350       0.148427       0.199404       0.210420         -0.000000
   28.260000       0.999823       0.146100       0.199747       0.210420         -0.000000
   28.270000       1.001272       0.143775       0.200084       0.210420         -0.000000
   28.280000       1.002698       0.141452       0.200415       0.210420         -0.000000
   28.290000       1.004101       0.139130       0.200741       0.210420         -0.000000
   28.300000       1.005481       0.136809       0.201061       0.210420         -0.000000
   28.310000       1.006837       0.134490       0.201376       0.210420         -0.000000
   28.320000       1.008171       0.132171       0.201685       0.210420         -0.000000
   28.330000       1.009481       0.129855       0.201989       0.210420         -0.000000
   28.340000       1.010768       0.127539       0.202287       0.210420         -0.000000
   28.350000       1.012032       0.125225       0.202579       0.210420         -0.000000
   28.360000       1.013272       0.122912       0.202866       0.210420         -0.000000
   28.370000       1.014490       0.120600       0.203147       0.210420         -0.000000
   28.380000       1.015684       0.118290       0.203423       0.210420         -0.000000
   28.390000       1.016856       0.115980       0.203694       0.210420         -0.000000
   28.400000       1.018004       0.113672       0.203959       0.210420         -0.000000
   28.410000       1.019129       0.111365       0.204219       0.210420         -0.000000
   28.420000       1.020231       0.109059       0.204473       0.210420         -0.000000
   28.430000       1.021310       0.106754       0.204721       0.210420         -0.000000
   28.440000       1.022366       0.104450       0.204965       0.210420         -0.000000
   28.450000       1.023399       0.102147       0.205203       0.210420         -0.000000
   28.460000       1.024409       0.099846       0.205435       0.210420         -0.000000
   28.470000       1.025396       0.097545       0.205662       0.210420         -0.000000
   28.480000       1.026360       0.095245       0.205884       0.210420         -0.000000
   28.490000       1.027301       0.092946       0.206100       0.210420         -0.000000
   28.500000       1.028219       0.090649       0.206311       0.210420         -0.000000
   28.510000       1.029114       0.088352       0.206517       0.210420         -0.000000
   28.520000       1.029986       0.086056       0.206717       0.210420         -0.000000
   28.530000       1.030835       0.083761       0.206912       0.210420         -0.000000
   28.540000       1.031661       0.081466       0.207101       0.210420         -0.000000
   28.550000       1.032465       0.079173       0.207285       0.210420         -0.000000
   28.560000       1.033245       0.076880       0.207464       0.210420         -0.000000
   28.570000       1.034002       0.074589       0.207638       0.210420         -0.000000
   28.580000       1.034737       0.072298       0.207806       0.210420         -0.000000
   28.590000       1.035448       0.070007       0.207969       0.210420         -0.000000
   28.600000       1.036137       0.067718       0.208127       0.210420         -0.000000
   28.610000       1.036802       0.065429       0.208279       0.210420         -0.000000
   28.620000       1.037445       0.063141       0.208426       0.210420         -0.000000
   28.630000       1.038065       0.060853       0.208568       0.210420         -0.000000
   28.640000       1.038662       0.058566       0.208705       0.210420         -0.000000
   28.650000       1.039237       0.056280       0.208836       0.210420         -0.000000
   28.660000       1.039788       0.053994       0.208962       0.210420         -0.000000
   28.670000       1.040316       0.051709       0.209083       0.210420         -0.000000
   28.680000       1.040822       0.049424       0.209198       0.210420         -0.000000
   28.690000       1.041305       0.047140       0.209309       0.210420         -0.000000
   28.700000       1.041765       0.044856       0.209414       0.210420         -0.000000
   28.710000       1.042202       0.042573       0.209513       0.210420         -0.000000
   28.720000       1.042616       0.040290       0.209608       0.210420         -0.000000
   28.730000       1.043008       0.038008       0.209697       0.210420         -0.000000
   28.740000       1.043377       0.035726       0.209781       0.210420         -0.000000
   28.750000       1.043722       0.033445       0.209860       0.210420         -0.000000
   28.760000       1.044045       0.031163       0.209934       0.210420         -0.000000
   28.770000       1.044346       0.028882       0.210003       0.210420         -0.000000
   28.780000       1.044623       0.026602       0.210066       0.210420         -0.000000
   28.790000       1.044878       0.024322       0.210124       0.210420         -0.000000
   28.800000       1.045110       0.022042       0.210177       0.210420         -0.000000
   28.810000       1.045319       0.019762       0.210224       0.210420         -0.000000
   28.820000       1.045505       0.017482       0.210267       0.210420         -0.000000
   28.830000       1.045668       0.015203       0.210304       0.210420         -0.000000
   28.840000       1.045809       0.012923       0.210336       0.210420         -0.000000
   28.850000       1.045927       0.010644       0.210363       0.210420         -0.000000
   28.860000       1.046022       0.008365       0.210385       0.210420         -0.000000
   28.870000       1.046094       0.006086       0.210401       0.210420         -0.000000
   28.880000       1.046143       0.003807       0.210412       0.210420         -0.000000
   28.890000       1.046170       0.001529       0.210418       0.210420         -0.000000
   28.900000       1.046174      -0.000750       0.210419       0.210420         -0.000000
   28.910000       1.046155      -0.003029       0.210415       0.210420         -0.000000
   28.920000       1.046113      -0.005308       0.210406       0.210420         -0.000000
   28.930000       1.046049      -0.007587       0.210391       0.210420         -0.000000
   28.940000       1.045962      -0.009866       0.210371       0.210420         -0.000000
   28.950000       1.045852      -0.012145       0.210346       0.210420         -0.000000
   28.960000       1.045719      -0.014424       0.210316       0.210420         -0.000000
   28.970000       1.045563      -0.016704       0.210280       0.210420         -0.000000
   28.980000       1.045385      -0.018983       0.210239       0.210420         -0.000000
   28.990000       1.045184      -0.021263       0.210194       0.210420         -0.000000
   29.000000       1.044959      -0.023543       0.210143       0.210420         -0.000000
   29.010000       1.044713      -0.025823       0.210086       0.210420         -0.000000
   29.020000       1.044443      -0.028104       0.210025       0.210420         -0.000000
   29.030000       1.044151      -0.030384       0.209958       0.210420         -0.000000
   29.040000       1.043835      -0.032665       0.209886       0.210420         -0.000000
   29.050000       1.043497      -0.034947       0.209809       0.210420         -0.000000
   29.060000       1.043136      -0.037229       0.209727       0.210420         -0.000000
   29.070000       1.042753      -0.039511       0.209639       0.210420         -0.000000
   29.080000       1.042346      -0.041793       0.209546       0.210420         -0.000000
   29.090000       1.041917      -0.044076       0.209448       0.210420         -0.000000
   29.100000       1.041465      -0.046360       0.209345       0.210420         -0.000000
   29.110000       1.040990      -0.048644       0.209237       0.210420         -0.000000
   29.120000       1.040492      -0.050928       0.209123       0.210420         -0.000000
   29.130000       1.039971      -0.053213       0.209004       0.210420         -0.000000
   29.140000       1.039428      -0.055499       0.208880       0.210420         -0.000000
   29.150000       1.038861      -0.057785       0.208750       0.210420         -0.000000
   29.160000       1.038272      -0.060072       0.208615       0.210420         -0.000000
   29.170000       1.037660      -0.062359       0.208475       0.210420         -0.000000
   29.180000       1.037025      -0.064647       0.208330       0.210420         -0.000000
   29.190000       1.036367      -0.066936       0.208179       0.210420         -0.000000
   29.200000       1.035686      -0.069225       0.208024       0.210420         -0.000000
   29.210000       1.034982      -0.071515       0.207862       0.210420         -0.000000
   29.220000       1.034256      -0.073806       0.207696       0.210420         -0.000000
   29.230000       1.033506      -0.076098       0.207524       0.210420         -0.000000
   29.240000       1.032734      -0.078390       0.207347       0.210420         -0.000000
   29.250000       1.031938      -0.080683       0.207165       0.210420         -0.000000
   29.260000       1.031120      -0.082977       0.206977       0.210420         -0.000000
   29.270000       1.030279      -0.085272       0.206784       0.210420         -0.000000
   29.280000       1.029415      -0.087567       0.206586       0.210420         -0.000000
   29.290000       1.028527      -0.089864       0.206382       0.210420         -0.000000
   29.300000       1.027617      -0.092162       0.206173       0.210420         -0.000000
   29.310000       1.026684      -0.094460       0.205958       0.210420         -0.000000
   29.320000       1.025728      -0.096759       0.205738       0.210420         -0.000000
   29.330000       1.024749      -0.099060       0.205513       0.210420         -0.000000
   29.340000       1.023747      -0.101361       0.205283       0.210420         -0.000000
   29.350000       1.022722      -0.103664       0.205047       0.210420         -0.000000
   29.360000       1.021674      -0.105967       0.204805       0.210420         -0.000000
   29.370000       1.020602      -0.108271       0.204558       0.210420         -0.000000
   29.380000       1.019508      -0.110577       0.204306       0.210420         -0.000000
   29.390000       1.018391      -0.112884       0.204048       0.210420         -0.000000
   29.400000       1.017250      -0.115192       0.203785       0.210420         -0.000000
   29.410000       1.016087      -0.117501       0.203516       0.210420         -0.000000
   29.420000       1.014900      -0.119811       0.203242       0.210420         -0.000000
   29.430000       1.013691      -0.122122       0.202963       0.210420         -0.000000
   29.440000       1.012458      -0.124435       0.202678       0.210420         -0.000000
   29.450000       1.011202      -0.126749       0.202387       0.210420         -0.000000
   29.460000       1.009923      -0.129064       0.202091       0.210420         -0.000000
   29.470000       1.008621      -0.131380       0.201789       0.210420         -0.000000
   29.480000       1.007295      -0.133698       0.201482       0.210420         -0.000000
   29.490000       1.005947      -0.136017       0.201169       0.210420         -0.000000
   29.500000       1.004575      -0.138337       0.200851       0.210420         -0.000000
   29.510000       1.003180      -0.140659       0.200527       0.210420         -0.000000
   29.520000       1.001762      -0.142982       0.200198       0.210420         -0.000000
   29.530000       1.000320      -0.145306       0.199863       0.210420         -0.000000
   29.540000       0.998856      -0.147632       0.199522       0.210420         -0.000000
   29.550000       0.997368      -0.149959       0.199176       0.210420         -0.000000
   29.560000       0.995857      -0.152288       0.198824       0.210420         -0.000000
   29.570000       0.994322      -0.154618       0.198466       0.210420         -0.000000
   29.580000       0.992764      -0.156950       0.198103       0.210420         -0.000000
   29.590000       0.991183      -0.159283       0.197734       0.210420         -0.000000
   29.600000       0.989579      -0.161618       0.197360       0.210420         -0.000000
   29.610000       0.987951      -0.163954       0.196979       0.210420         -0.000000
   29.620000       0.986299      -0.166292       0.196593       0.210420         -0.000000
   29.630000       0.984625      -0.168631       0.196201       0.210420         -0.000000
   29.640000       0.982927      -0.170972       0.195804       0.210420         -0.000000
   29.650000       0.981205      -0.173315       0.195401       0.210420         -0.000000
   29.660000       0.979461      -0.175659       0.194992       0.210420         -0.000000
   29.670000       0.977692      -0.178005       0.194577       0.210420         -0.000000
   29.680000       0.975900      -0.180352       0.194156       0.210420         -0.000000
   29.690000       0.974085      -0.182701       0.193730       0.210420         -0.000000
   29.700000       0.972246      -0.185052       0.193297       0.210420         -0.000000
   29.710000       0.970384      -0.187405       0.192859       0.210420         -0.000000
   29.720000       0.968498      -0.189759       0.192415       0.210420         -0.000000
   29.730000       0.966589      -0.192115       0.191966       0.210420         -0.000000
   29.740000       0.964656      -0.194473       0.191510       0.210420         -0.000000
   29.750000       0.962699      -0.196833       0.191048       0.210420         -0.000000
   29.760000       0.960719      -0.199194       0.190581       0.210420         -0.000000
   29.770000       0.958716      -0.201557       0.190107       0.210420         -0.000000
   29.780000       0.956688      -0.203922       0.189628       0.210420         -0.000000
   29.790000       0.954637      -0.206289       0.189142       0.210420         -0.000000
   29.800000       0.952562      -0.208657       0.188651       0.210420         -0.000000
   29.810000       0.950464      -0.211028       0.188153       0.210420         -0.000000
   29.820000       0.948342      -0.213400       0.187650       0.210420         -0.000000
   29.830000       0.946196      -0.215774       0.187140       0.210420         -0.000000
   29.840000       0.944026      -0.218150       0.186625       0.210420         -0.000000
   29.850000       0.941833      -0.220528       0.186103       0.210420         -0.000000
   29.860000       0.939616      -0.222908       0.185576       0.210420         -0.000000
   29.870000       0.937375      -0.225289       0.185042       0.210420         -0.000000
   29.880000       0.935110      -0.227673       0.184502       0.210420         -0.000000
   29.890000       0.932821      -0.230058       0.183956       0.210420         -0.000000
   29.900000       0.930509      -0.232446       0.183404       0.210420         -0.000000
   29.910000       0.928172      -0.234835       0.182846       0.210420         -0.000000
   29.920000       0.925812      -0.237226       0.182281       0.210420         -0.000000
   29.930000       0.923428      -0.239620       0.181711       0.210420         -0.000000
   29.940000       0.921020      -0.242015       0.181134       0.210420         -0.000000
   29.950000       0.918588      -0.244412       0.180551       0.210420         -0.000000
   29.960000       0.916132      -0.246811       0.179962       0.210420         -0.000000
   29.970000       0.913651      -0.249212       0.179366       0.210420         -0.000000
   29.980000       0.911147      -0.251615       0.178765       0.210420         -0.000000
   29.990000       0.908619      -0.254020       0.178156       0.210420         -0.000000
