           t              x              v              P              E             dE/E0
    0.000000      -0.500000       0.000000       0.841679       0.841679          0.000000
    0.010000      -0.499786       0.042772       0.840764       0.841679         -0.000000
    0.020000      -0.499145       0.085478       0.838025       0.841679          0.000000
    0.030000      -0.498077       0.128056       0.833479       0.841679          0.000000
    0.040000      -0.496584       0.170441       0.827154       0.841679          0.000000
    0.050000      -0.494669       0.212569       0.819086       0.841679          0.000000
    0.060000      -0.492334       0.254380       0.809324       0.841679          0.000000
    0.070000      -0.489583       0.295813       0.797926       0.841679          0.000000
    0.080000      -0.486419       0.336809       0.784958       0.841679          0.000000
    0.090000      -0.482848       0.377311       0.770497       0.841679          0.000000
    0.100000      -0.478875       0.417266       0.754623       0.841679          0.000000
    0.110000      -0.474505       0.456620       0.737428       0.841679          0.000000
    0.120000      -0.469745       0.495324       0.719006       0.841679          0.000000
    0.130000      -0.464601       0.533332       0.699457       0.841679          0.000000
    0.140000      -0.459080       0.570599       0.678887       0.841679          0.000000
    0.150000      -0.453191       0.607083       0.657403       0.841679          0.000000
    0.160000      -0.446941       0.642749       0.635116       0.841679          0.000000
    0.170000      -0.440339       0.677559       0.612136       0.841679          0.000000
    0.180000      -0.433393       0.711483       0.588575       0.841679          0.000000
    0.190000      -0.426113       0.744491       0.564545       0.841679          0.000000
    0.200000      -0.418507       0.776560       0.540156       0.841679          0.000000
    0.210000      -0.410585       0.807666       0.515516       0.841679          0.000000
    0.220000      -0.402356       0.837791       0.490732       0.841679          0.000000
    0.230000      -0.393832       0.866918       0.465905       0.841679          0.000000
    0.240000      -0.385021       0.895035       0.441135       0.841679          0.000000
    0.250000      -0.375935       0.922132       0.416515       0.841679          0.000000
    0.260000      -0.366582       0.948202       0.392135       0.841679          0.000000
    0.270000      -0.356974       0.973240       0.368080       0.841679          0.000000
    0.280000      -0.347121       0.997245       0.344430       0.841679          0.000000
    0.290000      -0.337033       1.020217       0.321257       0.841679          0.000000
    0.300000      -0.326720       1.042160       0.298630       0.841679          0.000000
    0.310000      -0.316193       1.063077       0.276612       0.841679          0.000000
    0.320000      -0.305462       1.082978       0.255258       0.841679          0.000000
    0.330000      -0.294537       1.101871       0.234618       0.841679          0.000000
    0.340000      -0.283428       1.119767       0.214739       0.841679          0.000000
    0.350000      -0.272145       1.136679       0.195659       0.841679         -0.000000
    0.360000      -0.260697       1.152621       0.177411       0.841679         -0.000000
    0.370000      -0.249095       1.167608       0.160025       0.841679         -0.000000
    0.380000      -0.237348       1.181657       0.143522       0.841679         -0.000000
    0.390000      -0.225465       1.194785       0.127923       0.841679         -0.000000
    0.400000      -0.213456       1.207012       0.113239       0.841679         -0.000000
    0.410000      -0.201328       1.218357       0.099481       0.841679         -0.000000
    0.420000      -0.189091       1.228841       0.086654       0.841679         -0.000000
    0.430000      -0.176754       1.238483       0.074759       0.841679         -0.000000
    0.440000      -0.164324       1.247305       0.063794       0.841679         -0.000000
    0.450000      -0.151811       1.255329       0.053753       0.841679         -0.000000
    0.460000      -0.139220       1.262578       0.044627       0.841679         -0.000000
    0.470000      -0.126562       1.269072       0.036406       0.841679         -0.000000
    0.480000      -0.113841       1.274835       0.029076       0.841679         -0.000000
    0.490000      -0.101067       1.279889       0.022621       0.841679         -0.000000
    0.500000      -0.088246       1.284255       0.017023       0.841679         -0.000000
    0.510000      -0.075384       1.287957       0.012261       0.841679         -0.000000
    0.520000      -0.062489       1.291017       0.008316       0.841679         -0.000000
    0.530000      -0.049566       1.293456       0.005164       0.841679         -0.000000
    0.540000      -0.036622       1.295296       0.002783       0.841679         -0.000000
    0.550000      -0.023662       1.296558       0.001147       0.841679         -0.000000
    0.560000      -0.010693       1.297264       0.000231       0.841679         -0.000000
    0.570000       0.002281       1.297435       0.000010       0.841679         -0.000000
    0.580000       0.015254       1.297089       0.000458       0.841679         -0.000000
    0.590000       0.028222       1.296248       0.001549       0.841679         -0.000000
    0.600000       0.041178       1.294931       0.003255       0.841679         -0.000000
    0.610000       0.054119       1.293157       0.005550       0.841679         -0.000000
    0.620000       0.067040       1.290945       0.008409       0.841679         -0.000000
    0.630000       0.079936       1.288312       0.011804       0.841679         -0.000000
    0.640000       0.092804       1.285277       0.015710       0.841679         -0.000000
    0.650000       0.105640       1.281856       0.020101       0.841679         -0.000000
    0.660000       0.118440       1.278066       0.024952       0.841679         -0.000000
    0.670000       0.131201       1.273924       0.030237       0.841679         -0.000000
    0.680000       0.143918       1.269444       0.035934       0.841679         -0.000000
    0.690000       0.156588       1.264643       0.042018       0.841679         -0.000000
    0.700000       0.169210       1.259534       0.048465       0.841679         -0.000000
    0.710000       0.181778       1.254133       0.055254       0.841679         -0.000000
    0.720000       0.194291       1.248452       0.062362       0.841679         -0.000000
    0.730000       0.206746       1.242505       0.069769       0.841679         -0.000000
    0.740000       0.219141       1.236305       0.077454       0.841679         -0.000000
    0.750000       0.231472       1.229864       0.085396       0.841679         -0.000000
    0.760000       0.243737       1.223194       0.093577       0.841679         -0.000000
    0.770000       0.255935       1.216306       0.101978       0.841679         -0.000000
    0.780000       0.268062       1.209212       0.110582       0.841679         -0.000000
    0.790000       0.280118       1.201922       0.119371       0.841679         -0.000000
    0.800000       0.292100       1.194446       0.128328       0.841679         -0.000000
    0.810000       0.304007       1.186794       0.137439       0.841679         -0.000000
    0.820000       0.315836       1.178975       0.146688       0.841679         -0.000000
    0.830000       0.327586       1.170998       0.156060       0.841679         -0.000000
    0.840000       0.339255       1.162873       0.165542       0.841679         -0.000000
    0.850000       0.350843       1.154607       0.175120       0.841679         -0.000000
    0.860000       0.362347       1.146208       0.184782       0.841679         -0.000000
    0.870000       0.373766       1.137684       0.194516       0.841679         -0.000000
    0.880000       0.385100       1.129042       0.204311       0.841679         -0.000000
    0.890000       0.396347       1.120289       0.214155       0.841679         -0.000000
    0.900000       0.407505       1.111432       0.224038       0.841679         -0.000000
    0.910000       0.418575       1.102477       0.233950       0.841679         -0.000000
    0.920000       0.429555       1.093431       0.243883       0.841679         -0.000000
    0.930000       0.440443       1.084299       0.253827       0.841679         -0.000000
    0.940000       0.451240       1.075086       0.263774       0.841679         -0.000000
    0.950000       0.461945       1.065798       0.273716       0.841679         -0.000000
    0.960000       0.472556       1.056441       0.283645       0.841679         -0.000000
    0.970000       0.483074       1.047018       0.293555       0.841679         -0.000000
    0.980000       0.493496       1.037535       0.303439       0.841679         -0.000000
    0.990000       0.503824       1.027996       0.313290       0.841679         -0.000000
    1.000000       0.514056       1.018405       0.323104       0.841679         -0.000000
    1.010000       0.524192       1.008767       0.332873       0.841679         -0.000000
    1.020000       0.534231       0.999084       0.342594       0.841679         -0.000000
    1.030000       0.544174       0.989361       0.352261       0.841679         -0.000000
    1.040000       0.554018       0.979602       0.361869       0.841679         -0.000000
    1.050000       0.563765       0.969808       0.371415       0.841679         -0.000000
    1.060000       0.573414       0.959984       0.380894       0.841679         -0.000000
    1.070000       0.582965       0.950133       0.390303       0.841679         -0.000000
    1.080000       0.592417       0.940256       0.399638       0.841679         -0.000000
    1.090000       0.601770       0.930358       0.408895       0.841679         -0.000000
    1.100000       0.611024       0.920440       0.418073       0.841679         -0.000000
    1.110000       0.620179       0.910505       0.427169       0.841679         -0.000000
    1.120000       0.629234       0.900556       0.436178       0.841679         -0.000000
    1.130000       0.638190       0.890593       0.445100       0.841679         -0.000000
    1.140000       0.647046       0.880620       0.453933       0.841679         -0.000000
    1.150000       0.655802       0.870638       0.462673       0.841679         -0.000000
    1.160000       0.664459       0.860650       0.471320       0.841679         -0.000000
    1.170000       0.673015       0.850656       0.479871       0.841679         -0.000000
    1.180000       0.681472       0.840659       0.488325       0.841679         -0.000000
    1.190000       0.689828       0.830659       0.496681       0.841679         -0.000000
    1.200000       0.698085       0.820659       0.504938       0.841679         -0.000000
    1.210000       0.706242       0.810660       0.513094       0.841679         -0.000000
    1.220000       0.714298       0.800663       0.521148       0.841679         -0.000000
    1.230000       0.722255       0.790669       0.529100       0.841679         -0.000000
    1.240000       0.730112       0.780680       0.536948       0.841679         -0.000000
    1.250000       0.737869       0.770696       0.544692       0.841679         -0.000000
    1.260000       0.745526       0.760718       0.552332       0.841679         -0.000000
    1.270000       0.753083       0.750748       0.559867       0.841679         -0.000000
    1.280000       0.760541       0.740786       0.567296       0.841679         -0.000000
    1.290000       0.767899       0.730833       0.574620       0.841679         -0.000000
    1.300000       0.775157       0.720890       0.581837       0.841679         -0.000000
    1.310000       0.782316       0.710958       0.588948       0.841679         -0.000000
    1.320000       0.789376       0.701036       0.595953       0.841679         -0.000000
    1.330000       0.796337       0.691126       0.602851       0.841679         -0.000000
    1.340000       0.803199       0.681229       0.609642       0.841679         -0.000000
    1.350000       0.809962       0.671344       0.616327       0.841679         -0.000000
    1.360000       0.816626       0.661472       0.622906       0.841679         -0.000000
    1.370000       0.823191       0.651614       0.629378       0.841679         -0.000000
    1.380000       0.829658       0.641769       0.635745       0.841679         -0.000000
    1.390000       0.836027       0.631939       0.642005       0.841679         -0.000000
    1.400000       0.842297       0.622124       0.648159       0.841679         -0.000000
    1.410000       0.848469       0.612323       0.654209       0.841679         -0.000000
    1.420000       0.854544       0.602538       0.660153       0.841679         -0.000000
    1.430000       0.860520       0.592768       0.665992       0.841679         -0.000000
    1.440000       0.866399       0.583013       0.671726       0.841679         -0.000000
    1.450000       0.872180       0.573274       0.677357       0.841679         -0.000000
    1.460000       0.877865       0.563550       0.682884       0.841679         -0.000000
    1.470000       0.883451       0.553843       0.688308       0.841679         -0.000000
    1.480000       0.888941       0.544151       0.693628       0.841679         -0.000000
    1.490000       0.894335       0.534475       0.698847       0.841679         -0.000000
    1.500000       0.899631       0.524815       0.703963       0.841679         -0.000000
    1.510000       0.904831       0.515171       0.708978       0.841679         -0.000000
    1.520000       0.909934       0.505543       0.713892       0.841679         -0.000000
    1.530000       0.914942       0.495931       0.718705       0.841679         -0.000000
    1.540000       0.919853       0.486335       0.723418       0.841679         -0.000000
    1.550000       0.924669       0.476754       0.728031       0.841679         -0.000000
    1.560000       0.929388       0.467189       0.732546       0.841679         -0.000000
    1.570000       0.934012       0.457639       0.736962       0.841679         -0.000000
    1.580000       0.938541       0.448105       0.741279       0.841679         -0.000000
    1.590000       0.942975       0.438586       0.745500       0.841679         -0.000000
    1.600000       0.947313       0.429083       0.749623       0.841679         -0.000000
    1.610000       0.951556       0.419594       0.753649       0.841679         -0.000000
    1.620000       0.955705       0.410120       0.757580       0.841679         -0.000000
    1.630000       0.959759       0.400660       0.761414       0.841679         -0.000000
    1.640000       0.963718       0.391215       0.765154       0.841679         -0.000000
    1.650000       0.967583       0.381784       0.768799       0.841679         -0.000000
    1.660000       0.971354       0.372367       0.772350       0.841679         -0.000000
    1.670000       0.975030       0.362963       0.775807       0.841679         -0.000000
    1.680000       0.978613       0.353574       0.779171       0.841679         -0.000000
    1.690000       0.982102       0.344197       0.782443       0.841679         -0.000000
    1.700000       0.985497       0.334833       0.785622       0.841679         -0.000000
    1.710000       0.988799       0.325482       0.788709       0.841679         -0.000000
    1.720000       0.992007       0.316143       0.791705       0.841679         -0.000000
    1.730000       0.995122       0.306817       0.794610       0.841679         -0.000000
    1.740000       0.998143       0.297502       0.797425       0.841679         -0.000000
    1.750000       1.001072       0.288198       0.800149       0.841679         -0.000000
    1.760000       1.003907       0.278906       0.802784       0.841679         -0.000000
    1.770000       1.006650       0.269625       0.805330       0.841679         -0.000000
    1.780000       1.009300       0.260355       0.807786       0.841679         -0.000000
    1.790000       1.011857       0.251095       0.810154       0.841679         -0.000000
    1.800000       1.014322       0.241844       0.812434       0.841679         -0.000000
    1.810000       1.016694       0.232604       0.814626       0.841679         -0.000000
    1.820000       1.018974       0.223372       0.816731       0.841679         -0.000000
    1.830000       1.021161       0.214150       0.818748       0.841679         -0.000000
    1.840000       1.023257       0.204936       0.820679       0.841679         -0.000000
    1.850000       1.025260       0.195731       0.822523       0.841679         -0.000000
    1.860000       1.027171       0.186533       0.824281       0.841679         -0.000000
    1.870000       1.028991       0.177344       0.825953       0.841679         -0.000000
    1.880000       1.030718       0.168161       0.827540       0.841679         -0.000000
    1.890000       1.032354       0.158985       0.829040       0.841679         -0.000000
    1.900000       1.033898       0.149816       0.830456       0.841679         -0.000000
    1.910000       1.035350       0.140653       0.831787       0.841679         -0.000000
    1.920000       1.036711       0.131495       0.833033       0.841679         -0.000000
    1.930000       1.037980       0.122343       0.834195       0.841679         -0.000000
    1.940000       1.039158       0.113196       0.835272       0.841679         -0.000000
    1.950000       1.040244       0.104054       0.836265       0.841679         -0.000000
    1.960000       1.041239       0.094916       0.837174       0.841679         -0.000000
    1.970000       1.042143       0.085782       0.837999       0.841679         -0.000000
    1.980000       1.042955       0.076652       0.838741       0.841679         -0.000000
    1.990000       1.043676       0.067525       0.839399       0.841679         -0.000000
    2.000000       1.044305       0.058401       0.839973       0.841679         -0.000000
    2.010000       1.044844       0.049279       0.840464       0.841679         -0.000000
    2.020000       1.045291       0.040159       0.840872       0.841679         -0.000000
    2.030000       1.045647       0.031041       0.841197       0.841679         -0.000000
    2.040000       1.045912       0.021924       0.841438       0.841679         -0.000000
    2.050000       1.046085       0.012808       0.841597       0.841679         -0.000000
    2.060000       1.046168       0.003692       0.841672       0.841679         -0.000000
    2.070000       1.046159      -0.005423       0.841664       0.841679         -0.000000
    2.080000       1.046059      -0.014539       0.841573       0.841679         -0.000000
    2.090000       1.045868      -0.023655       0.841399       0.841679         -0.000000
    2.100000       1.045586      -0.032772       0.841142       0.841679         -0.000000
    2.110000       1.045213      -0.041890       0.840801       0.841679         -0.000000
    2.120000       1.044748      -0.051011       0.840378       0.841679         -0.000000
    2.130000       1.044193      -0.060133       0.839871       0.841679         -0.000000
    2.140000       1.043546      -0.069258       0.839280       0.841679         -0.000000
    2.150000       1.042808      -0.078386       0.838606       0.841679         -0.000000
    2.160000       1.041978      -0.087517       0.837849       0.841679         -0.000000
    2.170000       1.041057      -0.096651       0.837008       0.841679         -0.000000
    2.180000       1.040045      -0.105790       0.836083       0.841679         -0.000000
    2.190000       1.038941      -0.114933       0.835074       0.841679         -0.000000
    2.200000       1.037746      -0.124081       0.833981       0.841679         -0.000000
    2.210000       1.036460      -0.133234       0.832803       0.841679         -0.000000
    2.220000       1.035082      -0.142392       0.831541       0.841679         -0.000000
    2.230000       1.033612      -0.151556       0.830194       0.841679         -0.000000
    2.240000       1.032050      -0.160727       0.828762       0.841679         -0.000000
    2.250000       1.030397      -0.169904       0.827245       0.841679         -0.000000
    2.260000       1.028652      -0.179088       0.825642       0.841679         -0.000000
    2.270000       1.026816      -0.188279       0.823954       0.841679         -0.000000
    2.280000       1.024887      -0.197478       0.822180       0.841679         -0.000000
    2.290000       1.022866      -0.206685       0.820319       0.841679         -0.000000
    2.300000       1.020753      -0.215901       0.818372       0.841679         -0.000000
    2.310000       1.018548      -0.225125       0.816338       0.841679         -0.000000
    2.320000       1.016250      -0.234358       0.814217       0.841679         -0.000000
    2.330000       1.013861      -0.243600       0.812008       0.841679         -0.000000
    2.340000       1.011378      -0.252852       0.809711       0.841679         -0.000000
    2.350000       1.008804      -0.262114       0.807327       0.841679         -0.000000
    2.360000       1.006136      -0.271387       0.804853       0.841679         -0.000000
    2.370000       1.003376      -0.280670       0.802291       0.841679         -0.000000
    2.380000       1.000523      -0.289964       0.799639       0.841679         -0.000000
    2.390000       0.997577      -0.299270       0.796897       0.841679         -0.000000
    2.400000       0.994537      -0.308587       0.794066       0.841679         -0.000000
    2.410000       0.991405      -0.317916       0.791143       0.841679         -0.000000
    2.420000       0.988179      -0.327257       0.788130       0.841679         -0.000000
    2.430000       0.984860      -0.336610       0.785025       0.841679         -0.000000
    2.440000       0.981447      -0.345976       0.781829       0.841679         -0.000000
    2.450000       0.977940      -0.355356       0.778540       0.841679         -0.000000
    2.460000       0.974340      -0.364748       0.775158       0.841679         -0.000000
    2.470000       0.970645      -0.374154       0.771683       0.841679         -0.000000
    2.480000       0.966856      -0.383574       0.768114       0.841679         -0.000000
    2.490000       0.962974      -0.393007       0.764451       0.841679         -0.000000
    2.500000       0.958996      -0.402455       0.760693       0.841679         -0.000000
    2.510000       0.954924      -0.411917       0.756841       0.841679         -0.000000
    2.520000       0.950758      -0.421394       0.752892       0.841679         -0.000000
    2.530000       0.946496      -0.430886       0.748847       0.841679         -0.000000
    2.540000       0.942140      -0.440393       0.744706       0.841679         -0.000000
    2.550000       0.937689      -0.449914       0.740467       0.841679         -0.000000
    2.560000       0.933142      -0.459451       0.736131       0.841679         -0.000000
    2.570000       0.928499      -0.469004       0.731696       0.841679         -0.000000
    2.580000       0.923762      -0.478572       0.727163       0.841679         -0.000000
    2.590000       0.918928      -0.488156       0.722531       0.841679         -0.000000
    2.600000       0.913998      -0.497755       0.717799       0.841679         -0.000000
    2.610000       0.908973      -0.507370       0.712966       0.841679         -0.000000
    2.620000       0.903851      -0.517001       0.708033       0.841679         -0.000000
    2.630000       0.898633      -0.526648       0.702999       0.841679         -0.000000
    2.640000       0.893318      -0.536311       0.697864       0.841679         -0.000000
    2.650000       0.887906      -0.545990       0.692626       0.841679         -0.000000
    2.660000       0.882398      -0.555685       0.687286       0.841679         -0.000000
    2.670000       0.876793      -0.565396       0.681842       0.841679         -0.000000
    2.680000       0.871090      -0.575122       0.676296       0.841679         -0.000000
    2.690000       0.865290      -0.584864       0.670646       0.841679         -0.000000
    2.700000       0.859393      -0.594622       0.664891       0.841679         -0.000000
    2.710000       0.853398      -0.604395       0.659032       0.841679         -0.000000
    2.720000       0.847305      -0.614183       0.653068       0.841679         -0.000000
    2.730000       0.841114      -0.623987       0.646999       0.841679         -0.000000
    2.740000       0.834825      -0.633805       0.640824       0.841679         -0.000000
    2.750000       0.828438      -0.643638       0.634544       0.841679         -0.000000
    2.760000       0.821952      -0.653484       0.628158       0.841679         -0.000000
    2.770000       0.815368      -0.663345       0.621665       0.841679         -0.000000
    2.780000       0.808685      -0.673220       0.615066       0.841679         -0.000000
    2.790000       0.801904      -0.683107       0.608361       0.841679         -0.000000
    2.800000       0.795023      -0.693007       0.601549       0.841679         -0.000000
    2.810000       0.788043      -0.702919       0.594631       0.841679         -0.000000
    2.820000       0.780965      -0.712843       0.587606       0.841679         -0.000000
    2.830000       0.773787      -0.722778       0.580475       0.841679         -0.000000
    2.840000       0.766509      -0.732723       0.573237       0.841679         -0.000000
    2.850000       0.759132      -0.742677       0.565894       0.841679         -0.000000
    2.860000       0.751656      -0.752641       0.558444       0.841679         -0.000000
    2.870000       0.744079      -0.762612       0.550890       0.841679         -0.000000
    2.880000       0.736403      -0.772591       0.543230       0.841679         -0.000000
    2.890000       0.728627      -0.782576       0.535466       0.841679         -0.000000
    2.900000       0.720752      -0.792567       0.527598       0.841679         -0.000000
    2.910000       0.712776      -0.802561       0.519626       0.841679         -0.000000
    2.920000       0.704700      -0.812559       0.511553       0.841679         -0.000000
    2.930000       0.696525      -0.822558       0.503378       0.841679         -0.000000
    2.940000       0.688249      -0.832558       0.495102       0.841679         -0.000000
    2.950000       0.679874      -0.842557       0.486727       0.841679         -0.000000
    2.960000       0.671398      -0.852554       0.478254       0.841679         -0.000000
    2.970000       0.662823      -0.862547       0.469685       0.841679         -0.000000
    2.980000       0.654147      -0.872534       0.461020       0.841679         -0.000000
    2.990000       0.645372      -0.882515       0.452262       0.841679         -0.000000
    3.000000       0.636497      -0.892486       0.443413       0.841679         -0.000000
    3.010000       0.627522      -0.902446       0.434474       0.841679         -0.000000
    3.020000       0.618448      -0.912393       0.425448       0.841679         -0.000000
    3.030000       0.609274      -0.922325       0.416337       0.841679         -0.000000
    3.040000       0.600002      -0.932239       0.407144       0.841679         -0.000000
    3.050000       0.590630      -0.942134       0.397871       0.841679         -0.000000
    3.060000       0.581159      -0.952005       0.388522       0.841679         -0.000000
    3.070000       0.571590      -0.961852       0.379099       0.841679         -0.000000
    3.080000       0.561922      -0.971670       0.369607       0.841679         -0.000000
    3.090000       0.552156      -0.981458       0.360049       0.841679         -0.000000
    3.100000       0.542293      -0.991211       0.350429       0.841679         -0.000000
    3.110000       0.532332      -1.000926       0.340752       0.841679         -0.000000
    3.120000       0.522275      -1.010601       0.331022       0.841679         -0.000000
    3.130000       0.512121      -1.020230       0.321243       0.841679         -0.000000
    3.140000       0.501870      -1.029812       0.311422       0.841679         -0.000000
    3.150000       0.491524      -1.039340       0.301564       0.841679         -0.000000
    3.160000       0.481084      -1.048812       0.291675       0.841679         -0.000000
    3.170000       0.470548      -1.058223       0.281761       0.841679         -0.000000
    3.180000       0.459919      -1.067567       0.271828       0.841679         -0.000000
    3.190000       0.449197      -1.076841       0.261885       0.841679         -0.000000
    3.200000       0.438383      -1.086039       0.251938       0.841679         -0.000000
    3.210000       0.427477      -1.095156       0.241996       0.841679         -0.000000
    3.220000       0.416480      -1.104185       0.232066       0.841679         -0.000000
    3.230000       0.405393      -1.113122       0.222158       0.841679         -0.000000
    3.240000       0.394218      -1.121960       0.212282       0.841679         -0.000000
    3.250000       0.382955      -1.130692       0.202447       0.841679         -0.000000
    3.260000       0.371604      -1.139312       0.192663       0.841679         -0.000000
    3.270000       0.360169      -1.147813       0.182942       0.841679         -0.000000
    3.280000       0.348649      -1.156187       0.173294       0.841679         -0.000000
    3.290000       0.337045      -1.164427       0.163733       0.841679         -0.000000
    3.300000       0.325361      -1.172525       0.154271       0.841679         -0.000000
    3.310000       0.313595      -1.180472       0.144922       0.841679         -0.000000
    3.320000       0.301752      -1.188260       0.135698       0.841679         -0.000000
    3.330000       0.289831      -1.195879       0.126615       0.841679         -0.000000
    3.340000       0.277835      -1.203321       0.117688       0.841679         -0.000000
    3.350000       0.265765      -1.210575       0.108933       0.841679         -0.000000
    3.360000       0.253624      -1.217630       0.100367       0.841679         -0.000000
    3.370000       0.241413      -1.224478       0.092006       0.841679         -0.000000
    3.380000       0.229135      -1.231105       0.083869       0.841679         -0.000000
    3.390000       0.216792      -1.237501       0.075974       0.841679         -0.000000
    3.400000       0.204386      -1.243654       0.068341       0.841679         -0.000000
    3.410000       0.191920      -1.249552       0.060989       0.841679         -0.000000
    3.420000       0.179396      -1.255180       0.053940       0.841679         -0.000000
    3.430000       0.166817      -1.260527       0.047214       0.841679         -0.000000
    3.440000       0.154186      -1.265579       0.040834       0.841679         -0.000000
    3.450000       0.141506      -1.270320       0.034822       0.841679         -0.000000
    3.460000       0.128781      -1.274737       0.029201       0.841679         -0.000000
    3.470000       0.116013      -1.278814       0.023996       0.841679         -0.000000
    3.480000       0.103206      -1.282535       0.019231       0.841679         -0.000000
    3.490000       0.090363      -1.285884       0.014930       0.841679         -0.000000
    3.500000       0.077489      -1.288844       0.011119       0.841679         -0.000000
    3.510000       0.064588      -1.291398       0.007824       0.841679         -0.000000
    3.520000       0.051663      -1.293529       0.005070       0.841679         -0.000000
    3.530000       0.038719      -1.295217       0.002885       0.841679         -0.000000
    3.540000       0.025760      -1.296445       0.001293       0.841679         -0.000000
    3.550000       0.012791      -1.297194       0.000323       0.841679         -0.000000
    3.560000      -0.000182      -1.297442       0.000000       0.841679         -0.000000
    3.570000      -0.013156      -1.297172       0.000351       0.841679         -0.000000
    3.580000      -0.026124      -1.296362       0.001401       0.841679         -0.000000
    3.590000      -0.039081      -1.294992       0.003177       0.841679         -0.000000
    3.600000      -0.052022      -1.293040       0.005703       0.841679         -0.000000
    3.610000      -0.064940      -1.290484       0.009003       0.841679         -0.000000
    3.620000      -0.077829      -1.287305       0.013102       0.841679         -0.000000
    3.630000      -0.090684      -1.283478       0.018021       0.841679         -0.000000
    3.640000      -0.103497      -1.278983       0.023780       0.841679         -0.000000
    3.650000      -0.116261      -1.273796       0.030400       0.841679         -0.000000
    3.660000      -0.128970      -1.267896       0.037899       0.841679         -0.000000
    3.670000      -0.141617      -1.261260       0.046290       0.841679         -0.000000
    3.680000      -0.154193      -1.253866       0.055588       0.841679         -0.000000
    3.690000      -0.166691      -1.245692       0.065804       0.841679         -0.000000
    3.700000      -0.179104      -1.236715       0.076946       0.841679         -0.000000
    3.710000      -0.191423      -1.226915       0.089018       0.841679         -0.000000
    3.720000      -0.203640      -1.216270       0.102022       0.841679         -0.000000
    3.730000      -0.215746      -1.204759       0.115956       0.841679         -0.000000
    3.740000      -0.227732      -1.192362       0.130815       0.841679         -0.000000
    3.750000      -0.239590      -1.179060       0.146587       0.841679         -0.000000
    3.760000      -0.251310      -1.164835       0.163259       0.841679         -0.000000
    3.770000      -0.262883      -1.149668       0.180811       0.841679         -0.000000
    3.780000      -0.274300      -1.133543       0.199219       0.841679         -0.000000
    3.790000      -0.285551      -1.116445       0.218454       0.841679          0.000000
    3.800000      -0.296626      -1.098361       0.238480       0.841679          0.000000
    3.810000      -0.307515      -1.079277       0.259259       0.841679          0.000000
    3.820000      -0.318208      -1.059184       0.280743       0.841679          0.000000
    3.830000      -0.328695      -1.038072       0.302882       0.841679          0.000000
    3.840000      -0.338966      -1.015934       0.325617       0.841679          0.000000
    3.850000      -0.349010      -0.992766       0.348886       0.841679          0.000000
    3.860000      -0.358818      -0.968565       0.372619       0.841679          0.000000
    3.870000      -0.368378      -0.943331       0.396742       0.841679          0.000000
    3.880000      -0.377681      -0.917066       0.421174       0.841679          0.000000
    3.890000      -0.386716      -0.889774       0.445829       0.841679          0.000000
    3.900000      -0.395473      -0.861464       0.470618       0.841679          0.000000
    3.910000      -0.403942      -0.832147       0.495445       0.841679          0.000000
    3.920000      -0.412113      -0.801834       0.520209       0.841679          0.000000
    3.930000      -0.419975      -0.770544       0.544810       0.841679          0.000000
    3.940000      -0.427520      -0.738295       0.569139       0.841679          0.000000
    3.950000      -0.434738      -0.705110       0.593088       0.841679          0.000000
    3.960000      -0.441620      -0.671016       0.616547       0.841679          0.000000
    3.970000      -0.448156      -0.636041       0.639405       0.841679          0.000000
    3.980000      -0.454338      -0.600217       0.661548       0.841679          0.000000
    3.990000      -0.460157      -0.563581       0.682867       0.841679          0.000000
    4.000000      -0.465607      -0.526170       0.703251       0.841679          0.000000
    4.010000      -0.470678      -0.488027       0.722593       0.841679          0.000000
    4.020000      -0.475365      -0.449195       0.740790       0.841679          0.000000
    4.030000      -0.479660      -0.409723       0.757742       0.841679          0.000000
    4.040000      -0.483557      -0.369661       0.773354       0.841679          0.000000
    4.050000      -0.487051      -0.329060       0.787538       0.841679         -0.000000
    4.060000      -0.490137      -0.287977       0.800213       0.841679         -0.000000
    4.070000      -0.492810      -0.246468       0.811305       0.841679         -0.000000
    4.080000      -0.495065      -0.204592       0.820750       0.841679         -0.000000
    4.090000      -0.496900      -0.162410       0.828490       0.841679         -0.000000
    4.100000      -0.498312      -0.119984       0.834480       0.841679         -0.000000
    4.110000      -0.499299      -0.077377       0.838685       0.841679         -0.000000
    4.120000      -0.499860      -0.034653       0.841078       0.841679         -0.000000
    4.130000      -0.499992       0.008124       0.841646       0.841679         -0.000000
    4.140000      -0.499697       0.050888       0.840384       0.841679         -0.000000
    4.150000      -0.498975       0.093575       0.837300       0.841679         -0.000000
    4.160000      -0.497826       0.136121       0.832414       0.841679         -0.000000
    4.170000      -0.496253       0.178462       0.825754       0.841679         -0.000000
    4.180000      -0.494258       0.220535       0.817361       0.841679         -0.000000
    4.190000      -0.491843       0.262279       0.807283       0.841679         -0.000000
    4.200000      -0.489014       0.303633       0.795582       0.841679         -0.000000
    4.210000      -0.485772       0.344540       0.782325       0.841679         -0.000000
    4.220000      -0.482124       0.384942       0.767588       0.841679         -0.000000
    4.230000      -0.478075       0.424786       0.751457       0.841679         -0.000000
    4.240000      -0.473631       0.464021       0.734021       0.841679         -0.000000
    4.250000      -0.468797       0.502596       0.715377       0.841679          0.000000
    4.260000      -0.463581       0.540467       0.695627       0.841679          0.000000
    4.270000      -0.457990       0.577588       0.674875       0.841679          0.000000
    4.280000      -0.452032       0.613920       0.653230       0.841679          0.000000
    4.290000      -0.445715       0.649425       0.630802       0.841679          0.000000
    4.300000      -0.439046       0.684070       0.607703       0.841679          0.000000
    4.310000      -0.432036       0.717822       0.584044       0.841679          0.000000
    4.320000      -0.424693       0.750654       0.559938       0.841679          0.000000
    4.330000      -0.417026       0.782541       0.535493       0.841679          0.000000
    4.340000      -0.409045       0.813462       0.510818       0.841679          0.000000
    4.350000      -0.400760       0.843399       0.486018       0.841679          0.000000
    4.360000      -0.392181       0.872335       0.461194       0.841679          0.000000
    4.370000      -0.383317       0.900259       0.436445       0.841679          0.000000
    4.380000      -0.374179       0.927162       0.411864       0.841679          0.000000
    4.390000      -0.364777       0.953036       0.387540       0.841679          0.000000
    4.400000      -0.355122       0.977878       0.363556       0.841679          0.000000
    4.410000      -0.345223       1.001687       0.339991       0.841679          0.000000
    4.420000      -0.335091       1.024463       0.316917       0.841679          0.000000
    4.430000      -0.324737       1.046210       0.294401       0.841679         -0.000000
    4.440000      -0.314171       1.066934       0.272504       0.841679         -0.000000
    4.450000      -0.303402       1.086643       0.251282       0.841679         -0.000000
    4.460000      -0.292441       1.105346       0.230784       0.841679         -0.000000
    4.470000      -0.281298       1.123054       0.211053       0.841679         -0.000000
    4.480000      -0.269983       1.139780       0.192129       0.841679         -0.000000
    4.490000      -0.258506       1.155540       0.174043       0.841679         -0.000000
    4.500000      -0.246876       1.170347       0.156822       0.841679         -0.000000
    4.510000      -0.235102       1.184220       0.140490       0.841679         -0.000000
    4.520000      -0.223194       1.197176       0.125063       0.841679         -0.000000
    4.530000      -0.211162       1.209234       0.110555       0.841679         -0.000000
    4.540000      -0.199013       1.220414       0.096974       0.841679         -0.000000
    4.550000      -0.186756       1.230736       0.084324       0.841679         -0.000000
    4.560000      -0.174401       1.240220       0.072605       0.841679         -0.000000
    4.570000      -0.161954       1.248890       0.061816       0.841679         -0.000000
    4.580000      -0.149426       1.256765       0.051950       0.841679         -0.000000
    4.590000      -0.136822       1.263868       0.042997       0.841679         -0.000000
    4.600000      -0.124151       1.270222       0.034947       0.841679         -0.000000
    4.610000      -0.111420       1.275849       0.027784       0.841679         -0.000000
    4.620000      -0.098636       1.280770       0.021493       0.841679         -0.000000
    4.630000      -0.085807       1.285009       0.016055       0.841679         -0.000000
    4.640000      -0.072938       1.288587       0.011450       0.841679         -0.000000
    4.650000      -0.060037       1.291527       0.007657       0.841679         -0.000000
    4.660000      -0.047110       1.293851       0.004654       0.841679         -0.000000
    4.670000      -0.034162       1.295580       0.002415       0.841679         -0.000000
    4.680000      -0.021200       1.296735       0.000918       0.841679         -0.000000
    4.690000      -0.008229       1.297337       0.000137       0.841679         -0.000000
    4.700000       0.004745       1.297408       0.000045       0.841679         -0.000000
    4.710000       0.017717       1.296967       0.000617       0.841679         -0.000000
    4.720000       0.030683       1.296034       0.001826       0.841679         -0.000000
    4.730000       0.043636       1.294629       0.003646       0.841679         -0.000000
    4.740000       0.056574       1.292771       0.006051       0.841679         -0.000000
    4.750000       0.069490       1.290477       0.009013       0.841679         -0.000000
    4.760000       0.082382       1.287767       0.012507       0.841679         -0.000000
    4.770000       0.095244       1.284657       0.016507       0.841679         -0.000000
    4.780000       0.108074       1.281164       0.020987       0.841679         -0.000000
    4.790000       0.120867       1.277306       0.025923       0.841679         -0.000000
    4.800000       0.133619       1.273099       0.031288       0.841679         -0.000000
    4.810000       0.146327       1.268557       0.037060       0.841679         -0.000000
    4.820000       0.158989       1.263696       0.043215       0.841679         -0.000000
    4.830000       0.171600       1.258531       0.049729       0.841679         -0.000000
    4.840000       0.184159       1.253075       0.056580       0.841679         -0.000000
    4.850000       0.196661       1.247343       0.063747       0.841679         -0.000000
    4.860000       0.209105       1.241347       0.071208       0.841679         -0.000000
    4.870000       0.221487       1.235100       0.078942       0.841679         -0.000000
    4.880000       0.233806       1.228615       0.086932       0.841679         -0.000000
    4.890000       0.246059       1.221902       0.095156       0.841679         -0.000000
    4.900000       0.258243       1.214975       0.103597       0.841679         -0.000000
    4.910000       0.270357       1.207843       0.112237       0.841679         -0.000000
    4.920000       0.282399       1.200516       0.121059       0.841679         -0.000000
    4.930000       0.294367       1.193006       0.130047       0.841679         -0.000000
    4.940000       0.306259       1.185322       0.139185       0.841679         -0.000000
    4.950000       0.318073       1.177472       0.148458       0.841679         -0.000000
    4.960000       0.329808       1.169467       0.157852       0.841679         -0.000000
    4.970000       0.341462       1.161314       0.167354       0.841679         -0.000000
    4.980000       0.353034       1.153022       0.176949       0.841679         -0.000000
    4.990000       0.364522       1.144599       0.186625       0.841679         -0.000000
    5.000000       0.375925       1.136052       0.196372       0.841679         -0.000000
    5.010000       0.387242       1.127388       0.206176       0.841679         -0.000000
    5.020000       0.398473       1.118615       0.216029       0.841679         -0.000000
    5.030000       0.409614       1.109739       0.225918       0.841679         -0.000000
    5.040000       0.420667       1.100767       0.235835       0.841679         -0.000000
    5.050000       0.431629       1.091703       0.245771       0.841679         -0.000000
    5.060000       0.442501       1.082555       0.255716       0.841679         -0.000000
    5.070000       0.453280       1.073328       0.265662       0.841679         -0.000000
    5.080000       0.463967       1.064027       0.275602       0.841679         -0.000000
    5.090000       0.474561       1.054656       0.285529       0.841679         -0.000000
    5.100000       0.485060       1.045222       0.295434       0.841679         -0.000000
    5.110000       0.495465       1.035728       0.305312       0.841679         -0.000000
    5.120000       0.505774       1.026179       0.315157       0.841679         -0.000000
    5.130000       0.515988       1.016579       0.324962       0.841679         -0.000000
    5.140000       0.526106       1.006932       0.334723       0.841679         -0.000000
    5.150000       0.536127       0.997241       0.344434       0.841679         -0.000000
    5.160000       0.546050       0.987511       0.354090       0.841679         -0.000000
    5.170000       0.555877       0.977744       0.363687       0.841679         -0.000000
    5.180000       0.565605       0.967945       0.373220       0.841679         -0.000000
    5.190000       0.575236       0.958115       0.382686       0.841679         -0.000000
    5.200000       0.584767       0.948259       0.392081       0.841679         -0.000000
    5.210000       0.594201       0.938378       0.401402       0.841679         -0.000000
    5.220000       0.603535       0.928476       0.410644       0.841679         -0.000000
    5.230000       0.612770       0.918555       0.419807       0.841679         -0.000000
    5.240000       0.621906       0.908617       0.428886       0.841679         -0.000000
    5.250000       0.630942       0.898665       0.437879       0.841679         -0.000000
    5.260000       0.639879       0.888700       0.446785       0.841679         -0.000000
    5.270000       0.648716       0.878725       0.455599       0.841679         -0.000000
    5.280000       0.657454       0.868742       0.464322       0.841679         -0.000000
    5.290000       0.666091       0.858752       0.472951       0.841679         -0.000000
    5.300000       0.674629       0.848758       0.481484       0.841679         -0.000000
    5.310000       0.683066       0.838760       0.489920       0.841679         -0.000000
    5.320000       0.691404       0.828760       0.498257       0.841679         -0.000000
    5.330000       0.699642       0.818760       0.506494       0.841679         -0.000000
    5.340000       0.707779       0.808762       0.514631       0.841679         -0.000000
    5.350000       0.715817       0.798765       0.522666       0.841679         -0.000000
    5.360000       0.723754       0.788772       0.530598       0.841679         -0.000000
    5.370000       0.731592       0.778784       0.538427       0.841679         -0.000000
    5.380000       0.739330       0.768801       0.546151       0.841679         -0.000000
    5.390000       0.746968       0.758825       0.553771       0.841679         -0.000000
    5.400000       0.754507       0.748856       0.561286       0.841679         -0.000000
    5.410000       0.761945       0.738896       0.568695       0.841679         -0.000000
    5.420000       0.769285       0.728945       0.575998       0.841679         -0.000000
    5.430000       0.776524       0.719003       0.583196       0.841679         -0.000000
    5.440000       0.783665       0.709073       0.590286       0.841679         -0.000000
    5.450000       0.790706       0.699153       0.597271       0.841679         -0.000000
    5.460000       0.797648       0.689246       0.604149       0.841679         -0.000000
    5.470000       0.804491       0.679351       0.610920       0.841679         -0.000000
    5.480000       0.811235       0.669468       0.617585       0.841679         -0.000000
    5.490000       0.817880       0.659599       0.624143       0.841679         -0.000000
    5.500000       0.824427       0.649743       0.630595       0.841679         -0.000000
    5.510000       0.830875       0.639902       0.636942       0.841679         -0.000000
    5.520000       0.837225       0.630074       0.643182       0.841679         -0.000000
    5.530000       0.843477       0.620262       0.649316       0.841679         -0.000000
    5.540000       0.849630       0.610464       0.655345       0.841679         -0.000000
    5.550000       0.855686       0.600681       0.661269       0.841679         -0.000000
    5.560000       0.861644       0.590914       0.667089       0.841679         -0.000000
    5.570000       0.867504       0.581162       0.672804       0.841679         -0.000000
    5.580000       0.873267       0.571426       0.678415       0.841679         -0.000000
    5.590000       0.878933       0.561706       0.683922       0.841679         -0.000000
    5.600000       0.884501       0.552001       0.689326       0.841679         -0.000000
    5.610000       0.889973       0.542313       0.694627       0.841679         -0.000000
    5.620000       0.895348       0.532640       0.699826       0.841679         -0.000000
    5.630000       0.900626       0.522983       0.704923       0.841679         -0.000000
    5.640000       0.905807       0.513342       0.709919       0.841679         -0.000000
    5.650000       0.910893       0.503717       0.714813       0.841679         -0.000000
    5.660000       0.915882       0.494108       0.719607       0.841679         -0.000000
    5.670000       0.920775       0.484514       0.724302       0.841679         -0.000000
    5.680000       0.925572       0.474936       0.728896       0.841679         -0.000000
    5.690000       0.930274       0.465374       0.733392       0.841679         -0.000000
    5.700000       0.934880       0.455828       0.737789       0.841679         -0.000000
    5.710000       0.939390       0.446296       0.742088       0.841679         -0.000000
    5.720000       0.943806       0.436780       0.746290       0.841679         -0.000000
    5.730000       0.948126       0.427280       0.750395       0.841679         -0.000000
    5.740000       0.952351       0.417794       0.754403       0.841679         -0.000000
    5.750000       0.956482       0.408322       0.758315       0.841679         -0.000000
    5.760000       0.960518       0.398865       0.762132       0.841679         -0.000000
    5.770000       0.964459       0.389423       0.765853       0.841679         -0.000000
    5.780000       0.968306       0.379995       0.769481       0.841679         -0.000000
    5.790000       0.972059       0.370580       0.773014       0.841679         -0.000000
    5.800000       0.975718       0.361179       0.776453       0.841679         -0.000000
    5.810000       0.979283       0.351792       0.779800       0.841679         -0.000000
    5.820000       0.982754       0.342418       0.783054       0.841679         -0.000000
    5.830000       0.986131       0.333056       0.786215       0.841679         -0.000000
    5.840000       0.989415       0.323708       0.789285       0.841679         -0.000000
    5.850000       0.992605       0.314371       0.792264       0.841679         -0.000000
    5.860000       0.995702       0.305047       0.795152       0.841679         -0.000000
    5.870000       0.998706       0.295734       0.797949       0.841679         -0.000000
    5.880000       1.001617       0.286433       0.800657       0.841679         -0.000000
    5.890000       1.004435       0.277143       0.803274       0.841679         -0.000000
    5.900000       1.007160       0.267864       0.805803       0.841679         -0.000000
    5.910000       1.009792       0.258596       0.808243       0.841679         -0.000000
    5.920000       1.012332       0.249337       0.810594       0.841679         -0.000000
    5.930000       1.014779       0.240089       0.812857       0.841679         -0.000000
    5.940000       1.017134       0.230850       0.815033       0.841679         -0.000000
    5.950000       1.019396       0.221621       0.817121       0.841679         -0.000000
    5.960000       1.021566       0.212400       0.819122       0.841679         -0.000000
    5.970000       1.023644       0.203188       0.821036       0.841679         -0.000000
    5.980000       1.025630       0.193984       0.822864       0.841679         -0.000000
    5.990000       1.027524       0.184788       0.824605       0.841679         -0.000000
    6.000000       1.029326       0.175599       0.826261       0.841679         -0.000000
    6.010000       1.031036       0.166418       0.827831       0.841679         -0.000000
    6.020000       1.032654       0.157243       0.829316       0.841679         -0.000000
    6.030000       1.034181       0.148075       0.830715       0.841679         -0.000000
    6.040000       1.035616       0.138913       0.832030       0.841679         -0.000000
    6.050000       1.036959       0.129757       0.833260       0.841679         -0.000000
    6.060000       1.038211       0.120606       0.834406       0.841679         -0.000000
    6.070000       1.039371       0.111460       0.835467       0.841679         -0.000000
    6.080000       1.040440       0.102319       0.836444       0.841679         -0.000000
    6.090000       1.041418       0.093182       0.837337       0.841679         -0.000000
    6.100000       1.042304       0.084048       0.838146       0.841679         -0.000000
    6.110000       1.043099       0.074919       0.838872       0.841679         -0.000000
    6.120000       1.043802       0.065792       0.839514       0.841679         -0.000000
    6.130000       1.044414       0.056668       0.840073       0.841679         -0.000000
    6.140000       1.044936       0.047547       0.840548       0.841679         -0.000000
    6.150000       1.045365       0.038427       0.840940       0.841679         -0.000000
    6.160000       1.045704       0.029309       0.841249       0.841679         -0.000000
    6.170000       1.045952       0.020193       0.841475       0.841679         -0.000000
    6.180000       1.046108       0.011077       0.841617       0.841679         -0.000000
    6.190000       1.046173       0.001961       0.841677       0.841679         -0.000000
    6.200000       1.046147      -0.007154       0.841653       0.841679         -0.000000
    6.210000       1.046030      -0.016270       0.841546       0.841679         -0.000000
    6.220000       1.045822      -0.025386       0.841356       0.841679         -0.000000
    6.230000       1.045522      -0.034503       0.841083       0.841679         -0.000000
    6.240000       1.045132      -0.043622       0.840727       0.841679         -0.000000
    6.250000       1.044650      -0.052743       0.840288       0.841679         -0.000000
    6.260000       1.044077      -0.061865       0.839765       0.841679         -0.000000
    6.270000       1.043413      -0.070991       0.839159       0.841679         -0.000000
    6.280000       1.042657      -0.080119       0.838469       0.841679         -0.000000
    6.290000       1.041810      -0.089251       0.837696       0.841679         -0.000000
    6.300000       1.040872      -0.098386       0.836839       0.841679         -0.000000
    6.310000       1.039842      -0.107526       0.835898       0.841679         -0.000000
    6.320000       1.038721      -0.116670       0.834873       0.841679         -0.000000
    6.330000       1.037509      -0.125818       0.833763       0.841679         -0.000000
    6.340000       1.036205      -0.134972       0.832570       0.841679         -0.000000
    6.350000       1.034810      -0.144132       0.831292       0.841679         -0.000000
    6.360000       1.033322      -0.153297       0.829929       0.841679         -0.000000
    6.370000       1.031744      -0.162469       0.828480       0.841679         -0.000000
    6.380000       1.030073      -0.171647       0.826947       0.841679         -0.000000
    6.390000       1.028311      -0.180833       0.825328       0.841679         -0.000000
    6.400000       1.026456      -0.190026       0.823624       0.841679         -0.000000
    6.410000       1.024510      -0.199226       0.821833       0.841679         -0.000000
    6.420000       1.022472      -0.208435       0.819956       0.841679         -0.000000
    6.430000       1.020341      -0.217651       0.817992       0.841679         -0.000000
    6.440000       1.018119      -0.226877       0.815942       0.841679         -0.000000
    6.450000       1.015804      -0.236112       0.813804       0.841679         -0.000000
    6.460000       1.013396      -0.245356       0.811579       0.841679         -0.000000
    6.470000       1.010897      -0.254610       0.809265       0.841679         -0.000000
    6.480000       1.008304      -0.263874       0.806864       0.841679         -0.000000
    6.490000       1.005619      -0.273149       0.804373       0.841679         -0.000000
    6.500000       1.002841      -0.282434       0.801794       0.841679         -0.000000
    6.510000       0.999970      -0.291730       0.799125       0.841679         -0.000000
    6.520000       0.997007      -0.301038       0.796367       0.841679         -0.000000
    6.530000       0.993950      -0.310357       0.793518       0.841679         -0.000000
    6.540000       0.990799      -0.319688       0.790578       0.841679         -0.000000
    6.550000       0.987556      -0.329032       0.787548       0.841679         -0.000000
    6.560000       0.984219      -0.338388       0.784425       0.841679         -0.000000
    6.570000       0.980788      -0.347756       0.781211       0.841679         -0.000000
    6.580000       0.977264      -0.357138       0.777905       0.841679         -0.000000
    6.590000       0.973645      -0.366533       0.774505       0.841679         -0.000000
    6.600000       0.969933      -0.375942       0.771013       0.841679         -0.000000
    6.610000       0.966126      -0.385364       0.767426       0.841679         -0.000000
    6.620000       0.962226      -0.394800       0.763745       0.841679         -0.000000
    6.630000       0.958230      -0.404251       0.759969       0.841679         -0.000000
    6.640000       0.954140      -0.413716       0.756098       0.841679         -0.000000
    6.650000       0.949956      -0.423196       0.752131       0.841679         -0.000000
    6.660000       0.945676      -0.432690       0.748068       0.841679         -0.000000
    6.670000       0.941302      -0.442200       0.743908       0.841679         -0.000000
    6.680000       0.936832      -0.451724       0.739651       0.841679         -0.000000
    6.690000       0.932268      -0.461264       0.735296       0.841679         -0.000000
    6.700000       0.927607      -0.470820       0.730843       0.841679         -0.000000
    6.710000       0.922851      -0.480391       0.726291       0.841679         -0.000000
    6.720000       0.917999      -0.489977       0.721640       0.841679         -0.000000
    6.730000       0.913051      -0.499580       0.716889       0.841679         -0.000000
    6.740000       0.908008      -0.509198       0.712037       0.841679         -0.000000
    6.750000       0.902867      -0.518832       0.707085       0.841679         -0.000000
    6.760000       0.897631      -0.528482       0.702032       0.841679         -0.000000
    6.770000       0.892298      -0.538148       0.696877       0.841679         -0.000000
    6.780000       0.886868      -0.547830       0.691620       0.841679         -0.000000
    6.790000       0.881341      -0.557528       0.686260       0.841679         -0.000000
    6.800000       0.875717      -0.567241       0.680797       0.841679         -0.000000
    6.810000       0.869996      -0.576971       0.675231       0.841679         -0.000000
    6.820000       0.864178      -0.586716       0.669561       0.841679         -0.000000
    6.830000       0.858262      -0.596476       0.663786       0.841679         -0.000000
    6.840000       0.852248      -0.606252       0.657908       0.841679         -0.000000
    6.850000       0.846137      -0.616044       0.651924       0.841679         -0.000000
    6.860000       0.839927      -0.625850       0.645835       0.841679         -0.000000
    6.870000       0.833620      -0.635671       0.639640       0.841679         -0.000000
    6.880000       0.827214      -0.645506       0.633339       0.841679         -0.000000
    6.890000       0.820710      -0.655356       0.626933       0.841679         -0.000000
    6.900000       0.814107      -0.665219       0.620420       0.841679         -0.000000
    6.910000       0.807405      -0.675096       0.613801       0.841679         -0.000000
    6.920000       0.800605      -0.684986       0.607076       0.841679         -0.000000
    6.930000       0.793705      -0.694888       0.600244       0.841679         -0.000000
    6.940000       0.786707      -0.704803       0.593305       0.841679         -0.000000
    6.950000       0.779609      -0.714729       0.586260       0.841679         -0.000000
    6.960000       0.772412      -0.724665       0.579109       0.841679         -0.000000
    6.970000       0.765116      -0.734612       0.571851       0.841679         -0.000000
    6.980000       0.757720      -0.744569       0.564487       0.841679         -0.000000
    6.990000       0.750225      -0.754534       0.557018       0.841679         -0.000000
    7.000000       0.742629      -0.764507       0.549443       0.841679         -0.000000
    7.010000       0.734934      -0.774487       0.541764       0.841679         -0.000000
    7.020000       0.727140      -0.784473       0.533980       0.841679         -0.000000
    7.030000       0.719245      -0.794464       0.526092       0.841679         -0.000000
    7.040000       0.711250      -0.804459       0.518101       0.841679         -0.000000
    7.050000       0.703156      -0.814457       0.510008       0.841679         -0.000000
    7.060000       0.694961      -0.824457       0.501814       0.841679         -0.000000
    7.070000       0.686667      -0.834457       0.493519       0.841679         -0.000000
    7.080000       0.678272      -0.844456       0.485126       0.841679         -0.000000
    7.090000       0.669777      -0.854452       0.476635       0.841679         -0.000000
    7.100000       0.661183      -0.864444       0.468047       0.841679         -0.000000
    7.110000       0.652489      -0.874430       0.459365       0.841679         -0.000000
    7.120000       0.643694      -0.884409       0.450589       0.841679         -0.000000
    7.130000       0.634800      -0.894378       0.441722       0.841679         -0.000000
    7.140000       0.625807      -0.904336       0.432767       0.841679         -0.000000
    7.150000       0.616714      -0.914280       0.423724       0.841679         -0.000000
    7.160000       0.607521      -0.924209       0.414597       0.841679         -0.000000
    7.170000       0.598230      -0.934120       0.405389       0.841679         -0.000000
    7.180000       0.588839      -0.944010       0.396101       0.841679         -0.000000
    7.190000       0.579350      -0.953877       0.386738       0.841679         -0.000000
    7.200000       0.569762      -0.963718       0.377302       0.841679         -0.000000
    7.210000       0.560075      -0.973531       0.367797       0.841679         -0.000000
    7.220000       0.550291      -0.983312       0.358227       0.841679         -0.000000
    7.230000       0.540409      -0.993058       0.348596       0.841679         -0.000000
    7.240000       0.530430      -1.002766       0.338908       0.841679         -0.000000
    7.250000       0.520354      -1.012433       0.329168       0.841679         -0.000000
    7.260000       0.510181      -1.022054       0.319382       0.841679         -0.000000
    7.270000       0.499913      -1.031625       0.309553       0.841679         -0.000000
    7.280000       0.489549      -1.041143       0.299689       0.841679         -0.000000
    7.290000       0.479090      -1.050604       0.289794       0.841679         -0.000000
    7.300000       0.468537      -1.060002       0.279876       0.841679         -0.000000
    7.310000       0.457891      -1.069334       0.269941       0.841679         -0.000000
    7.320000       0.447151      -1.078594       0.259996       0.841679         -0.000000
    7.330000       0.436319      -1.087777       0.250050       0.841679         -0.000000
    7.340000       0.425396      -1.096877       0.240109       0.841679         -0.000000
    7.350000       0.414382      -1.105889       0.230183       0.841679         -0.000000
    7.360000       0.403278      -1.114808       0.220280       0.841679         -0.000000
    7.370000       0.392086      -1.123626       0.210411       0.841679         -0.000000
    7.380000       0.380806      -1.132337       0.200584       0.841679         -0.000000
    7.390000       0.369439      -1.140935       0.190812       0.841679         -0.000000
    7.400000       0.357988      -1.149413       0.181104       0.841679         -0.000000
    7.410000       0.346452      -1.157762       0.171472       0.841679         -0.000000
    7.420000       0.334833      -1.165976       0.161929       0.841679         -0.000000
    7.430000       0.323133      -1.174046       0.152487       0.841679         -0.000000
    7.440000       0.311352      -1.181963       0.143160       0.841679         -0.000000
    7.450000       0.299494      -1.189720       0.133962       0.841679         -0.000000
    7.460000       0.287559      -1.197306       0.124907       0.841679         -0.000000
    7.470000       0.275548      -1.204713       0.116012       0.841679         -0.000000
    7.480000       0.263465      -1.211930       0.107291       0.841679         -0.000000
    7.490000       0.251310      -1.218947       0.098763       0.841679         -0.000000
    7.500000       0.239087      -1.225753       0.090443       0.841679         -0.000000
    7.510000       0.226796      -1.232338       0.082350       0.841679         -0.000000
    7.520000       0.214441      -1.238689       0.074504       0.841679         -0.000000
    7.530000       0.202023      -1.244794       0.066922       0.841679         -0.000000
    7.540000       0.189546      -1.250642       0.059626       0.841679         -0.000000
    7.550000       0.177011      -1.256218       0.052637       0.841679         -0.000000
    7.560000       0.164422      -1.261510       0.045975       0.841679         -0.000000
    7.570000       0.151782      -1.266503       0.039663       0.841679         -0.000000
    7.580000       0.139093      -1.271184       0.033724       0.841679         -0.000000
    7.590000       0.126359      -1.275538       0.028180       0.841679         -0.000000
    7.600000       0.113584      -1.279548       0.023057       0.841679         -0.000000
    7.610000       0.100770      -1.283200       0.018378       0.841679         -0.000000
    7.620000       0.087921      -1.286476       0.014168       0.841679         -0.000000
    7.630000       0.075041      -1.289361       0.010453       0.841679         -0.000000
    7.640000       0.062135      -1.291836       0.007259       0.841679         -0.000000
    7.650000       0.049206      -1.293884       0.004611       0.841679         -0.000000
    7.660000       0.036259      -1.295486       0.002536       0.841679         -0.000000
    7.670000       0.023298      -1.296625       0.001061       0.841679         -0.000000
    7.680000       0.010328      -1.297280       0.000211       0.841679         -0.000000
    7.690000      -0.002646      -1.297432       0.000014       0.841679         -0.000000
    7.700000      -0.015619      -1.297061       0.000496       0.841679         -0.000000
    7.710000      -0.028585      -1.296146       0.001682       0.841679         -0.000000
    7.720000      -0.041540      -1.294666       0.003598       0.841679         -0.000000
    7.730000      -0.054477      -1.292601       0.006269       0.841679         -0.000000
    7.740000      -0.067390      -1.289929       0.009720       0.841679         -0.000000
    7.750000      -0.080273      -1.286628       0.013972       0.841679         -0.000000
    7.760000      -0.093120      -1.282676       0.019049       0.841679         -0.000000
    7.770000      -0.105925      -1.278052       0.024971       0.841679         -0.000000
    7.780000      -0.118679      -1.272731       0.031756       0.841679         -0.000000
    7.790000      -0.131377      -1.266693       0.039423       0.841679         -0.000000
    7.800000      -0.144010      -1.259915       0.047986       0.841679         -0.000000
    7.810000      -0.156573      -1.252375       0.057458       0.841679         -0.000000
    7.820000      -0.169055      -1.244050       0.067849       0.841679         -0.000000
    7.830000      -0.181451      -1.234919       0.079167       0.841679         -0.000000
    7.840000      -0.193751      -1.224960       0.091416       0.841679         -0.000000
    7.850000      -0.205947      -1.214151       0.104597       0.841679         -0.000000
    7.860000      -0.218031      -1.202474       0.118707       0.841679         -0.000000
    7.870000      -0.229994      -1.189907       0.133740       0.841679         -0.000000
    7.880000      -0.241826      -1.176431       0.149684       0.841679         -0.000000
    7.890000      -0.253519      -1.162027       0.166525       0.841679         -0.000000
    7.900000      -0.265064      -1.146680       0.184241       0.841679         -0.000000
    7.910000      -0.276450      -1.130371       0.202809       0.841679         -0.000000
    7.920000      -0.287668      -1.113087       0.222197       0.841679         -0.000000
    7.930000      -0.298708      -1.094814       0.242370       0.841679         -0.000000
    7.940000      -0.309561      -1.075540       0.263286       0.841679         -0.000000
    7.950000      -0.320215      -1.055254       0.284899       0.841679         -0.000000
    7.960000      -0.330662      -1.033947       0.307155       0.841679         -0.000000
    7.970000      -0.340891      -1.011614       0.329997       0.841679         -0.000000
    7.980000      -0.350891      -0.988250       0.353359       0.841679          0.000000
    7.990000      -0.360653      -0.963853       0.377172       0.841679          0.000000
    8.000000      -0.370165      -0.938423       0.401360       0.841679          0.000000
    8.010000      -0.379418      -0.911962       0.425841       0.841679          0.000000
    8.020000      -0.388401      -0.884477       0.450529       0.841679          0.000000
    8.030000      -0.397104      -0.855974       0.475332       0.841679          0.000000
    8.040000      -0.405517      -0.826467       0.500155       0.841679          0.000000
    8.050000      -0.413630      -0.795967       0.524897       0.841679          0.000000
    8.060000      -0.421433      -0.764493       0.549454       0.841679          0.000000
    8.070000      -0.428916      -0.732065       0.573719       0.841679          0.000000
    8.080000      -0.436071      -0.698705       0.597584       0.841679          0.000000
    8.090000      -0.442888      -0.664441       0.620937       0.841679          0.000000
    8.100000      -0.449357      -0.629303       0.643668       0.841679          0.000000
    8.110000      -0.455471      -0.593322       0.665663       0.841679          0.000000
    8.120000      -0.461221      -0.556535       0.686813       0.841679         -0.000000
    8.130000      -0.466599      -0.518982       0.707007       0.841679         -0.000000
    8.140000      -0.471598      -0.480705       0.726140       0.841679         -0.000000
    8.150000      -0.476211      -0.441748       0.744108       0.841679         -0.000000
    8.160000      -0.480431      -0.402160       0.760812       0.841679         -0.000000
    8.170000      -0.484252      -0.361991       0.776160       0.841679         -0.000000
    8.180000      -0.487669      -0.321295       0.790063       0.841679         -0.000000
    8.190000      -0.490676      -0.280126       0.802443       0.841679         -0.000000
    8.200000      -0.493270      -0.238543       0.813227       0.841679         -0.000000
    8.210000      -0.495446      -0.196604       0.822352       0.841679         -0.000000
    8.220000      -0.497201      -0.154371       0.829763       0.841679         -0.000000
    8.230000      -0.498533      -0.111905       0.835417       0.841679         -0.000000
    8.240000      -0.499439      -0.069271       0.839279       0.841679         -0.000000
    8.250000      -0.499918      -0.026532       0.841327       0.841679         -0.000000
    8.260000      -0.499969       0.016247       0.841547       0.841679         -0.000000
    8.270000      -0.499593       0.059002       0.839938       0.841679         -0.000000
    8.280000      -0.498789       0.101667       0.836510       0.841679         -0.000000
    8.290000      -0.497560       0.144179       0.831285       0.841679         -0.000000
    8.300000      -0.495907       0.186474       0.824292       0.841679         -0.000000
    8.310000      -0.493831       0.228489       0.815575       0.841679         -0.000000
    8.320000      -0.491338       0.270163       0.805184       0.841679         -0.000000
    8.330000      -0.488430       0.311437       0.793182       0.841679         -0.000000
    8.340000      -0.485111       0.352252       0.779638       0.841679         -0.000000
    8.350000      -0.481386       0.392553       0.764630       0.841679         -0.000000
    8.360000      -0.477262       0.432285       0.748243       0.841679         -0.000000
    8.370000      -0.472743       0.471398       0.730571       0.841679         -0.000000
    8.380000      -0.467836       0.509843       0.711709       0.841679         -0.000000
    8.390000      -0.462548       0.547574       0.691760       0.841679         -0.000000
    8.400000      -0.456887       0.584549       0.670830       0.841679         -0.000000
    8.410000      -0.450860       0.620727       0.649028       0.841679         -0.000000
    8.420000      -0.444475       0.656071       0.626464       0.841679         -0.000000
    8.430000      -0.437741       0.690548       0.603250       0.841679         -0.000000
    8.440000      -0.430667       0.724128       0.579498       0.841679         -0.000000
    8.450000      -0.423262       0.756782       0.555319       0.841679         -0.000000
    8.460000      -0.415535       0.788488       0.530822       0.841679         -0.000000
    8.470000      -0.407495       0.819223       0.506115       0.841679         -0.000000
    8.480000      -0.399153       0.848971       0.481303       0.841679         -0.000000
    8.490000      -0.390519       0.877716       0.456486       0.841679         -0.000000
    8.500000      -0.381603       0.905447       0.431762       0.841679         -0.000000
    8.510000      -0.372414       0.932154       0.407223       0.841679         -0.000000
    8.520000      -0.362963       0.957833       0.382957       0.841679         -0.000000
    8.530000      -0.353260       0.982478       0.359047       0.841679         -0.000000
    8.540000      -0.343317       1.006091       0.335569       0.841679         -0.000000
    8.550000      -0.333142       1.028671       0.312596       0.841679         -0.000000
    8.560000      -0.322747       1.050224       0.290193       0.841679         -0.000000
    8.570000      -0.312141       1.070755       0.268421       0.841679         -0.000000
    8.580000      -0.301335       1.090272       0.247332       0.841679         -0.000000
    8.590000      -0.290339       1.108785       0.226977       0.841679         -0.000000
    8.600000      -0.279163       1.126305       0.207397       0.841679         -0.000000
    8.610000      -0.267816       1.142847       0.188629       0.841679         -0.000000
    8.620000      -0.256309       1.158424       0.170705       0.841679         -0.000000
    8.630000      -0.244651       1.173053       0.153652       0.841679         -0.000000
    8.640000      -0.232851       1.186750       0.137491       0.841679         -0.000000
    8.650000      -0.220919       1.199534       0.122238       0.841679         -0.000000
    8.660000      -0.208863       1.211424       0.107905       0.841679         -0.000000
    8.670000      -0.196693       1.222439       0.094500       0.841679         -0.000000
    8.680000      -0.184417       1.232600       0.082027       0.841679         -0.000000
    8.690000      -0.172044       1.241929       0.070485       0.841679         -0.000000
    8.700000      -0.159581       1.250445       0.059872       0.841679         -0.000000
    8.710000      -0.147038       1.258172       0.050180       0.841679         -0.000000
    8.720000      -0.134421       1.265132       0.041399       0.841679         -0.000000
    8.730000      -0.121738       1.271346       0.033519       0.841679         -0.000000
    8.740000      -0.108996       1.276837       0.026523       0.841679         -0.000000
    8.750000      -0.096203       1.281627       0.020395       0.841679         -0.000000
    8.760000      -0.083366       1.285738       0.015117       0.841679         -0.000000
    8.770000      -0.070491       1.289194       0.010668       0.841679         -0.000000
    8.780000      -0.057584       1.292015       0.007027       0.841679         -0.000000
    8.790000      -0.044652       1.294224       0.004170       0.841679         -0.000000
    8.800000      -0.031702       1.295842       0.002075       0.841679         -0.000000
    8.810000      -0.018737       1.296891       0.000715       0.841679         -0.000000
    8.820000      -0.005766       1.297391       0.000067       0.841679         -0.000000
    8.830000       0.007209       1.297363       0.000103       0.841679         -0.000000
    8.840000       0.020180       1.296827       0.000798       0.841679         -0.000000
    8.850000       0.033144       1.295803       0.002126       0.841679         -0.000000
    8.860000       0.046095       1.294311       0.004059       0.841679         -0.000000
    8.870000       0.059028       1.292368       0.006571       0.841679         -0.000000
    8.880000       0.071940       1.289994       0.009637       0.841679         -0.000000
    8.890000       0.084827       1.287206       0.013229       0.841679         -0.000000
    8.900000       0.097683       1.284022       0.017322       0.841679         -0.000000
    8.910000       0.110506       1.280460       0.021890       0.841679         -0.000000
    8.920000       0.123291       1.276534       0.026909       0.841679         -0.000000
    8.930000       0.136036       1.272262       0.032354       0.841679         -0.000000
    8.940000       0.148735       1.267658       0.038200       0.841679         -0.000000
    8.950000       0.161388       1.262738       0.044425       0.841679         -0.000000
    8.960000       0.173989       1.257517       0.051004       0.841679         -0.000000
    8.970000       0.186537       1.252008       0.057917       0.841679         -0.000000
    8.980000       0.199028       1.246224       0.065141       0.841679         -0.000000
    8.990000       0.211461       1.240180       0.072656       0.841679         -0.000000
    9.000000       0.223831       1.233887       0.080441       0.841679         -0.000000
    9.010000       0.236138       1.227357       0.088476       0.841679         -0.000000
    9.020000       0.248378       1.220603       0.096742       0.841679         -0.000000
    9.030000       0.260549       1.213636       0.105223       0.841679         -0.000000
    9.040000       0.272650       1.206466       0.113899       0.841679         -0.000000
    9.050000       0.284678       1.199104       0.122753       0.841679         -0.000000
    9.060000       0.296631       1.191560       0.131771       0.841679         -0.000000
    9.070000       0.308508       1.183843       0.140936       0.841679         -0.000000
    9.080000       0.320307       1.175964       0.150233       0.841679         -0.000000
    9.090000       0.332027       1.167930       0.159649       0.841679         -0.000000
    9.100000       0.343665       1.159750       0.169169       0.841679         -0.000000
    9.110000       0.355222       1.151432       0.178780       0.841679         -0.000000
    9.120000       0.366694       1.142985       0.188471       0.841679         -0.000000
    9.130000       0.378081       1.134415       0.198229       0.841679         -0.000000
    9.140000       0.389382       1.125731       0.208044       0.841679         -0.000000
    9.150000       0.400595       1.116937       0.217904       0.841679         -0.000000
    9.160000       0.411720       1.108043       0.227799       0.841679         -0.000000
    9.170000       0.422756       1.099052       0.237721       0.841679         -0.000000
    9.180000       0.433701       1.089972       0.247659       0.841679         -0.000000
    9.190000       0.444555       1.080809       0.257605       0.841679         -0.000000
    9.200000       0.455317       1.071567       0.267550       0.841679         -0.000000
    9.210000       0.465986       1.062252       0.277488       0.841679         -0.000000
    9.220000       0.476562       1.052870       0.287411       0.841679         -0.000000
    9.230000       0.487043       1.043424       0.297312       0.841679         -0.000000
    9.240000       0.497430       1.033919       0.307184       0.841679         -0.000000
    9.250000       0.507721       1.024360       0.317022       0.841679         -0.000000
    9.260000       0.517917       1.014750       0.326819       0.841679         -0.000000
    9.270000       0.528016       1.005095       0.336571       0.841679         -0.000000
    9.280000       0.538019       0.995396       0.346272       0.841679         -0.000000
    9.290000       0.547924       0.985659       0.355917       0.841679         -0.000000
    9.300000       0.557732       0.975886       0.365502       0.841679         -0.000000
    9.310000       0.567441       0.966081       0.375023       0.841679         -0.000000
    9.320000       0.577053       0.956246       0.384476       0.841679         -0.000000
    9.330000       0.586566       0.946385       0.393857       0.841679         -0.000000
    9.340000       0.595981       0.936500       0.403163       0.841679         -0.000000
    9.350000       0.605296       0.926594       0.412391       0.841679         -0.000000
    9.360000       0.614513       0.916669       0.421537       0.841679         -0.000000
    9.370000       0.623630       0.906728       0.430600       0.841679         -0.000000
    9.380000       0.632647       0.896774       0.439577       0.841679         -0.000000
    9.390000       0.641565       0.886807       0.448465       0.841679         -0.000000
    9.400000       0.650383       0.876830       0.457263       0.841679         -0.000000
    9.410000       0.659102       0.866846       0.465968       0.841679         -0.000000
    9.420000       0.667720       0.856855       0.474578       0.841679         -0.000000
    9.430000       0.676239       0.846859       0.483093       0.841679         -0.000000
    9.440000       0.684657       0.836861       0.491510       0.841679         -0.000000
    9.450000       0.692976       0.826861       0.499829       0.841679         -0.000000
    9.460000       0.701194       0.816862       0.508047       0.841679         -0.000000
    9.470000       0.709313       0.806863       0.516165       0.841679         -0.000000
    9.480000       0.717332       0.796867       0.524180       0.841679         -0.000000
    9.490000       0.725250       0.786875       0.532093       0.841679         -0.000000
    9.500000       0.733069       0.776887       0.539902       0.841679         -0.000000
    9.510000       0.740788       0.766906       0.547606       0.841679         -0.000000
    9.520000       0.748407       0.756931       0.555206       0.841679         -0.000000
    9.530000       0.755927       0.746964       0.562701       0.841679         -0.000000
    9.540000       0.763347       0.737005       0.570090       0.841679         -0.000000
    9.550000       0.770667       0.727056       0.577373       0.841679         -0.000000
    9.560000       0.777888       0.717117       0.584550       0.841679         -0.000000
    9.570000       0.785009       0.707188       0.591621       0.841679         -0.000000
    9.580000       0.792032       0.697271       0.598585       0.841679         -0.000000
    9.590000       0.798955       0.687366       0.605443       0.841679         -0.000000
    9.600000       0.805779       0.677473       0.612194       0.841679         -0.000000
    9.610000       0.812504       0.667593       0.618838       0.841679         -0.000000
    9.620000       0.819131       0.657726       0.625377       0.841679         -0.000000
    9.630000       0.825659       0.647873       0.631809       0.841679         -0.000000
    9.640000       0.832088       0.638034       0.638135       0.841679         -0.000000
    9.650000       0.838420       0.628210       0.644355       0.841679         -0.000000
    9.660000       0.844653       0.618400       0.650469       0.841679         -0.000000
    9.670000       0.850788       0.608605       0.656478       0.841679         -0.000000
    9.680000       0.856825       0.598826       0.662383       0.841679         -0.000000
    9.690000       0.862764       0.589061       0.668182       0.841679         -0.000000
    9.700000       0.868606       0.579312       0.673877       0.841679         -0.000000
    9.710000       0.874351       0.569579       0.679468       0.841679         -0.000000
    9.720000       0.879998       0.559862       0.684956       0.841679         -0.000000
    9.730000       0.885548       0.550160       0.690340       0.841679         -0.000000
    9.740000       0.891001       0.540475       0.695622       0.841679         -0.000000
    9.750000       0.896357       0.530805       0.700802       0.841679         -0.000000
    9.760000       0.901617       0.521151       0.705879       0.841679         -0.000000
    9.770000       0.906780       0.511513       0.710856       0.841679         -0.000000
    9.780000       0.911847       0.501891       0.715731       0.841679         -0.000000
    9.790000       0.916818       0.492285       0.720506       0.841679         -0.000000
    9.800000       0.921693       0.482694       0.725182       0.841679         -0.000000
    9.810000       0.926472       0.473119       0.729758       0.841679         -0.000000
    9.820000       0.931156       0.463560       0.734234       0.841679         -0.000000
    9.830000       0.935744       0.454017       0.738613       0.841679         -0.000000
    9.840000       0.940236       0.444488       0.742894       0.841679         -0.000000
    9.850000       0.944633       0.434975       0.747077       0.841679         -0.000000
    9.860000       0.948936       0.425477       0.751163       0.841679         -0.000000
    9.870000       0.953143       0.415994       0.755153       0.841679         -0.000000
    9.880000       0.957256       0.406525       0.759047       0.841679         -0.000000
    9.890000       0.961274       0.397071       0.762846       0.841679         -0.000000
    9.900000       0.965197       0.387632       0.766549       0.841679         -0.000000
    9.910000       0.969026       0.378206       0.770159       0.841679         -0.000000
    9.920000       0.972761       0.368794       0.773674       0.841679         -0.000000
    9.930000       0.976402       0.359396       0.777096       0.841679         -0.000000
    9.940000       0.979949       0.350011       0.780425       0.841679         -0.000000
    9.950000       0.983402       0.340639       0.783661       0.841679         -0.000000
    9.960000       0.986762       0.331280       0.786805       0.841679         -0.000000
    9.970000       0.990028       0.321934       0.789858       0.841679         -0.000000
    9.980000       0.993201       0.312600       0.792819       0.841679         -0.000000
    9.990000       0.996280       0.303278       0.795690       0.841679         -0.000000
   10.000000       0.999266       0.293967       0.798470       0.841679         -0.000000
   10.010000       1.002159       0.284668       0.801161       0.841679         -0.000000
   10.020000       1.004960       0.275380       0.803761       0.841679         -0.000000
   10.030000       1.007667       0.266103       0.806273       0.841679         -0.000000
   10.040000       1.010282       0.256837       0.808696       0.841679         -0.000000
   10.050000       1.012804       0.247580       0.811031       0.841679         -0.000000
   10.060000       1.015233       0.238334       0.813277       0.841679         -0.000000
   10.070000       1.017571       0.229097       0.815436       0.841679         -0.000000
   10.080000       1.019815       0.219869       0.817507       0.841679         -0.000000
   10.090000       1.021968       0.210650       0.819492       0.841679         -0.000000
   10.100000       1.024028       0.201439       0.821390       0.841679         -0.000000
   10.110000       1.025997       0.192237       0.823201       0.841679         -0.000000
   10.120000       1.027873       0.183042       0.824926       0.841679         -0.000000
   10.130000       1.029658       0.173855       0.826566       0.841679         -0.000000
   10.140000       1.031350       0.164675       0.828120       0.841679         -0.000000
   10.150000       1.032951       0.155502       0.829588       0.841679         -0.000000
   10.160000       1.034460       0.146335       0.830972       0.841679         -0.000000
   10.170000       1.035878       0.137174       0.832270       0.841679         -0.000000
   10.180000       1.037204       0.128019       0.833484       0.841679         -0.000000
   10.190000       1.038438       0.118869       0.834614       0.841679         -0.000000
   10.200000       1.039581       0.109724       0.835659       0.841679         -0.000000
   10.210000       1.040633       0.100583       0.836620       0.841679         -0.000000
   10.220000       1.041593       0.091447       0.837497       0.841679         -0.000000
   10.230000       1.042462       0.082315       0.838291       0.841679         -0.000000
   10.240000       1.043239       0.073185       0.839001       0.841679         -0.000000
   10.250000       1.043925       0.064059       0.839627       0.841679         -0.000000
   10.260000       1.044520       0.054936       0.840170       0.841679         -0.000000
   10.270000       1.045024       0.045815       0.840629       0.841679         -0.000000
   10.280000       1.045437       0.036696       0.841005       0.841679         -0.000000
   10.290000       1.045758       0.027578       0.841298       0.841679         -0.000000
   10.300000       1.045988       0.018461       0.841508       0.841679         -0.000000
   10.310000       1.046127       0.009346       0.841635       0.841679         -0.000000
   10.320000       1.046175       0.000230       0.841679       0.841679         -0.000000
   10.330000       1.046132      -0.008885       0.841639       0.841679         -0.000000
   10.340000       1.045998      -0.018001       0.841517       0.841679         -0.000000
   10.350000       1.045772      -0.027117       0.841311       0.841679         -0.000000
   10.360000       1.045455      -0.036235       0.841022       0.841679         -0.000000
   10.370000       1.045047      -0.045354       0.840650       0.841679         -0.000000
   10.380000       1.044548      -0.054475       0.840195       0.841679         -0.000000
   10.390000       1.043958      -0.063598       0.839656       0.841679         -0.000000
   10.400000       1.043276      -0.072724       0.839034       0.841679         -0.000000
   10.410000       1.042503      -0.081853       0.838329       0.841679         -0.000000
   10.420000       1.041639      -0.090985       0.837539       0.841679         -0.000000
   10.430000       1.040684      -0.100121       0.836666       0.841679         -0.000000
   10.440000       1.039637      -0.109262       0.835710       0.841679         -0.000000
   10.450000       1.038498      -0.118407       0.834669       0.841679         -0.000000
   10.460000       1.037268      -0.127556       0.833543       0.841679         -0.000000
   10.470000       1.035947      -0.136711       0.832334       0.841679         -0.000000
   10.480000       1.034534      -0.145872       0.831039       0.841679         -0.000000
   10.490000       1.033030      -0.155038       0.829660       0.841679         -0.000000
   10.500000       1.031433      -0.164211       0.828196       0.841679         -0.000000
   10.510000       1.029745      -0.173391       0.826646       0.841679         -0.000000
   10.520000       1.027966      -0.182578       0.825011       0.841679         -0.000000
   10.530000       1.026094      -0.191772       0.823290       0.841679         -0.000000
   10.540000       1.024130      -0.200974       0.821483       0.841679         -0.000000
   10.550000       1.022074      -0.210184       0.819590       0.841679         -0.000000
   10.560000       1.019926      -0.219403       0.817610       0.841679         -0.000000
   10.570000       1.017686      -0.228630       0.815543       0.841679         -0.000000
   10.580000       1.015354      -0.237867       0.813388       0.841679         -0.000000
   10.590000       1.012929      -0.247113       0.811146       0.841679         -0.000000
   10.600000       1.010412      -0.256369       0.808816       0.841679         -0.000000
   10.610000       1.007801      -0.265635       0.806398       0.841679         -0.000000
   10.620000       1.005099      -0.274911       0.803890       0.841679         -0.000000
   10.630000       1.002303      -0.284198       0.801294       0.841679         -0.000000
   10.640000       0.999415      -0.293497       0.798608       0.841679         -0.000000
   10.650000       0.996433      -0.302807       0.795833       0.841679         -0.000000
   10.660000       0.993359      -0.312128       0.792967       0.841679         -0.000000
   10.670000       0.990191      -0.321462       0.790010       0.841679         -0.000000
   10.680000       0.986929      -0.330807       0.786962       0.841679         -0.000000
   10.690000       0.983574      -0.340166       0.783822       0.841679         -0.000000
   10.700000       0.980126      -0.349537       0.780591       0.841679         -0.000000
   10.710000       0.976584      -0.358921       0.777266       0.841679         -0.000000
   10.720000       0.972948      -0.368319       0.773849       0.841679         -0.000000
   10.730000       0.969217      -0.377730       0.770339       0.841679         -0.000000
   10.740000       0.965393      -0.387155       0.766734       0.841679         -0.000000
   10.750000       0.961474      -0.396594       0.763035       0.841679         -0.000000
   10.760000       0.957461      -0.406047       0.759241       0.841679         -0.000000
   10.770000       0.953353      -0.415515       0.755352       0.841679         -0.000000
   10.780000       0.949151      -0.424997       0.751367       0.841679         -0.000000
   10.790000       0.944853      -0.434495       0.747286       0.841679         -0.000000
   10.800000       0.940461      -0.444007       0.743107       0.841679         -0.000000
   10.810000       0.935973      -0.453535       0.738832       0.841679         -0.000000
   10.820000       0.931390      -0.463077       0.734458       0.841679         -0.000000
   10.830000       0.926711      -0.472636       0.729986       0.841679         -0.000000
   10.840000       0.921937      -0.482210       0.725415       0.841679         -0.000000
   10.850000       0.917067      -0.491799       0.720745       0.841679         -0.000000
   10.860000       0.912101      -0.501405       0.715975       0.841679         -0.000000
   10.870000       0.907039      -0.511026       0.711105       0.841679         -0.000000
   10.880000       0.901881      -0.520663       0.706133       0.841679         -0.000000
   10.890000       0.896626      -0.530316       0.701061       0.841679         -0.000000
   10.900000       0.891274      -0.539985       0.695887       0.841679         -0.000000
   10.910000       0.885826      -0.549670       0.690610       0.841679         -0.000000
   10.920000       0.880281      -0.559371       0.685231       0.841679         -0.000000
   10.930000       0.874638      -0.569088       0.679748       0.841679         -0.000000
   10.940000       0.868899      -0.578820       0.674162       0.841679         -0.000000
   10.950000       0.863062      -0.588568       0.668472       0.841679         -0.000000
   10.960000       0.857127      -0.598332       0.662678       0.841679         -0.000000
   10.970000       0.851095      -0.608111       0.656779       0.841679         -0.000000
   10.980000       0.844965      -0.617905       0.650776       0.841679         -0.000000
   10.990000       0.838737      -0.627714       0.644666       0.841679         -0.000000
   11.000000       0.832411      -0.637537       0.638452       0.841679         -0.000000
   11.010000       0.825986      -0.647376       0.632131       0.841679         -0.000000
   11.020000       0.819463      -0.657228       0.625704       0.841679         -0.000000
   11.030000       0.812842      -0.667094       0.619172       0.841679         -0.000000
   11.040000       0.806121      -0.676973       0.612532       0.841679         -0.000000
   11.050000       0.799302      -0.686865       0.605787       0.841679         -0.000000
   11.060000       0.792384      -0.696770       0.598934       0.841679         -0.000000
   11.070000       0.785367      -0.706687       0.591976       0.841679         -0.000000
   11.080000       0.778250      -0.716615       0.584910       0.841679         -0.000000
   11.090000       0.771034      -0.726553       0.577739       0.841679         -0.000000
   11.100000       0.763719      -0.736502       0.570461       0.841679         -0.000000
   11.110000       0.756304      -0.746460       0.563077       0.841679         -0.000000
   11.120000       0.748790      -0.756427       0.555588       0.841679         -0.000000
   11.130000       0.741176      -0.766401       0.547993       0.841679         -0.000000
   11.140000       0.733462      -0.776383       0.540294       0.841679         -0.000000
   11.150000       0.725648      -0.786370       0.532490       0.841679         -0.000000
   11.160000       0.717734      -0.796362       0.524582       0.841679         -0.000000
   11.170000       0.709721      -0.806358       0.516572       0.841679         -0.000000
   11.180000       0.701607      -0.816356       0.508460       0.841679         -0.000000
   11.190000       0.693394      -0.826356       0.500247       0.841679         -0.000000
   11.200000       0.685080      -0.836356       0.491933       0.841679         -0.000000
   11.210000       0.676667      -0.846354       0.483521       0.841679         -0.000000
   11.220000       0.668153      -0.856350       0.475011       0.841679         -0.000000
   11.230000       0.659540      -0.866341       0.466405       0.841679         -0.000000
   11.240000       0.650826      -0.876326       0.457705       0.841679         -0.000000
   11.250000       0.642013      -0.886303       0.448912       0.841679         -0.000000
   11.260000       0.633100      -0.896270       0.440029       0.841679         -0.000000
   11.270000       0.624088      -0.906225       0.431056       0.841679         -0.000000
   11.280000       0.614976      -0.916167       0.421998       0.841679         -0.000000
   11.290000       0.605765      -0.926092       0.412855       0.841679         -0.000000
   11.300000       0.596454      -0.935999       0.403631       0.841679         -0.000000
   11.310000       0.587045      -0.945885       0.394329       0.841679         -0.000000
   11.320000       0.577536      -0.955748       0.384952       0.841679         -0.000000
   11.330000       0.567930      -0.965584       0.375502       0.841679         -0.000000
   11.340000       0.558225      -0.975391       0.365985       0.841679         -0.000000
   11.350000       0.548422      -0.985166       0.356403       0.841679         -0.000000
   11.360000       0.538522      -0.994905       0.346761       0.841679         -0.000000
   11.370000       0.528524      -1.004605       0.337063       0.841679         -0.000000
   11.380000       0.518430      -1.014263       0.327314       0.841679         -0.000000
   11.390000       0.508239      -1.023875       0.317518       0.841679         -0.000000
   11.400000       0.497952      -1.033437       0.307683       0.841679         -0.000000
   11.410000       0.487570      -1.042945       0.297812       0.841679         -0.000000
   11.420000       0.477094      -1.052394       0.287912       0.841679         -0.000000
   11.430000       0.466523      -1.061780       0.277990       0.841679         -0.000000
   11.440000       0.455858      -1.071098       0.268053       0.841679         -0.000000
   11.450000       0.445101      -1.080344       0.258107       0.841679         -0.000000
   11.460000       0.434252      -1.089511       0.248161       0.841679         -0.000000
   11.470000       0.423311      -1.098595       0.238223       0.841679         -0.000000
   11.480000       0.412280      -1.107590       0.228300       0.841679         -0.000000
   11.490000       0.401160      -1.116490       0.218403       0.841679         -0.000000
   11.500000       0.389951      -1.125289       0.208541       0.841679         -0.000000
   11.510000       0.378654      -1.133979       0.198724       0.841679         -0.000000
   11.520000       0.367271      -1.142555       0.188963       0.841679         -0.000000
   11.530000       0.355803      -1.151008       0.179268       0.841679         -0.000000
   11.540000       0.344252      -1.159333       0.169652       0.841679         -0.000000
   11.550000       0.332617      -1.167520       0.160128       0.841679         -0.000000
   11.560000       0.320902      -1.175561       0.150707       0.841679         -0.000000
   11.570000       0.309107      -1.183449       0.141403       0.841679         -0.000000
   11.580000       0.297233      -1.191174       0.132231       0.841679         -0.000000
   11.590000       0.285284      -1.198727       0.123206       0.841679         -0.000000
   11.600000       0.273259      -1.206098       0.114342       0.841679         -0.000000
   11.610000       0.261162      -1.213278       0.105657       0.841679         -0.000000
   11.620000       0.248995      -1.220256       0.097166       0.841679         -0.000000
   11.630000       0.236758      -1.227021       0.088888       0.841679         -0.000000
   11.640000       0.224455      -1.233562       0.080841       0.841679         -0.000000
   11.650000       0.212087      -1.239867       0.073043       0.841679         -0.000000
   11.660000       0.199658      -1.245925       0.065514       0.841679         -0.000000
   11.670000       0.187170      -1.251722       0.058275       0.841679         -0.000000
   11.680000       0.174625      -1.257245       0.051346       0.841679         -0.000000
   11.690000       0.162026      -1.262481       0.044749       0.841679         -0.000000
   11.700000       0.149376      -1.267417       0.038506       0.841679         -0.000000
   11.710000       0.136679      -1.272037       0.032640       0.841679         -0.000000
   11.720000       0.123937      -1.276326       0.027174       0.841679         -0.000000
   11.730000       0.111153      -1.280270       0.022133       0.841679         -0.000000
   11.740000       0.098332      -1.283851       0.017542       0.841679         -0.000000
   11.750000       0.085477      -1.287055       0.013424       0.841679         -0.000000
   11.760000       0.072593      -1.289863       0.009806       0.841679         -0.000000
   11.770000       0.059682      -1.292258       0.006713       0.841679         -0.000000
   11.780000       0.046749      -1.294223       0.004172       0.841679         -0.000000
   11.790000       0.033799      -1.295739       0.002209       0.841679         -0.000000
   11.800000       0.020836      -1.296787       0.000850       0.841679         -0.000000
   11.810000       0.007865      -1.297348       0.000123       0.841679         -0.000000
   11.820000      -0.005110      -1.297402       0.000052       0.841679         -0.000000
   11.830000      -0.018082      -1.296929       0.000666       0.841679         -0.000000
   11.840000      -0.031046      -1.295909       0.001989       0.841679         -0.000000
   11.850000      -0.043998      -1.294320       0.004046       0.841679         -0.000000
   11.860000      -0.056931      -1.292141       0.006864       0.841679         -0.000000
   11.870000      -0.069839      -1.289352       0.010465       0.841679         -0.000000
   11.880000      -0.082716      -1.285929       0.014872       0.841679         -0.000000
   11.890000      -0.095555      -1.281851       0.020108       0.841679         -0.000000
   11.900000      -0.108351      -1.277095       0.026192       0.841679         -0.000000
   11.910000      -0.121095      -1.271640       0.033144       0.841679         -0.000000
   11.920000      -0.133781      -1.265464       0.040979       0.841679         -0.000000
   11.930000      -0.146402      -1.258542       0.049714       0.841679         -0.000000
   11.940000      -0.158949      -1.250855       0.059360       0.841679         -0.000000
   11.950000      -0.171416      -1.242379       0.069926       0.841679         -0.000000
   11.960000      -0.183794      -1.233092       0.081421       0.841679         -0.000000
   11.970000      -0.196075      -1.222973       0.093847       0.841679         -0.000000
   11.980000      -0.208251      -1.212001       0.107205       0.841679         -0.000000
   11.990000      -0.220312      -1.200156       0.121491       0.841679         -0.000000
   12.000000      -0.232251      -1.187418       0.136698       0.841679         -0.000000
   12.010000      -0.244058      -1.173767       0.152814       0.841679         -0.000000
   12.020000      -0.255723      -1.159186       0.169822       0.841679         -0.000000
   12.030000      -0.267238      -1.143657       0.187702       0.841679         -0.000000
   12.040000      -0.278593      -1.127165       0.206428       0.841679         -0.000000
   12.050000      -0.289778      -1.109694       0.225968       0.841679         -0.000000
   12.060000      -0.300784      -1.091232       0.246285       0.841679         -0.000000
   12.070000      -0.311599      -1.071766       0.267338       0.841679         -0.000000
   12.080000      -0.322216      -1.051286       0.289077       0.841679         -0.000000
   12.090000      -0.332622      -1.029786       0.311449       0.841679         -0.000000
   12.100000      -0.342808      -1.007257       0.334395       0.841679         -0.000000
   12.110000      -0.352763      -0.983697       0.357849       0.841679         -0.000000
   12.120000      -0.362478      -0.959103       0.381739       0.841679         -0.000000
   12.130000      -0.371942      -0.933477       0.405989       0.841679         -0.000000
   12.140000      -0.381144      -0.906821       0.430516       0.841679         -0.000000
   12.150000      -0.390075      -0.879142       0.455233       0.841679         -0.000000
   12.160000      -0.398724      -0.850448       0.480048       0.841679         -0.000000
   12.170000      -0.407081      -0.820751       0.504863       0.841679         -0.000000
   12.180000      -0.415136      -0.790065       0.529577       0.841679         -0.000000
   12.190000      -0.422879      -0.758408       0.554087       0.841679         -0.000000
   12.200000      -0.430301      -0.725801       0.578285       0.841679         -0.000000
   12.210000      -0.437392      -0.692268       0.602061       0.841679         -0.000000
   12.220000      -0.444143      -0.657835       0.625305       0.841679         -0.000000
   12.230000      -0.450546      -0.622534       0.647904       0.841679         -0.000000
   12.240000      -0.456591      -0.586397       0.669748       0.841679         -0.000000
   12.250000      -0.462271      -0.549462       0.690724       0.841679         -0.000000
   12.260000      -0.467578      -0.511768       0.710725       0.841679         -0.000000
   12.270000      -0.472504      -0.473358       0.729645       0.841679         -0.000000
   12.280000      -0.477042      -0.434278       0.747380       0.841679         -0.000000
   12.290000      -0.481187      -0.394575       0.763834       0.841679         -0.000000
   12.300000      -0.484932      -0.354302       0.778914       0.841679         -0.000000
   12.310000      -0.488272      -0.313512       0.792534       0.841679         -0.000000
   12.320000      -0.491201      -0.272260       0.804616       0.841679         -0.000000
   12.330000      -0.493715      -0.230605       0.815089       0.841679         -0.000000
   12.340000      -0.495812      -0.188605       0.823893       0.841679         -0.000000
   12.350000      -0.497487      -0.146323       0.830973       0.841679         -0.000000
   12.360000      -0.498737      -0.103821       0.836289       0.841679         -0.000000
   12.370000      -0.499562      -0.061161       0.839808       0.841679         -0.000000
   12.380000      -0.499960      -0.018410       0.841509       0.841679         -0.000000
   12.390000      -0.499931       0.024370       0.841382       0.841679         -0.000000
   12.400000      -0.499473       0.067112       0.839427       0.841679         -0.000000
   12.410000      -0.498589       0.109754       0.835656       0.841679         -0.000000
   12.420000      -0.497279       0.152229       0.830092       0.841679         -0.000000
   12.430000      -0.495545       0.194476       0.822768       0.841679         -0.000000
   12.440000      -0.493390       0.236431       0.813729       0.841679         -0.000000
   12.450000      -0.490817       0.278033       0.803027       0.841679         -0.000000
   12.460000      -0.487831       0.319224       0.790726       0.841679         -0.000000
   12.470000      -0.484434       0.359946       0.776898       0.841679         -0.000000
   12.480000      -0.480634       0.400143       0.761622       0.841679         -0.000000
   12.490000      -0.476434       0.439761       0.744984       0.841679         -0.000000
   12.500000      -0.471840       0.478751       0.727077       0.841679         -0.000000
   12.510000      -0.466861       0.517064       0.708001       0.841679         -0.000000
   12.520000      -0.461502       0.554655       0.687858       0.841679         -0.000000
   12.530000      -0.455770       0.591481       0.666754       0.841679         -0.000000
   12.540000      -0.449675       0.627504       0.644798       0.841679         -0.000000
   12.550000      -0.443223       0.662686       0.622102       0.841679         -0.000000
   12.560000      -0.436424       0.696995       0.598778       0.841679         -0.000000
   12.570000      -0.429286       0.730401       0.574936       0.841679         -0.000000
   12.580000      -0.421819       0.762877       0.550688       0.841679         -0.000000
   12.590000      -0.414032       0.794399       0.526143       0.841679         -0.000000
   12.600000      -0.405934       0.824948       0.501409       0.841679         -0.000000
   12.610000      -0.397536       0.854507       0.476588       0.841679         -0.000000
   12.620000      -0.388847       0.883060       0.451781       0.841679         -0.000000
   12.630000      -0.379878       0.910597       0.427085       0.841679         -0.000000
   12.640000      -0.370639       0.937110       0.402591       0.841679         -0.000000
   12.650000      -0.361140       0.962592       0.378387       0.841679         -0.000000
   12.660000      -0.351390       0.987042       0.354553       0.841679         -0.000000
   12.670000      -0.341402       1.010458       0.331166       0.841679         -0.000000
   12.680000      -0.331185       1.032843       0.308296       0.841679         -0.000000
   12.690000      -0.320749       1.054201       0.286009       0.841679         -0.000000
   12.700000      -0.310104       1.074538       0.264362       0.841679         -0.000000
   12.710000      -0.299261       1.093864       0.243409       0.841679         -0.000000
   12.720000      -0.288230       1.112188       0.223198       0.841679         -0.000000
   12.730000      -0.277021       1.129521       0.203769       0.841679         -0.000000
   12.740000      -0.265643       1.145879       0.185160       0.841679         -0.000000
   12.750000      -0.254106       1.161274       0.167399       0.841679         -0.000000
   12.760000      -0.242421       1.175725       0.150514       0.841679         -0.000000
   12.770000      -0.230595       1.189247       0.134524       0.841679         -0.000000
   12.780000      -0.218639       1.201860       0.119445       0.841679         -0.000000
   12.790000      -0.206561       1.213582       0.105288       0.841679         -0.000000
   12.800000      -0.194370       1.224434       0.092060       0.841679         -0.000000
   12.810000      -0.182075       1.234435       0.079764       0.841679         -0.000000
   12.820000      -0.169684       1.243608       0.068399       0.841679         -0.000000
   12.830000      -0.157206       1.251973       0.057961       0.841679         -0.000000
   12.840000      -0.144647       1.259552       0.048443       0.841679         -0.000000
   12.850000      -0.132017       1.266368       0.039834       0.841679         -0.000000
   12.860000      -0.119322       1.272443       0.032123       0.841679         -0.000000
   12.870000      -0.106571       1.277799       0.025293       0.841679         -0.000000
   12.880000      -0.093769       1.282459       0.019328       0.841679         -0.000000
   12.890000      -0.080924       1.286444       0.014209       0.841679         -0.000000
   12.900000      -0.068042       1.289778       0.009915       0.841679         -0.000000
   12.910000      -0.055130       1.292481       0.006425       0.841679         -0.000000
   12.920000      -0.042194       1.294576       0.003715       0.841679         -0.000000
   12.930000      -0.029241       1.296085       0.001761       0.841679         -0.000000
   12.940000      -0.016275       1.297027       0.000538       0.841679         -0.000000
   12.950000      -0.003302       1.297426       0.000022       0.841679         -0.000000
   12.960000       0.009672       1.297300       0.000185       0.841679         -0.000000
   12.970000       0.022642       1.296670       0.001002       0.841679         -0.000000
   12.980000       0.035604       1.295555       0.002447       0.841679         -0.000000
   12.990000       0.048552       1.293976       0.004492       0.841679         -0.000000
   13.000000       0.061482       1.291950       0.007112       0.841679         -0.000000
   13.010000       0.074390       1.289496       0.010279       0.841679         -0.000000
   13.020000       0.087271       1.286632       0.013968       0.841679         -0.000000
   13.030000       0.100121       1.283375       0.018153       0.841679         -0.000000
   13.040000       0.112937       1.279741       0.022809       0.841679         -0.000000
   13.050000       0.125715       1.275749       0.027911       0.841679         -0.000000
   13.060000       0.138451       1.271412       0.033434       0.841679         -0.000000
   13.070000       0.151142       1.266748       0.039354       0.841679         -0.000000
   13.080000       0.163785       1.261770       0.045647       0.841679         -0.000000
   13.090000       0.176376       1.256492       0.052292       0.841679         -0.000000
   13.100000       0.188913       1.250930       0.059266       0.841679         -0.000000
   13.110000       0.201394       1.245096       0.066546       0.841679         -0.000000
   13.120000       0.213814       1.239003       0.074114       0.841679         -0.000000
   13.130000       0.226173       1.232665       0.081948       0.841679         -0.000000
   13.140000       0.238467       1.226092       0.090028       0.841679         -0.000000
   13.150000       0.250694       1.219296       0.098337       0.841679         -0.000000
   13.160000       0.262852       1.212290       0.106856       0.841679         -0.000000
   13.170000       0.274939       1.205082       0.115567       0.841679         -0.000000
   13.180000       0.286953       1.197685       0.124454       0.841679         -0.000000
   13.190000       0.298892       1.190108       0.133501       0.841679         -0.000000
   13.200000       0.310755       1.182359       0.142692       0.841679         -0.000000
   13.210000       0.322539       1.174450       0.152012       0.841679         -0.000000
   13.220000       0.334243       1.166387       0.161449       0.841679         -0.000000
   13.230000       0.345866       1.158181       0.170987       0.841679         -0.000000
   13.240000       0.357406       1.149838       0.180615       0.841679         -0.000000
   13.250000       0.368863       1.141367       0.190319       0.841679         -0.000000
   13.260000       0.380233       1.132775       0.200089       0.841679         -0.000000
   13.270000       0.391518       1.124069       0.209913       0.841679         -0.000000
   13.280000       0.402714       1.115256       0.219781       0.841679         -0.000000
   13.290000       0.413822       1.106343       0.229682       0.841679         -0.000000
   13.300000       0.424841       1.097335       0.239607       0.841679         -0.000000
   13.310000       0.435769       1.088239       0.249547       0.841679         -0.000000
   13.320000       0.446605       1.079060       0.259493       0.841679         -0.000000
   13.330000       0.457350       1.069804       0.269438       0.841679         -0.000000
   13.340000       0.468001       1.060476       0.279374       0.841679         -0.000000
   13.350000       0.478559       1.051081       0.289293       0.841679         -0.000000
   13.360000       0.489023       1.041623       0.299189       0.841679         -0.000000
   13.370000       0.499391       1.032108       0.309055       0.841679         -0.000000
   13.380000       0.509665       1.022539       0.318886       0.841679         -0.000000
   13.390000       0.519842       1.012920       0.328675       0.841679         -0.000000
   13.400000       0.529923       1.003256       0.338417       0.841679         -0.000000
   13.410000       0.539907       0.993550       0.348108       0.841679         -0.000000
   13.420000       0.549794       0.983806       0.357742       0.841679         -0.000000
   13.430000       0.559583       0.974026       0.367315       0.841679         -0.000000
   13.440000       0.569274       0.964215       0.376823       0.841679         -0.000000
   13.450000       0.578867       0.954375       0.386263       0.841679         -0.000000
   13.460000       0.588362       0.944509       0.395630       0.841679         -0.000000
   13.470000       0.597757       0.934620       0.404921       0.841679         -0.000000
   13.480000       0.607054       0.924711       0.414134       0.841679         -0.000000
   13.490000       0.616251       0.914783       0.423265       0.841679         -0.000000
   13.500000       0.625350       0.904839       0.432312       0.841679         -0.000000
   13.510000       0.634348       0.894882       0.441272       0.841679         -0.000000
   13.520000       0.643247       0.884913       0.450143       0.841679         -0.000000
   13.530000       0.652046       0.874935       0.458923       0.841679         -0.000000
   13.540000       0.660746       0.864949       0.467610       0.841679         -0.000000
   13.550000       0.669345       0.854957       0.476203       0.841679         -0.000000
   13.560000       0.677845       0.844961       0.484699       0.841679         -0.000000
   13.570000       0.686245       0.834962       0.493098       0.841679         -0.000000
   13.580000       0.694544       0.824962       0.501397       0.841679         -0.000000
   13.590000       0.702744       0.814963       0.509596       0.841679         -0.000000
   13.600000       0.710843       0.804965       0.517694       0.841679         -0.000000
   13.610000       0.718843       0.794969       0.525690       0.841679         -0.000000
   13.620000       0.726743       0.784978       0.533583       0.841679         -0.000000
   13.630000       0.734543       0.774992       0.541373       0.841679         -0.000000
   13.640000       0.742243       0.765011       0.549058       0.841679         -0.000000
   13.650000       0.749843       0.755038       0.556638       0.841679         -0.000000
   13.660000       0.757344       0.745072       0.564112       0.841679         -0.000000
   13.670000       0.764744       0.735115       0.571481       0.841679         -0.000000
   13.680000       0.772046       0.725168       0.578744       0.841679         -0.000000
   13.690000       0.779248       0.715231       0.585901       0.841679         -0.000000
   13.700000       0.786350       0.705304       0.592951       0.841679         -0.000000
   13.710000       0.793354       0.695389       0.599895       0.841679         -0.000000
   13.720000       0.800258       0.685486       0.606733       0.841679         -0.000000
   13.730000       0.807064       0.675596       0.613464       0.841679         -0.000000
   13.740000       0.813770       0.665718       0.620088       0.841679         -0.000000
   13.750000       0.820378       0.655854       0.626606       0.841679         -0.000000
   13.760000       0.826887       0.646004       0.633018       0.841679         -0.000000
   13.770000       0.833298       0.636168       0.639324       0.841679         -0.000000
   13.780000       0.839611       0.626346       0.645524       0.841679         -0.000000
   13.790000       0.845825       0.616539       0.651618       0.841679         -0.000000
   13.800000       0.851942       0.606747       0.657608       0.841679         -0.000000
   13.810000       0.857960       0.596970       0.663492       0.841679         -0.000000
   13.820000       0.863881       0.587209       0.669271       0.841679         -0.000000
   13.830000       0.869704       0.577463       0.674947       0.841679         -0.000000
   13.840000       0.875430       0.567733       0.680518       0.841679         -0.000000
   13.850000       0.881059       0.558018       0.685986       0.841679         -0.000000
   13.860000       0.886591       0.548320       0.691351       0.841679         -0.000000
   13.870000       0.892026       0.538637       0.696614       0.841679         -0.000000
   13.880000       0.897364       0.528970       0.701774       0.841679         -0.000000
   13.890000       0.902605       0.519319       0.706832       0.841679         -0.000000
   13.900000       0.907750       0.509685       0.711789       0.841679         -0.000000
   13.910000       0.912799       0.500066       0.716646       0.841679         -0.000000
   13.920000       0.917751       0.490462       0.721402       0.841679         -0.000000
   13.930000       0.922608       0.480875       0.726058       0.841679         -0.000000
   13.940000       0.927369       0.471303       0.730615       0.841679         -0.000000
   13.950000       0.932034       0.461747       0.735073       0.841679         -0.000000
   13.960000       0.936604       0.452206       0.739433       0.841679         -0.000000
   13.970000       0.941078       0.442681       0.743695       0.841679         -0.000000
   13.980000       0.945458       0.433170       0.747860       0.841679         -0.000000
   13.990000       0.949742       0.423675       0.751928       0.841679         -0.000000
   14.000000       0.953931       0.414195       0.755900       0.841679         -0.000000
   14.010000       0.958026       0.404729       0.759776       0.841679         -0.000000
   14.020000       0.962026       0.395278       0.763556       0.841679         -0.000000
   14.030000       0.965931       0.385841       0.767242       0.841679         -0.000000
   14.040000       0.969743       0.376418       0.770833       0.841679         -0.000000
   14.050000       0.973460       0.367008       0.774331       0.841679         -0.000000
   14.060000       0.977083       0.357613       0.777735       0.841679         -0.000000
   14.070000       0.980612       0.348230       0.781046       0.841679         -0.000000
   14.080000       0.984048       0.338861       0.784265       0.841679         -0.000000
   14.090000       0.987389       0.329504       0.787392       0.841679         -0.000000
   14.100000       0.990638       0.320160       0.790427       0.841679         -0.000000
   14.110000       0.993793       0.310829       0.793371       0.841679         -0.000000
   14.120000       0.996854       0.301509       0.796225       0.841679         -0.000000
   14.130000       0.999823       0.292201       0.798988       0.841679         -0.000000
   14.140000       1.002698       0.282904       0.801661       0.841679         -0.000000
   14.150000       1.005481       0.273618       0.804245       0.841679         -0.000000
   14.160000       1.008171       0.264343       0.806740       0.841679         -0.000000
   14.170000       1.010768       0.255078       0.809146       0.841679         -0.000000
   14.180000       1.013272       0.245824       0.811464       0.841679         -0.000000
   14.190000       1.015684       0.236579       0.813694       0.841679         -0.000000
   14.200000       1.018004       0.227344       0.815836       0.841679         -0.000000
   14.210000       1.020231       0.218118       0.817891       0.841679         -0.000000
   14.220000       1.022366       0.208900       0.819859       0.841679         -0.000000
   14.230000       1.024409       0.199691       0.821740       0.841679         -0.000000
   14.240000       1.026360       0.190490       0.823535       0.841679         -0.000000
   14.250000       1.028219       0.181297       0.825244       0.841679         -0.000000
   14.260000       1.029986       0.172112       0.826867       0.841679         -0.000000
   14.270000       1.031661       0.162933       0.828405       0.841679         -0.000000
   14.280000       1.033245       0.153761       0.829857       0.841679         -0.000000
   14.290000       1.034737       0.144595       0.831225       0.841679         -0.000000
   14.300000       1.036137       0.135435       0.832507       0.841679         -0.000000
   14.310000       1.037445       0.126281       0.833705       0.841679         -0.000000
   14.320000       1.038662       0.117132       0.834819       0.841679         -0.000000
   14.330000       1.039788       0.107988       0.835848       0.841679         -0.000000
   14.340000       1.040822       0.098848       0.836793       0.841679         -0.000000
   14.350000       1.041765       0.089713       0.837654       0.841679         -0.000000
   14.360000       1.042616       0.080581       0.838432       0.841679         -0.000000
   14.370000       1.043377       0.071452       0.839126       0.841679         -0.000000
   14.380000       1.044045       0.062327       0.839736       0.841679         -0.000000
   14.390000       1.044623       0.053204       0.840263       0.841679         -0.000000
   14.400000       1.045110       0.044083       0.840707       0.841679         -0.000000
   14.410000       1.045505       0.034964       0.841067       0.841679         -0.000000
   14.420000       1.045809       0.025847       0.841345       0.841679         -0.000000
   14.430000       1.046022       0.016730       0.841539       0.841679         -0.000000
   14.440000       1.046143       0.007615       0.841650       0.841679         -0.000000
   14.450000       1.046174      -0.001500       0.841677       0.841679         -0.000000
   14.460000       1.046113      -0.010616       0.841622       0.841679         -0.000000
   14.470000       1.045962      -0.019732       0.841484       0.841679         -0.000000
   14.480000       1.045719      -0.028848       0.841262       0.841679         -0.000000
   14.490000       1.045385      -0.037966       0.840958       0.841679         -0.000000
   14.500000       1.044959      -0.047086       0.840570       0.841679         -0.000000
   14.510000       1.044443      -0.056207       0.840099       0.841679         -0.000000
   14.520000       1.043835      -0.065331       0.839545       0.841679         -0.000000
   14.530000       1.043136      -0.074457       0.838907       0.841679         -0.000000
   14.540000       1.042346      -0.083587       0.838185       0.841679         -0.000000
   14.550000       1.041465      -0.092720       0.837380       0.841679         -0.000000
   14.560000       1.040492      -0.101857       0.836491       0.841679         -0.000000
   14.570000       1.039427      -0.110998       0.835518       0.841679         -0.000000
   14.580000       1.038272      -0.120144       0.834461       0.841679         -0.000000
   14.590000       1.037025      -0.129294       0.833320       0.841679         -0.000000
   14.600000       1.035686      -0.138450       0.832094       0.841679         -0.000000
   14.610000       1.034256      -0.147612       0.830784       0.841679         -0.000000
   14.620000       1.032734      -0.156780       0.829389       0.841679         -0.000000
   14.630000       1.031120      -0.165954       0.827908       0.841679         -0.000000
   14.640000       1.029415      -0.175135       0.826342       0.841679         -0.000000
   14.650000       1.027617      -0.184323       0.824691       0.841679         -0.000000
   14.660000       1.025728      -0.193519       0.822954       0.841679         -0.000000
   14.670000       1.023747      -0.202722       0.821130       0.841679         -0.000000
   14.680000       1.021674      -0.211934       0.819221       0.841679         -0.000000
   14.690000       1.019508      -0.221154       0.817224       0.841679         -0.000000
   14.700000       1.017250      -0.230383       0.815140       0.841679         -0.000000
   14.710000       1.014900      -0.239622       0.812969       0.841679         -0.000000
   14.720000       1.012458      -0.248870       0.810711       0.841679         -0.000000
   14.730000       1.009923      -0.258127       0.808364       0.841679         -0.000000
   14.740000       1.007295      -0.267395       0.805928       0.841679         -0.000000
   14.750000       1.004575      -0.276674       0.803404       0.841679         -0.000000
   14.760000       1.001762      -0.285963       0.800791       0.841679         -0.000000
   14.770000       0.998856      -0.295264       0.798088       0.841679         -0.000000
   14.780000       0.995857      -0.304576       0.795295       0.841679         -0.000000
   14.790000       0.992764      -0.313900       0.792412       0.841679         -0.000000
   14.800000       0.989579      -0.323235       0.789438       0.841679         -0.000000
   14.810000       0.986299      -0.332583       0.786373       0.841679         -0.000000
   14.820000       0.982927      -0.341944       0.783216       0.841679         -0.000000
   14.830000       0.979461      -0.351318       0.779966       0.841679         -0.000000
   14.840000       0.975900      -0.360704       0.776625       0.841679         -0.000000
   14.850000       0.972246      -0.370105       0.773190       0.841679         -0.000000
   14.860000       0.968498      -0.379518       0.769661       0.841679         -0.000000
   14.870000       0.964656      -0.388946       0.766039       0.841679         -0.000000
   14.880000       0.960719      -0.398388       0.762322       0.841679         -0.000000
   14.890000       0.956688      -0.407844       0.758510       0.841679         -0.000000
   14.900000       0.952562      -0.417314       0.754603       0.841679         -0.000000
   14.910000       0.948342      -0.426800       0.750600       0.841679         -0.000000
   14.920000       0.944026      -0.436300       0.746500       0.841679         -0.000000
   14.930000       0.939616      -0.445815       0.742303       0.841679         -0.000000
   14.940000       0.935110      -0.455346       0.738009       0.841679         -0.000000
   14.950000       0.930509      -0.464891       0.733617       0.841679         -0.000000
   14.960000       0.925812      -0.474453       0.729126       0.841679         -0.000000
   14.970000       0.921020      -0.484030       0.724536       0.841679         -0.000000
   14.980000       0.916131      -0.493622       0.719847       0.841679         -0.000000
   14.990000       0.911147      -0.503231       0.715058       0.841679         -0.000000
   15.000000       0.906067      -0.512855       0.710169       0.841679         -0.000000
   15.010000       0.900890      -0.522495       0.705178       0.841679         -0.000000
   15.020000       0.895617      -0.532151       0.700086       0.841679         -0.000000
   15.030000       0.890247      -0.541823       0.694892       0.841679         -0.000000
   15.040000       0.884780      -0.551511       0.689596       0.841679         -0.000000
   15.050000       0.879217      -0.561215       0.684197       0.841679         -0.000000
   15.060000       0.873556      -0.570935       0.678695       0.841679         -0.000000
   15.070000       0.867798      -0.580670       0.673090       0.841679         -0.000000
   15.080000       0.861943      -0.590421       0.667380       0.841679         -0.000000
   15.090000       0.855990      -0.600187       0.661566       0.841679         -0.000000
   15.100000       0.849939      -0.609969       0.655647       0.841679         -0.000000
   15.110000       0.843790      -0.619766       0.649624       0.841679         -0.000000
   15.120000       0.837543      -0.629578       0.643494       0.841679         -0.000000
   15.130000       0.831198      -0.639404       0.637260       0.841679         -0.000000
   15.140000       0.824755      -0.649245       0.630919       0.841679         -0.000000
   15.150000       0.818214      -0.659100       0.624472       0.841679         -0.000000
   15.160000       0.811573      -0.668969       0.617919       0.841679         -0.000000
   15.170000       0.804834      -0.678851       0.611259       0.841679         -0.000000
   15.180000       0.797996      -0.688745       0.604494       0.841679         -0.000000
   15.190000       0.791059      -0.698652       0.597621       0.841679         -0.000000
   15.200000       0.784023      -0.708571       0.590642       0.841679         -0.000000
   15.210000       0.776888      -0.718501       0.583557       0.841679         -0.000000
   15.220000       0.769653      -0.728442       0.576365       0.841679         -0.000000
   15.230000       0.762319      -0.738392       0.569067       0.841679         -0.000000
   15.240000       0.754885      -0.748352       0.561663       0.841679         -0.000000
   15.250000       0.747352      -0.758320       0.554154       0.841679         -0.000000
   15.260000       0.739719      -0.768296       0.546539       0.841679         -0.000000
   15.270000       0.731986      -0.778279       0.538820       0.841679         -0.000000
   15.280000       0.724153      -0.788267       0.530996       0.841679         -0.000000
   15.290000       0.716220      -0.798260       0.523069       0.841679         -0.000000
   15.300000       0.708188      -0.808256       0.515040       0.841679         -0.000000
   15.310000       0.700055      -0.818255       0.506908       0.841679         -0.000000
   15.320000       0.691823      -0.828255       0.498676       0.841679         -0.000000
   15.330000       0.683490      -0.838254       0.490343       0.841679         -0.000000
   15.340000       0.675058      -0.848252       0.481913       0.841679         -0.000000
   15.350000       0.666525      -0.858247       0.473384       0.841679         -0.000000
   15.360000       0.657893      -0.868237       0.464761       0.841679         -0.000000
   15.370000       0.649160      -0.878221       0.456043       0.841679         -0.000000
   15.380000       0.640328      -0.888196       0.447232       0.841679         -0.000000
   15.390000       0.631397      -0.898161       0.438332       0.841679         -0.000000
   15.400000       0.622365      -0.908114       0.429343       0.841679         -0.000000
   15.410000       0.613234      -0.918053       0.420268       0.841679         -0.000000
   15.420000       0.604004      -0.927975       0.411110       0.841679         -0.000000
   15.430000       0.594675      -0.937878       0.401871       0.841679         -0.000000
   15.440000       0.585247      -0.947760       0.392554       0.841679         -0.000000
   15.450000       0.575720      -0.957618       0.383163       0.841679         -0.000000
   15.460000       0.566094      -0.967449       0.373700       0.841679         -0.000000
   15.470000       0.556371      -0.977250       0.364170       0.841679         -0.000000
   15.480000       0.546550      -0.987018       0.354576       0.841679         -0.000000
   15.490000       0.536631      -0.996750       0.344923       0.841679         -0.000000
   15.500000       0.526615      -1.006443       0.335215       0.841679         -0.000000
   15.510000       0.516502      -1.016092       0.325457       0.841679         -0.000000
   15.520000       0.506293      -1.025695       0.315654       0.841679         -0.000000
   15.530000       0.495988      -1.035247       0.305811       0.841679         -0.000000
   15.540000       0.485588      -1.044743       0.295934       0.841679         -0.000000
   15.550000       0.475094      -1.054181       0.286030       0.841679         -0.000000
   15.560000       0.464505      -1.063555       0.276104       0.841679         -0.000000
   15.570000       0.453823      -1.072859       0.266165       0.841679         -0.000000
   15.580000       0.443048      -1.082091       0.256219       0.841679         -0.000000
   15.590000       0.432181      -1.091243       0.246273       0.841679         -0.000000
   15.600000       0.421223      -1.100310       0.236337       0.841679         -0.000000
   15.610000       0.410175      -1.109288       0.226419       0.841679         -0.000000
   15.620000       0.399038      -1.118169       0.216528       0.841679         -0.000000
   15.630000       0.387812      -1.126947       0.206673       0.841679         -0.000000
   15.640000       0.376499      -1.135617       0.196866       0.841679         -0.000000
   15.650000       0.365100      -1.144170       0.187117       0.841679         -0.000000
   15.660000       0.353616      -1.152599       0.177436       0.841679         -0.000000
   15.670000       0.342049      -1.160898       0.167836       0.841679         -0.000000
   15.680000       0.330399      -1.169058       0.158330       0.841679         -0.000000
   15.690000       0.318668      -1.177071       0.148930       0.841679         -0.000000
   15.700000       0.306858      -1.184929       0.139651       0.841679         -0.000000
   15.710000       0.294970      -1.192622       0.130505       0.841679         -0.000000
   15.720000       0.283006      -1.200141       0.121509       0.841679         -0.000000
   15.730000       0.270968      -1.207477       0.112679       0.841679         -0.000000
   15.740000       0.258857      -1.214619       0.104029       0.841679         -0.000000
   15.750000       0.246676      -1.221557       0.095577       0.841679         -0.000000
   15.760000       0.234427      -1.228281       0.087342       0.841679         -0.000000
   15.770000       0.222111      -1.234778       0.079340       0.841679         -0.000000
   15.780000       0.209732      -1.241037       0.071592       0.841679         -0.000000
   15.790000       0.197291      -1.247046       0.064117       0.841679         -0.000000
   15.800000       0.184792      -1.252792       0.056935       0.841679         -0.000000
   15.810000       0.172236      -1.258262       0.050067       0.841679         -0.000000
   15.820000       0.159628      -1.263442       0.043535       0.841679         -0.000000
   15.830000       0.146969      -1.268319       0.037362       0.841679         -0.000000
   15.840000       0.134262      -1.272877       0.031570       0.841679         -0.000000
   15.850000       0.121512      -1.277102       0.026184       0.841679         -0.000000
   15.860000       0.108721      -1.280978       0.021226       0.841679         -0.000000
   15.870000       0.095894      -1.284489       0.016722       0.841679         -0.000000
   15.880000       0.083033      -1.287619       0.012698       0.841679         -0.000000
   15.890000       0.070143      -1.290350       0.009177       0.841679         -0.000000
   15.900000       0.057227      -1.292665       0.006187       0.841679         -0.000000
   15.910000       0.044291      -1.294546       0.003754       0.841679         -0.000000
   15.920000       0.031338      -1.295974       0.001904       0.841679         -0.000000
   15.930000       0.018373      -1.296932       0.000663       0.841679         -0.000000
   15.940000       0.005401      -1.297398       0.000058       0.841679         -0.000000
   15.950000      -0.007573      -1.297353       0.000116       0.841679         -0.000000
   15.960000      -0.020544      -1.296778       0.000862       0.841679         -0.000000
   15.970000      -0.033507      -1.295651       0.002322       0.841679         -0.000000
   15.980000      -0.046455      -1.293952       0.004522       0.841679         -0.000000
   15.990000      -0.059384      -1.291659       0.007487       0.841679         -0.000000
   16.000000      -0.072287      -1.288751       0.011239       0.841679         -0.000000
   16.010000      -0.085157      -1.285205       0.015802       0.841679         -0.000000
   16.020000      -0.097989      -1.281000       0.021197       0.841679         -0.000000
   16.030000      -0.110775      -1.276114       0.027445       0.841679         -0.000000
   16.040000      -0.123508      -1.270524       0.034563       0.841679         -0.000000
   16.050000      -0.136183      -1.264207       0.042569       0.841679         -0.000000
   16.060000      -0.148790      -1.257142       0.051475       0.841679         -0.000000
   16.070000      -0.161323      -1.249307       0.061295       0.841679         -0.000000
   16.080000      -0.173774      -1.240678       0.072038       0.841679         -0.000000
   16.090000      -0.186134      -1.231235       0.083709       0.841679         -0.000000
   16.100000      -0.198396      -1.220956       0.096312       0.841679         -0.000000
   16.110000      -0.210550      -1.209820       0.109846       0.841679         -0.000000
   16.120000      -0.222589      -1.197807       0.124308       0.841679         -0.000000
   16.130000      -0.234503      -1.184897       0.139688       0.841679         -0.000000
   16.140000      -0.246284      -1.171071       0.155975       0.841679         -0.000000
   16.150000      -0.257922      -1.156311       0.173151       0.841679         -0.000000
   16.160000      -0.269407      -1.140600       0.191194       0.841679         -0.000000
   16.170000      -0.280730      -1.123923       0.210077       0.841679         -0.000000
   16.180000      -0.291882      -1.106265       0.229768       0.841679         -0.000000
   16.190000      -0.302852      -1.087613       0.250228       0.841679         -0.000000
   16.200000      -0.313631      -1.067955       0.271415       0.841679         -0.000000
   16.210000      -0.324208      -1.047282       0.293278       0.841679         -0.000000
   16.220000      -0.334573      -1.025587       0.315764       0.841679         -0.000000
   16.230000      -0.344716      -1.002863       0.338812       0.841679         -0.000000
   16.240000      -0.354627      -0.979106       0.362354       0.841679         -0.000000
   16.250000      -0.364295      -0.954317       0.386318       0.841679         -0.000000
   16.260000      -0.373710      -0.928495       0.410627       0.841679         -0.000000
   16.270000      -0.382861      -0.901644       0.435198       0.841679         -0.000000
   16.280000      -0.391739      -0.873771       0.459940       0.841679         -0.000000
   16.290000      -0.400334      -0.844886       0.484763       0.841679         -0.000000
   16.300000      -0.408634      -0.815000       0.509566       0.841679         -0.000000
   16.310000      -0.416630      -0.784128       0.534250       0.841679         -0.000000
   16.320000      -0.424313      -0.752289       0.558709       0.841679         -0.000000
   16.330000      -0.431673      -0.719504       0.582836       0.841679         -0.000000
   16.340000      -0.438700      -0.685798       0.606519       0.841679         -0.000000
   16.350000      -0.445386      -0.651198       0.629649       0.841679         -0.000000
   16.360000      -0.451721      -0.615735       0.652114       0.841679         -0.000000
   16.370000      -0.457698      -0.579444       0.673801       0.841679         -0.000000
   16.380000      -0.463307      -0.542361       0.694601       0.841679         -0.000000
   16.390000      -0.468543      -0.504528       0.714404       0.841679         -0.000000
   16.400000      -0.473396      -0.465987       0.733107       0.841679         -0.000000
   16.410000      -0.477860      -0.426785       0.750606       0.841679         -0.000000
   16.420000      -0.481929      -0.386970       0.766806       0.841679         -0.000000
   16.430000      -0.485598      -0.346595       0.781615       0.841679         -0.000000
   16.440000      -0.488860      -0.305712       0.794949       0.841679         -0.000000
   16.450000      -0.491710      -0.264379       0.806730       0.841679         -0.000000
   16.460000      -0.494146      -0.222654       0.816891       0.841679         -0.000000
   16.470000      -0.496162      -0.180596       0.825371       0.841679         -0.000000
   16.480000      -0.497757      -0.138267       0.832120       0.841679         -0.000000
   16.490000      -0.498927      -0.095730       0.837096       0.841679         -0.000000
   16.500000      -0.499671      -0.053048       0.840271       0.841679         -0.000000
   16.510000      -0.499988      -0.010287       0.841626       0.841679         -0.000000
   16.520000      -0.499877       0.032491       0.841151       0.841679         -0.000000
   16.530000      -0.499338       0.075219       0.838850       0.841679         -0.000000
   16.540000      -0.498373       0.117834       0.834736       0.841679         -0.000000
   16.550000      -0.496982       0.160271       0.828835       0.841679         -0.000000
   16.560000      -0.495168       0.202467       0.821182       0.841679         -0.000000
   16.570000      -0.492934       0.244360       0.811823       0.841679         -0.000000
   16.580000      -0.490282       0.285889       0.800812       0.841679         -0.000000
   16.590000      -0.487217       0.326995       0.788216       0.841679         -0.000000
   16.600000      -0.483744       0.367621       0.774106       0.841679         -0.000000
   16.610000      -0.479867       0.407712       0.758564       0.841679         -0.000000
   16.620000      -0.475591       0.447215       0.741678       0.841679         -0.000000
   16.630000      -0.470924       0.486080       0.723542       0.841679         -0.000000
   16.640000      -0.465872       0.524259       0.704255       0.841679         -0.000000
   16.650000      -0.460442       0.561708       0.683921       0.841679         -0.000000
   16.660000      -0.454641       0.598384       0.662647       0.841679         -0.000000
   16.670000      -0.448477       0.634250       0.640542       0.841679         -0.000000
   16.680000      -0.441958       0.669269       0.617718       0.841679         -0.000000
   16.690000      -0.435094       0.703408       0.594287       0.841679         -0.000000
   16.700000      -0.427893       0.736640       0.570360       0.841679         -0.000000
   16.710000      -0.420365       0.768936       0.546047       0.841679         -0.000000
   16.720000      -0.412518       0.800276       0.521458       0.841679         -0.000000
   16.730000      -0.404362       0.830638       0.496699       0.841679         -0.000000
   16.740000      -0.395908       0.860006       0.471873       0.841679         -0.000000
   16.750000      -0.387166       0.888368       0.447080       0.841679         -0.000000
   16.760000      -0.378144       0.915711       0.422416       0.841679         -0.000000
   16.770000      -0.368855       0.942028       0.397970       0.841679         -0.000000
   16.780000      -0.359307       0.967314       0.373830       0.841679         -0.000000
   16.790000      -0.349512       0.991568       0.350075       0.841679         -0.000000
   16.800000      -0.339479       1.014788       0.326781       0.841679         -0.000000
   16.810000      -0.329220       1.036977       0.304017       0.841679         -0.000000
   16.820000      -0.318743       1.058141       0.281847       0.841679         -0.000000
   16.830000      -0.308060       1.078286       0.260328       0.841679         -0.000000
   16.840000      -0.297181       1.097420       0.239513       0.841679         -0.000000
   16.850000      -0.286115       1.115555       0.219447       0.841679         -0.000000
   16.860000      -0.274873       1.132702       0.200172       0.841679         -0.000000
   16.870000      -0.263464       1.148876       0.181721       0.841679         -0.000000
   16.880000      -0.251899       1.164091       0.164125       0.841679         -0.000000
   16.890000      -0.240186       1.178363       0.147408       0.841679         -0.000000
   16.900000      -0.228334       1.191712       0.131590       0.841679         -0.000000
   16.910000      -0.216354       1.204154       0.116685       0.841679         -0.000000
   16.920000      -0.204254       1.215709       0.102704       0.841679         -0.000000
   16.930000      -0.192043       1.226398       0.089653       0.841679         -0.000000
   16.940000      -0.179729       1.236240       0.077534       0.841679         -0.000000
   16.950000      -0.167321       1.245258       0.066345       0.841679         -0.000000
   16.960000      -0.154827       1.253472       0.056083       0.841679         -0.000000
   16.970000      -0.142254       1.260905       0.046738       0.841679         -0.000000
   16.980000      -0.129611       1.267578       0.038301       0.841679         -0.000000
   16.990000      -0.116905       1.273515       0.030758       0.841679         -0.000000
   17.000000      -0.104143       1.278737       0.024094       0.841679         -0.000000
   17.010000      -0.091333       1.283267       0.018292       0.841679         -0.000000
   17.020000      -0.078480       1.287127       0.013331       0.841679         -0.000000
   17.030000      -0.065592       1.290339       0.009191       0.841679         -0.000000
   17.040000      -0.052675       1.292925       0.005851       0.841679         -0.000000
   17.050000      -0.039736       1.294907       0.003286       0.841679         -0.000000
   17.060000      -0.026779       1.296307       0.001473       0.841679         -0.000000
   17.070000      -0.013812       1.297144       0.000387       0.841679         -0.000000
   17.080000      -0.000838       1.297441       0.000001       0.841679         -0.000000
   17.090000       0.012136       1.297218       0.000291       0.841679         -0.000000
   17.100000       0.025105       1.296495       0.001229       0.841679         -0.000000
   17.110000       0.038064       1.295291       0.002790       0.841679         -0.000000
   17.120000       0.051009       1.293625       0.004946       0.841679         -0.000000
   17.130000       0.063935       1.291516       0.007672       0.841679         -0.000000
   17.140000       0.076838       1.288983       0.010940       0.841679         -0.000000
   17.150000       0.089713       1.286043       0.014726       0.841679         -0.000000
   17.160000       0.102557       1.282713       0.019002       0.841679         -0.000000
   17.170000       0.115366       1.279010       0.023745       0.841679         -0.000000
   17.180000       0.128136       1.274951       0.028928       0.841679         -0.000000
   17.190000       0.140864       1.270551       0.034528       0.841679         -0.000000
   17.200000       0.153546       1.265826       0.040521       0.841679         -0.000000
   17.210000       0.166180       1.260790       0.046883       0.841679         -0.000000
   17.220000       0.178761       1.255458       0.053592       0.841679         -0.000000
   17.230000       0.191288       1.249843       0.060625       0.841679         -0.000000
   17.240000       0.203757       1.243959       0.067962       0.841679         -0.000000
   17.250000       0.216166       1.237818       0.075582       0.841679         -0.000000
   17.260000       0.228513       1.231434       0.083464       0.841679         -0.000000
   17.270000       0.240794       1.224818       0.091589       0.841679         -0.000000
   17.280000       0.253008       1.217982       0.099939       0.841679         -0.000000
   17.290000       0.265153       1.210936       0.108495       0.841679         -0.000000
   17.300000       0.277226       1.203692       0.117241       0.841679         -0.000000
   17.310000       0.289226       1.196260       0.126160       0.841679         -0.000000
   17.320000       0.301151       1.188649       0.135235       0.841679         -0.000000
   17.330000       0.312999       1.180870       0.144452       0.841679         -0.000000
   17.340000       0.324768       1.172930       0.153796       0.841679         -0.000000
   17.350000       0.336457       1.164840       0.163253       0.841679         -0.000000
   17.360000       0.348064       1.156607       0.172809       0.841679         -0.000000
   17.370000       0.359588       1.148239       0.182452       0.841679         -0.000000
   17.380000       0.371028       1.139745       0.192170       0.841679         -0.000000
   17.390000       0.382383       1.131130       0.201951       0.841679         -0.000000
   17.400000       0.393651       1.122404       0.211784       0.841679         -0.000000
   17.410000       0.404831       1.113571       0.221658       0.841679         -0.000000
   17.420000       0.415922       1.104639       0.231565       0.841679         -0.000000
   17.430000       0.426923       1.095614       0.241493       0.841679         -0.000000
   17.440000       0.437834       1.086502       0.251435       0.841679         -0.000000
   17.450000       0.448653       1.077308       0.261382       0.841679         -0.000000
   17.460000       0.459380       1.068038       0.271326       0.841679         -0.000000
   17.470000       0.470013       1.058697       0.281259       0.841679         -0.000000
   17.480000       0.480553       1.049289       0.291174       0.841679         -0.000000
   17.490000       0.490999       1.039821       0.301065       0.841679         -0.000000
   17.500000       0.501350       1.030295       0.310925       0.841679         -0.000000
   17.510000       0.511605       1.020716       0.320748       0.841679         -0.000000
   17.520000       0.521764       1.011089       0.330529       0.841679         -0.000000
   17.530000       0.531826       1.001416       0.340261       0.841679         -0.000000
   17.540000       0.541792       0.991703       0.349941       0.841679         -0.000000
   17.550000       0.551660       0.981951       0.359564       0.841679         -0.000000
   17.560000       0.561431       0.972166       0.369125       0.841679         -0.000000
   17.570000       0.571103       0.962349       0.378621       0.841679         -0.000000
   17.580000       0.580678       0.952504       0.388047       0.841679         -0.000000
   17.590000       0.590153       0.942633       0.397400       0.841679         -0.000000
   17.600000       0.599530       0.932740       0.406677       0.841679         -0.000000
   17.610000       0.608808       0.922827       0.415874       0.841679         -0.000000
   17.620000       0.617987       0.912896       0.424989       0.841679         -0.000000
   17.630000       0.627066       0.902949       0.434020       0.841679         -0.000000
   17.640000       0.636046       0.892990       0.442963       0.841679         -0.000000
   17.650000       0.644926       0.883019       0.451817       0.841679         -0.000000
   17.660000       0.653706       0.873039       0.460580       0.841679         -0.000000
   17.670000       0.662386       0.863052       0.469249       0.841679         -0.000000
   17.680000       0.670967       0.853059       0.477824       0.841679         -0.000000
   17.690000       0.679448       0.843063       0.486301       0.841679         -0.000000
   17.700000       0.687828       0.833064       0.494681       0.841679         -0.000000
   17.710000       0.696109       0.823064       0.502962       0.841679         -0.000000
   17.720000       0.704290       0.813064       0.511142       0.841679         -0.000000
   17.730000       0.712370       0.803066       0.519221       0.841679         -0.000000
   17.740000       0.720351       0.793072       0.527197       0.841679         -0.000000
   17.750000       0.728232       0.783081       0.535070       0.841679         -0.000000
   17.760000       0.736013       0.773096       0.542840       0.841679         -0.000000
   17.770000       0.743694       0.763117       0.550505       0.841679         -0.000000
   17.780000       0.751275       0.753145       0.558065       0.841679         -0.000000
   17.790000       0.758757       0.743181       0.565520       0.841679         -0.000000
   17.800000       0.766139       0.733226       0.572869       0.841679         -0.000000
   17.810000       0.773421       0.723280       0.580111       0.841679         -0.000000
   17.820000       0.780604       0.713345       0.587248       0.841679         -0.000000
   17.830000       0.787688       0.703421       0.594278       0.841679         -0.000000
   17.840000       0.794673       0.693508       0.601202       0.841679         -0.000000
   17.850000       0.801558       0.683607       0.608019       0.841679         -0.000000
   17.860000       0.808345       0.673719       0.614730       0.841679         -0.000000
   17.870000       0.815033       0.663844       0.621334       0.841679         -0.000000
   17.880000       0.821622       0.653983       0.627832       0.841679         -0.000000
   17.890000       0.828112       0.644135       0.634224       0.841679         -0.000000
   17.900000       0.834504       0.634302       0.640509       0.841679         -0.000000
   17.910000       0.840798       0.624483       0.646689       0.841679         -0.000000
   17.920000       0.846994       0.614678       0.652764       0.841679         -0.000000
   17.930000       0.853092       0.604889       0.658733       0.841679         -0.000000
   17.940000       0.859092       0.595115       0.664597       0.841679         -0.000000
   17.950000       0.864994       0.585357       0.670357       0.841679         -0.000000
   17.960000       0.870799       0.575614       0.676013       0.841679         -0.000000
   17.970000       0.876507       0.565887       0.681565       0.841679         -0.000000
   17.980000       0.882117       0.556175       0.687013       0.841679         -0.000000
   17.990000       0.887630       0.546480       0.692358       0.841679         -0.000000
   18.000000       0.893047       0.536800       0.697601       0.841679         -0.000000
   18.010000       0.898366       0.527137       0.702742       0.841679         -0.000000
   18.020000       0.903589       0.517489       0.707781       0.841679         -0.000000
   18.030000       0.908716       0.507857       0.712719       0.841679         -0.000000
   18.040000       0.913747       0.498241       0.717557       0.841679         -0.000000
   18.050000       0.918681       0.488641       0.722294       0.841679         -0.000000
   18.060000       0.923520       0.479056       0.726931       0.841679         -0.000000
   18.070000       0.928262       0.469487       0.731469       0.841679         -0.000000
   18.080000       0.932909       0.459934       0.735909       0.841679         -0.000000
   18.090000       0.937461       0.450396       0.740250       0.841679         -0.000000
   18.100000       0.941917       0.440874       0.744494       0.841679         -0.000000
   18.110000       0.946278       0.431366       0.748640       0.841679         -0.000000
   18.120000       0.950545       0.421874       0.752690       0.841679         -0.000000
   18.130000       0.954716       0.412396       0.756643       0.841679         -0.000000
   18.140000       0.958793       0.402933       0.760501       0.841679         -0.000000
   18.150000       0.962775       0.393485       0.764263       0.841679         -0.000000
   18.160000       0.966662       0.384050       0.767931       0.841679         -0.000000
   18.170000       0.970456       0.374630       0.771505       0.841679         -0.000000
   18.180000       0.974155       0.365223       0.774985       0.841679         -0.000000
   18.190000       0.977760       0.355830       0.778371       0.841679         -0.000000
   18.200000       0.981272       0.346450       0.781665       0.841679         -0.000000
   18.210000       0.984689       0.337083       0.784866       0.841679         -0.000000
   18.220000       0.988013       0.327729       0.787975       0.841679         -0.000000
   18.230000       0.991244       0.318387       0.790993       0.841679         -0.000000
   18.240000       0.994381       0.309058       0.793920       0.841679         -0.000000
   18.250000       0.997425       0.299740       0.796756       0.841679         -0.000000
   18.260000       1.000376       0.290434       0.799503       0.841679         -0.000000
   18.270000       1.003234       0.281140       0.802159       0.841679         -0.000000
   18.280000       1.005999       0.271856       0.804726       0.841679         -0.000000
   18.290000       1.008671       0.262583       0.807204       0.841679         -0.000000
   18.300000       1.011251       0.253320       0.809593       0.841679         -0.000000
   18.310000       1.013737       0.244068       0.811894       0.841679         -0.000000
   18.320000       1.016132       0.234825       0.814107       0.841679         -0.000000
   18.330000       1.018434       0.225591       0.816233       0.841679         -0.000000
   18.340000       1.020644       0.216367       0.818271       0.841679         -0.000000
   18.350000       1.022761       0.207151       0.820223       0.841679         -0.000000
   18.360000       1.024787       0.197944       0.822088       0.841679         -0.000000
   18.370000       1.026720       0.188744       0.823866       0.841679         -0.000000
   18.380000       1.028562       0.179552       0.825559       0.841679         -0.000000
   18.390000       1.030311       0.170368       0.827166       0.841679         -0.000000
   18.400000       1.031969       0.161191       0.828687       0.841679         -0.000000
   18.410000       1.033535       0.152020       0.830124       0.841679         -0.000000
   18.420000       1.035010       0.142855       0.831475       0.841679         -0.000000
   18.430000       1.036392       0.133697       0.832741       0.841679         -0.000000
   18.440000       1.037683       0.124543       0.833923       0.841679         -0.000000
   18.450000       1.038883       0.115395       0.835021       0.841679         -0.000000
   18.460000       1.039991       0.106252       0.836034       0.841679         -0.000000
   18.470000       1.041008       0.097113       0.836963       0.841679         -0.000000
   18.480000       1.041934       0.087978       0.837808       0.841679         -0.000000
   18.490000       1.042768       0.078847       0.838570       0.841679         -0.000000
   18.500000       1.043511       0.069719       0.839248       0.841679         -0.000000
   18.510000       1.044162       0.060594       0.839843       0.841679         -0.000000
   18.520000       1.044723       0.051472       0.840354       0.841679         -0.000000
   18.530000       1.045192       0.042351       0.840782       0.841679         -0.000000
   18.540000       1.045570       0.033233       0.841126       0.841679         -0.000000
   18.550000       1.045856       0.024116       0.841388       0.841679         -0.000000
   18.560000       1.046052       0.014999       0.841566       0.841679         -0.000000
   18.570000       1.046156       0.005884       0.841661       0.841679         -0.000000
   18.580000       1.046170      -0.003231       0.841673       0.841679         -0.000000
   18.590000       1.046092      -0.012347       0.841602       0.841679         -0.000000
   18.600000       1.045923      -0.021463       0.841448       0.841679         -0.000000
   18.610000       1.045662      -0.030580       0.841211       0.841679         -0.000000
   18.620000       1.045311      -0.039698       0.840891       0.841679         -0.000000
   18.630000       1.044868      -0.048818       0.840487       0.841679         -0.000000
   18.640000       1.044335      -0.057939       0.840000       0.841679         -0.000000
   18.650000       1.043710      -0.067064       0.839430       0.841679         -0.000000
   18.660000       1.042993      -0.076191       0.838776       0.841679         -0.000000
   18.670000       1.042186      -0.085321       0.838039       0.841679         -0.000000
   18.680000       1.041287      -0.094455       0.837218       0.841679         -0.000000
   18.690000       1.040297      -0.103592       0.836313       0.841679         -0.000000
   18.700000       1.039215      -0.112734       0.835324       0.841679         -0.000000
   18.710000       1.038042      -0.121881       0.834251       0.841679         -0.000000
   18.720000       1.036777      -0.131032       0.833094       0.841679         -0.000000
   18.730000       1.035421      -0.140190       0.831852       0.841679         -0.000000
   18.740000       1.033974      -0.149352       0.830526       0.841679         -0.000000
   18.750000       1.032434      -0.158521       0.829114       0.841679         -0.000000
   18.760000       1.030803      -0.167697       0.827617       0.841679         -0.000000
   18.770000       1.029080      -0.176879       0.826035       0.841679         -0.000000
   18.780000       1.027266      -0.186069       0.824368       0.841679         -0.000000
   18.790000       1.025359      -0.195266       0.822614       0.841679         -0.000000
   18.800000       1.023360      -0.204471       0.820774       0.841679         -0.000000
   18.810000       1.021269      -0.213684       0.818848       0.841679         -0.000000
   18.820000       1.019087      -0.222906       0.816835       0.841679         -0.000000
   18.830000       1.016811      -0.232137       0.814735       0.841679         -0.000000
   18.840000       1.014444      -0.241377       0.812547       0.841679         -0.000000
   18.850000       1.011984      -0.250627       0.810272       0.841679         -0.000000
   18.860000       1.009431      -0.259886       0.807908       0.841679         -0.000000
   18.870000       1.006786      -0.269156       0.805456       0.841679         -0.000000
   18.880000       1.004048      -0.278437       0.802915       0.841679         -0.000000
   18.890000       1.001217      -0.287728       0.800285       0.841679         -0.000000
   18.900000       0.998293      -0.297031       0.797565       0.841679         -0.000000
   18.910000       0.995277      -0.306345       0.794755       0.841679         -0.000000
   18.920000       0.992166      -0.315671       0.791854       0.841679         -0.000000
   18.930000       0.988963      -0.325009       0.788863       0.841679         -0.000000
   18.940000       0.985666      -0.334360       0.785780       0.841679         -0.000000
   18.950000       0.982276      -0.343723       0.782606       0.841679         -0.000000
   18.960000       0.978792      -0.353099       0.779339       0.841679         -0.000000
   18.970000       0.975214      -0.362488       0.775980       0.841679         -0.000000
   18.980000       0.971542      -0.371891       0.772527       0.841679         -0.000000
   18.990000       0.967776      -0.381308       0.768981       0.841679         -0.000000
   19.000000       0.963916      -0.390738       0.765341       0.841679         -0.000000
   19.010000       0.959961      -0.400182       0.761606       0.841679         -0.000000
   19.020000       0.955912      -0.409641       0.757776       0.841679         -0.000000
   19.030000       0.951768      -0.419114       0.753850       0.841679         -0.000000
   19.040000       0.947530      -0.428602       0.749829       0.841679         -0.000000
   19.050000       0.943196      -0.438105       0.745710       0.841679         -0.000000
   19.060000       0.938768      -0.447624       0.741495       0.841679         -0.000000
   19.070000       0.934244      -0.457157       0.737182       0.841679         -0.000000
   19.080000       0.929624      -0.466706       0.732771       0.841679         -0.000000
   19.090000       0.924909      -0.476270       0.728262       0.841679         -0.000000
   19.100000       0.920099      -0.485850       0.723654       0.841679         -0.000000
   19.110000       0.915192      -0.495446       0.718945       0.841679         -0.000000
   19.120000       0.910190      -0.505057       0.714137       0.841679         -0.000000
   19.130000       0.905091      -0.514684       0.709229       0.841679         -0.000000
   19.140000       0.899896      -0.524327       0.704219       0.841679         -0.000000
   19.150000       0.894605      -0.533987       0.699108       0.841679         -0.000000
   19.160000       0.889216      -0.543662       0.693895       0.841679         -0.000000
   19.170000       0.883731      -0.553353       0.688579       0.841679         -0.000000
   19.180000       0.878149      -0.563059       0.683161       0.841679         -0.000000
   19.190000       0.872470      -0.572782       0.677639       0.841679         -0.000000
   19.200000       0.866694      -0.582520       0.672014       0.841679         -0.000000
   19.210000       0.860820      -0.592274       0.666284       0.841679         -0.000000
   19.220000       0.854848      -0.602044       0.660450       0.841679         -0.000000
   19.230000       0.848779      -0.611828       0.654512       0.841679         -0.000000
   19.240000       0.842611      -0.621628       0.648468       0.841679         -0.000000
   19.250000       0.836346      -0.631443       0.642319       0.841679         -0.000000
   19.260000       0.829983      -0.641272       0.636064       0.841679         -0.000000
   19.270000       0.823521      -0.651116       0.629703       0.841679         -0.000000
   19.280000       0.816960      -0.660973       0.623236       0.841679         -0.000000
   19.290000       0.810301      -0.670844       0.616663       0.841679         -0.000000
   19.300000       0.803543      -0.680729       0.609983       0.841679         -0.000000
   19.310000       0.796687      -0.690626       0.603197       0.841679         -0.000000
   19.320000       0.789731      -0.700535       0.596304       0.841679         -0.000000
   19.330000       0.782676      -0.710456       0.589305       0.841679         -0.000000
   19.340000       0.775522      -0.720388       0.582199       0.841679         -0.000000
   19.350000       0.768268      -0.730331       0.574987       0.841679         -0.000000
   19.360000       0.760915      -0.740283       0.567669       0.841679         -0.000000
   19.370000       0.753462      -0.750244       0.560245       0.841679         -0.000000
   19.380000       0.745910      -0.760214       0.552716       0.841679         -0.000000
   19.390000       0.738258      -0.770191       0.545081       0.841679         -0.000000
   19.400000       0.730506      -0.780175       0.537342       0.841679         -0.000000
   19.410000       0.722654      -0.790164       0.529499       0.841679         -0.000000
   19.420000       0.714703      -0.800158       0.521552       0.841679         -0.000000
   19.430000       0.706651      -0.810155       0.513503       0.841679         -0.000000
   19.440000       0.698500      -0.820154       0.505353       0.841679         -0.000000
   19.450000       0.690248      -0.830154       0.497101       0.841679         -0.000000
   19.460000       0.681897      -0.840153       0.488750       0.841679         -0.000000
   19.470000       0.673445      -0.850151       0.480301       0.841679         -0.000000
   19.480000       0.664894      -0.860145       0.471754       0.841679         -0.000000
   19.490000       0.656242      -0.870134       0.463112       0.841679         -0.000000
   19.500000       0.647491      -0.880116       0.454377       0.841679         -0.000000
   19.510000       0.638640      -0.890089       0.445549       0.841679         -0.000000
   19.520000       0.629689      -0.900052       0.436631       0.841679         -0.000000
   19.530000       0.620639      -0.910003       0.427626       0.841679         -0.000000
   19.540000       0.611489      -0.919938       0.418535       0.841679         -0.000000
   19.550000       0.602240      -0.929857       0.409361       0.841679         -0.000000
   19.560000       0.592892      -0.939757       0.400107       0.841679         -0.000000
   19.570000       0.583445      -0.949634       0.390776       0.841679         -0.000000
   19.580000       0.573900      -0.959487       0.381371       0.841679         -0.000000
   19.590000       0.564256      -0.969312       0.371896       0.841679         -0.000000
   19.600000       0.554513      -0.979107       0.362353       0.841679         -0.000000
   19.610000       0.544674      -0.988869       0.352748       0.841679         -0.000000
   19.620000       0.534736      -0.998594       0.343084       0.841679         -0.000000
   19.630000       0.524702      -1.008278       0.333366       0.841679         -0.000000
   19.640000       0.514571      -1.017919       0.323599       0.841679         -0.000000
   19.650000       0.504344      -1.027513       0.313787       0.841679         -0.000000
   19.660000       0.494021      -1.037054       0.303938       0.841679         -0.000000
   19.670000       0.483603      -1.046540       0.294055       0.841679         -0.000000
   19.680000       0.473090      -1.055966       0.284147       0.841679         -0.000000
   19.690000       0.462484      -1.065327       0.274218       0.841679         -0.000000
   19.700000       0.451784      -1.074618       0.264276       0.841679         -0.000000
   19.710000       0.440991      -1.083835       0.254330       0.841679         -0.000000
   19.720000       0.430107      -1.092971       0.244385       0.841679         -0.000000
   19.730000       0.419132      -1.102022       0.234452       0.841679         -0.000000
   19.740000       0.408067      -1.110982       0.224538       0.841679         -0.000000
   19.750000       0.396913      -1.119844       0.214653       0.841679         -0.000000
   19.760000       0.385671      -1.128602       0.204807       0.841679         -0.000000
   19.770000       0.374341      -1.137250       0.195010       0.841679         -0.000000
   19.780000       0.362926      -1.145780       0.185273       0.841679         -0.000000
   19.790000       0.351426      -1.154185       0.175607       0.841679         -0.000000
   19.800000       0.339843      -1.162458       0.166024       0.841679         -0.000000
   19.810000       0.328177      -1.170591       0.156537       0.841679         -0.000000
   19.820000       0.316431      -1.178575       0.147159       0.841679         -0.000000
   19.830000       0.304606      -1.186402       0.137903       0.841679         -0.000000
   19.840000       0.292704      -1.194063       0.128785       0.841679         -0.000000
   19.850000       0.280726      -1.201548       0.119819       0.841679         -0.000000
   19.860000       0.268674      -1.208848       0.111022       0.841679         -0.000000
   19.870000       0.256549      -1.215953       0.102408       0.841679         -0.000000
   19.880000       0.244355      -1.222851       0.093996       0.841679         -0.000000
   19.890000       0.232093      -1.229532       0.085804       0.841679         -0.000000
   19.900000       0.219765      -1.235985       0.077849       0.841679         -0.000000
   19.910000       0.207374      -1.242198       0.070151       0.841679         -0.000000
   19.920000       0.194922      -1.248158       0.062730       0.841679         -0.000000
   19.930000       0.182412      -1.253852       0.055606       0.841679         -0.000000
   19.940000       0.169846      -1.259268       0.048800       0.841679         -0.000000
   19.950000       0.157228      -1.264392       0.042335       0.841679         -0.000000
   19.960000       0.144559      -1.269209       0.036232       0.841679         -0.000000
   19.970000       0.131844      -1.273705       0.030516       0.841679         -0.000000
   19.980000       0.119086      -1.277865       0.025209       0.841679         -0.000000
   19.990000       0.106288      -1.281673       0.020335       0.841679         -0.000000
   20.000000       0.093454      -1.285113       0.015920       0.841679         -0.000000
   20.010000       0.080587      -1.288169       0.011989       0.841679         -0.000000
   20.020000       0.067692      -1.290822       0.008568       0.841679         -0.000000
   20.030000       0.054772      -1.293056       0.005682       0.841679         -0.000000
   20.040000       0.041832      -1.294853       0.003357       0.841679         -0.000000
   20.050000       0.028877      -1.296193       0.001620       0.841679         -0.000000
   20.060000       0.015910      -1.297058       0.000498       0.841679         -0.000000
   20.070000       0.002937      -1.297429       0.000017       0.841679         -0.000000
   20.080000      -0.010037      -1.297286       0.000204       0.841679         -0.000000
   20.090000      -0.023007      -1.296607       0.001083       0.841679         -0.000000
   20.100000      -0.035967      -1.295374       0.002682       0.841679         -0.000000
   20.110000      -0.048912      -1.293563       0.005026       0.841679         -0.000000
   20.120000      -0.061836      -1.291155       0.008138       0.841679         -0.000000
   20.130000      -0.074733      -1.288127       0.012042       0.841679         -0.000000
   20.140000      -0.087597      -1.284458       0.016762       0.841679         -0.000000
   20.150000      -0.100420      -1.280126       0.022318       0.841679         -0.000000
   20.160000      -0.113197      -1.275107       0.028729       0.841679         -0.000000
   20.170000      -0.125920      -1.269381       0.036015       0.841679         -0.000000
   20.180000      -0.138582      -1.262924       0.044190       0.841679         -0.000000
   20.190000      -0.151176      -1.255714       0.053269       0.841679         -0.000000
   20.200000      -0.163694      -1.247730       0.063264       0.841679         -0.000000
   20.210000      -0.176128      -1.238948       0.074182       0.841679         -0.000000
   20.220000      -0.188470      -1.229348       0.086030       0.841679         -0.000000
   20.230000      -0.200712      -1.218908       0.098810       0.841679         -0.000000
   20.240000      -0.212845      -1.207607       0.112521       0.841679         -0.000000
   20.250000      -0.224861      -1.195425       0.127158       0.841679         -0.000000
   20.260000      -0.236751      -1.182342       0.142712       0.841679         -0.000000
   20.270000      -0.248505      -1.168340       0.159169       0.841679         -0.000000
   20.280000      -0.260115      -1.153401       0.176511       0.841679         -0.000000
   20.290000      -0.271570      -1.137508       0.194716       0.841679         -0.000000
   20.300000      -0.282861      -1.120646       0.213755       0.841679         -0.000000
   20.310000      -0.293980      -1.102800       0.233595       0.841679         -0.000000
   20.320000      -0.304914      -1.083958       0.254197       0.841679         -0.000000
   20.330000      -0.315655      -1.064108       0.275516       0.841679         -0.000000
   20.340000      -0.326193      -1.043241       0.297502       0.841679         -0.000000
   20.350000      -0.336517      -1.021351       0.320100       0.841679         -0.000000
   20.360000      -0.346616      -0.998431       0.343246       0.841679         -0.000000
   20.370000      -0.356482      -0.974479       0.366874       0.841679         -0.000000
   20.380000      -0.366103      -0.949493       0.390910       0.841679         -0.000000
   20.390000      -0.375468      -0.923475       0.415276       0.841679         -0.000000
   20.400000      -0.384569      -0.896430       0.439886       0.841679         -0.000000
   20.410000      -0.393393      -0.868364       0.464651       0.841679         -0.000000
   20.420000      -0.401933      -0.839287       0.489477       0.841679         -0.000000
   20.430000      -0.410176      -0.809213       0.514266       0.841679         -0.000000
   20.440000      -0.418114      -0.778156       0.538915       0.841679         -0.000000
   20.450000      -0.425736      -0.746135       0.563320       0.841679         -0.000000
   20.460000      -0.433033      -0.713173       0.587370       0.841679         -0.000000
   20.470000      -0.439996      -0.679295       0.610958       0.841679         -0.000000
   20.480000      -0.446616      -0.644529       0.633970       0.841679         -0.000000
   20.490000      -0.452884      -0.608906       0.656295       0.841679         -0.000000
   20.500000      -0.458791      -0.572462       0.677822       0.841679         -0.000000
   20.510000      -0.464331      -0.535234       0.698441       0.841679         -0.000000
   20.520000      -0.469494      -0.497263       0.718044       0.841679         -0.000000
   20.530000      -0.474273      -0.458592       0.736525       0.841679         -0.000000
   20.540000      -0.478663      -0.419270       0.753785       0.841679         -0.000000
   20.550000      -0.482657      -0.379345       0.769727       0.841679         -0.000000
   20.560000      -0.486248      -0.338869       0.784263       0.841679         -0.000000
   20.570000      -0.489433      -0.297896       0.797307       0.841679         -0.000000
   20.580000      -0.492205      -0.256484       0.808786       0.841679         -0.000000
   20.590000      -0.494561      -0.214691       0.818632       0.841679         -0.000000
   20.600000      -0.496498      -0.172577       0.826787       0.841679         -0.000000
   20.610000      -0.498012      -0.130204       0.833202       0.841679         -0.000000
   20.620000      -0.499101      -0.087635       0.837839       0.841679         -0.000000
   20.630000      -0.499764      -0.044933       0.840669       0.841679         -0.000000
   20.640000      -0.499999      -0.002163       0.841676       0.841679         -0.000000
   20.650000      -0.499807       0.040610       0.840854       0.841679         -0.000000
   20.660000      -0.499187       0.083322       0.838207       0.841679         -0.000000
   20.670000      -0.498141       0.125908       0.833752       0.841679         -0.000000
   20.680000      -0.496670       0.168304       0.827515       0.841679         -0.000000
   20.690000      -0.494776       0.210447       0.819535       0.841679         -0.000000
   20.700000      -0.492462       0.252275       0.809857       0.841679         -0.000000
   20.710000      -0.489732       0.293728       0.798540       0.841679         -0.000000
   20.720000      -0.486589       0.334748       0.785651       0.841679         -0.000000
   20.730000      -0.483038       0.375277       0.771262       0.841679         -0.000000
   20.740000      -0.479085       0.415260       0.755458       0.841679         -0.000000
   20.750000      -0.474735       0.454646       0.738327       0.841679         -0.000000
   20.760000      -0.469994       0.493384       0.719965       0.841679         -0.000000
   20.770000      -0.464870       0.531428       0.700471       0.841679         -0.000000
   20.780000      -0.459368       0.568733       0.679950       0.841679         -0.000000
   20.790000      -0.453498       0.605258       0.658510       0.841679         -0.000000
   20.800000      -0.447266       0.640966       0.636260       0.841679         -0.000000
   20.810000      -0.440681       0.675820       0.613312       0.841679         -0.000000
   20.820000      -0.433752       0.709789       0.589778       0.841679         -0.000000
   20.830000      -0.426489       0.742845       0.565769       0.841679         -0.000000
   20.840000      -0.418899       0.774962       0.541396       0.841679         -0.000000
   20.850000      -0.410992       0.806117       0.516766       0.841679         -0.000000
   20.860000      -0.402780       0.836292       0.491987       0.841679         -0.000000
   20.870000      -0.394270       0.865470       0.467160       0.841679         -0.000000
   20.880000      -0.385474       0.893638       0.442384       0.841679         -0.000000
   20.890000      -0.376401       0.920787       0.417754       0.841679         -0.000000
   20.900000      -0.367061       0.946909       0.393360       0.841679         -0.000000
   20.910000      -0.357466       0.971999       0.369287       0.841679         -0.000000
   20.920000      -0.347625       0.996056       0.345614       0.841679         -0.000000
   20.930000      -0.337548       1.019081       0.322416       0.841679         -0.000000
   20.940000      -0.327247       1.041075       0.299760       0.841679         -0.000000
   20.950000      -0.316730       1.062045       0.277709       0.841679         -0.000000
   20.960000      -0.306009       1.081997       0.256320       0.841679         -0.000000
   20.970000      -0.295094       1.100940       0.235644       0.841679         -0.000000
   20.980000      -0.283994       1.118886       0.215725       0.841679         -0.000000
   20.990000      -0.272719       1.135848       0.196604       0.841679         -0.000000
   21.000000      -0.261280       1.151838       0.178313       0.841679         -0.000000
   21.010000      -0.249686       1.166873       0.160883       0.841679         -0.000000
   21.020000      -0.237946       1.180969       0.144335       0.841679         -0.000000
   21.030000      -0.226069       1.194143       0.128689       0.841679         -0.000000
   21.040000      -0.214066       1.206416       0.113959       0.841679         -0.000000
   21.050000      -0.201944       1.217805       0.100154       0.841679         -0.000000
   21.060000      -0.189712       1.228331       0.087280       0.841679         -0.000000
   21.070000      -0.177380       1.238015       0.075338       0.841679         -0.000000
   21.080000      -0.164955       1.246878       0.064326       0.841679         -0.000000
   21.090000      -0.152445       1.254943       0.054238       0.841679         -0.000000
   21.100000      -0.139859       1.262230       0.045067       0.841679         -0.000000
   21.110000      -0.127203       1.268762       0.036801       0.841679         -0.000000
   21.120000      -0.114486       1.274561       0.029426       0.841679         -0.000000
   21.130000      -0.101714       1.279650       0.022927       0.841679         -0.000000
   21.140000      -0.088895       1.284051       0.017285       0.841679         -0.000000
   21.150000      -0.076035       1.287786       0.012482       0.841679         -0.000000
   21.160000      -0.063142       1.290877       0.008496       0.841679         -0.000000
   21.170000      -0.050220       1.293347       0.005305       0.841679         -0.000000
   21.180000      -0.037277       1.295217       0.002885       0.841679         -0.000000
   21.190000      -0.024318       1.296508       0.001212       0.841679         -0.000000
   21.200000      -0.011348       1.297242       0.000261       0.841679         -0.000000
   21.210000       0.001626       1.297438       0.000005       0.841679         -0.000000
   21.220000       0.014599       1.297119       0.000420       0.841679         -0.000000
   21.230000       0.027566       1.296302       0.001479       0.841679         -0.000000
   21.240000       0.040523       1.295009       0.003154       0.841679         -0.000000
   21.250000       0.053465       1.293258       0.005421       0.841679         -0.000000
   21.260000       0.066387       1.291067       0.008251       0.841679         -0.000000
   21.270000       0.079285       1.288455       0.011620       0.841679         -0.000000
   21.280000       0.092155       1.285440       0.015501       0.841679         -0.000000
   21.290000       0.104992       1.282038       0.019868       0.841679         -0.000000
   21.300000       0.117794       1.278267       0.024696       0.841679         -0.000000
   21.310000       0.130557       1.274142       0.029960       0.841679         -0.000000
   21.320000       0.143276       1.269679       0.035637       0.841679         -0.000000
   21.330000       0.155949       1.264893       0.041701       0.841679         -0.000000
   21.340000       0.168573       1.259800       0.048131       0.841679         -0.000000
   21.350000       0.181144       1.254413       0.054903       0.841679         -0.000000
   21.360000       0.193660       1.248746       0.061996       0.841679         -0.000000
   21.370000       0.206118       1.242812       0.069388       0.841679         -0.000000
   21.380000       0.218515       1.236624       0.077059       0.841679         -0.000000
   21.390000       0.230850       1.230195       0.084988       0.841679         -0.000000
   21.400000       0.243119       1.223536       0.093158       0.841679         -0.000000
   21.410000       0.255320       1.216660       0.101548       0.841679         -0.000000
   21.420000       0.267451       1.209576       0.110142       0.841679         -0.000000
   21.430000       0.279511       1.202295       0.118922       0.841679         -0.000000
   21.440000       0.291496       1.194828       0.127872       0.841679         -0.000000
   21.450000       0.303407       1.187185       0.136975       0.841679         -0.000000
   21.460000       0.315239       1.179374       0.146217       0.841679         -0.000000
   21.470000       0.326994       1.171405       0.155583       0.841679         -0.000000
   21.480000       0.338667       1.163287       0.165060       0.841679         -0.000000
   21.490000       0.350259       1.155028       0.174634       0.841679         -0.000000
   21.500000       0.361767       1.146636       0.184292       0.841679         -0.000000
   21.510000       0.373191       1.138118       0.194023       0.841679         -0.000000
   21.520000       0.384529       1.129482       0.203814       0.841679         -0.000000
   21.530000       0.395780       1.120734       0.213656       0.841679         -0.000000
   21.540000       0.406944       1.111882       0.223537       0.841679         -0.000000
   21.550000       0.418018       1.102932       0.233449       0.841679         -0.000000
   21.560000       0.429002       1.093890       0.243380       0.841679         -0.000000
   21.570000       0.439895       1.084762       0.253324       0.841679         -0.000000
   21.580000       0.450697       1.075553       0.263271       0.841679         -0.000000
   21.590000       0.461406       1.066270       0.273213       0.841679         -0.000000
   21.600000       0.472022       1.056915       0.283143       0.841679         -0.000000
   21.610000       0.482544       1.047496       0.293055       0.841679         -0.000000
   21.620000       0.492972       1.038016       0.302940       0.841679         -0.000000
   21.630000       0.503304       1.028480       0.312793       0.841679         -0.000000
   21.640000       0.513541       1.018891       0.322609       0.841679         -0.000000
   21.650000       0.523682       1.009255       0.332381       0.841679         -0.000000
   21.660000       0.533726       0.999575       0.342104       0.841679         -0.000000
   21.670000       0.543673       0.989854       0.351773       0.841679         -0.000000
   21.680000       0.553523       0.980096       0.361385       0.841679         -0.000000
   21.690000       0.563275       0.970304       0.370934       0.841679         -0.000000
   21.700000       0.572929       0.960481       0.380416       0.841679         -0.000000
   21.710000       0.582485       0.950631       0.389829       0.841679         -0.000000
   21.720000       0.591942       0.940756       0.399167       0.841679         -0.000000
   21.730000       0.601300       0.930859       0.408429       0.841679         -0.000000
   21.740000       0.610559       0.920942       0.417611       0.841679         -0.000000
   21.750000       0.619718       0.911008       0.426711       0.841679         -0.000000
   21.760000       0.628779       0.901059       0.435725       0.841679         -0.000000
   21.770000       0.637740       0.891097       0.444652       0.841679         -0.000000
   21.780000       0.646601       0.881125       0.453488       0.841679         -0.000000
   21.790000       0.655362       0.871143       0.462233       0.841679         -0.000000
   21.800000       0.664024       0.861155       0.470885       0.841679         -0.000000
   21.810000       0.672585       0.851161       0.479441       0.841679         -0.000000
   21.820000       0.681047       0.841164       0.487900       0.841679         -0.000000
   21.830000       0.689408       0.831165       0.496261       0.841679         -0.000000
   21.840000       0.697670       0.821165       0.504523       0.841679         -0.000000
   21.850000       0.705832       0.811165       0.512684       0.841679         -0.000000
   21.860000       0.713893       0.801168       0.520743       0.841679         -0.000000
   21.870000       0.721855       0.791174       0.528700       0.841679         -0.000000
   21.880000       0.729717       0.781185       0.536554       0.841679         -0.000000
   21.890000       0.737479       0.771200       0.544303       0.841679         -0.000000
   21.900000       0.745141       0.761223       0.551949       0.841679         -0.000000
   21.910000       0.752703       0.751252       0.559489       0.841679         -0.000000
   21.920000       0.760166       0.741290       0.566923       0.841679         -0.000000
   21.930000       0.767529       0.731336       0.574252       0.841679         -0.000000
   21.940000       0.774793       0.721393       0.581475       0.841679         -0.000000
   21.950000       0.781957       0.711460       0.588591       0.841679         -0.000000
   21.960000       0.789022       0.701537       0.595601       0.841679         -0.000000
   21.970000       0.795988       0.691627       0.602505       0.841679         -0.000000
   21.980000       0.802855       0.681729       0.609302       0.841679         -0.000000
   21.990000       0.809622       0.671843       0.615992       0.841679         -0.000000
   22.000000       0.816291       0.661970       0.622576       0.841679         -0.000000
   22.010000       0.822862       0.652112       0.629054       0.841679         -0.000000
   22.020000       0.829334       0.642267       0.635425       0.841679         -0.000000
   22.030000       0.835707       0.632436       0.641691       0.841679         -0.000000
   22.040000       0.841982       0.622620       0.647851       0.841679         -0.000000
   22.050000       0.848160       0.612818       0.653905       0.841679         -0.000000
   22.060000       0.854239       0.603032       0.659855       0.841679         -0.000000
   22.070000       0.860220       0.593261       0.665699       0.841679         -0.000000
   22.080000       0.866104       0.583506       0.671439       0.841679         -0.000000
   22.090000       0.871891       0.573766       0.677075       0.841679         -0.000000
   22.100000       0.877580       0.564042       0.682607       0.841679         -0.000000
   22.110000       0.883171       0.554333       0.688036       0.841679         -0.000000
   22.120000       0.888666       0.544641       0.693362       0.841679         -0.000000
   22.130000       0.894064       0.534964       0.698585       0.841679         -0.000000
   22.140000       0.899366       0.525303       0.703707       0.841679         -0.000000
   22.150000       0.904570       0.515658       0.708727       0.841679         -0.000000
   22.160000       0.909679       0.506030       0.713646       0.841679         -0.000000
   22.170000       0.914691       0.496417       0.718464       0.841679         -0.000000
   22.180000       0.919607       0.486819       0.723182       0.841679         -0.000000
   22.190000       0.924427       0.477238       0.727801       0.841679         -0.000000
   22.200000       0.929152       0.467672       0.732320       0.841679         -0.000000
   22.210000       0.933781       0.458122       0.736741       0.841679         -0.000000
   22.220000       0.938314       0.448587       0.741064       0.841679         -0.000000
   22.230000       0.942753       0.439067       0.745289       0.841679         -0.000000
   22.240000       0.947096       0.429563       0.749417       0.841679         -0.000000
   22.250000       0.951344       0.420073       0.753448       0.841679         -0.000000
   22.260000       0.955497       0.410598       0.757383       0.841679         -0.000000
   22.270000       0.959556       0.401138       0.761223       0.841679         -0.000000
   22.280000       0.963520       0.391692       0.764967       0.841679         -0.000000
   22.290000       0.967390       0.382260       0.768617       0.841679         -0.000000
   22.300000       0.971165       0.372843       0.772173       0.841679         -0.000000
   22.310000       0.974847       0.363438       0.775635       0.841679         -0.000000
   22.320000       0.978434       0.354048       0.779004       0.841679         -0.000000
   22.330000       0.981928       0.344670       0.782280       0.841679         -0.000000
   22.340000       0.985328       0.335306       0.785463       0.841679         -0.000000
   22.350000       0.988634       0.325954       0.788555       0.841679         -0.000000
   22.360000       0.991847       0.316615       0.791556       0.841679         -0.000000
   22.370000       0.994966       0.307288       0.794466       0.841679         -0.000000
   22.380000       0.997993       0.297972       0.797285       0.841679         -0.000000
   22.390000       1.000926       0.288668       0.800014       0.841679         -0.000000
   22.400000       1.003766       0.279376       0.802653       0.841679         -0.000000
   22.410000       1.006513       0.270094       0.805203       0.841679         -0.000000
   22.420000       1.009168       0.260823       0.807664       0.841679         -0.000000
   22.430000       1.011730       0.251562       0.810037       0.841679         -0.000000
   22.440000       1.014199       0.242312       0.812321       0.841679         -0.000000
   22.450000       1.016576       0.233071       0.814518       0.841679         -0.000000
   22.460000       1.018861       0.223839       0.816627       0.841679         -0.000000
   22.470000       1.021053       0.214616       0.818649       0.841679         -0.000000
   22.480000       1.023153       0.205402       0.820584       0.841679         -0.000000
   22.490000       1.025161       0.196196       0.822432       0.841679         -0.000000
   22.500000       1.027077       0.186998       0.824194       0.841679         -0.000000
   22.510000       1.028901       0.177808       0.825871       0.841679         -0.000000
   22.520000       1.030633       0.168625       0.827461       0.841679         -0.000000
   22.530000       1.032274       0.159449       0.828967       0.841679         -0.000000
   22.540000       1.033822       0.150279       0.830387       0.841679         -0.000000
   22.550000       1.035279       0.141116       0.831722       0.841679         -0.000000
   22.560000       1.036644       0.131958       0.832972       0.841679         -0.000000
   22.570000       1.037918       0.122806       0.834138       0.841679         -0.000000
   22.580000       1.039101       0.113659       0.835219       0.841679         -0.000000
   22.590000       1.040191       0.104516       0.836217       0.841679         -0.000000
   22.600000       1.041191       0.095378       0.837130       0.841679         -0.000000
   22.610000       1.042099       0.086244       0.837960       0.841679         -0.000000
   22.620000       1.042916       0.077114       0.838705       0.841679         -0.000000
   22.630000       1.043641       0.067986       0.839367       0.841679         -0.000000
   22.640000       1.044276       0.058862       0.839946       0.841679         -0.000000
   22.650000       1.044819       0.049740       0.840442       0.841679         -0.000000
   22.660000       1.045270       0.040620       0.840854       0.841679         -0.000000
   22.670000       1.045631       0.031501       0.841182       0.841679         -0.000000
   22.680000       1.045900       0.022384       0.841428       0.841679         -0.000000
   22.690000       1.046079       0.013268       0.841591       0.841679         -0.000000
   22.700000       1.046166       0.004153       0.841670       0.841679         -0.000000
   22.710000       1.046162      -0.004962       0.841666       0.841679         -0.000000
   22.720000       1.046067      -0.014078       0.841579       0.841679         -0.000000
   22.730000       1.045880      -0.023194       0.841410       0.841679         -0.000000
   22.740000       1.045603      -0.032311       0.841157       0.841679         -0.000000
   22.750000       1.045234      -0.041429       0.840820       0.841679         -0.000000
   22.760000       1.044774      -0.050550       0.840401       0.841679         -0.000000
   22.770000       1.044223      -0.059672       0.839898       0.841679         -0.000000
   22.780000       1.043581      -0.068796       0.839312       0.841679         -0.000000
   22.790000       1.042847      -0.077924       0.838642       0.841679         -0.000000
   22.800000       1.042022      -0.087055       0.837889       0.841679         -0.000000
   22.810000       1.041106      -0.096189       0.837052       0.841679         -0.000000
   22.820000       1.040098      -0.105328       0.836132       0.841679         -0.000000
   22.830000       1.038999      -0.114471       0.835127       0.841679         -0.000000
   22.840000       1.037809      -0.123618       0.834038       0.841679         -0.000000
   22.850000       1.036527      -0.132771       0.832865       0.841679         -0.000000
   22.860000       1.035153      -0.141929       0.831607       0.841679         -0.000000
   22.870000       1.033688      -0.151093       0.830264       0.841679         -0.000000
   22.880000       1.032132      -0.160263       0.828836       0.841679         -0.000000
   22.890000       1.030483      -0.169440       0.827324       0.841679         -0.000000
   22.900000       1.028743      -0.178624       0.825725       0.841679         -0.000000
   22.910000       1.026911      -0.187815       0.824041       0.841679         -0.000000
   22.920000       1.024986      -0.197013       0.822271       0.841679         -0.000000
   22.930000       1.022970      -0.206220       0.820415       0.841679         -0.000000
   22.940000       1.020862      -0.215435       0.818473       0.841679         -0.000000
   22.950000       1.018662      -0.224658       0.816443       0.841679         -0.000000
   22.960000       1.016369      -0.233891       0.814326       0.841679         -0.000000
   22.970000       1.013984      -0.243133       0.812122       0.841679         -0.000000
   22.980000       1.011506      -0.252384       0.809830       0.841679         -0.000000
   22.990000       1.008936      -0.261646       0.807449       0.841679         -0.000000
   23.000000       1.006273      -0.270918       0.804980       0.841679         -0.000000
   23.010000       1.003518      -0.280201       0.802422       0.841679         -0.000000
   23.020000       1.000669      -0.289494       0.799775       0.841679         -0.000000
   23.030000       0.997728      -0.298799       0.797038       0.841679         -0.000000
   23.040000       0.994693      -0.308115       0.794211       0.841679         -0.000000
   23.050000       0.991565      -0.317444       0.791293       0.841679         -0.000000
   23.060000       0.988344      -0.326784       0.788285       0.841679         -0.000000
   23.070000       0.985030      -0.336137       0.785185       0.841679         -0.000000
   23.080000       0.981621      -0.345503       0.781993       0.841679         -0.000000
   23.090000       0.978120      -0.354881       0.778708       0.841679         -0.000000
   23.100000       0.974524      -0.364273       0.775331       0.841679         -0.000000
   23.110000       0.970834      -0.373678       0.771861       0.841679         -0.000000
   23.120000       0.967050      -0.383097       0.768297       0.841679         -0.000000
   23.130000       0.963172      -0.392530       0.764639       0.841679         -0.000000
   23.140000       0.959200      -0.401977       0.760886       0.841679         -0.000000
   23.150000       0.955132      -0.411439       0.757038       0.841679         -0.000000
   23.160000       0.950971      -0.420915       0.753094       0.841679         -0.000000
   23.170000       0.946714      -0.430406       0.749054       0.841679         -0.000000
   23.180000       0.942363      -0.439912       0.744917       0.841679         -0.000000
   23.190000       0.937916      -0.449433       0.740684       0.841679         -0.000000
   23.200000       0.933374      -0.458969       0.736352       0.841679         -0.000000
   23.210000       0.928736      -0.468521       0.731923       0.841679         -0.000000
   23.220000       0.924003      -0.478088       0.727395       0.841679         -0.000000
   23.230000       0.919175      -0.487671       0.722767       0.841679         -0.000000
   23.240000       0.914250      -0.497269       0.718040       0.841679         -0.000000
   23.250000       0.909229      -0.506884       0.713213       0.841679         -0.000000
   23.260000       0.904112      -0.516514       0.708285       0.841679         -0.000000
   23.270000       0.898899      -0.526160       0.703256       0.841679         -0.000000
   23.280000       0.893589      -0.535822       0.698126       0.841679         -0.000000
   23.290000       0.888182      -0.545501       0.692893       0.841679         -0.000000
   23.300000       0.882679      -0.555195       0.687558       0.841679         -0.000000
   23.310000       0.877078      -0.564904       0.682120       0.841679         -0.000000
   23.320000       0.871381      -0.574630       0.676579       0.841679         -0.000000
   23.330000       0.865586      -0.584371       0.670934       0.841679         -0.000000
   23.340000       0.859693      -0.594128       0.665184       0.841679         -0.000000
   23.350000       0.853703      -0.603901       0.659331       0.841679         -0.000000
   23.360000       0.847615      -0.613688       0.653372       0.841679         -0.000000
   23.370000       0.841429      -0.623491       0.647308       0.841679         -0.000000
   23.380000       0.835145      -0.633308       0.641139       0.841679         -0.000000
   23.390000       0.828763      -0.643140       0.634864       0.841679         -0.000000
   23.400000       0.822282      -0.652986       0.628483       0.841679         -0.000000
   23.410000       0.815703      -0.662846       0.621996       0.841679         -0.000000
   23.420000       0.809025      -0.672720       0.615402       0.841679         -0.000000
   23.430000       0.802249      -0.682607       0.608702       0.841679         -0.000000
   23.440000       0.795373      -0.692506       0.601896       0.841679         -0.000000
   23.450000       0.788399      -0.702418       0.594983       0.841679         -0.000000
   23.460000       0.781325      -0.712341       0.587964       0.841679         -0.000000
   23.470000       0.774152      -0.722275       0.580838       0.841679         -0.000000
   23.480000       0.766879      -0.732220       0.573606       0.841679         -0.000000
   23.490000       0.759507      -0.742174       0.566268       0.841679         -0.000000
   23.500000       0.752036      -0.752137       0.558824       0.841679         -0.000000
   23.510000       0.744465      -0.762108       0.551274       0.841679         -0.000000
   23.520000       0.736794      -0.772087       0.543620       0.841679         -0.000000
   23.530000       0.729023      -0.782071       0.535861       0.841679         -0.000000
   23.540000       0.721152      -0.792061       0.527998       0.841679         -0.000000
   23.550000       0.713182      -0.802056       0.520032       0.841679         -0.000000
   23.560000       0.705111      -0.812053       0.511963       0.841679         -0.000000
   23.570000       0.696941      -0.822053       0.503793       0.841679         -0.000000
   23.580000       0.688670      -0.832053       0.495523       0.841679         -0.000000
   23.590000       0.680300      -0.842052       0.487153       0.841679         -0.000000
   23.600000       0.671829      -0.852049       0.478685       0.841679         -0.000000
   23.610000       0.663259      -0.862042       0.470120       0.841679         -0.000000
   23.620000       0.654588      -0.872030       0.461461       0.841679         -0.000000
   23.630000       0.645818      -0.882010       0.452707       0.841679         -0.000000
   23.640000       0.636948      -0.891982       0.443863       0.841679         -0.000000
   23.650000       0.627978      -0.901943       0.434928       0.841679         -0.000000
   23.660000       0.618909      -0.911891       0.425906       0.841679         -0.000000
   23.670000       0.609741      -0.921823       0.416799       0.841679         -0.000000
   23.680000       0.600473      -0.931739       0.407610       0.841679         -0.000000
   23.690000       0.591106      -0.941634       0.398341       0.841679         -0.000000
   23.700000       0.581640      -0.951507       0.388996       0.841679         -0.000000
   23.710000       0.572076      -0.961355       0.379577       0.841679         -0.000000
   23.720000       0.562413      -0.971175       0.370089       0.841679         -0.000000
   23.730000       0.552652      -0.980964       0.360534       0.841679         -0.000000
   23.740000       0.542794      -0.990718       0.350917       0.841679         -0.000000
   23.750000       0.532838      -1.000436       0.341242       0.841679         -0.000000
   23.760000       0.522785      -1.010113       0.331515       0.841679         -0.000000
   23.770000       0.512636      -1.019745       0.321739       0.841679         -0.000000
   23.780000       0.502391      -1.029329       0.311920       0.841679         -0.000000
   23.790000       0.492050      -1.038860       0.302063       0.841679         -0.000000
   23.800000       0.481614      -1.048335       0.292176       0.841679         -0.000000
   23.810000       0.471083      -1.057749       0.282262       0.841679         -0.000000
   23.820000       0.460459      -1.067097       0.272331       0.841679         -0.000000
   23.830000       0.449742      -1.076374       0.262388       0.841679         -0.000000
   23.840000       0.438932      -1.085576       0.252441       0.841679         -0.000000
   23.850000       0.428030      -1.094697       0.242498       0.841679         -0.000000
   23.860000       0.417038      -1.103731       0.232568       0.841679         -0.000000
   23.870000       0.405956      -1.112672       0.222659       0.841679         -0.000000
   23.880000       0.394785      -1.121515       0.212780       0.841679         -0.000000
   23.890000       0.383526      -1.130253       0.202943       0.841679         -0.000000
   23.900000       0.372180      -1.138879       0.193156       0.841679         -0.000000
   23.910000       0.360749      -1.147386       0.183431       0.841679         -0.000000
   23.920000       0.349233      -1.155767       0.173780       0.841679         -0.000000
   23.930000       0.337634      -1.164014       0.164214       0.841679         -0.000000
   23.940000       0.325953      -1.172119       0.154747       0.841679         -0.000000
   23.950000       0.314192      -1.180074       0.145391       0.841679         -0.000000
   23.960000       0.302352      -1.187870       0.136161       0.841679         -0.000000
   23.970000       0.290435      -1.195498       0.127071       0.841679         -0.000000
   23.980000       0.278443      -1.202949       0.118135       0.841679         -0.000000
   23.990000       0.266377      -1.210213       0.109371       0.841679         -0.000000
   24.000000       0.254239      -1.217279       0.100795       0.841679         -0.000000
   24.010000       0.242032      -1.224137       0.092423       0.841679         -0.000000
   24.020000       0.229757      -1.230775       0.084274       0.841679         -0.000000
   24.030000       0.217417      -1.237184       0.076367       0.841679         -0.000000
   24.040000       0.205014      -1.243349       0.068720       0.841679         -0.000000
   24.050000       0.192551      -1.249260       0.061354       0.841679         -0.000000
   24.060000       0.180030      -1.254903       0.054288       0.841679         -0.000000
   24.070000       0.167454      -1.260264       0.047546       0.841679         -0.000000
   24.080000       0.154826      -1.265331       0.041148       0.841679         -0.000000
   24.090000       0.142148      -1.270088       0.035116       0.841679         -0.000000
   24.100000       0.129425      -1.274522       0.029476       0.841679         -0.000000
   24.110000       0.116659      -1.278616       0.024249       0.841679         -0.000000
   24.120000       0.103854      -1.282355       0.019461       0.841679         -0.000000
   24.130000       0.091013      -1.285724       0.015136       0.841679         -0.000000
   24.140000       0.078141      -1.288704       0.011300       0.841679         -0.000000
   24.150000       0.065241      -1.291279       0.007978       0.841679         -0.000000
   24.160000       0.052317      -1.293431       0.005196       0.841679         -0.000000
   24.170000       0.039373      -1.295143       0.002981       0.841679         -0.000000
   24.180000       0.026415      -1.296394       0.001359       0.841679         -0.000000
   24.190000       0.013447      -1.297167       0.000357       0.841679         -0.000000
   24.200000       0.000474      -1.297442       0.000000       0.841679         -0.000000
   24.210000      -0.012500      -1.297199       0.000316       0.841679         -0.000000
   24.220000      -0.025469      -1.296416       0.001331       0.841679         -0.000000
   24.230000      -0.038427      -1.295075       0.003069       0.841679         -0.000000
   24.240000      -0.051368      -1.293153       0.005557       0.841679         -0.000000
   24.250000      -0.064288      -1.290628       0.008818       0.841679         -0.000000
   24.260000      -0.077179      -1.287481       0.012875       0.841679         -0.000000
   24.270000      -0.090035      -1.283687       0.017752       0.841679         -0.000000
   24.280000      -0.102850      -1.279226       0.023469       0.841679         -0.000000
   24.290000      -0.115617      -1.274075       0.030045       0.841679         -0.000000
   24.300000      -0.128329      -1.268212       0.037498       0.841679         -0.000000
   24.310000      -0.140979      -1.261614       0.045844       0.841679         -0.000000
   24.320000      -0.153559      -1.254258       0.055096       0.841679         -0.000000
   24.330000      -0.166062      -1.246124       0.065266       0.841679         -0.000000
   24.340000      -0.178479      -1.237189       0.076360       0.841679         -0.000000
   24.350000      -0.190803      -1.227431       0.088385       0.841679         -0.000000
   24.360000      -0.203025      -1.216829       0.101342       0.841679         -0.000000
   24.370000      -0.215136      -1.205362       0.115230       0.841679         -0.000000
   24.380000      -0.227129      -1.193011       0.130042       0.841679         -0.000000
   24.390000      -0.238994      -1.179755       0.145768       0.841679         -0.000000
   24.400000      -0.250721      -1.165576       0.162395       0.841679         -0.000000
   24.410000      -0.262302      -1.150457       0.179903       0.841679         -0.000000
   24.420000      -0.273727      -1.134381       0.198268       0.841679         -0.000000
   24.430000      -0.284986      -1.117333       0.217462       0.841679         -0.000000
   24.440000      -0.296070      -1.099299       0.237450       0.841679         -0.000000
   24.450000      -0.306969      -1.080266       0.258191       0.841679         -0.000000
   24.460000      -0.317672      -1.060224       0.279641       0.841679         -0.000000
   24.470000      -0.328170      -1.039164       0.301748       0.841679         -0.000000
   24.480000      -0.338452      -1.017078       0.324455       0.841679         -0.000000
   24.490000      -0.348508      -0.993962       0.347698       0.841679         -0.000000
   24.500000      -0.358328      -0.969813       0.371410       0.841679         -0.000000
   24.510000      -0.367901      -0.944631       0.395514       0.841679         -0.000000
   24.520000      -0.377217      -0.918418       0.419933       0.841679         -0.000000
   24.530000      -0.386266      -0.891178       0.444579       0.841679         -0.000000
   24.540000      -0.395037      -0.862920       0.469363       0.841679         -0.000000
   24.550000      -0.403521      -0.833653       0.494190       0.841679         -0.000000
   24.560000      -0.411707      -0.803390       0.518961       0.841679         -0.000000
   24.570000      -0.419586      -0.772149       0.543572       0.841679         -0.000000
   24.580000      -0.427147      -0.739948       0.567917       0.841679         -0.000000
   24.590000      -0.434381      -0.706810       0.591888       0.841679         -0.000000
   24.600000      -0.441280      -0.672761       0.615375       0.841679         -0.000000
   24.610000      -0.447834      -0.637829       0.638265       0.841679         -0.000000
   24.620000      -0.454034      -0.602048       0.660448       0.841679         -0.000000
   24.630000      -0.459872      -0.565452       0.681811       0.841679         -0.000000
   24.640000      -0.465340      -0.528079       0.702245       0.841679         -0.000000
   24.650000      -0.470431      -0.489972       0.721642       0.841679         -0.000000
   24.660000      -0.475137      -0.451174       0.739900       0.841679         -0.000000
   24.670000      -0.479452      -0.411733       0.756916       0.841679         -0.000000
   24.680000      -0.483370      -0.371699       0.772598       0.841679         -0.000000
   24.690000      -0.486885      -0.331125       0.786857       0.841679         -0.000000
   24.700000      -0.489991      -0.290065       0.799610       0.841679         -0.000000
   24.710000      -0.492684      -0.248576       0.810784       0.841679         -0.000000
   24.720000      -0.494961      -0.206717       0.820313       0.841679         -0.000000
   24.730000      -0.496818      -0.164549       0.828140       0.841679         -0.000000
   24.740000      -0.498251      -0.122134       0.834220       0.841679         -0.000000
   24.750000      -0.499260      -0.079534       0.838516       0.841679         -0.000000
   24.760000      -0.499842      -0.036814       0.841001       0.841679         -0.000000
   24.770000      -0.499996       0.005961       0.841661       0.841679         -0.000000
   24.780000      -0.499722       0.048728       0.840491       0.841679         -0.000000
   24.790000      -0.499022       0.091420       0.837500       0.841679         -0.000000
   24.800000      -0.497894       0.133975       0.832704       0.841679         -0.000000
   24.810000      -0.496343       0.176328       0.826133       0.841679         -0.000000
   24.820000      -0.494369       0.218416       0.817826       0.841679         -0.000000
   24.830000      -0.491975       0.260177       0.807832       0.841679         -0.000000
   24.840000      -0.489166       0.301553       0.796212       0.841679         -0.000000
   24.850000      -0.485946       0.342483       0.783031       0.841679         -0.000000
   24.860000      -0.482318       0.382913       0.768368       0.841679         -0.000000
   24.870000      -0.478290       0.422786       0.752304       0.841679         -0.000000
   24.880000      -0.473865       0.462053       0.734932       0.841679         -0.000000
   24.890000      -0.469051       0.500663       0.716347       0.841679         -0.000000
   24.900000      -0.463854       0.538570       0.696650       0.841679         -0.000000
   24.910000      -0.458282       0.575730       0.675946       0.841679         -0.000000
   24.920000      -0.452342       0.612103       0.654344       0.841679         -0.000000
   24.930000      -0.446042       0.647651       0.631953       0.841679         -0.000000
   24.940000      -0.439392       0.682340       0.608885       0.841679         -0.000000
   24.950000      -0.432399       0.716137       0.585252       0.841679         -0.000000
   24.960000      -0.425072       0.749017       0.561166       0.841679         -0.000000
   24.970000      -0.417421       0.780952       0.536735       0.841679         -0.000000
   24.980000      -0.409456       0.811923       0.512069       0.841679         -0.000000
   24.990000      -0.401186       0.841909       0.487273       0.841679         -0.000000
   25.000000      -0.392621       0.870897       0.462448       0.841679         -0.000000
   25.010000      -0.383772       0.898872       0.437693       0.841679         -0.000000
   25.020000      -0.374647       0.925827       0.413101       0.841679         -0.000000
   25.030000      -0.365259       0.951753       0.388762       0.841679         -0.000000
   25.040000      -0.355616       0.976647       0.364759       0.841679         -0.000000
   25.050000      -0.345729       1.000508       0.341171       0.841679         -0.000000
   25.060000      -0.335609       1.023336       0.318070       0.841679         -0.000000
   25.070000      -0.325266       1.045135       0.295524       0.841679         -0.000000
   25.080000      -0.314710       1.065911       0.273595       0.841679         -0.000000
   25.090000      -0.303951       1.085671       0.252338       0.841679         -0.000000
   25.100000      -0.293000       1.104424       0.231802       0.841679         -0.000000
   25.110000      -0.281866       1.122183       0.212032       0.841679         -0.000000
   25.120000      -0.270559       1.138958       0.193066       0.841679         -0.000000
   25.130000      -0.259090       1.154766       0.174936       0.841679         -0.000000
   25.140000      -0.247467       1.169621       0.157672       0.841679         -0.000000
   25.150000      -0.235701       1.183541       0.141294       0.841679         -0.000000
   25.160000      -0.223799       1.196543       0.125821       0.841679         -0.000000
   25.170000      -0.211773       1.208646       0.111266       0.841679         -0.000000
   25.180000      -0.199629       1.219869       0.097638       0.841679         -0.000000
   25.190000      -0.187378       1.230234       0.084941       0.841679         -0.000000
   25.200000      -0.175027       1.239761       0.073175       0.841679         -0.000000
   25.210000      -0.162586       1.248471       0.062339       0.841679         -0.000000
   25.220000      -0.150061       1.256385       0.052426       0.841679         -0.000000
   25.230000      -0.137461       1.263527       0.043428       0.841679         -0.000000
   25.240000      -0.124793       1.269919       0.035332       0.841679         -0.000000
   25.250000      -0.112065       1.275581       0.028125       0.841679         -0.000000
   25.260000      -0.099283       1.280538       0.021790       0.841679         -0.000000
   25.270000      -0.086456       1.284811       0.016309       0.841679         -0.000000
   25.280000      -0.073589       1.288422       0.011663       0.841679         -0.000000
   25.290000      -0.060690       1.291394       0.007830       0.841679         -0.000000
   25.300000      -0.047764       1.293748       0.004787       0.841679         -0.000000
   25.310000      -0.034817       1.295506       0.002511       0.841679         -0.000000
   25.320000      -0.021855       1.296690       0.000976       0.841679         -0.000000
   25.330000      -0.008885       1.297320       0.000159       0.841679         -0.000000
   25.340000       0.004089       1.297417       0.000033       0.841679         -0.000000
   25.350000       0.017062       1.297001       0.000572       0.841679         -0.000000
   25.360000       0.030028       1.296093       0.001750       0.841679         -0.000000
   25.370000       0.042982       1.294711       0.003540       0.841679         -0.000000
   25.380000       0.055920       1.292875       0.005916       0.841679         -0.000000
   25.390000       0.068838       1.290603       0.008850       0.841679         -0.000000
   25.400000       0.081731       1.287913       0.012318       0.841679         -0.000000
   25.410000       0.094595       1.284823       0.016293       0.841679         -0.000000
   25.420000       0.107426       1.281350       0.020750       0.841679         -0.000000
   25.430000       0.120221       1.277510       0.025663       0.841679         -0.000000
   25.440000       0.132975       1.273320       0.031007       0.841679         -0.000000
   25.450000       0.145686       1.268794       0.036759       0.841679         -0.000000
   25.460000       0.158350       1.263949       0.042895       0.841679         -0.000000
   25.470000       0.170964       1.258799       0.049391       0.841679         -0.000000
   25.480000       0.183525       1.253358       0.056226       0.841679         -0.000000
   25.490000       0.196030       1.247639       0.063377       0.841679         -0.000000
   25.500000       0.208477       1.241656       0.070824       0.841679         -0.000000
   25.510000       0.220863       1.235422       0.078545       0.841679         -0.000000
   25.520000       0.233185       1.228948       0.086522       0.841679         -0.000000
   25.530000       0.245441       1.222247       0.094735       0.841679         -0.000000
   25.540000       0.257629       1.215330       0.103165       0.841679         -0.000000
   25.550000       0.269747       1.208208       0.111796       0.841679         -0.000000
   25.560000       0.281792       1.200891       0.120609       0.841679         -0.000000
   25.570000       0.293764       1.193390       0.129589       0.841679         -0.000000
   25.580000       0.305660       1.185714       0.138720       0.841679         -0.000000
   25.590000       0.317478       1.177873       0.147987       0.841679         -0.000000
   25.600000       0.329216       1.169875       0.157375       0.841679         -0.000000
   25.610000       0.340875       1.161729       0.166871       0.841679         -0.000000
   25.620000       0.352451       1.153444       0.176462       0.841679         -0.000000
   25.630000       0.363943       1.145028       0.186134       0.841679         -0.000000
   25.640000       0.375351       1.136487       0.195878       0.841679         -0.000000
   25.650000       0.386672       1.127829       0.205680       0.841679         -0.000000
   25.660000       0.397907       1.119061       0.215530       0.841679         -0.000000
   25.670000       0.409053       1.110190       0.225417       0.841679         -0.000000
   25.680000       0.420110       1.101222       0.235333       0.841679         -0.000000
   25.690000       0.431077       1.092163       0.245268       0.841679         -0.000000
   25.700000       0.441953       1.083020       0.255213       0.841679         -0.000000
   25.710000       0.452738       1.073796       0.265159       0.841679         -0.000000
   25.720000       0.463429       1.064498       0.275100       0.841679         -0.000000
   25.730000       0.474027       1.055132       0.285027       0.841679         -0.000000
   25.740000       0.484531       1.045700       0.294934       0.841679         -0.000000
   25.750000       0.494941       1.036209       0.304814       0.841679         -0.000000
   25.760000       0.505255       1.026663       0.314660       0.841679         -0.000000
   25.770000       0.515474       1.017065       0.324468       0.841679         -0.000000
   25.780000       0.525597       1.007420       0.334231       0.841679         -0.000000
   25.790000       0.535622       0.997732       0.343944       0.841679         -0.000000
   25.800000       0.545551       0.988004       0.353603       0.841679         -0.000000
   25.810000       0.555382       0.978239       0.363203       0.841679         -0.000000
   25.820000       0.565116       0.968441       0.372740       0.841679         -0.000000
   25.830000       0.574751       0.958613       0.382209       0.841679         -0.000000
   25.840000       0.584288       0.948758       0.391608       0.841679         -0.000000
   25.850000       0.593726       0.938878       0.400932       0.841679         -0.000000
   25.860000       0.603065       0.928977       0.410179       0.841679         -0.000000
   25.870000       0.612306       0.919057       0.419346       0.841679         -0.000000
   25.880000       0.621447       0.909120       0.428429       0.841679         -0.000000
   25.890000       0.630488       0.899168       0.437427       0.841679         -0.000000
   25.900000       0.639430       0.889204       0.446337       0.841679         -0.000000
   25.910000       0.648272       0.879230       0.455156       0.841679         -0.000000
   25.920000       0.657014       0.869247       0.463883       0.841679         -0.000000
   25.930000       0.665657       0.859257       0.472517       0.841679         -0.000000
   25.940000       0.674200       0.849263       0.481055       0.841679         -0.000000
   25.950000       0.682642       0.839265       0.489495       0.841679         -0.000000
   25.960000       0.690985       0.829266       0.497838       0.841679         -0.000000
   25.970000       0.699228       0.819266       0.506080       0.841679         -0.000000
   25.980000       0.707370       0.809267       0.514222       0.841679         -0.000000
   25.990000       0.715413       0.799270       0.522262       0.841679         -0.000000
   26.000000       0.723356       0.789277       0.530199       0.841679         -0.000000
   26.010000       0.731198       0.779288       0.538033       0.841679         -0.000000
   26.020000       0.738941       0.769305       0.545763       0.841679         -0.000000
   26.030000       0.746585       0.759329       0.553389       0.841679         -0.000000
   26.040000       0.754128       0.749360       0.560909       0.841679         -0.000000
   26.050000       0.761572       0.739399       0.568323       0.841679         -0.000000
   26.060000       0.768916       0.729447       0.575632       0.841679         -0.000000
   26.070000       0.776161       0.719506       0.582834       0.841679         -0.000000
   26.080000       0.783306       0.709575       0.589931       0.841679         -0.000000
   26.090000       0.790352       0.699655       0.596920       0.841679         -0.000000
   26.100000       0.797299       0.689746       0.603804       0.841679         -0.000000
   26.110000       0.804147       0.679850       0.610580       0.841679         -0.000000
   26.120000       0.810896       0.669967       0.617251       0.841679         -0.000000
   26.130000       0.817547       0.660097       0.623814       0.841679         -0.000000
   26.140000       0.824098       0.650241       0.630272       0.841679         -0.000000
   26.150000       0.830552       0.640399       0.636623       0.841679         -0.000000
   26.160000       0.836906       0.630571       0.642869       0.841679         -0.000000
   26.170000       0.843163       0.620757       0.649009       0.841679         -0.000000
   26.180000       0.849322       0.610959       0.655043       0.841679         -0.000000
   26.190000       0.855382       0.601176       0.660972       0.841679         -0.000000
   26.200000       0.861345       0.591408       0.666797       0.841679         -0.000000
   26.210000       0.867210       0.581655       0.672517       0.841679         -0.000000
   26.220000       0.872978       0.571918       0.678133       0.841679         -0.000000
   26.230000       0.878649       0.562197       0.683646       0.841679         -0.000000
   26.240000       0.884222       0.552491       0.689055       0.841679         -0.000000
   26.250000       0.889699       0.542802       0.694362       0.841679         -0.000000
   26.260000       0.895078       0.533128       0.699566       0.841679         -0.000000
   26.270000       0.900361       0.523471       0.704668       0.841679         -0.000000
   26.280000       0.905548       0.513829       0.709669       0.841679         -0.000000
   26.290000       0.910638       0.504203       0.714568       0.841679         -0.000000
   26.300000       0.915632       0.494593       0.719367       0.841679         -0.000000
   26.310000       0.920530       0.484999       0.724067       0.841679         -0.000000
   26.320000       0.925332       0.475420       0.728666       0.841679         -0.000000
   26.330000       0.930038       0.465857       0.733167       0.841679         -0.000000
   26.340000       0.934649       0.456310       0.737569       0.841679         -0.000000
   26.350000       0.939165       0.446778       0.741873       0.841679         -0.000000
   26.360000       0.943585       0.437261       0.746080       0.841679         -0.000000
   26.370000       0.947910       0.427759       0.750189       0.841679         -0.000000
   26.380000       0.952140       0.418273       0.754203       0.841679         -0.000000
   26.390000       0.956275       0.408801       0.758120       0.841679         -0.000000
   26.400000       0.960316       0.399343       0.761941       0.841679         -0.000000
   26.410000       0.964262       0.389900       0.765668       0.841679         -0.000000
   26.420000       0.968114       0.380471       0.769300       0.841679         -0.000000
   26.430000       0.971872       0.371056       0.772837       0.841679         -0.000000
   26.440000       0.975535       0.361654       0.776282       0.841679         -0.000000
   26.450000       0.979105       0.352266       0.779633       0.841679         -0.000000
   26.460000       0.982581       0.342891       0.782891       0.841679         -0.000000
   26.470000       0.985963       0.333529       0.786058       0.841679         -0.000000
   26.480000       0.989251       0.324180       0.789132       0.841679         -0.000000
   26.490000       0.992446       0.314843       0.792116       0.841679         -0.000000
   26.500000       0.995548       0.305518       0.795008       0.841679         -0.000000
   26.510000       0.998557       0.296205       0.797810       0.841679         -0.000000
   26.520000       1.001472       0.286903       0.800522       0.841679         -0.000000
   26.530000       1.004295       0.277613       0.803144       0.841679         -0.000000
   26.540000       1.007025       0.268333       0.805677       0.841679         -0.000000
   26.550000       1.009662       0.259064       0.808122       0.841679         -0.000000
   26.560000       1.012206       0.249805       0.810477       0.841679         -0.000000
   26.570000       1.014658       0.240556       0.812745       0.841679         -0.000000
   26.580000       1.017017       0.231317       0.814925       0.841679         -0.000000
   26.590000       1.019284       0.222087       0.817017       0.841679         -0.000000
   26.600000       1.021459       0.212866       0.819023       0.841679         -0.000000
   26.610000       1.023541       0.203653       0.820941       0.841679         -0.000000
   26.620000       1.025532       0.194449       0.822773       0.841679         -0.000000
   26.630000       1.027430       0.185252       0.824519       0.841679         -0.000000
   26.640000       1.029237       0.176064       0.826179       0.841679         -0.000000
   26.650000       1.030952       0.166882       0.827754       0.841679         -0.000000
   26.660000       1.032575       0.157707       0.829243       0.841679         -0.000000
   26.670000       1.034106       0.148539       0.830647       0.841679         -0.000000
   26.680000       1.035545       0.139376       0.831966       0.841679         -0.000000
   26.690000       1.036893       0.130220       0.833200       0.841679         -0.000000
   26.700000       1.038150       0.121068       0.834350       0.841679         -0.000000
   26.710000       1.039315       0.111922       0.835415       0.841679         -0.000000
   26.720000       1.040388       0.102781       0.836397       0.841679         -0.000000
   26.730000       1.041370       0.093643       0.837294       0.841679         -0.000000
   26.740000       1.042261       0.084510       0.838108       0.841679         -0.000000
   26.750000       1.043061       0.075380       0.838837       0.841679         -0.000000
   26.760000       1.043769       0.066253       0.839484       0.841679         -0.000000
   26.770000       1.044386       0.057129       0.840047       0.841679         -0.000000
   26.780000       1.044911       0.048008       0.840526       0.841679         -0.000000
   26.790000       1.045346       0.038888       0.840922       0.841679         -0.000000
   26.800000       1.045689       0.029770       0.841235       0.841679         -0.000000
   26.810000       1.045941       0.020653       0.841465       0.841679         -0.000000
   26.820000       1.046102       0.011537       0.841612       0.841679         -0.000000
   26.830000       1.046172       0.002422       0.841676       0.841679         -0.000000
   26.840000       1.046151      -0.006693       0.841656       0.841679         -0.000000
   26.850000       1.046038      -0.015809       0.841554       0.841679         -0.000000
   26.860000       1.045835      -0.024925       0.841368       0.841679         -0.000000
   26.870000       1.045540      -0.034042       0.841099       0.841679         -0.000000
   26.880000       1.045154      -0.043161       0.840747       0.841679         -0.000000
   26.890000       1.044676      -0.052282       0.840312       0.841679         -0.000000
   26.900000       1.044108      -0.061404       0.839793       0.841679         -0.000000
   26.910000       1.043448      -0.070530       0.839191       0.841679         -0.000000
   26.920000       1.042697      -0.079658       0.838506       0.841679         -0.000000
   26.930000       1.041855      -0.088789       0.837737       0.841679         -0.000000
   26.940000       1.040922      -0.097924       0.836884       0.841679         -0.000000
   26.950000       1.039897      -0.107064       0.835947       0.841679         -0.000000
   26.960000       1.038780      -0.116207       0.834926       0.841679         -0.000000
   26.970000       1.037573      -0.125356       0.833822       0.841679         -0.000000
   26.980000       1.036273      -0.134509       0.832632       0.841679         -0.000000
   26.990000       1.034882      -0.143669       0.831358       0.841679         -0.000000
   27.000000       1.033400      -0.152834       0.829999       0.841679         -0.000000
   27.010000       1.031826      -0.162005       0.828556       0.841679         -0.000000
   27.020000       1.030160      -0.171183       0.827027       0.841679         -0.000000
   27.030000       1.028402      -0.180368       0.825412       0.841679         -0.000000
   27.040000       1.026552      -0.189561       0.823712       0.841679         -0.000000
   27.050000       1.024611      -0.198761       0.821926       0.841679         -0.000000
   27.060000       1.022577      -0.207969       0.820053       0.841679         -0.000000
   27.070000       1.020451      -0.217185       0.818094       0.841679         -0.000000
   27.080000       1.018233      -0.226411       0.816048       0.841679         -0.000000
   27.090000       1.015923      -0.235645       0.813914       0.841679         -0.000000
   27.100000       1.013520      -0.244889       0.811693       0.841679         -0.000000
   27.110000       1.011025      -0.254142       0.809384       0.841679         -0.000000
   27.120000       1.008438      -0.263406       0.806987       0.841679         -0.000000
   27.130000       1.005757      -0.272680       0.804501       0.841679         -0.000000
   27.140000       1.002984      -0.281964       0.801927       0.841679         -0.000000
   27.150000       1.000118      -0.291260       0.799262       0.841679         -0.000000
   27.160000       0.997159      -0.300567       0.796508       0.841679         -0.000000
   27.170000       0.994106      -0.309886       0.793664       0.841679         -0.000000
   27.180000       0.990961      -0.319216       0.790729       0.841679         -0.000000
   27.190000       0.987722      -0.328559       0.787703       0.841679         -0.000000
   27.200000       0.984390      -0.337914       0.784585       0.841679         -0.000000
   27.210000       0.980964      -0.347282       0.781376       0.841679         -0.000000
   27.220000       0.977444      -0.356663       0.778074       0.841679         -0.000000
   27.230000       0.973830      -0.366058       0.774679       0.841679         -0.000000
   27.240000       0.970123      -0.375466       0.771191       0.841679         -0.000000
   27.250000       0.966321      -0.384887       0.767609       0.841679         -0.000000
   27.260000       0.962425      -0.394323       0.763933       0.841679         -0.000000
   27.270000       0.958434      -0.403773       0.760162       0.841679         -0.000000
   27.280000       0.954349      -0.413237       0.756296       0.841679         -0.000000
   27.290000       0.950170      -0.422716       0.752334       0.841679         -0.000000
   27.300000       0.945895      -0.432210       0.748276       0.841679         -0.000000
   27.310000       0.941525      -0.441719       0.744121       0.841679         -0.000000
   27.320000       0.937061      -0.451242       0.739869       0.841679         -0.000000
   27.330000       0.932501      -0.460782       0.735519       0.841679         -0.000000
   27.340000       0.927845      -0.470336       0.731070       0.841679         -0.000000
   27.350000       0.923094      -0.479906       0.726523       0.841679         -0.000000
   27.360000       0.918247      -0.489492       0.721877       0.841679         -0.000000
   27.370000       0.913304      -0.499094       0.717131       0.841679         -0.000000
   27.380000       0.908265      -0.508711       0.712285       0.841679         -0.000000
   27.390000       0.903130      -0.518345       0.707338       0.841679         -0.000000
   27.400000       0.897898      -0.527994       0.702290       0.841679         -0.000000
   27.410000       0.892570      -0.537659       0.697140       0.841679         -0.000000
   27.420000       0.887145      -0.547340       0.691888       0.841679         -0.000000
   27.430000       0.881623      -0.557037       0.686533       0.841679         -0.000000
   27.440000       0.876004      -0.566750       0.681076       0.841679         -0.000000
   27.450000       0.870288      -0.576479       0.675515       0.841679         -0.000000
   27.460000       0.864474      -0.586223       0.669850       0.841679         -0.000000
   27.470000       0.858563      -0.595983       0.664081       0.841679         -0.000000
   27.480000       0.852555      -0.605758       0.658207       0.841679         -0.000000
   27.490000       0.846448      -0.615548       0.652229       0.841679         -0.000000
   27.500000       0.840244      -0.625354       0.646145       0.841679         -0.000000
   27.510000       0.833941      -0.635174       0.639956       0.841679         -0.000000
   27.520000       0.827540      -0.645009       0.633660       0.841679         -0.000000
   27.530000       0.821041      -0.654858       0.627259       0.841679         -0.000000
   27.540000       0.814443      -0.664720       0.620752       0.841679         -0.000000
   27.550000       0.807746      -0.674597       0.614138       0.841679         -0.000000
   27.560000       0.800951      -0.684486       0.607418       0.841679         -0.000000
   27.570000       0.794056      -0.694388       0.600592       0.841679         -0.000000
   27.580000       0.787063      -0.704301       0.593658       0.841679         -0.000000
   27.590000       0.779970      -0.714227       0.586619       0.841679         -0.000000
   27.600000       0.772778      -0.724163       0.579473       0.841679         -0.000000
   27.610000       0.765487      -0.734109       0.572220       0.841679         -0.000000
   27.620000       0.758096      -0.744065       0.564862       0.841679         -0.000000
   27.630000       0.750606      -0.754030       0.557398       0.841679         -0.000000
   27.640000       0.743016      -0.764003       0.549829       0.841679         -0.000000
   27.650000       0.735326      -0.773982       0.542154       0.841679         -0.000000
   27.660000       0.727536      -0.783968       0.534376       0.841679         -0.000000
   27.670000       0.719646      -0.793959       0.526493       0.841679         -0.000000
   27.680000       0.711657      -0.803954       0.518508       0.841679         -0.000000
   27.690000       0.703567      -0.813952       0.510420       0.841679         -0.000000
   27.700000       0.695378      -0.823951       0.502231       0.841679         -0.000000
   27.710000       0.687088      -0.833951       0.493941       0.841679         -0.000000
   27.720000       0.678699      -0.843950       0.485553       0.841679         -0.000000
   27.730000       0.670209      -0.853947       0.477066       0.841679         -0.000000
   27.740000       0.661620      -0.863939       0.468483       0.841679         -0.000000
   27.750000       0.652930      -0.873926       0.459806       0.841679         -0.000000
   27.760000       0.644141      -0.883905       0.451035       0.841679         -0.000000
   27.770000       0.635252      -0.893874       0.442173       0.841679         -0.000000
   27.780000       0.626264      -0.903833       0.433222       0.841679         -0.000000
   27.790000       0.617176      -0.913778       0.424183       0.841679         -0.000000
   27.800000       0.607988      -0.923708       0.415061       0.841679         -0.000000
   27.810000       0.598702      -0.933619       0.405856       0.841679         -0.000000
   27.820000       0.589316      -0.943511       0.396573       0.841679         -0.000000
   27.830000       0.579832      -0.953379       0.387213       0.841679         -0.000000
   27.840000       0.570249      -0.963222       0.377781       0.841679         -0.000000
   27.850000       0.560567      -0.973036       0.368279       0.841679         -0.000000
   27.860000       0.550788      -0.982819       0.358712       0.841679         -0.000000
   27.870000       0.540911      -0.992567       0.349084       0.841679         -0.000000
   27.880000       0.530937      -1.002277       0.339399       0.841679         -0.000000
   27.890000       0.520866      -1.011945       0.329662       0.841679         -0.000000
   27.900000       0.510698      -1.021568       0.319877       0.841679         -0.000000
   27.910000       0.500434      -1.031143       0.310051       0.841679         -0.000000
   27.920000       0.490075      -1.040664       0.300188       0.841679         -0.000000
   27.930000       0.479621      -1.050127       0.290295       0.841679         -0.000000
   27.940000       0.469073      -1.059529       0.280378       0.841679         -0.000000
   27.950000       0.458431      -1.068864       0.270443       0.841679         -0.000000
   27.960000       0.447696      -1.078128       0.260499       0.841679         -0.000000
   27.970000       0.436869      -1.087314       0.250552       0.841679         -0.000000
   27.980000       0.425950      -1.096419       0.240611       0.841679         -0.000000
   27.990000       0.414941      -1.105436       0.230684       0.841679         -0.000000
   28.000000       0.403842      -1.114359       0.220780       0.841679         -0.000000
   28.010000       0.392654      -1.123183       0.210909       0.841679         -0.000000
   28.020000       0.381378      -1.131900       0.201080       0.841679         -0.000000
   28.030000       0.370016      -1.140504       0.191304       0.841679         -0.000000
   28.040000       0.358569      -1.148987       0.181593       0.841679         -0.000000
   28.050000       0.347037      -1.157343       0.171957       0.841679         -0.000000
   28.060000       0.335422      -1.165564       0.162409       0.841679         -0.000000
   28.070000       0.323726      -1.173641       0.152961       0.841679         -0.000000
   28.080000       0.311950      -1.181567       0.143628       0.841679         -0.000000
   28.090000       0.300095      -1.189332       0.134423       0.841679         -0.000000
   28.100000       0.288164      -1.196927       0.125361       0.841679         -0.000000
   28.110000       0.276157      -1.204343       0.116458       0.841679         -0.000000
   28.120000       0.264077      -1.211570       0.107728       0.841679         -0.000000
   28.130000       0.251926      -1.218597       0.099189       0.841679         -0.000000
   28.140000       0.239706      -1.225415       0.090858       0.841679         -0.000000
   28.150000       0.227419      -1.232010       0.082754       0.841679         -0.000000
   28.160000       0.215067      -1.238373       0.074894       0.841679         -0.000000
   28.170000       0.202652      -1.244492       0.067299       0.841679         -0.000000
   28.180000       0.190178      -1.250352       0.059988       0.841679         -0.000000
   28.190000       0.177646      -1.255943       0.052983       0.841679         -0.000000
   28.200000       0.165060      -1.261249       0.046304       0.841679         -0.000000
   28.210000       0.152422      -1.266258       0.039973       0.841679         -0.000000
   28.220000       0.139736      -1.270956       0.034015       0.841679         -0.000000
   28.230000       0.127004      -1.275326       0.028451       0.841679         -0.000000
   28.240000       0.114230      -1.279354       0.023305       0.841679         -0.000000
   28.250000       0.101418      -1.283024       0.018603       0.841679         -0.000000
   28.260000       0.088571      -1.286320       0.014369       0.841679         -0.000000
   28.270000       0.075693      -1.289225       0.010629       0.841679         -0.000000
   28.280000       0.062788      -1.291721       0.007407       0.841679         -0.000000
   28.290000       0.049860      -1.293791       0.004731       0.841679         -0.000000
   28.300000       0.036914      -1.295416       0.002627       0.841679         -0.000000
   28.310000       0.023953      -1.296579       0.001120       0.841679         -0.000000
   28.320000       0.010984      -1.297259       0.000239       0.841679         -0.000000
   28.330000      -0.001990      -1.297436       0.000008       0.841679         -0.000000
   28.340000      -0.014963      -1.297092       0.000455       0.841679         -0.000000
   28.350000      -0.027930      -1.296205       0.001604       0.841679         -0.000000
   28.360000      -0.040885      -1.294755       0.003483       0.841679         -0.000000
   28.370000      -0.053823      -1.292720       0.006116       0.841679         -0.000000
   28.380000      -0.066738      -1.290079       0.009526       0.841679         -0.000000
   28.390000      -0.079623      -1.286811       0.013738       0.841679         -0.000000
   28.400000      -0.092472      -1.282892       0.018772       0.841679         -0.000000
   28.410000      -0.105278      -1.278302       0.024651       0.841679         -0.000000
   28.420000      -0.118036      -1.273017       0.031392       0.841679         -0.000000
   28.430000      -0.130736      -1.267016       0.039014       0.841679         -0.000000
   28.440000      -0.143373      -1.260276       0.047531       0.841679         -0.000000
   28.450000      -0.155939      -1.252774       0.056957       0.841679         -0.000000
   28.460000      -0.168426      -1.244490       0.067301       0.841679         -0.000000
   28.470000      -0.180826      -1.235400       0.078572       0.841679         -0.000000
   28.480000      -0.193132      -1.225483       0.090774       0.841679         -0.000000
   28.490000      -0.205333      -1.214718       0.103908       0.841679         -0.000000
   28.500000      -0.217423      -1.203085       0.117971       0.841679         -0.000000
   28.510000      -0.229392      -1.190563       0.132958       0.841679         -0.000000
   28.520000      -0.241231      -1.177134       0.148856       0.841679         -0.000000
   28.530000      -0.252932      -1.162778       0.165652       0.841679         -0.000000
   28.540000      -0.264484      -1.147479       0.183325       0.841679         -0.000000
   28.550000      -0.275878      -1.131219       0.201850       0.841679         -0.000000
   28.560000      -0.287105      -1.113985       0.221198       0.841679         -0.000000
   28.570000      -0.298154      -1.095762       0.241332       0.841679         -0.000000
   28.580000      -0.309017      -1.076538       0.262211       0.841679         -0.000000
   28.590000      -0.319682      -1.056303       0.283790       0.841679         -0.000000
   28.600000      -0.330139      -1.035049       0.306016       0.841679         -0.000000
   28.610000      -0.340379      -1.012768       0.328829       0.841679         -0.000000
   28.620000      -0.350391      -0.989456       0.352167       0.841679         -0.000000
   28.630000      -0.360165      -0.965111       0.375959       0.841679         -0.000000
   28.640000      -0.369690      -0.939733       0.400130       0.841679         -0.000000
   28.650000      -0.378956      -0.913324       0.424598       0.841679         -0.000000
   28.660000      -0.387953      -0.885890       0.449278       0.841679         -0.000000
   28.670000      -0.396671      -0.857439       0.474077       0.841679         -0.000000
   28.680000      -0.405099      -0.827982       0.498901       0.841679         -0.000000
   28.690000      -0.413227      -0.797533       0.523650       0.841679         -0.000000
   28.700000      -0.421046      -0.766107       0.548218       0.841679         -0.000000
   28.710000      -0.428546      -0.733727       0.572501       0.841679         -0.000000
   28.720000      -0.435717      -0.700414       0.596389       0.841679         -0.000000
   28.730000      -0.442551      -0.666195       0.619771       0.841679         -0.000000
   28.740000      -0.449038      -0.631099       0.642535       0.841679         -0.000000
   28.750000      -0.455170      -0.595160       0.664571       0.841679         -0.000000
   28.760000      -0.460939      -0.558414       0.685766       0.841679         -0.000000
   28.770000      -0.466336      -0.520898       0.706011       0.841679         -0.000000
   28.780000      -0.471354      -0.482656       0.725200       0.841679         -0.000000
   28.790000      -0.475987      -0.443733       0.743229       0.841679         -0.000000
   28.800000      -0.480227      -0.404175       0.760000       0.841679         -0.000000
   28.810000      -0.484069      -0.364035       0.775418       0.841679         -0.000000
   28.820000      -0.487506      -0.323364       0.789397       0.841679         -0.000000
   28.830000      -0.490534      -0.282218       0.801855       0.841679         -0.000000
   28.840000      -0.493149      -0.240654       0.812721       0.841679         -0.000000
   28.850000      -0.495346      -0.198732       0.821931       0.841679         -0.000000
   28.860000      -0.497123      -0.156512       0.829431       0.841679         -0.000000
   28.870000      -0.498476      -0.114057       0.835174       0.841679         -0.000000
   28.880000      -0.499403      -0.071429       0.839127       0.841679         -0.000000
   28.890000      -0.499904      -0.028694       0.841267       0.841679         -0.000000
   28.900000      -0.499977       0.014085       0.841579       0.841679         -0.000000
   28.910000      -0.499622       0.056842       0.840063       0.841679         -0.000000
   28.920000      -0.498840       0.099514       0.836727       0.841679         -0.000000
   28.930000      -0.497632       0.142035       0.831592       0.841679         -0.000000
   28.940000      -0.496000       0.184342       0.824688       0.841679         -0.000000
   28.950000      -0.493946       0.226373       0.816056       0.841679         -0.000000
   28.960000      -0.491474       0.268066       0.805749       0.841679         -0.000000
   28.970000      -0.488586       0.309361       0.793826       0.841679         -0.000000
   28.980000      -0.485288       0.350201       0.780358       0.841679         -0.000000
   28.990000      -0.481584       0.390529       0.765422       0.841679         -0.000000
   29.000000      -0.477480       0.430291       0.749103       0.841679         -0.000000
   29.010000      -0.472980       0.469437       0.731493       0.841679         -0.000000
   29.020000      -0.468093       0.507916       0.712689       0.841679         -0.000000
   29.030000      -0.462824       0.545685       0.692793       0.841679         -0.000000
   29.040000      -0.457182       0.582699       0.671910       0.841679         -0.000000
   29.050000      -0.451173       0.618918       0.650149       0.841679         -0.000000
   29.060000      -0.444806       0.654305       0.627621       0.841679         -0.000000
   29.070000      -0.438090       0.688827       0.604437       0.841679         -0.000000
   29.080000      -0.431033       0.722452       0.580710       0.841679         -0.000000
   29.090000      -0.423644       0.755154       0.556550       0.841679         -0.000000
   29.100000      -0.415933       0.786908       0.532066       0.841679         -0.000000
   29.110000      -0.407909       0.817693       0.507368       0.841679         -0.000000
   29.120000      -0.399582       0.847491       0.482558       0.841679         -0.000000
   29.130000      -0.390962       0.876287       0.457739       0.841679         -0.000000
   29.140000      -0.382060       0.904069       0.433008       0.841679         -0.000000
   29.150000      -0.372885       0.930829       0.408457       0.841679         -0.000000
   29.160000      -0.363447       0.956559       0.384176       0.841679         -0.000000
   29.170000      -0.353757       0.981257       0.360245       0.841679         -0.000000
   29.180000      -0.343825       1.004922       0.336744       0.841679         -0.000000
   29.190000      -0.333662       1.027555       0.313744       0.841679         -0.000000
   29.200000      -0.323277       1.049159       0.291311       0.841679         -0.000000
   29.210000      -0.312682       1.069741       0.269505       0.841679         -0.000000
   29.220000      -0.301886       1.089309       0.248381       0.841679         -0.000000
   29.230000      -0.290899       1.107873       0.227988       0.841679         -0.000000
   29.240000      -0.279732       1.125443       0.208367       0.841679         -0.000000
   29.250000      -0.268394       1.142034       0.189558       0.841679         -0.000000
   29.260000      -0.256894       1.157660       0.171591       0.841679         -0.000000
   29.270000      -0.245244       1.172336       0.154493       0.841679         -0.000000
   29.280000      -0.233451       1.186080       0.138286       0.841679         -0.000000
   29.290000      -0.221525       1.198909       0.122987       0.841679         -0.000000
   29.300000      -0.209475       1.210844       0.108607       0.841679         -0.000000
   29.310000      -0.197311       1.221903       0.095155       0.841679         -0.000000
   29.320000      -0.185040       1.232107       0.082635       0.841679         -0.000000
   29.330000      -0.172672       1.241477       0.071046       0.841679         -0.000000
   29.340000      -0.160213       1.250034       0.060386       0.841679         -0.000000
   29.350000      -0.147674       1.257800       0.050648       0.841679         -0.000000
   29.360000      -0.135060       1.264798       0.041821       0.841679         -0.000000
   29.370000      -0.122380       1.271049       0.033896       0.841679         -0.000000
   29.380000      -0.109641       1.276576       0.026855       0.841679         -0.000000
   29.390000      -0.096851       1.281401       0.020684       0.841679         -0.000000
   29.400000      -0.084016       1.285547       0.015364       0.841679         -0.000000
   29.410000      -0.071142       1.289035       0.010873       0.841679         -0.000000
   29.420000      -0.058237       1.291887       0.007192       0.841679         -0.000000
   29.430000      -0.045307       1.294127       0.004296       0.841679         -0.000000
   29.440000      -0.032357       1.295774       0.002163       0.841679         -0.000000
   29.450000      -0.019393       1.296851       0.000767       0.841679         -0.000000
   29.460000      -0.006421       1.297379       0.000083       0.841679         -0.000000
   29.470000       0.006553       1.297377       0.000085       0.841679         -0.000000
   29.480000       0.019524       1.296866       0.000748       0.841679         -0.000000
   29.490000       0.032489       1.295866       0.002044       0.841679         -0.000000
   29.500000       0.045440       1.294397       0.003947       0.841679         -0.000000
   29.510000       0.058375       1.292477       0.006431       0.841679         -0.000000
   29.520000       0.071288       1.290124       0.009469       0.841679         -0.000000
   29.530000       0.084176       1.287357       0.013035       0.841679         -0.000000
   29.540000       0.097034       1.284193       0.017103       0.841679         -0.000000
   29.550000       0.109859       1.280648       0.021648       0.841679         -0.000000
   29.560000       0.122646       1.276741       0.026645       0.841679         -0.000000
   29.570000       0.135392       1.272486       0.032069       0.841679         -0.000000
   29.580000       0.148095       1.267898       0.037895       0.841679         -0.000000
   29.590000       0.160749       1.262994       0.044101       0.841679         -0.000000
   29.600000       0.173353       1.257788       0.050664       0.841679         -0.000000
   29.610000       0.185904       1.252293       0.057560       0.841679         -0.000000
   29.620000       0.198398       1.246523       0.064769       0.841679         -0.000000
   29.630000       0.210834       1.240491       0.072269       0.841679         -0.000000
   29.640000       0.223207       1.234210       0.080041       0.841679         -0.000000
   29.650000       0.235517       1.227693       0.088064       0.841679         -0.000000
   29.660000       0.247760       1.220950       0.096319       0.841679         -0.000000
   29.670000       0.259935       1.213993       0.104789       0.841679         -0.000000
   29.680000       0.272040       1.206833       0.113456       0.841679         -0.000000
   29.690000       0.284071       1.199481       0.122302       0.841679         -0.000000
   29.700000       0.296029       1.191945       0.131312       0.841679         -0.000000
   29.710000       0.307910       1.184237       0.140469       0.841679         -0.000000
   29.720000       0.319713       1.176366       0.149760       0.841679         -0.000000
   29.730000       0.331436       1.168339       0.159170       0.841679         -0.000000
   29.740000       0.343079       1.160167       0.168685       0.841679         -0.000000
   29.750000       0.354639       1.151856       0.178292       0.841679         -0.000000
   29.760000       0.366116       1.143415       0.187980       0.841679         -0.000000
   29.770000       0.377507       1.134851       0.197735       0.841679         -0.000000
   29.780000       0.388812       1.126172       0.207547       0.841679         -0.000000
   29.790000       0.400030       1.117384       0.217405       0.841679         -0.000000
   29.800000       0.411160       1.108495       0.227298       0.841679         -0.000000
   29.810000       0.422200       1.099509       0.237219       0.841679         -0.000000
   29.820000       0.433150       1.090434       0.247156       0.841679         -0.000000
   29.830000       0.444008       1.081274       0.257102       0.841679         -0.000000
   29.840000       0.454775       1.072036       0.267048       0.841679         -0.000000
   29.850000       0.465449       1.062725       0.276986       0.841679         -0.000000
   29.860000       0.476029       1.053346       0.286910       0.841679         -0.000000
   29.870000       0.486515       1.043903       0.296812       0.841679         -0.000000
   29.880000       0.496907       1.034401       0.306686       0.841679         -0.000000
   29.890000       0.507203       1.024844       0.316526       0.841679         -0.000000
   29.900000       0.517404       1.015237       0.326325       0.841679         -0.000000
   29.910000       0.527508       1.005584       0.336079       0.841679         -0.000000
   29.920000       0.537515       0.995888       0.345783       0.841679         -0.000000
   29.930000       0.547426       0.986152       0.355431       0.841679         -0.000000
   29.940000       0.557238       0.976381       0.365019       0.841679         -0.000000
   29.950000       0.566953       0.966577       0.374543       0.841679         -0.000000
   29.960000       0.576570       0.956744       0.383999       0.841679         -0.000000
   29.970000       0.586088       0.946884       0.393384       0.841679         -0.000000
   29.980000       0.595507       0.937000       0.402694       0.841679         -0.000000
   29.990000       0.604828       0.927095       0.411926       0.841679         -0.000000
