           t              x              v              P              E             dE/E0
    0.000000      -0.500000       0.000000       0.420839       0.420839          0.000000
    0.010000      -0.499893       0.021389       0.420611       0.420839         -0.000000
    0.020000      -0.499572       0.042761       0.419925       0.420839          0.000000
    0.030000      -0.499038       0.064101       0.418785       0.420839          0.000000
    0.040000      -0.498290       0.085392       0.417193       0.420839          0.000000
    0.050000      -0.497330       0.106619       0.415155       0.420839          0.000000
    0.060000      -0.496158       0.127766       0.412677       0.420839          0.000000
    0.070000      -0.494775       0.148817       0.409766       0.420839          0.000000
    0.080000      -0.493182       0.169757       0.406431       0.420839          0.000000
    0.090000      -0.491381       0.190570       0.402681       0.420839          0.000000
    0.100000      -0.489371       0.211242       0.398528       0.420839          0.000000
    0.110000      -0.487156       0.231758       0.393983       0.420839          0.000000
    0.120000      -0.484737       0.252104       0.389061       0.420839          0.000000
    0.130000      -0.482115       0.272266       0.383775       0.420839          0.000000
    0.140000      -0.479292       0.292231       0.378140       0.420839          0.000000
    0.150000      -0.476271       0.311985       0.372172       0.420839          0.000000
    0.160000      -0.473053       0.331516       0.365888       0.420839          0.000000
    0.170000      -0.469641       0.350812       0.359305       0.420839          0.000000
    0.180000      -0.466038       0.369861       0.352441       0.420839          0.000000
    0.190000      -0.462245       0.388652       0.345314       0.420839          0.000000
    0.200000      -0.458266       0.407175       0.337943       0.420839          0.000000
    0.210000      -0.454102       0.425420       0.330348       0.420839          0.000000
    0.220000      -0.449758       0.443377       0.322548       0.420839          0.000000
    0.230000      -0.445236       0.461036       0.314562       0.420839          0.000000
    0.240000      -0.440538       0.478391       0.306410       0.420839          0.000000
    0.250000      -0.435669       0.495432       0.298113       0.420839          0.000000
    0.260000      -0.430631       0.512153       0.289689       0.420839          0.000000
    0.270000      -0.425427       0.528546       0.281159       0.420839          0.000000
    0.280000      -0.420061       0.544607       0.272541       0.420839          0.000000
    0.290000      -0.414536       0.560329       0.263855       0.420839          0.000000
    0.300000      -0.408856       0.575706       0.255120       0.420839          0.000000
    0.310000      -0.403023       0.590736       0.246355       0.420839          0.000000
    0.320000      -0.397042       0.605413       0.237577       0.420839          0.000000
    0.330000      -0.390916       0.619734       0.228804       0.420839          0.000000
    0.340000      -0.384649       0.633698       0.220053       0.420839          0.000000
    0.350000      -0.378243       0.647300       0.211341       0.420839          0.000000
    0.360000      -0.371704       0.660539       0.202683       0.420839          0.000000
    0.370000      -0.365034       0.673415       0.194095       0.420839          0.000000
    0.380000      -0.358237       0.685926       0.185592       0.420839          0.000000
    0.390000      -0.351316       0.698071       0.177188       0.420839          0.000000
    0.400000      -0.344277       0.709851       0.168895       0.420839          0.000000
    0.410000      -0.337121       0.721266       0.160727       0.420839          0.000000
    0.420000      -0.329852       0.732316       0.152696       0.420839          0.000000
    0.430000      -0.322476       0.743004       0.144812       0.420839          0.000000
    0.440000      -0.314994       0.753331       0.137085       0.420839          0.000000
    0.450000      -0.307410       0.763298       0.129527       0.420839          0.000000
    0.460000      -0.299729       0.772909       0.122145       0.420839          0.000000
    0.470000      -0.291953       0.782165       0.114948       0.420839          0.000000
    0.480000      -0.284087       0.791069       0.107944       0.420839          0.000000
    0.490000      -0.276133       0.799626       0.101139       0.420839          0.000000
    0.500000      -0.268095       0.807837       0.094539       0.420839         -0.000000
    0.510000      -0.259977       0.815707       0.088150       0.420839         -0.000000
    0.520000      -0.251782       0.823240       0.081977       0.420839         -0.000000
    0.530000      -0.243514       0.830441       0.076024       0.420839         -0.000000
    0.540000      -0.235175       0.837312       0.070294       0.420839         -0.000000
    0.550000      -0.226768       0.843859       0.064790       0.420839         -0.000000
    0.560000      -0.218298       0.850087       0.059516       0.420839         -0.000000
    0.570000      -0.209768       0.856000       0.054472       0.420839         -0.000000
    0.580000      -0.201180       0.861603       0.049660       0.420839         -0.000000
    0.590000      -0.192537       0.866901       0.045080       0.420839         -0.000000
    0.600000      -0.183842       0.871901       0.040734       0.420839         -0.000000
    0.610000      -0.175100       0.876606       0.036621       0.420839         -0.000000
    0.620000      -0.166311       0.881022       0.032740       0.420839         -0.000000
    0.630000      -0.157480       0.885155       0.029090       0.420839         -0.000000
    0.640000      -0.148609       0.889010       0.025670       0.420839         -0.000000
    0.650000      -0.139701       0.892592       0.022479       0.420839         -0.000000
    0.660000      -0.130758       0.895908       0.019514       0.420839         -0.000000
    0.670000      -0.121784       0.898962       0.016773       0.420839         -0.000000
    0.680000      -0.112780       0.901761       0.014253       0.420839         -0.000000
    0.690000      -0.103749       0.904310       0.011951       0.420839         -0.000000
    0.700000      -0.094694       0.906614       0.009865       0.420839         -0.000000
    0.710000      -0.085618       0.908679       0.007991       0.420839         -0.000000
    0.720000      -0.076522       0.910511       0.006324       0.420839         -0.000000
    0.730000      -0.067408       0.912115       0.004863       0.420839         -0.000000
    0.740000      -0.058280       0.913496       0.003601       0.420839         -0.000000
    0.750000      -0.049139       0.914661       0.002537       0.420839         -0.000000
    0.760000      -0.039988       0.915614       0.001664       0.420839         -0.000000
    0.770000      -0.030828       0.916361       0.000980       0.420839         -0.000000
    0.780000      -0.021661       0.916908       0.000479       0.420839         -0.000000
    0.790000      -0.012490       0.917258       0.000158       0.420839         -0.000000
    0.800000      -0.003316       0.917418       0.000011       0.420839         -0.000000
    0.810000       0.005858       0.917393       0.000034       0.420839         -0.000000
    0.820000       0.015031       0.917188       0.000223       0.420839         -0.000000
    0.830000       0.024201       0.916807       0.000572       0.420839         -0.000000
    0.840000       0.033366       0.916256       0.001077       0.420839         -0.000000
    0.850000       0.042525       0.915539       0.001733       0.420839         -0.000000
    0.860000       0.051677       0.914661       0.002537       0.420839         -0.000000
    0.870000       0.060818       0.913628       0.003482       0.420839         -0.000000
    0.880000       0.069949       0.912442       0.004564       0.420839         -0.000000
    0.890000       0.079067       0.911109       0.005779       0.420839         -0.000000
    0.900000       0.088170       0.909634       0.007123       0.420839         -0.000000
    0.910000       0.097259       0.908020       0.008589       0.420839         -0.000000
    0.920000       0.106330       0.906272       0.010175       0.420839         -0.000000
    0.930000       0.115384       0.904393       0.011876       0.420839         -0.000000
    0.940000       0.124418       0.902389       0.013686       0.420839         -0.000000
    0.950000       0.133431       0.900262       0.015603       0.420839         -0.000000
    0.960000       0.142423       0.898018       0.017621       0.420839         -0.000000
    0.970000       0.151391       0.895659       0.019737       0.420839         -0.000000
    0.980000       0.160335       0.893189       0.021946       0.420839         -0.000000
    0.990000       0.169255       0.890612       0.024244       0.420839         -0.000000
    1.000000       0.178147       0.887932       0.026628       0.420839         -0.000000
    1.010000       0.187013       0.885151       0.029093       0.420839         -0.000000
    1.020000       0.195850       0.882274       0.031636       0.420839         -0.000000
    1.030000       0.204658       0.879303       0.034252       0.420839         -0.000000
    1.040000       0.213436       0.876242       0.036939       0.420839         -0.000000
    1.050000       0.222183       0.873094       0.039693       0.420839         -0.000000
    1.060000       0.230897       0.869861       0.042510       0.420839         -0.000000
    1.070000       0.239579       0.866548       0.045387       0.420839         -0.000000
    1.080000       0.248228       0.863156       0.048320       0.420839         -0.000000
    1.090000       0.256842       0.859689       0.051307       0.420839         -0.000000
    1.100000       0.265422       0.856149       0.054344       0.420839         -0.000000
    1.110000       0.273965       0.852539       0.057428       0.420839         -0.000000
    1.120000       0.282472       0.848861       0.060557       0.420839         -0.000000
    1.130000       0.290942       0.845119       0.063726       0.420839         -0.000000
    1.140000       0.299374       0.841314       0.066935       0.420839         -0.000000
    1.150000       0.307768       0.837448       0.070180       0.420839         -0.000000
    1.160000       0.316123       0.833525       0.073457       0.420839         -0.000000
    1.170000       0.324438       0.829546       0.076766       0.420839         -0.000000
    1.180000       0.332714       0.825514       0.080103       0.420839         -0.000000
    1.190000       0.340949       0.821430       0.083466       0.420839         -0.000000
    1.200000       0.349142       0.817297       0.086852       0.420839         -0.000000
    1.210000       0.357294       0.813116       0.090260       0.420839         -0.000000
    1.220000       0.365404       0.808890       0.093687       0.420839         -0.000000
    1.230000       0.373472       0.804621       0.097132       0.420839         -0.000000
    1.240000       0.381497       0.800310       0.100591       0.420839         -0.000000
    1.250000       0.389478       0.795959       0.104064       0.420839         -0.000000
    1.260000       0.397416       0.791569       0.107548       0.420839         -0.000000
    1.270000       0.405309       0.787143       0.111042       0.420839         -0.000000
    1.280000       0.413159       0.782682       0.114543       0.420839         -0.000000
    1.290000       0.420963       0.778188       0.118051       0.420839         -0.000000
    1.300000       0.428722       0.773662       0.121563       0.420839         -0.000000
    1.310000       0.436436       0.769105       0.125078       0.420839         -0.000000
    1.320000       0.444104       0.764519       0.128595       0.420839         -0.000000
    1.330000       0.451726       0.759905       0.132112       0.420839         -0.000000
    1.340000       0.459302       0.755265       0.135627       0.420839         -0.000000
    1.350000       0.466832       0.750599       0.139140       0.420839         -0.000000
    1.360000       0.474314       0.745910       0.142648       0.420839         -0.000000
    1.370000       0.481750       0.741198       0.146152       0.420839         -0.000000
    1.380000       0.489138       0.736465       0.149649       0.420839         -0.000000
    1.390000       0.496479       0.731711       0.153139       0.420839         -0.000000
    1.400000       0.503772       0.726937       0.156620       0.420839         -0.000000
    1.410000       0.511018       0.722146       0.160092       0.420839         -0.000000
    1.420000       0.518215       0.717337       0.163553       0.420839         -0.000000
    1.430000       0.525364       0.712511       0.167003       0.420839         -0.000000
    1.440000       0.532465       0.707671       0.170440       0.420839         -0.000000
    1.450000       0.539518       0.702816       0.173864       0.420839         -0.000000
    1.460000       0.546521       0.697947       0.177274       0.420839         -0.000000
    1.470000       0.553476       0.693065       0.180670       0.420839         -0.000000
    1.480000       0.560383       0.688172       0.184049       0.420839         -0.000000
    1.490000       0.567240       0.683267       0.187412       0.420839         -0.000000
    1.500000       0.574048       0.678352       0.190759       0.420839         -0.000000
    1.510000       0.580807       0.673427       0.194087       0.420839         -0.000000
    1.520000       0.587516       0.668494       0.197397       0.420839         -0.000000
    1.530000       0.594177       0.663552       0.200689       0.420839         -0.000000
    1.540000       0.600788       0.658602       0.203961       0.420839         -0.000000
    1.550000       0.607349       0.653645       0.207213       0.420839         -0.000000
    1.560000       0.613860       0.648682       0.210445       0.420839         -0.000000
    1.570000       0.620322       0.643714       0.213656       0.420839         -0.000000
    1.580000       0.626735       0.638740       0.216845       0.420839         -0.000000
    1.590000       0.633097       0.633761       0.220013       0.420839         -0.000000
    1.600000       0.639410       0.628778       0.223158       0.420839         -0.000000
    1.610000       0.645673       0.623792       0.226281       0.420839         -0.000000
    1.620000       0.651886       0.618802       0.229381       0.420839         -0.000000
    1.630000       0.658049       0.613810       0.232458       0.420839         -0.000000
    1.640000       0.664162       0.608815       0.235511       0.420839         -0.000000
    1.650000       0.670225       0.603818       0.238541       0.420839         -0.000000
    1.660000       0.676238       0.598820       0.241546       0.420839         -0.000000
    1.670000       0.682201       0.593821       0.244527       0.420839         -0.000000
    1.680000       0.688115       0.588822       0.247484       0.420839         -0.000000
    1.690000       0.693978       0.583822       0.250415       0.420839         -0.000000
    1.700000       0.699791       0.578822       0.253322       0.420839         -0.000000
    1.710000       0.705554       0.573822       0.256203       0.420839         -0.000000
    1.720000       0.711268       0.568823       0.259059       0.420839         -0.000000
    1.730000       0.716931       0.563826       0.261890       0.420839         -0.000000
    1.740000       0.722544       0.558829       0.264694       0.420839         -0.000000
    1.750000       0.728107       0.553834       0.267473       0.420839         -0.000000
    1.760000       0.733621       0.548841       0.270226       0.420839         -0.000000
    1.770000       0.739084       0.543850       0.272953       0.420839         -0.000000
    1.780000       0.744498       0.538861       0.275654       0.420839         -0.000000
    1.790000       0.749861       0.533875       0.278328       0.420839         -0.000000
    1.800000       0.755175       0.528892       0.280976       0.420839         -0.000000
    1.810000       0.760439       0.523911       0.283598       0.420839         -0.000000
    1.820000       0.765653       0.518934       0.286193       0.420839         -0.000000
    1.830000       0.770818       0.513960       0.288762       0.420839         -0.000000
    1.840000       0.775933       0.508990       0.291304       0.420839         -0.000000
    1.850000       0.780998       0.504023       0.293819       0.420839         -0.000000
    1.860000       0.786013       0.499061       0.296308       0.420839         -0.000000
    1.870000       0.790979       0.494102       0.298771       0.420839         -0.000000
    1.880000       0.795895       0.489148       0.301207       0.420839         -0.000000
    1.890000       0.800762       0.484198       0.303616       0.420839         -0.000000
    1.900000       0.805579       0.479252       0.305998       0.420839         -0.000000
    1.910000       0.810347       0.474311       0.308354       0.420839         -0.000000
    1.920000       0.815065       0.469374       0.310683       0.420839         -0.000000
    1.930000       0.819735       0.464442       0.312986       0.420839         -0.000000
    1.940000       0.824354       0.459516       0.315262       0.420839         -0.000000
    1.950000       0.828925       0.454594       0.317512       0.420839         -0.000000
    1.960000       0.833446       0.449677       0.319735       0.420839         -0.000000
    1.970000       0.837918       0.444765       0.321931       0.420839         -0.000000
    1.980000       0.842342       0.439859       0.324102       0.420839         -0.000000
    1.990000       0.846716       0.434957       0.326245       0.420839         -0.000000
    2.000000       0.851041       0.430061       0.328363       0.420839         -0.000000
    2.010000       0.855317       0.425171       0.330454       0.420839         -0.000000
    2.020000       0.859544       0.420285       0.332519       0.420839         -0.000000
    2.030000       0.863723       0.415406       0.334558       0.420839         -0.000000
    2.040000       0.867852       0.410531       0.336571       0.420839         -0.000000
    2.050000       0.871933       0.405662       0.338558       0.420839         -0.000000
    2.060000       0.875966       0.400799       0.340519       0.420839         -0.000000
    2.070000       0.879949       0.395942       0.342454       0.420839         -0.000000
    2.080000       0.883884       0.391090       0.344364       0.420839         -0.000000
    2.090000       0.887771       0.386243       0.346247       0.420839         -0.000000
    2.100000       0.891609       0.381402       0.348105       0.420839         -0.000000
    2.110000       0.895399       0.376567       0.349938       0.420839         -0.000000
    2.120000       0.899141       0.371738       0.351745       0.420839         -0.000000
    2.130000       0.902834       0.366914       0.353526       0.420839         -0.000000
    2.140000       0.906479       0.362096       0.355283       0.420839         -0.000000
    2.150000       0.910076       0.357283       0.357014       0.420839         -0.000000
    2.160000       0.913625       0.352476       0.358720       0.420839         -0.000000
    2.170000       0.917125       0.347674       0.360401       0.420839         -0.000000
    2.180000       0.920578       0.342878       0.362056       0.420839         -0.000000
    2.190000       0.923983       0.338088       0.363687       0.420839         -0.000000
    2.200000       0.927340       0.333303       0.365294       0.420839         -0.000000
    2.210000       0.930649       0.328524       0.366875       0.420839         -0.000000
    2.220000       0.933910       0.323750       0.368432       0.420839         -0.000000
    2.230000       0.937124       0.318982       0.369965       0.420839         -0.000000
    2.240000       0.940290       0.314219       0.371473       0.420839         -0.000000
    2.250000       0.943408       0.309461       0.372956       0.420839         -0.000000
    2.260000       0.946479       0.304709       0.374415       0.420839         -0.000000
    2.270000       0.949503       0.299962       0.375851       0.420839         -0.000000
    2.280000       0.952479       0.295220       0.377262       0.420839         -0.000000
    2.290000       0.955407       0.290484       0.378649       0.420839         -0.000000
    2.300000       0.958288       0.285753       0.380012       0.420839         -0.000000
    2.310000       0.961122       0.281026       0.381351       0.420839         -0.000000
    2.320000       0.963909       0.276305       0.382667       0.420839         -0.000000
    2.330000       0.966648       0.271589       0.383959       0.420839         -0.000000
    2.340000       0.969341       0.266878       0.385227       0.420839         -0.000000
    2.350000       0.971986       0.262171       0.386472       0.420839         -0.000000
    2.360000       0.974584       0.257470       0.387694       0.420839         -0.000000
    2.370000       0.977135       0.252773       0.388892       0.420839         -0.000000
    2.380000       0.979640       0.248081       0.390067       0.420839         -0.000000
    2.390000       0.982097       0.243394       0.391219       0.420839         -0.000000
    2.400000       0.984507       0.238711       0.392348       0.420839         -0.000000
    2.410000       0.986871       0.234032       0.393454       0.420839         -0.000000
    2.420000       0.989188       0.229359       0.394537       0.420839         -0.000000
    2.430000       0.991458       0.224689       0.395597       0.420839         -0.000000
    2.440000       0.993682       0.220024       0.396634       0.420839         -0.000000
    2.450000       0.995859       0.215363       0.397649       0.420839         -0.000000
    2.460000       0.997989       0.210706       0.398641       0.420839         -0.000000
    2.470000       1.000073       0.206053       0.399610       0.420839         -0.000000
    2.480000       1.002110       0.201405       0.400557       0.420839         -0.000000
    2.490000       1.004101       0.196760       0.401482       0.420839         -0.000000
    2.500000       1.006045       0.192119       0.402384       0.420839         -0.000000
    2.510000       1.007943       0.187482       0.403265       0.420839         -0.000000
    2.520000       1.009795       0.182848       0.404123       0.420839         -0.000000
    2.530000       1.011600       0.178218       0.404958       0.420839         -0.000000
    2.540000       1.013359       0.173592       0.405772       0.420839         -0.000000
    2.550000       1.015072       0.168969       0.406564       0.420839         -0.000000
    2.560000       1.016739       0.164349       0.407334       0.420839         -0.000000
    2.570000       1.018359       0.159733       0.408082       0.420839         -0.000000
    2.580000       1.019933       0.155120       0.408808       0.420839         -0.000000
    2.590000       1.021462       0.150510       0.409513       0.420839         -0.000000
    2.600000       1.022944       0.145903       0.410195       0.420839         -0.000000
    2.610000       1.024380       0.141299       0.410857       0.420839         -0.000000
    2.620000       1.025770       0.136698       0.411496       0.420839         -0.000000
    2.630000       1.027114       0.132100       0.412114       0.420839         -0.000000
    2.640000       1.028412       0.127504       0.412711       0.420839         -0.000000
    2.650000       1.029664       0.122911       0.413286       0.420839         -0.000000
    2.660000       1.030870       0.118321       0.413839       0.420839         -0.000000
    2.670000       1.032030       0.113733       0.414372       0.420839         -0.000000
    2.680000       1.033145       0.109147       0.414883       0.420839         -0.000000
    2.690000       1.034213       0.104564       0.415373       0.420839         -0.000000
    2.700000       1.035236       0.099982       0.415841       0.420839         -0.000000
    2.710000       1.036213       0.095403       0.416288       0.420839         -0.000000
    2.720000       1.037144       0.090826       0.416715       0.420839         -0.000000
    2.730000       1.038029       0.086250       0.417120       0.420839         -0.000000
    2.740000       1.038869       0.081676       0.417504       0.420839         -0.000000
    2.750000       1.039663       0.077104       0.417867       0.420839         -0.000000
    2.760000       1.040411       0.072534       0.418209       0.420839         -0.000000
    2.770000       1.041114       0.067965       0.418530       0.420839         -0.000000
    2.780000       1.041770       0.063398       0.418830       0.420839         -0.000000
    2.790000       1.042381       0.058831       0.419109       0.420839         -0.000000
    2.800000       1.042947       0.054266       0.419367       0.420839         -0.000000
    2.810000       1.043467       0.049703       0.419604       0.420839         -0.000000
    2.820000       1.043941       0.045140       0.419820       0.420839         -0.000000
    2.830000       1.044370       0.040578       0.420016       0.420839         -0.000000
    2.840000       1.044753       0.036017       0.420191       0.420839         -0.000000
    2.850000       1.045090       0.031457       0.420345       0.420839         -0.000000
    2.860000       1.045382       0.026897       0.420478       0.420839         -0.000000
    2.870000       1.045628       0.022338       0.420590       0.420839         -0.000000
    2.880000       1.045829       0.017780       0.420681       0.420839         -0.000000
    2.890000       1.045984       0.013221       0.420752       0.420839         -0.000000
    2.900000       1.046093       0.008663       0.420802       0.420839         -0.000000
    2.910000       1.046157       0.004106       0.420831       0.420839         -0.000000
    2.920000       1.046175      -0.000452       0.420839       0.420839         -0.000000
    2.930000       1.046148      -0.005010       0.420827       0.420839         -0.000000
    2.940000       1.046075      -0.009567       0.420794       0.420839         -0.000000
    2.950000       1.045956      -0.014125       0.420740       0.420839         -0.000000
    2.960000       1.045792      -0.018684       0.420665       0.420839         -0.000000
    2.970000       1.045583      -0.023242       0.420569       0.420839         -0.000000
    2.980000       1.045327      -0.027801       0.420453       0.420839         -0.000000
    2.990000       1.045027      -0.032361       0.420316       0.420839         -0.000000
    3.000000       1.044680      -0.036922       0.420158       0.420839         -0.000000
    3.010000       1.044288      -0.041483       0.419979       0.420839         -0.000000
    3.020000       1.043851      -0.046045       0.419779       0.420839         -0.000000
    3.030000       1.043367      -0.050608       0.419559       0.420839         -0.000000
    3.040000       1.042838      -0.055172       0.419317       0.420839         -0.000000
    3.050000       1.042264      -0.059737       0.419055       0.420839         -0.000000
    3.060000       1.041644      -0.064303       0.418772       0.420839         -0.000000
    3.070000       1.040978      -0.068871       0.418468       0.420839         -0.000000
    3.080000       1.040266      -0.073440       0.418143       0.420839         -0.000000
    3.090000       1.039509      -0.078011       0.417796       0.420839         -0.000000
    3.100000       1.038706      -0.082583       0.417429       0.420839         -0.000000
    3.110000       1.037857      -0.087157       0.417041       0.420839         -0.000000
    3.120000       1.036963      -0.091733       0.416632       0.420839         -0.000000
    3.130000       1.036023      -0.096311       0.416201       0.420839         -0.000000
    3.140000       1.035037      -0.100891       0.415750       0.420839         -0.000000
    3.150000       1.034005      -0.105472       0.415277       0.420839         -0.000000
    3.160000       1.032927      -0.110056       0.414783       0.420839         -0.000000
    3.170000       1.031804      -0.114643       0.414268       0.420839         -0.000000
    3.180000       1.030634      -0.119231       0.413731       0.420839         -0.000000
    3.190000       1.029419      -0.123822       0.413173       0.420839         -0.000000
    3.200000       1.028158      -0.128416       0.412594       0.420839         -0.000000
    3.210000       1.026851      -0.133012       0.411993       0.420839         -0.000000
    3.220000       1.025498      -0.137611       0.411371       0.420839         -0.000000
    3.230000       1.024099      -0.142212       0.410727       0.420839         -0.000000
    3.240000       1.022653      -0.146817       0.410062       0.420839         -0.000000
    3.250000       1.021162      -0.151424       0.409375       0.420839         -0.000000
    3.260000       1.019625      -0.156035       0.408666       0.420839         -0.000000
    3.270000       1.018041      -0.160648       0.407935       0.420839         -0.000000
    3.280000       1.016412      -0.165265       0.407183       0.420839         -0.000000
    3.290000       1.014736      -0.169886       0.406409       0.420839         -0.000000
    3.300000       1.013014      -0.174509       0.405613       0.420839         -0.000000
    3.310000       1.011246      -0.179136       0.404794       0.420839         -0.000000
    3.320000       1.009431      -0.183767       0.403954       0.420839         -0.000000
    3.330000       1.007571      -0.188401       0.403092       0.420839         -0.000000
    3.340000       1.005663      -0.193039       0.402207       0.420839         -0.000000
    3.350000       1.003710      -0.197681       0.401300       0.420839         -0.000000
    3.360000       1.001710      -0.202326       0.400371       0.420839         -0.000000
    3.370000       0.999663      -0.206976       0.399420       0.420839         -0.000000
    3.380000       0.997570      -0.211629       0.398446       0.420839         -0.000000
    3.390000       0.995431      -0.216287       0.397449       0.420839         -0.000000
    3.400000       0.993245      -0.220949       0.396430       0.420839         -0.000000
    3.410000       0.991012      -0.225615       0.395388       0.420839         -0.000000
    3.420000       0.988732      -0.230285       0.394324       0.420839         -0.000000
    3.430000       0.986406      -0.234960       0.393236       0.420839         -0.000000
    3.440000       0.984033      -0.239639       0.392126       0.420839         -0.000000
    3.450000       0.981613      -0.244323       0.390992       0.420839         -0.000000
    3.460000       0.979147      -0.249011       0.389836       0.420839         -0.000000
    3.470000       0.976633      -0.253704       0.388656       0.420839         -0.000000
    3.480000       0.974072      -0.258402       0.387453       0.420839         -0.000000
    3.490000       0.971465      -0.263105       0.386227       0.420839         -0.000000
    3.500000       0.968810      -0.267812       0.384978       0.420839         -0.000000
    3.510000       0.966109      -0.272524       0.383705       0.420839         -0.000000
    3.520000       0.963360      -0.277241       0.382408       0.420839         -0.000000
    3.530000       0.960564      -0.281963       0.381088       0.420839         -0.000000
    3.540000       0.957721      -0.286691       0.379744       0.420839         -0.000000
    3.550000       0.954830      -0.291423       0.378376       0.420839         -0.000000
    3.560000       0.951892      -0.296161       0.376984       0.420839         -0.000000
    3.570000       0.948907      -0.300903       0.375568       0.420839         -0.000000
    3.580000       0.945874      -0.305651       0.374128       0.420839         -0.000000
    3.590000       0.942794      -0.310405       0.372664       0.420839         -0.000000
    3.600000       0.939666      -0.315163       0.371175       0.420839         -0.000000
    3.610000       0.936490      -0.319927       0.369663       0.420839         -0.000000
    3.620000       0.933267      -0.324697       0.368125       0.420839         -0.000000
    3.630000       0.929996      -0.329472       0.366564       0.420839         -0.000000
    3.640000       0.926678      -0.334252       0.364977       0.420839         -0.000000
    3.650000       0.923311      -0.339038       0.363366       0.420839         -0.000000
    3.660000       0.919897      -0.343829       0.361730       0.420839         -0.000000
    3.670000       0.916435      -0.348626       0.360069       0.420839         -0.000000
    3.680000       0.912925      -0.353429       0.358383       0.420839         -0.000000
    3.690000       0.909366      -0.358237       0.356672       0.420839         -0.000000
    3.700000       0.905760      -0.363051       0.354936       0.420839         -0.000000
    3.710000       0.902105      -0.367870       0.353175       0.420839         -0.000000
    3.720000       0.898402      -0.372695       0.351388       0.420839         -0.000000
    3.730000       0.894651      -0.377526       0.349576       0.420839         -0.000000
    3.740000       0.890852      -0.382362       0.347739       0.420839         -0.000000
    3.750000       0.887004      -0.387204       0.345876       0.420839         -0.000000
    3.760000       0.883108      -0.392052       0.343987       0.420839         -0.000000
    3.770000       0.879163      -0.396905       0.342073       0.420839         -0.000000
    3.780000       0.875170      -0.401763       0.340132       0.420839         -0.000000
    3.790000       0.871128      -0.406628       0.338166       0.420839         -0.000000
    3.800000       0.867037      -0.411498       0.336174       0.420839         -0.000000
    3.810000       0.862898      -0.416373       0.334156       0.420839         -0.000000
    3.820000       0.858710      -0.421254       0.332112       0.420839         -0.000000
    3.830000       0.854473      -0.426140       0.330042       0.420839         -0.000000
    3.840000       0.850187      -0.431032       0.327945       0.420839         -0.000000
    3.850000       0.845852      -0.435929       0.325822       0.420839         -0.000000
    3.860000       0.841468      -0.440831       0.323673       0.420839         -0.000000
    3.870000       0.837035      -0.445739       0.321498       0.420839         -0.000000
    3.880000       0.832553      -0.450652       0.319296       0.420839         -0.000000
    3.890000       0.828022      -0.455570       0.317067       0.420839         -0.000000
    3.900000       0.823442      -0.460492       0.314813       0.420839         -0.000000
    3.910000       0.818812      -0.465420       0.312531       0.420839         -0.000000
    3.920000       0.814134      -0.470353       0.310223       0.420839         -0.000000
    3.930000       0.809405      -0.475290       0.307889       0.420839         -0.000000
    3.940000       0.804628      -0.480232       0.305528       0.420839         -0.000000
    3.950000       0.799801      -0.485179       0.303140       0.420839         -0.000000
    3.960000       0.794924      -0.490130       0.300726       0.420839         -0.000000
    3.970000       0.789998      -0.495085       0.298285       0.420839         -0.000000
    3.980000       0.785022      -0.500045       0.295817       0.420839         -0.000000
    3.990000       0.779997      -0.505008       0.293323       0.420839         -0.000000
    4.000000       0.774922      -0.509976       0.290802       0.420839         -0.000000
    4.010000       0.769798      -0.514947       0.288254       0.420839         -0.000000
    4.020000       0.764623      -0.519921       0.285680       0.420839         -0.000000
    4.030000       0.759399      -0.524899       0.283080       0.420839         -0.000000
    4.040000       0.754125      -0.529880       0.280453       0.420839         -0.000000
    4.050000       0.748802      -0.534864       0.277800       0.420839         -0.000000
    4.060000       0.743428      -0.539851       0.275120       0.420839         -0.000000
    4.070000       0.738005      -0.544840       0.272414       0.420839         -0.000000
    4.080000       0.732531      -0.549831       0.269682       0.420839         -0.000000
    4.090000       0.727008      -0.554825       0.266924       0.420839         -0.000000
    4.100000       0.721435      -0.559820       0.264140       0.420839         -0.000000
    4.110000       0.715811      -0.564817       0.261330       0.420839         -0.000000
    4.120000       0.710138      -0.569815       0.258495       0.420839         -0.000000
    4.130000       0.704415      -0.574814       0.255634       0.420839         -0.000000
    4.140000       0.698642      -0.579814       0.252747       0.420839         -0.000000
    4.150000       0.692819      -0.584814       0.249836       0.420839         -0.000000
    4.160000       0.686946      -0.589813       0.246899       0.420839         -0.000000
    4.170000       0.681023      -0.594813       0.243938       0.420839         -0.000000
    4.180000       0.675050      -0.599812       0.240952       0.420839         -0.000000
    4.190000       0.669026      -0.604810       0.237942       0.420839         -0.000000
    4.200000       0.662953      -0.609806       0.234908       0.420839         -0.000000
    4.210000       0.656830      -0.614800       0.231850       0.420839         -0.000000
    4.220000       0.650657      -0.619792       0.228768       0.420839         -0.000000
    4.230000       0.644434      -0.624781       0.225664       0.420839         -0.000000
    4.240000       0.638162      -0.629767       0.222536       0.420839         -0.000000
    4.250000       0.631839      -0.634749       0.219386       0.420839         -0.000000
    4.260000       0.625467      -0.639727       0.216214       0.420839         -0.000000
    4.270000       0.619045      -0.644700       0.213020       0.420839         -0.000000
    4.280000       0.612573      -0.649667       0.209805       0.420839         -0.000000
    4.290000       0.606051      -0.654629       0.206570       0.420839         -0.000000
    4.300000       0.599480      -0.659584       0.203314       0.420839         -0.000000
    4.310000       0.592860      -0.664532       0.200038       0.420839         -0.000000
    4.320000       0.586190      -0.669473       0.196742       0.420839         -0.000000
    4.330000       0.579470      -0.674405       0.193428       0.420839         -0.000000
    4.340000       0.572702      -0.679328       0.190096       0.420839         -0.000000
    4.350000       0.565884      -0.684241       0.186747       0.420839         -0.000000
    4.360000       0.559017      -0.689143       0.183380       0.420839         -0.000000
    4.370000       0.552101      -0.694034       0.179997       0.420839         -0.000000
    4.380000       0.545136      -0.698913       0.176599       0.420839         -0.000000
    4.390000       0.538123      -0.703780       0.173186       0.420839         -0.000000
    4.400000       0.531061      -0.708632       0.169760       0.420839         -0.000000
    4.410000       0.523950      -0.713470       0.166320       0.420839         -0.000000
    4.420000       0.516791      -0.718292       0.162868       0.420839         -0.000000
    4.430000       0.509584      -0.723097       0.159404       0.420839         -0.000000
    4.440000       0.502329      -0.727886       0.155931       0.420839         -0.000000
    4.450000       0.495027      -0.732655       0.152448       0.420839         -0.000000
    4.460000       0.487676      -0.737405       0.148956       0.420839         -0.000000
    4.470000       0.480279      -0.742134       0.145458       0.420839         -0.000000
    4.480000       0.472834      -0.746842       0.141953       0.420839         -0.000000
    4.490000       0.465342      -0.751527       0.138443       0.420839         -0.000000
    4.500000       0.457803      -0.756187       0.134930       0.420839         -0.000000
    4.510000       0.450218      -0.760822       0.131414       0.420839         -0.000000
    4.520000       0.442587      -0.765430       0.127897       0.420839         -0.000000
    4.530000       0.434910      -0.770011       0.124381       0.420839         -0.000000
    4.540000       0.427187      -0.774562       0.120866       0.420839         -0.000000
    4.550000       0.419419      -0.779082       0.117355       0.420839         -0.000000
    4.560000       0.411605      -0.783570       0.113848       0.420839         -0.000000
    4.570000       0.403747      -0.788024       0.110348       0.420839         -0.000000
    4.580000       0.395845      -0.792443       0.106856       0.420839         -0.000000
    4.590000       0.387899      -0.796825       0.103374       0.420839         -0.000000
    4.600000       0.379909      -0.801168       0.099904       0.420839         -0.000000
    4.610000       0.371875      -0.805471       0.096447       0.420839         -0.000000
    4.620000       0.363799      -0.809732       0.093006       0.420839         -0.000000
    4.630000       0.355681      -0.813949       0.089583       0.420839         -0.000000
    4.640000       0.347520      -0.818120       0.086179       0.420839         -0.000000
    4.650000       0.339319      -0.822244       0.082797       0.420839         -0.000000
    4.660000       0.331076      -0.826318       0.079439       0.420839         -0.000000
    4.670000       0.322792      -0.830339       0.076107       0.420839         -0.000000
    4.680000       0.314469      -0.834308       0.072805       0.420839         -0.000000
    4.690000       0.306106      -0.838219       0.069533       0.420839         -0.000000
    4.700000       0.297705      -0.842073       0.066296       0.420839         -0.000000
    4.710000       0.289265      -0.845866       0.063095       0.420839         -0.000000
    4.720000       0.280788      -0.849596       0.059933       0.420839         -0.000000
    4.730000       0.272273      -0.853260       0.056813       0.420839         -0.000000
    4.740000       0.263723      -0.856857       0.053738       0.420839         -0.000000
    4.750000       0.255137      -0.860383       0.050710       0.420839         -0.000000
    4.760000       0.246515      -0.863835       0.047734       0.420839         -0.000000
    4.770000       0.237860      -0.867212       0.044811       0.420839         -0.000000
    4.780000       0.229171      -0.870509       0.041946       0.420839         -0.000000
    4.790000       0.220450      -0.873725       0.039142       0.420839         -0.000000
    4.800000       0.211697      -0.876856       0.036401       0.420839         -0.000000
    4.810000       0.202913      -0.879900       0.033728       0.420839         -0.000000
    4.820000       0.194100      -0.882852       0.031125       0.420839         -0.000000
    4.830000       0.185257      -0.885710       0.028598       0.420839         -0.000000
    4.840000       0.176386      -0.888471       0.026149       0.420839         -0.000000
    4.850000       0.167488      -0.891132       0.023782       0.420839         -0.000000
    4.860000       0.158563      -0.893687       0.021501       0.420839         -0.000000
    4.870000       0.149614      -0.896136       0.019310       0.420839         -0.000000
    4.880000       0.140641      -0.898472       0.017213       0.420839         -0.000000
    4.890000       0.131645      -0.900694       0.015215       0.420839         -0.000000
    4.900000       0.122628      -0.902796       0.013319       0.420839         -0.000000
    4.910000       0.113590      -0.904776       0.011530       0.420839         -0.000000
    4.920000       0.104532      -0.906629       0.009851       0.420839         -0.000000
    4.930000       0.095457      -0.908351       0.008289       0.420839         -0.000000
    4.940000       0.086366      -0.909938       0.006846       0.420839         -0.000000
    4.950000       0.077259      -0.911385       0.005528       0.420839         -0.000000
    4.960000       0.068139      -0.912689       0.004339       0.420839         -0.000000
    4.970000       0.059006      -0.913845       0.003283       0.420839         -0.000000
    4.980000       0.049862      -0.914848       0.002366       0.420839         -0.000000
    4.990000       0.040709      -0.915694       0.001591       0.420839         -0.000000
    5.000000       0.031549      -0.916379       0.000965       0.420839         -0.000000
    5.010000       0.022382      -0.916896       0.000490       0.420839         -0.000000
    5.020000       0.013212      -0.917243       0.000172       0.420839         -0.000000
    5.030000       0.004038      -0.917413       0.000016       0.420839         -0.000000
    5.040000      -0.005136      -0.917402       0.000027       0.420839         -0.000000
    5.050000      -0.014309      -0.917204       0.000208       0.420839         -0.000000
    5.060000      -0.023480      -0.916815       0.000564       0.420839         -0.000000
    5.070000      -0.032645      -0.916229       0.001101       0.420839         -0.000000
    5.080000      -0.041803      -0.915442       0.001822       0.420839         -0.000000
    5.090000      -0.050953      -0.914447       0.002733       0.420839         -0.000000
    5.100000      -0.060092      -0.913240       0.003836       0.420839         -0.000000
    5.110000      -0.069217      -0.911815       0.005136       0.420839         -0.000000
    5.120000      -0.078327      -0.910166       0.006638       0.420839         -0.000000
    5.130000      -0.087420      -0.908288       0.008346       0.420839         -0.000000
    5.140000      -0.096492      -0.906176       0.010262       0.420839         -0.000000
    5.150000      -0.105542      -0.903824       0.012391       0.420839         -0.000000
    5.160000      -0.114568      -0.901226       0.014735       0.420839         -0.000000
    5.170000      -0.123566      -0.898377       0.017299       0.420839         -0.000000
    5.180000      -0.132535      -0.895271       0.020084       0.420839         -0.000000
    5.190000      -0.141471      -0.891903       0.023094       0.420839         -0.000000
    5.200000      -0.150372      -0.888267       0.026330       0.420839         -0.000000
    5.210000      -0.159235      -0.884357       0.029795       0.420839         -0.000000
    5.220000      -0.168058      -0.880169       0.033491       0.420839         -0.000000
    5.230000      -0.176837      -0.875696       0.037418       0.420839         -0.000000
    5.240000      -0.185571      -0.870933       0.041577       0.420839         -0.000000
    5.250000      -0.194255      -0.865874       0.045970       0.420839         -0.000000
    5.260000      -0.202887      -0.860516       0.050596       0.420839         -0.000000
    5.270000      -0.211464      -0.854852       0.055454       0.420839         -0.000000
    5.280000      -0.219983      -0.848877       0.060544       0.420839         -0.000000
    5.290000      -0.228441      -0.842586       0.065864       0.420839         -0.000000
    5.300000      -0.236834      -0.835975       0.071412       0.420839         -0.000000
    5.310000      -0.245159      -0.829039       0.077187       0.420839         -0.000000
    5.320000      -0.253414      -0.821773       0.083184       0.420839         -0.000000
    5.330000      -0.261594      -0.814173       0.089400       0.420839         -0.000000
    5.340000      -0.269696      -0.806236       0.095831       0.420839         -0.000000
    5.350000      -0.277717      -0.797956       0.102472       0.420839          0.000000
    5.360000      -0.285654      -0.789331       0.109317       0.420839          0.000000
    5.370000      -0.293503      -0.780357       0.116361       0.420839          0.000000
    5.380000      -0.301260      -0.771031       0.123595       0.420839          0.000000
    5.390000      -0.308922      -0.761350       0.131012       0.420839          0.000000
    5.400000      -0.316486      -0.751311       0.138605       0.420839          0.000000
    5.410000      -0.323947      -0.740913       0.146363       0.420839          0.000000
    5.420000      -0.331303      -0.730153       0.154277       0.420839          0.000000
    5.430000      -0.338549      -0.719030       0.162337       0.420839          0.000000
    5.440000      -0.345682      -0.707543       0.170531       0.420839          0.000000
    5.450000      -0.352699      -0.695691       0.178846       0.420839          0.000000
    5.460000      -0.359595      -0.683473       0.187272       0.420839          0.000000
    5.470000      -0.366367      -0.670890       0.195792       0.420839          0.000000
    5.480000      -0.373011      -0.657942       0.204395       0.420839          0.000000
    5.490000      -0.379525      -0.644631       0.213065       0.420839          0.000000
    5.500000      -0.385903      -0.630957       0.221786       0.420839          0.000000
    5.510000      -0.392143      -0.616922       0.230543       0.420839          0.000000
    5.520000      -0.398240      -0.602530       0.239318       0.420839          0.000000
    5.530000      -0.404192      -0.587783       0.248095       0.420839          0.000000
    5.540000      -0.409995      -0.572684       0.256856       0.420839          0.000000
    5.550000      -0.415644      -0.557237       0.265583       0.420839          0.000000
    5.560000      -0.421138      -0.541448       0.274256       0.420839          0.000000
    5.570000      -0.426472      -0.525321       0.282858       0.420839          0.000000
    5.580000      -0.431643      -0.508862       0.291369       0.420839          0.000000
    5.590000      -0.436648      -0.492077       0.299769       0.420839          0.000000
    5.600000      -0.441484      -0.474973       0.308040       0.420839          0.000000
    5.610000      -0.446147      -0.457558       0.316160       0.420839          0.000000
    5.620000      -0.450634      -0.439838       0.324110       0.420839          0.000000
    5.630000      -0.454943      -0.421824       0.331872       0.420839          0.000000
    5.640000      -0.459070      -0.403523       0.339424       0.420839          0.000000
    5.650000      -0.463012      -0.384946       0.346748       0.420839          0.000000
    5.660000      -0.466768      -0.366103       0.353824       0.420839          0.000000
    5.670000      -0.470333      -0.347004       0.360634       0.420839          0.000000
    5.680000      -0.473707      -0.327660       0.367159       0.420839          0.000000
    5.690000      -0.476886      -0.308084       0.373381       0.420839          0.000000
    5.700000      -0.479868      -0.288287       0.379285       0.420839          0.000000
    5.710000      -0.482651      -0.268282       0.384852       0.420839          0.000000
    5.720000      -0.485233      -0.248083       0.390067       0.420839          0.000000
    5.730000      -0.487612      -0.227702       0.394915       0.420839          0.000000
    5.740000      -0.489786      -0.207154       0.399383       0.420839         -0.000000
    5.750000      -0.491754      -0.186453       0.403457       0.420839         -0.000000
    5.760000      -0.493515      -0.165613       0.407125       0.420839         -0.000000
    5.770000      -0.495066      -0.144650       0.410377       0.420839         -0.000000
    5.780000      -0.496408      -0.123579       0.413203       0.420839         -0.000000
    5.790000      -0.497538      -0.102415       0.415595       0.420839         -0.000000
    5.800000      -0.498456      -0.081174       0.417545       0.420839         -0.000000
    5.810000      -0.499161      -0.059872       0.419047       0.420839         -0.000000
    5.820000      -0.499653      -0.038524       0.420097       0.420839         -0.000000
    5.830000      -0.499931      -0.017147       0.420692       0.420839         -0.000000
    5.840000      -0.499996       0.004243       0.420830       0.420839         -0.000000
    5.850000      -0.499846       0.025629       0.420511       0.420839         -0.000000
    5.860000      -0.499483       0.046997       0.419735       0.420839         -0.000000
    5.870000      -0.498907       0.068328       0.418505       0.420839         -0.000000
    5.880000      -0.498117       0.089608       0.416824       0.420839         -0.000000
    5.890000      -0.497115       0.110821       0.414699       0.420839         -0.000000
    5.900000      -0.495901       0.131950       0.412134       0.420839         -0.000000
    5.910000      -0.494476       0.152980       0.409138       0.420839         -0.000000
    5.920000      -0.492842       0.173896       0.405719       0.420839         -0.000000
    5.930000      -0.490999       0.194682       0.401889       0.420839         -0.000000
    5.940000      -0.488948       0.215324       0.397657       0.420839         -0.000000
    5.950000      -0.486693       0.235808       0.393037       0.420839         -0.000000
    5.960000      -0.484233       0.256118       0.388041       0.420839         -0.000000
    5.970000      -0.481571       0.276242       0.382684       0.420839          0.000000
    5.980000      -0.478709       0.296166       0.376982       0.420839          0.000000
    5.990000      -0.475648       0.315877       0.370950       0.420839          0.000000
    6.000000      -0.472392       0.335362       0.364605       0.420839          0.000000
    6.010000      -0.468942       0.354610       0.357965       0.420839          0.000000
    6.020000      -0.465300       0.373609       0.351047       0.420839          0.000000
    6.030000      -0.461470       0.392348       0.343871       0.420839          0.000000
    6.040000      -0.457454       0.410816       0.336454       0.420839          0.000000
    6.050000      -0.453255       0.429005       0.328817       0.420839          0.000000
    6.060000      -0.448875       0.446903       0.320978       0.420839          0.000000
    6.070000      -0.444318       0.464503       0.312958       0.420839          0.000000
    6.080000      -0.439586       0.481796       0.304776       0.420839          0.000000
    6.090000      -0.434683       0.498774       0.296451       0.420839          0.000000
    6.100000      -0.429612       0.515431       0.288005       0.420839          0.000000
    6.110000      -0.424376       0.531759       0.279456       0.420839          0.000000
    6.120000      -0.418978       0.547752       0.270823       0.420839          0.000000
    6.130000      -0.413422       0.563406       0.262126       0.420839          0.000000
    6.140000      -0.407711       0.578715       0.253384       0.420839          0.000000
    6.150000      -0.401849       0.593675       0.244614       0.420839          0.000000
    6.160000      -0.395838       0.608282       0.235836       0.420839          0.000000
    6.170000      -0.389684       0.622533       0.227066       0.420839          0.000000
    6.180000      -0.383389       0.636424       0.218321       0.420839          0.000000
    6.190000      -0.376957       0.649955       0.209619       0.420839          0.000000
    6.200000      -0.370391       0.663122       0.200974       0.420839          0.000000
    6.210000      -0.363696       0.675925       0.192402       0.420839          0.000000
    6.220000      -0.356874       0.688363       0.183917       0.420839          0.000000
    6.230000      -0.349930       0.700436       0.175534       0.420839          0.000000
    6.240000      -0.342866       0.712144       0.167265       0.420839          0.000000
    6.250000      -0.335688       0.723486       0.159123       0.420839          0.000000
    6.260000      -0.328398       0.734465       0.151120       0.420839          0.000000
    6.270000      -0.321000       0.745081       0.143266       0.420839          0.000000
    6.280000      -0.313497       0.755337       0.135573       0.420839          0.000000
    6.290000      -0.305894       0.765233       0.128049       0.420839         -0.000000
    6.300000      -0.298194       0.774773       0.120703       0.420839         -0.000000
    6.310000      -0.290400       0.783959       0.113544       0.420839         -0.000000
    6.320000      -0.282516       0.792794       0.106578       0.420839         -0.000000
    6.330000      -0.274545       0.801282       0.099813       0.420839         -0.000000
    6.340000      -0.266491       0.809425       0.093255       0.420839         -0.000000
    6.350000      -0.258358       0.817228       0.086908       0.420839         -0.000000
    6.360000      -0.250148       0.824695       0.080778       0.420839         -0.000000
    6.370000      -0.241865       0.831829       0.074869       0.420839         -0.000000
    6.380000      -0.233513       0.838636       0.069184       0.420839         -0.000000
    6.390000      -0.225093       0.845119       0.063726       0.420839         -0.000000
    6.400000      -0.216611       0.851284       0.058497       0.420839         -0.000000
    6.410000      -0.208069       0.857135       0.053499       0.420839         -0.000000
    6.420000      -0.199470       0.862678       0.048733       0.420839         -0.000000
    6.430000      -0.190816       0.867917       0.044200       0.420839         -0.000000
    6.440000      -0.182112       0.872857       0.039900       0.420839         -0.000000
    6.450000      -0.173360       0.877504       0.035832       0.420839         -0.000000
    6.460000      -0.164563       0.881864       0.031997       0.420839         -0.000000
    6.470000      -0.155724       0.885941       0.028393       0.420839         -0.000000
    6.480000      -0.146845       0.889742       0.025019       0.420839         -0.000000
    6.490000      -0.137930       0.893271       0.021873       0.420839         -0.000000
    6.500000      -0.128981       0.896534       0.018952       0.420839         -0.000000
    6.510000      -0.120000       0.899537       0.016255       0.420839         -0.000000
    6.520000      -0.110991       0.902286       0.013779       0.420839         -0.000000
    6.530000      -0.101955       0.904786       0.011521       0.420839         -0.000000
    6.540000      -0.092896       0.907042       0.009477       0.420839         -0.000000
    6.550000      -0.083815       0.909061       0.007644       0.420839         -0.000000
    6.560000      -0.074715       0.910847       0.006018       0.420839         -0.000000
    6.570000      -0.065599       0.912406       0.004597       0.420839         -0.000000
    6.580000      -0.056468       0.913745       0.003375       0.420839         -0.000000
    6.590000      -0.047325       0.914867       0.002349       0.420839         -0.000000
    6.600000      -0.038171       0.915779       0.001514       0.420839         -0.000000
    6.610000      -0.029010       0.916486       0.000866       0.420839         -0.000000
    6.620000      -0.019842       0.916993       0.000402       0.420839         -0.000000
    6.630000      -0.010671       0.917305       0.000115       0.420839         -0.000000
    6.640000      -0.001497       0.917428       0.000002       0.420839         -0.000000
    6.650000       0.007677       0.917367       0.000058       0.420839         -0.000000
    6.660000       0.016850       0.917126       0.000279       0.420839         -0.000000
    6.670000       0.026019       0.916711       0.000660       0.420839         -0.000000
    6.680000       0.035184       0.916127       0.001195       0.420839         -0.000000
    6.690000       0.044341       0.915378       0.001881       0.420839         -0.000000
    6.700000       0.053491       0.914469       0.002713       0.420839         -0.000000
    6.710000       0.062630       0.913404       0.003686       0.420839         -0.000000
    6.720000       0.071758       0.912189       0.004795       0.420839         -0.000000
    6.730000       0.080873       0.910828       0.006036       0.420839         -0.000000
    6.740000       0.089974       0.909324       0.007404       0.420839         -0.000000
    6.750000       0.099059       0.907684       0.008895       0.420839         -0.000000
    6.760000       0.108127       0.905909       0.010504       0.420839         -0.000000
    6.770000       0.117177       0.904006       0.012226       0.420839         -0.000000
    6.780000       0.126207       0.901977       0.014058       0.420839         -0.000000
    6.790000       0.135216       0.899826       0.015995       0.420839         -0.000000
    6.800000       0.144203       0.897559       0.018033       0.420839         -0.000000
    6.810000       0.153167       0.895178       0.020168       0.420839         -0.000000
    6.820000       0.162106       0.892686       0.022395       0.420839         -0.000000
    6.830000       0.171020       0.890089       0.024710       0.420839         -0.000000
    6.840000       0.179908       0.887388       0.027111       0.420839         -0.000000
    6.850000       0.188768       0.884588       0.029591       0.420839         -0.000000
    6.860000       0.197599       0.881692       0.032149       0.420839         -0.000000
    6.870000       0.206401       0.878703       0.034780       0.420839         -0.000000
    6.880000       0.215173       0.875624       0.037480       0.420839         -0.000000
    6.890000       0.223914       0.872459       0.040247       0.420839         -0.000000
    6.900000       0.232622       0.869211       0.043076       0.420839         -0.000000
    6.910000       0.241298       0.865881       0.045964       0.420839         -0.000000
    6.920000       0.249939       0.862474       0.048908       0.420839         -0.000000
    6.930000       0.258547       0.858993       0.051905       0.420839         -0.000000
    6.940000       0.267119       0.855438       0.054952       0.420839         -0.000000
    6.950000       0.275655       0.851815       0.058045       0.420839         -0.000000
    6.960000       0.284155       0.848124       0.061182       0.420839         -0.000000
    6.970000       0.292618       0.844369       0.064360       0.420839         -0.000000
    6.980000       0.301042       0.840552       0.067576       0.420839         -0.000000
    6.990000       0.309428       0.836675       0.070827       0.420839         -0.000000
    7.000000       0.317776       0.832740       0.074111       0.420839         -0.000000
    7.010000       0.326083       0.828750       0.077426       0.420839         -0.000000
    7.020000       0.334350       0.824708       0.080768       0.420839         -0.000000
    7.030000       0.342577       0.820614       0.084136       0.420839         -0.000000
    7.040000       0.350762       0.816471       0.087527       0.420839         -0.000000
    7.050000       0.358906       0.812282       0.090939       0.420839         -0.000000
    7.060000       0.367008       0.808047       0.094369       0.420839         -0.000000
    7.070000       0.375067       0.803769       0.097817       0.420839         -0.000000
    7.080000       0.383083       0.799450       0.101279       0.420839         -0.000000
    7.090000       0.391056       0.795091       0.104754       0.420839         -0.000000
    7.100000       0.398985       0.790694       0.108240       0.420839         -0.000000
    7.110000       0.406870       0.786261       0.111736       0.420839         -0.000000
    7.120000       0.414710       0.781794       0.115239       0.420839         -0.000000
    7.130000       0.422505       0.777293       0.118747       0.420839         -0.000000
    7.140000       0.430256       0.772760       0.122260       0.420839         -0.000000
    7.150000       0.437961       0.768197       0.125776       0.420839         -0.000000
    7.160000       0.445620       0.763606       0.129293       0.420839         -0.000000
    7.170000       0.453233       0.758987       0.132809       0.420839         -0.000000
    7.180000       0.460799       0.754341       0.136324       0.420839         -0.000000
    7.190000       0.468319       0.749671       0.139836       0.420839         -0.000000
    7.200000       0.475793       0.744977       0.143344       0.420839         -0.000000
    7.210000       0.483219       0.740261       0.146846       0.420839         -0.000000
    7.220000       0.490598       0.735523       0.150342       0.420839         -0.000000
    7.230000       0.497929       0.730765       0.153830       0.420839         -0.000000
    7.240000       0.505213       0.725988       0.157310       0.420839         -0.000000
    7.250000       0.512449       0.721193       0.160779       0.420839         -0.000000
    7.260000       0.519637       0.716381       0.164238       0.420839         -0.000000
    7.270000       0.526776       0.711552       0.167686       0.420839         -0.000000
    7.280000       0.533868       0.706709       0.171121       0.420839         -0.000000
    7.290000       0.540911       0.701851       0.174542       0.420839         -0.000000
    7.300000       0.547905       0.696980       0.177949       0.420839         -0.000000
    7.310000       0.554850       0.692096       0.181341       0.420839         -0.000000
    7.320000       0.561747       0.687200       0.184718       0.420839         -0.000000
    7.330000       0.568594       0.682293       0.188077       0.420839         -0.000000
    7.340000       0.575392       0.677376       0.191420       0.420839         -0.000000
    7.350000       0.582142       0.672449       0.194745       0.420839         -0.000000
    7.360000       0.588841       0.667514       0.198052       0.420839         -0.000000
    7.370000       0.595492       0.662570       0.201339       0.420839         -0.000000
    7.380000       0.602093       0.657619       0.204608       0.420839         -0.000000
    7.390000       0.608644       0.652662       0.207856       0.420839         -0.000000
    7.400000       0.615146       0.647697       0.211083       0.420839         -0.000000
    7.410000       0.621598       0.642728       0.214290       0.420839         -0.000000
    7.420000       0.628001       0.637753       0.217475       0.420839         -0.000000
    7.430000       0.634353       0.632773       0.220638       0.420839         -0.000000
    7.440000       0.640656       0.627789       0.223779       0.420839         -0.000000
    7.450000       0.646909       0.622802       0.226898       0.420839         -0.000000
    7.460000       0.653112       0.617812       0.229993       0.420839         -0.000000
    7.470000       0.659265       0.612819       0.233066       0.420839         -0.000000
    7.480000       0.665368       0.607824       0.236114       0.420839         -0.000000
    7.490000       0.671422       0.602827       0.239139       0.420839         -0.000000
    7.500000       0.677425       0.597829       0.242140       0.420839         -0.000000
    7.510000       0.683378       0.592830       0.245116       0.420839         -0.000000
    7.520000       0.689282       0.587830       0.248067       0.420839         -0.000000
    7.530000       0.695135       0.582830       0.250994       0.420839         -0.000000
    7.540000       0.700938       0.577830       0.253895       0.420839         -0.000000
    7.550000       0.706691       0.572831       0.256772       0.420839         -0.000000
    7.560000       0.712395       0.567832       0.259623       0.420839         -0.000000
    7.570000       0.718048       0.562835       0.262448       0.420839         -0.000000
    7.580000       0.723651       0.557838       0.265248       0.420839         -0.000000
    7.590000       0.729205       0.552844       0.268021       0.420839         -0.000000
    7.600000       0.734708       0.547851       0.270769       0.420839         -0.000000
    7.610000       0.740162       0.542860       0.273491       0.420839         -0.000000
    7.620000       0.745566       0.537872       0.276186       0.420839         -0.000000
    7.630000       0.750919       0.532886       0.278855       0.420839         -0.000000
    7.640000       0.756223       0.527904       0.281498       0.420839         -0.000000
    7.650000       0.761477       0.522924       0.284115       0.420839         -0.000000
    7.660000       0.766682       0.517947       0.286705       0.420839         -0.000000
    7.670000       0.771836       0.512974       0.289268       0.420839         -0.000000
    7.680000       0.776941       0.508005       0.291805       0.420839         -0.000000
    7.690000       0.781996       0.503039       0.294315       0.420839         -0.000000
    7.700000       0.787002       0.498077       0.296799       0.420839         -0.000000
    7.710000       0.791958       0.493119       0.299256       0.420839         -0.000000
    7.720000       0.796864       0.488166       0.301686       0.420839         -0.000000
    7.730000       0.801721       0.483216       0.304090       0.420839         -0.000000
    7.740000       0.806529       0.478271       0.306467       0.420839         -0.000000
    7.750000       0.811287       0.473331       0.308818       0.420839         -0.000000
    7.760000       0.815995       0.468396       0.311142       0.420839         -0.000000
    7.770000       0.820655       0.463465       0.313439       0.420839         -0.000000
    7.780000       0.825265       0.458539       0.315710       0.420839         -0.000000
    7.790000       0.829826       0.453618       0.317955       0.420839         -0.000000
    7.800000       0.834337       0.448702       0.320172       0.420839         -0.000000
    7.810000       0.838800       0.443791       0.322364       0.420839         -0.000000
    7.820000       0.843213       0.438886       0.324529       0.420839         -0.000000
    7.830000       0.847577       0.433986       0.326667       0.420839         -0.000000
    7.840000       0.851893       0.429091       0.328780       0.420839         -0.000000
    7.850000       0.856159       0.424201       0.330866       0.420839         -0.000000
    7.860000       0.860377       0.419317       0.332926       0.420839         -0.000000
    7.870000       0.864546       0.414438       0.334960       0.420839         -0.000000
    7.880000       0.868666       0.409565       0.336967       0.420839         -0.000000
    7.890000       0.872737       0.404697       0.338949       0.420839         -0.000000
    7.900000       0.876760       0.399835       0.340905       0.420839         -0.000000
    7.910000       0.880734       0.394979       0.342835       0.420839         -0.000000
    7.920000       0.884659       0.390128       0.344739       0.420839         -0.000000
    7.930000       0.888536       0.385283       0.346618       0.420839         -0.000000
    7.940000       0.892365       0.380443       0.348471       0.420839         -0.000000
    7.950000       0.896145       0.375609       0.350298       0.420839         -0.000000
    7.960000       0.899877       0.370780       0.352100       0.420839         -0.000000
    7.970000       0.903561       0.365958       0.353877       0.420839         -0.000000
    7.980000       0.907196       0.361141       0.355628       0.420839         -0.000000
    7.990000       0.910783       0.356329       0.357354       0.420839         -0.000000
    8.000000       0.914323       0.351523       0.359055       0.420839         -0.000000
    8.010000       0.917814       0.346723       0.360731       0.420839         -0.000000
    8.020000       0.921257       0.341928       0.362382       0.420839         -0.000000
    8.030000       0.924653       0.337139       0.364008       0.420839         -0.000000
    8.040000       0.928000       0.332355       0.365609       0.420839         -0.000000
    8.050000       0.931300       0.327577       0.367186       0.420839         -0.000000
    8.060000       0.934552       0.322804       0.368738       0.420839         -0.000000
    8.070000       0.937756       0.318037       0.370266       0.420839         -0.000000
    8.080000       0.940912       0.313275       0.371769       0.420839         -0.000000
    8.090000       0.944021       0.308518       0.373247       0.420839         -0.000000
    8.100000       0.947083       0.303767       0.374702       0.420839         -0.000000
    8.110000       0.950097       0.299021       0.376132       0.420839         -0.000000
    8.120000       0.953063       0.294281       0.377539       0.420839         -0.000000
    8.130000       0.955982       0.289545       0.378921       0.420839         -0.000000
    8.140000       0.958854       0.284815       0.380280       0.420839         -0.000000
    8.150000       0.961679       0.280090       0.381614       0.420839         -0.000000
    8.160000       0.964456       0.275369       0.382925       0.420839         -0.000000
    8.170000       0.967186       0.270654       0.384212       0.420839         -0.000000
    8.180000       0.969869       0.265944       0.385476       0.420839         -0.000000
    8.190000       0.972505       0.261239       0.386716       0.420839         -0.000000
    8.200000       0.975094       0.256538       0.387933       0.420839         -0.000000
    8.210000       0.977636       0.251842       0.389127       0.420839         -0.000000
    8.220000       0.980131       0.247151       0.390297       0.420839         -0.000000
    8.230000       0.982579       0.242465       0.391445       0.420839         -0.000000
    8.240000       0.984980       0.237783       0.392569       0.420839         -0.000000
    8.250000       0.987334       0.233105       0.393670       0.420839         -0.000000
    8.260000       0.989642       0.228432       0.394749       0.420839         -0.000000
    8.270000       0.991903       0.223763       0.395804       0.420839         -0.000000
    8.280000       0.994117       0.219099       0.396837       0.420839         -0.000000
    8.290000       0.996285       0.214439       0.397847       0.420839         -0.000000
    8.300000       0.998406       0.209783       0.398835       0.420839         -0.000000
    8.310000       1.000481       0.205131       0.399800       0.420839         -0.000000
    8.320000       1.002509       0.200483       0.400743       0.420839         -0.000000
    8.330000       1.004490       0.195839       0.401663       0.420839         -0.000000
    8.340000       1.006426       0.191199       0.402561       0.420839         -0.000000
    8.350000       1.008314       0.186562       0.403437       0.420839         -0.000000
    8.360000       1.010157       0.181929       0.404290       0.420839         -0.000000
    8.370000       1.011953       0.177300       0.405122       0.420839         -0.000000
    8.380000       1.013703       0.172675       0.405931       0.420839         -0.000000
    8.390000       1.015406       0.168052       0.406718       0.420839         -0.000000
    8.400000       1.017064       0.163434       0.407484       0.420839         -0.000000
    8.410000       1.018675       0.158818       0.408228       0.420839         -0.000000
    8.420000       1.020240       0.154206       0.408950       0.420839         -0.000000
    8.430000       1.021759       0.149596       0.409650       0.420839         -0.000000
    8.440000       1.023232       0.144990       0.410328       0.420839         -0.000000
    8.450000       1.024659       0.140387       0.410985       0.420839         -0.000000
    8.460000       1.026040       0.135786       0.411620       0.420839         -0.000000
    8.470000       1.027375       0.131188       0.412234       0.420839         -0.000000
    8.480000       1.028664       0.126593       0.412826       0.420839         -0.000000
    8.490000       1.029907       0.122001       0.413397       0.420839         -0.000000
    8.500000       1.031104       0.117411       0.413947       0.420839         -0.000000
    8.510000       1.032255       0.112823       0.414475       0.420839         -0.000000
    8.520000       1.033360       0.108238       0.414982       0.420839         -0.000000
    8.530000       1.034420       0.103655       0.415467       0.420839         -0.000000
    8.540000       1.035433       0.099074       0.415931       0.420839         -0.000000
    8.550000       1.036401       0.094495       0.416375       0.420839         -0.000000
    8.560000       1.037323       0.089918       0.416797       0.420839         -0.000000
    8.570000       1.038199       0.085343       0.417198       0.420839         -0.000000
    8.580000       1.039030       0.080769       0.417577       0.420839         -0.000000
    8.590000       1.039815       0.076198       0.417936       0.420839         -0.000000
    8.600000       1.040554       0.071628       0.418274       0.420839         -0.000000
    8.610000       1.041247       0.067059       0.418591       0.420839         -0.000000
    8.620000       1.041895       0.062492       0.418887       0.420839         -0.000000
    8.630000       1.042497       0.057926       0.419162       0.420839         -0.000000
    8.640000       1.043054       0.053361       0.419416       0.420839         -0.000000
    8.650000       1.043565       0.048798       0.419649       0.420839         -0.000000
    8.660000       1.044030       0.044235       0.419861       0.420839         -0.000000
    8.670000       1.044449       0.039673       0.420052       0.420839         -0.000000
    8.680000       1.044823       0.035112       0.420223       0.420839         -0.000000
    8.690000       1.045151       0.030552       0.420373       0.420839         -0.000000
    8.700000       1.045434       0.025993       0.420501       0.420839         -0.000000
    8.710000       1.045671       0.021434       0.420610       0.420839         -0.000000
    8.720000       1.045863       0.016875       0.420697       0.420839         -0.000000
    8.730000       1.046009       0.012317       0.420763       0.420839         -0.000000
    8.740000       1.046109       0.007759       0.420809       0.420839         -0.000000
    8.750000       1.046164       0.003202       0.420834       0.420839         -0.000000
    8.760000       1.046173      -0.001356       0.420838       0.420839         -0.000000
    8.770000       1.046137      -0.005914       0.420822       0.420839         -0.000000
    8.780000       1.046055      -0.010471       0.420784       0.420839         -0.000000
    8.790000       1.045927      -0.015029       0.420726       0.420839         -0.000000
    8.800000       1.045754      -0.019588       0.420647       0.420839         -0.000000
    8.810000       1.045536      -0.024147       0.420548       0.420839         -0.000000
    8.820000       1.045271      -0.028706       0.420427       0.420839         -0.000000
    8.830000       1.044962      -0.033266       0.420286       0.420839         -0.000000
    8.840000       1.044606      -0.037826       0.420124       0.420839         -0.000000
    8.850000       1.044205      -0.042387       0.419941       0.420839         -0.000000
    8.860000       1.043758      -0.046950       0.419737       0.420839         -0.000000
    8.870000       1.043266      -0.051513       0.419512       0.420839         -0.000000
    8.880000       1.042728      -0.056077       0.419267       0.420839         -0.000000
    8.890000       1.042145      -0.060643       0.419001       0.420839         -0.000000
    8.900000       1.041515      -0.065209       0.418713       0.420839         -0.000000
    8.910000       1.040840      -0.069777       0.418405       0.420839         -0.000000
    8.920000       1.040120      -0.074347       0.418076       0.420839         -0.000000
    8.930000       1.039353      -0.078918       0.417725       0.420839         -0.000000
    8.940000       1.038541      -0.083490       0.417354       0.420839         -0.000000
    8.950000       1.037684      -0.088065       0.416962       0.420839         -0.000000
    8.960000       1.036780      -0.092641       0.416548       0.420839         -0.000000
    8.970000       1.035831      -0.097219       0.416114       0.420839         -0.000000
    8.980000       1.034836      -0.101799       0.415658       0.420839         -0.000000
    8.990000       1.033795      -0.106381       0.415181       0.420839         -0.000000
    9.000000       1.032708      -0.110966       0.414683       0.420839         -0.000000
    9.010000       1.031575      -0.115553       0.414163       0.420839         -0.000000
    9.020000       1.030397      -0.120142       0.413622       0.420839         -0.000000
    9.030000       1.029173      -0.124733       0.413060       0.420839         -0.000000
    9.040000       1.027902      -0.129327       0.412477       0.420839         -0.000000
    9.050000       1.026586      -0.133924       0.411871       0.420839         -0.000000
    9.060000       1.025224      -0.138523       0.411245       0.420839         -0.000000
    9.070000       1.023816      -0.143125       0.410597       0.420839         -0.000000
    9.080000       1.022361      -0.147730       0.409927       0.420839         -0.000000
    9.090000       1.020861      -0.152339       0.409236       0.420839         -0.000000
    9.100000       1.019315      -0.156950       0.408523       0.420839         -0.000000
    9.110000       1.017722      -0.161564       0.407788       0.420839         -0.000000
    9.120000       1.016083      -0.166181       0.407031       0.420839         -0.000000
    9.130000       1.014398      -0.170802       0.406253       0.420839         -0.000000
    9.140000       1.012667      -0.175427       0.405452       0.420839         -0.000000
    9.150000       1.010890      -0.180054       0.404630       0.420839         -0.000000
    9.160000       1.009066      -0.184686       0.403785       0.420839         -0.000000
    9.170000       1.007196      -0.189321       0.402918       0.420839         -0.000000
    9.180000       1.005280      -0.193959       0.402029       0.420839         -0.000000
    9.190000       1.003317      -0.198602       0.401118       0.420839         -0.000000
    9.200000       1.001308      -0.203248       0.400184       0.420839         -0.000000
    9.210000       0.999252      -0.207898       0.399228       0.420839         -0.000000
    9.220000       0.997150      -0.212553       0.398250       0.420839         -0.000000
    9.230000       0.995001      -0.217211       0.397249       0.420839         -0.000000
    9.240000       0.992805      -0.221874       0.396225       0.420839         -0.000000
    9.250000       0.990563      -0.226541       0.395179       0.420839         -0.000000
    9.260000       0.988275      -0.231212       0.394110       0.420839         -0.000000
    9.270000       0.985939      -0.235888       0.393018       0.420839         -0.000000
    9.280000       0.983557      -0.240568       0.391903       0.420839         -0.000000
    9.290000       0.981128      -0.245253       0.390765       0.420839         -0.000000
    9.300000       0.978652      -0.249942       0.389604       0.420839         -0.000000
    9.310000       0.976129      -0.254636       0.388420       0.420839         -0.000000
    9.320000       0.973559      -0.259334       0.387212       0.420839         -0.000000
    9.330000       0.970942      -0.264038       0.385981       0.420839         -0.000000
    9.340000       0.968278      -0.268746       0.384727       0.420839         -0.000000
    9.350000       0.965567      -0.273459       0.383449       0.420839         -0.000000
    9.360000       0.962809      -0.278177       0.382148       0.420839         -0.000000
    9.370000       0.960004      -0.282901       0.380823       0.420839         -0.000000
    9.380000       0.957151      -0.287629       0.379474       0.420839         -0.000000
    9.390000       0.954251      -0.292362       0.378101       0.420839         -0.000000
    9.400000       0.951304      -0.297101       0.376705       0.420839         -0.000000
    9.410000       0.948309      -0.301845       0.375284       0.420839         -0.000000
    9.420000       0.945267      -0.306594       0.373839       0.420839         -0.000000
    9.430000       0.942177      -0.311348       0.372370       0.420839         -0.000000
    9.440000       0.939040      -0.316108       0.370877       0.420839         -0.000000
    9.450000       0.935855      -0.320873       0.369360       0.420839         -0.000000
    9.460000       0.932622      -0.325643       0.367817       0.420839         -0.000000
    9.470000       0.929342      -0.330419       0.366251       0.420839         -0.000000
    9.480000       0.926014      -0.335201       0.364660       0.420839         -0.000000
    9.490000       0.922638      -0.339988       0.363043       0.420839         -0.000000
    9.500000       0.919214      -0.344780       0.361403       0.420839         -0.000000
    9.510000       0.915742      -0.349578       0.359737       0.420839         -0.000000
    9.520000       0.912223      -0.354382       0.358046       0.420839         -0.000000
    9.530000       0.908655      -0.359191       0.356330       0.420839         -0.000000
    9.540000       0.905039      -0.364006       0.354589       0.420839         -0.000000
    9.550000       0.901375      -0.368827       0.352823       0.420839         -0.000000
    9.560000       0.897662      -0.373653       0.351031       0.420839         -0.000000
    9.570000       0.893902      -0.378485       0.349214       0.420839         -0.000000
    9.580000       0.890092      -0.383322       0.347371       0.420839         -0.000000
    9.590000       0.886235      -0.388165       0.345503       0.420839         -0.000000
    9.600000       0.882329      -0.393014       0.343609       0.420839         -0.000000
    9.610000       0.878375      -0.397868       0.341690       0.420839         -0.000000
    9.620000       0.874372      -0.402728       0.339744       0.420839         -0.000000
    9.630000       0.870320      -0.407593       0.337773       0.420839         -0.000000
    9.640000       0.866220      -0.412464       0.335776       0.420839         -0.000000
    9.650000       0.862071      -0.417341       0.333753       0.420839         -0.000000
    9.660000       0.857873      -0.422223       0.331703       0.420839         -0.000000
    9.670000       0.853626      -0.427110       0.329628       0.420839         -0.000000
    9.680000       0.849331      -0.432003       0.327526       0.420839         -0.000000
    9.690000       0.844986      -0.436901       0.325398       0.420839         -0.000000
    9.700000       0.840593      -0.441804       0.323244       0.420839         -0.000000
    9.710000       0.836150      -0.446713       0.321063       0.420839         -0.000000
    9.720000       0.831659      -0.451627       0.318856       0.420839         -0.000000
    9.730000       0.827118      -0.456546       0.316622       0.420839         -0.000000
    9.740000       0.822528      -0.461469       0.314362       0.420839         -0.000000
    9.750000       0.817888      -0.466398       0.312076       0.420839         -0.000000
    9.760000       0.813200      -0.471332       0.309762       0.420839         -0.000000
    9.770000       0.808462      -0.476270       0.307423       0.420839         -0.000000
    9.780000       0.803674      -0.481213       0.305056       0.420839         -0.000000
    9.790000       0.798837      -0.486161       0.302663       0.420839         -0.000000
    9.800000       0.793951      -0.491113       0.300244       0.420839         -0.000000
    9.810000       0.789015      -0.496069       0.297797       0.420839         -0.000000
    9.820000       0.784030      -0.501029       0.295324       0.420839         -0.000000
    9.830000       0.778994      -0.505993       0.292825       0.420839         -0.000000
    9.840000       0.773910      -0.510961       0.290299       0.420839         -0.000000
    9.850000       0.768775      -0.515933       0.287746       0.420839         -0.000000
    9.860000       0.763591      -0.520908       0.285167       0.420839         -0.000000
    9.870000       0.758357      -0.525887       0.282561       0.420839         -0.000000
    9.880000       0.753073      -0.530868       0.279929       0.420839         -0.000000
    9.890000       0.747740      -0.535853       0.277270       0.420839         -0.000000
    9.900000       0.742356      -0.540840       0.274585       0.420839         -0.000000
    9.910000       0.736923      -0.545830       0.271874       0.420839         -0.000000
    9.920000       0.731440      -0.550821       0.269137       0.420839         -0.000000
    9.930000       0.725906      -0.555815       0.266374       0.420839         -0.000000
    9.940000       0.720323      -0.560811       0.263585       0.420839         -0.000000
    9.950000       0.714690      -0.565808       0.260770       0.420839         -0.000000
    9.960000       0.709007      -0.570806       0.257929       0.420839         -0.000000
    9.970000       0.703274      -0.575806       0.255063       0.420839         -0.000000
    9.980000       0.697491      -0.580805       0.252172       0.420839         -0.000000
    9.990000       0.691658      -0.585805       0.249255       0.420839         -0.000000
   10.000000       0.685775      -0.590805       0.246314       0.420839         -0.000000
   10.010000       0.679842      -0.595805       0.243348       0.420839         -0.000000
   10.020000       0.673859      -0.600803       0.240357       0.420839         -0.000000
   10.030000       0.667826      -0.605801       0.237342       0.420839         -0.000000
   10.040000       0.661743      -0.610796       0.234303       0.420839         -0.000000
   10.050000       0.655610      -0.615790       0.231240       0.420839         -0.000000
   10.060000       0.649427      -0.620782       0.228154       0.420839         -0.000000
   10.070000       0.643194      -0.625770       0.225045       0.420839         -0.000000
   10.080000       0.636912      -0.630755       0.221913       0.420839         -0.000000
   10.090000       0.630579      -0.635737       0.218759       0.420839         -0.000000
   10.100000       0.624197      -0.640713       0.215582       0.420839         -0.000000
   10.110000       0.617765      -0.645685       0.212384       0.420839         -0.000000
   10.120000       0.611283      -0.650652       0.209165       0.420839         -0.000000
   10.130000       0.604752      -0.655612       0.205925       0.420839         -0.000000
   10.140000       0.598171      -0.660566       0.202665       0.420839         -0.000000
   10.150000       0.591541      -0.665513       0.199386       0.420839         -0.000000
   10.160000       0.584861      -0.670452       0.196087       0.420839         -0.000000
   10.170000       0.578132      -0.675382       0.192769       0.420839         -0.000000
   10.180000       0.571353      -0.680303       0.189433       0.420839         -0.000000
   10.190000       0.564526      -0.685214       0.186080       0.420839         -0.000000
   10.200000       0.557649      -0.690114       0.182710       0.420839         -0.000000
   10.210000       0.550723      -0.695003       0.179325       0.420839         -0.000000
   10.220000       0.543749      -0.699880       0.175923       0.420839         -0.000000
   10.230000       0.536726      -0.704743       0.172508       0.420839         -0.000000
   10.240000       0.529654      -0.709593       0.169078       0.420839         -0.000000
   10.250000       0.522534      -0.714427       0.165636       0.420839         -0.000000
   10.260000       0.515366      -0.719246       0.162182       0.420839         -0.000000
   10.270000       0.508149      -0.724049       0.158716       0.420839         -0.000000
   10.280000       0.500885      -0.728833       0.155240       0.420839         -0.000000
   10.290000       0.493573      -0.733599       0.151756       0.420839         -0.000000
   10.300000       0.486213      -0.738345       0.148263       0.420839         -0.000000
   10.310000       0.478806      -0.743070       0.144763       0.420839         -0.000000
   10.320000       0.471351      -0.747773       0.141257       0.420839         -0.000000
   10.330000       0.463850      -0.752453       0.137747       0.420839         -0.000000
   10.340000       0.456302      -0.757108       0.134233       0.420839         -0.000000
   10.350000       0.448708      -0.761738       0.130717       0.420839         -0.000000
   10.360000       0.441068      -0.766341       0.127200       0.420839         -0.000000
   10.370000       0.433382      -0.770916       0.123684       0.420839         -0.000000
   10.380000       0.425650      -0.775461       0.120170       0.420839         -0.000000
   10.390000       0.417872      -0.779975       0.116659       0.420839         -0.000000
   10.400000       0.410050      -0.784456       0.113154       0.420839         -0.000000
   10.410000       0.402183      -0.788903       0.109655       0.420839         -0.000000
   10.420000       0.394272      -0.793315       0.106165       0.420839         -0.000000
   10.430000       0.386317      -0.797689       0.102685       0.420839         -0.000000
   10.440000       0.378319      -0.802025       0.099217       0.420839         -0.000000
   10.450000       0.370277      -0.806320       0.095764       0.420839         -0.000000
   10.460000       0.362192      -0.810572       0.092326       0.420839         -0.000000
   10.470000       0.354066      -0.814780       0.088906       0.420839         -0.000000
   10.480000       0.345897      -0.818942       0.085506       0.420839         -0.000000
   10.490000       0.337687      -0.823056       0.082129       0.420839         -0.000000
   10.500000       0.329436      -0.827119       0.078776       0.420839         -0.000000
   10.510000       0.321145      -0.831131       0.075450       0.420839         -0.000000
   10.520000       0.312814      -0.835088       0.072153       0.420839         -0.000000
   10.530000       0.304443      -0.838989       0.068888       0.420839         -0.000000
   10.540000       0.296034      -0.842830       0.065658       0.420839         -0.000000
   10.550000       0.287587      -0.846611       0.062464       0.420839         -0.000000
   10.560000       0.279102      -0.850328       0.059310       0.420839         -0.000000
   10.570000       0.270580      -0.853979       0.056199       0.420839         -0.000000
   10.580000       0.262023      -0.857562       0.053133       0.420839         -0.000000
   10.590000       0.253429      -0.861073       0.050116       0.420839         -0.000000
   10.600000       0.244801      -0.864511       0.047150       0.420839         -0.000000
   10.610000       0.236139      -0.867872       0.044238       0.420839         -0.000000
   10.620000       0.227444      -0.871154       0.041385       0.420839         -0.000000
   10.630000       0.218717      -0.874353       0.038593       0.420839         -0.000000
   10.640000       0.209957      -0.877467       0.035865       0.420839         -0.000000
   10.650000       0.201168      -0.880492       0.033206       0.420839         -0.000000
   10.660000       0.192348      -0.883427       0.030618       0.420839         -0.000000
   10.670000       0.183499      -0.886266       0.028106       0.420839         -0.000000
   10.680000       0.174623      -0.889007       0.025672       0.420839         -0.000000
   10.690000       0.165720      -0.891647       0.023322       0.420839         -0.000000
   10.700000       0.156790      -0.894182       0.021059       0.420839         -0.000000
   10.710000       0.147836      -0.896608       0.018886       0.420839         -0.000000
   10.720000       0.138859      -0.898922       0.016809       0.420839         -0.000000
   10.730000       0.129858      -0.901120       0.014830       0.420839         -0.000000
   10.740000       0.120836      -0.903199       0.012955       0.420839         -0.000000
   10.750000       0.111795      -0.905154       0.011188       0.420839         -0.000000
   10.760000       0.102734      -0.906981       0.009532       0.420839         -0.000000
   10.770000       0.093655      -0.908676       0.007993       0.420839         -0.000000
   10.780000       0.084561      -0.910236       0.006575       0.420839         -0.000000
   10.790000       0.075451      -0.911655       0.005282       0.420839         -0.000000
   10.800000       0.066328      -0.912930       0.004119       0.420839         -0.000000
   10.810000       0.057193      -0.914056       0.003090       0.420839         -0.000000
   10.820000       0.048048      -0.915029       0.002201       0.420839         -0.000000
   10.830000       0.038893      -0.915843       0.001455       0.420839         -0.000000
   10.840000       0.029731      -0.916495       0.000858       0.420839         -0.000000
   10.850000       0.020564      -0.916979       0.000414       0.420839         -0.000000
   10.860000       0.011392      -0.917291       0.000128       0.420839         -0.000000
   10.870000       0.002218      -0.917425       0.000005       0.420839         -0.000000
   10.880000      -0.006956      -0.917377       0.000049       0.420839         -0.000000
   10.890000      -0.016128      -0.917142       0.000264       0.420839         -0.000000
   10.900000      -0.025298      -0.916715       0.000656       0.420839         -0.000000
   10.910000      -0.034462      -0.916089       0.001229       0.420839         -0.000000
   10.920000      -0.043619      -0.915261       0.001988       0.420839         -0.000000
   10.930000      -0.052767      -0.914225       0.002936       0.420839         -0.000000
   10.940000      -0.061903      -0.912975       0.004078       0.420839         -0.000000
   10.950000      -0.071025      -0.911505       0.005418       0.420839         -0.000000
   10.960000      -0.080132      -0.909812       0.006961       0.420839         -0.000000
   10.970000      -0.089221      -0.907888       0.008709       0.420839         -0.000000
   10.980000      -0.098289      -0.905729       0.010667       0.420839         -0.000000
   10.990000      -0.107335      -0.903328       0.012838       0.420839         -0.000000
   11.000000      -0.116355      -0.900681       0.015226       0.420839         -0.000000
   11.010000      -0.125347      -0.897781       0.017834       0.420839         -0.000000
   11.020000      -0.134310      -0.894624       0.020663       0.420839         -0.000000
   11.030000      -0.143239      -0.891203       0.023718       0.420839         -0.000000
   11.040000      -0.152133      -0.887513       0.026999       0.420839         -0.000000
   11.050000      -0.160988      -0.883549       0.030510       0.420839         -0.000000
   11.060000      -0.169803      -0.879304       0.034251       0.420839         -0.000000
   11.070000      -0.178573      -0.874774       0.038224       0.420839         -0.000000
   11.080000      -0.187297      -0.869953       0.042430       0.420839         -0.000000
   11.090000      -0.195972      -0.864836       0.046869       0.420839         -0.000000
   11.100000      -0.204593      -0.859417       0.051541       0.420839         -0.000000
   11.110000      -0.213159      -0.853691       0.056445       0.420839         -0.000000
   11.120000      -0.221666      -0.847654       0.061581       0.420839         -0.000000
   11.130000      -0.230111      -0.841300       0.066946       0.420839         -0.000000
   11.140000      -0.238491      -0.834625       0.072540       0.420839         -0.000000
   11.150000      -0.246802      -0.827624       0.078359       0.420839         -0.000000
   11.160000      -0.255042      -0.820292       0.084400       0.420839         -0.000000
   11.170000      -0.263207      -0.812626       0.090659       0.420839         -0.000000
   11.180000      -0.271294      -0.804621       0.097132       0.420839         -0.000000
   11.190000      -0.279298      -0.796273       0.103814       0.420839         -0.000000
   11.200000      -0.287218      -0.787579       0.110699       0.420839         -0.000000
   11.210000      -0.295049      -0.778535       0.117781       0.420839         -0.000000
   11.220000      -0.302787      -0.769139       0.125052       0.420839         -0.000000
   11.230000      -0.310430      -0.759387       0.132505       0.420839         -0.000000
   11.240000      -0.317974      -0.749278       0.140131       0.420839          0.000000
   11.250000      -0.325415      -0.738808       0.147921       0.420839          0.000000
   11.260000      -0.332749      -0.727976       0.155865       0.420839          0.000000
   11.270000      -0.339973      -0.716781       0.163952       0.420839          0.000000
   11.280000      -0.347083      -0.705221       0.172171       0.420839          0.000000
   11.290000      -0.354076      -0.693297       0.180509       0.420839          0.000000
   11.300000      -0.360948      -0.681006       0.188954       0.420839          0.000000
   11.310000      -0.367695      -0.668351       0.197493       0.420839          0.000000
   11.320000      -0.374314      -0.655331       0.206110       0.420839          0.000000
   11.330000      -0.380800      -0.641947       0.214791       0.420839          0.000000
   11.340000      -0.387152      -0.628202       0.223521       0.420839          0.000000
   11.350000      -0.393363      -0.614096       0.232282       0.420839          0.000000
   11.360000      -0.399432      -0.599633       0.241059       0.420839          0.000000
   11.370000      -0.405355      -0.584816       0.249835       0.420839          0.000000
   11.380000      -0.411127      -0.569648       0.258590       0.420839          0.000000
   11.390000      -0.416747      -0.554133       0.267308       0.420839          0.000000
   11.400000      -0.422209      -0.538276       0.275969       0.420839          0.000000
   11.410000      -0.427511      -0.522083       0.284554       0.420839          0.000000
   11.420000      -0.432649      -0.505559       0.293045       0.420839          0.000000
   11.430000      -0.437621      -0.488710       0.301421       0.420839          0.000000
   11.440000      -0.442423      -0.471543       0.309663       0.420839          0.000000
   11.450000      -0.447051      -0.454067       0.317751       0.420839          0.000000
   11.460000      -0.451503      -0.436288       0.325665       0.420839          0.000000
   11.470000      -0.455776      -0.418217       0.333387       0.420839          0.000000
   11.480000      -0.459866      -0.399860       0.340895       0.420839          0.000000
   11.490000      -0.463772      -0.381230       0.348171       0.420839          0.000000
   11.500000      -0.467490      -0.362335       0.355196       0.420839          0.000000
   11.510000      -0.471018      -0.343186       0.361951       0.420839          0.000000
   11.520000      -0.474353      -0.323795       0.368418       0.420839         -0.000000
   11.530000      -0.477493      -0.304174       0.374578       0.420839         -0.000000
   11.540000      -0.480436      -0.284335       0.380416       0.420839         -0.000000
   11.550000      -0.483179      -0.264291       0.385914       0.420839         -0.000000
   11.560000      -0.485721      -0.244054       0.391058       0.420839         -0.000000
   11.570000      -0.488060      -0.223639       0.395832       0.420839         -0.000000
   11.580000      -0.490193      -0.203060       0.400223       0.420839         -0.000000
   11.590000      -0.492120      -0.182330       0.404217       0.420839         -0.000000
   11.600000      -0.493839      -0.161465       0.407804       0.420839         -0.000000
   11.610000      -0.495349      -0.140479       0.410972       0.420839         -0.000000
   11.620000      -0.496649      -0.119388       0.413713       0.420839         -0.000000
   11.630000      -0.497737      -0.098208       0.416017       0.420839         -0.000000
   11.640000      -0.498612      -0.076953       0.417878       0.420839         -0.000000
   11.650000      -0.499275      -0.055640       0.419291       0.420839         -0.000000
   11.660000      -0.499725      -0.034286       0.420252       0.420839         -0.000000
   11.670000      -0.499961      -0.012905       0.420756       0.420839         -0.000000
   11.680000      -0.499983       0.008485       0.420803       0.420839         -0.000000
   11.690000      -0.499791       0.029869       0.420393       0.420839         -0.000000
   11.700000      -0.499386       0.051231       0.419527       0.420839         -0.000000
   11.710000      -0.498767       0.072554       0.418207       0.420839         -0.000000
   11.720000      -0.497935       0.093821       0.416438       0.420839         -0.000000
   11.730000      -0.496891       0.115019       0.414225       0.420839         -0.000000
   11.740000      -0.495635       0.136129       0.411574       0.420839         -0.000000
   11.750000      -0.494168       0.157138       0.408493       0.420839         -0.000000
   11.760000      -0.492493       0.178029       0.404992       0.420839         -0.000000
   11.770000      -0.490608       0.198788       0.401081       0.420839         -0.000000
   11.780000      -0.488517       0.219400       0.396771       0.420839         -0.000000
   11.790000      -0.486221       0.239850       0.392075       0.420839         -0.000000
   11.800000      -0.483721       0.260125       0.387007       0.420839         -0.000000
   11.810000      -0.481019       0.280210       0.381580       0.420839         -0.000000
   11.820000      -0.478117       0.300093       0.375812       0.420839         -0.000000
   11.830000      -0.475018       0.319760       0.369716       0.420839         -0.000000
   11.840000      -0.471723       0.339199       0.363311       0.420839         -0.000000
   11.850000      -0.468235       0.358398       0.356615       0.420839         -0.000000
   11.860000      -0.464556       0.377347       0.349644       0.420839         -0.000000
   11.870000      -0.460689       0.396033       0.342418       0.420839         -0.000000
   11.880000      -0.456636       0.414447       0.334956       0.420839          0.000000
   11.890000      -0.452401       0.432578       0.327277       0.420839          0.000000
   11.900000      -0.447985       0.450418       0.319401       0.420839          0.000000
   11.910000      -0.443393       0.467958       0.311347       0.420839          0.000000
   11.920000      -0.438627       0.485189       0.303135       0.420839          0.000000
   11.930000      -0.433691       0.502104       0.294785       0.420839          0.000000
   11.940000      -0.428586       0.518695       0.286317       0.420839          0.000000
   11.950000      -0.423318       0.534958       0.277749       0.420839          0.000000
   11.960000      -0.417888       0.550884       0.269103       0.420839          0.000000
   11.970000      -0.412301       0.566470       0.260395       0.420839          0.000000
   11.980000      -0.406560       0.581710       0.251646       0.420839          0.000000
   11.990000      -0.400668       0.596600       0.242873       0.420839          0.000000
   12.000000      -0.394629       0.611137       0.234095       0.420839          0.000000
   12.010000      -0.388447       0.625316       0.225329       0.420839          0.000000
   12.020000      -0.382124       0.639137       0.216591       0.420839          0.000000
   12.030000      -0.375665       0.652595       0.207899       0.420839          0.000000
   12.040000      -0.369073       0.665691       0.199267       0.420839          0.000000
   12.050000      -0.362352       0.678421       0.190711       0.420839          0.000000
   12.060000      -0.355506       0.690787       0.182246       0.420839          0.000000
   12.070000      -0.348538       0.702787       0.173884       0.420839         -0.000000
   12.080000      -0.341452       0.714422       0.165640       0.420839         -0.000000
   12.090000      -0.334251       0.725693       0.157524       0.420839         -0.000000
   12.100000      -0.326939       0.736599       0.149550       0.420839         -0.000000
   12.110000      -0.319520       0.747144       0.141727       0.420839         -0.000000
   12.120000      -0.311997       0.757328       0.134067       0.420839         -0.000000
   12.130000      -0.304375       0.767153       0.126577       0.420839         -0.000000
   12.140000      -0.296655       0.776623       0.119268       0.420839         -0.000000
   12.150000      -0.288843       0.785739       0.112146       0.420839         -0.000000
   12.160000      -0.280942       0.794505       0.105220       0.420839         -0.000000
   12.170000      -0.272954       0.802924       0.098496       0.420839         -0.000000
   12.180000      -0.264884       0.811000       0.091979       0.420839         -0.000000
   12.190000      -0.256735       0.818736       0.085675       0.420839         -0.000000
   12.200000      -0.248511       0.826136       0.079589       0.420839         -0.000000
   12.210000      -0.240214       0.833205       0.073724       0.420839         -0.000000
   12.220000      -0.231848       0.839948       0.068083       0.420839         -0.000000
   12.230000      -0.223416       0.846367       0.062670       0.420839         -0.000000
   12.240000      -0.214922       0.852470       0.057487       0.420839         -0.000000
   12.250000      -0.206368       0.858259       0.052535       0.420839         -0.000000
   12.260000      -0.197757       0.863741       0.047815       0.420839         -0.000000
   12.270000      -0.189094       0.868920       0.043328       0.420839         -0.000000
   12.280000      -0.180380       0.873802       0.039074       0.420839         -0.000000
   12.290000      -0.171619       0.878392       0.035053       0.420839         -0.000000
   12.300000      -0.162813       0.882695       0.031264       0.420839         -0.000000
   12.310000      -0.153966       0.886717       0.027706       0.420839         -0.000000
   12.320000      -0.145080       0.890463       0.024377       0.420839         -0.000000
   12.330000      -0.136157       0.893939       0.021276       0.420839         -0.000000
   12.340000      -0.127202       0.897150       0.018400       0.420839         -0.000000
   12.350000      -0.118215       0.900103       0.015747       0.420839         -0.000000
   12.360000      -0.109201       0.902802       0.013314       0.420839         -0.000000
   12.370000      -0.100160       0.905253       0.011098       0.420839         -0.000000
   12.380000      -0.091096       0.907461       0.009096       0.420839         -0.000000
   12.390000      -0.082012       0.909433       0.007305       0.420839         -0.000000
   12.400000      -0.072908       0.911174       0.005720       0.420839         -0.000000
   12.410000      -0.063789       0.912689       0.004339       0.420839         -0.000000
   12.420000      -0.054655       0.913984       0.003156       0.420839         -0.000000
   12.430000      -0.045510       0.915064       0.002168       0.420839         -0.000000
   12.440000      -0.036355       0.915935       0.001371       0.420839         -0.000000
   12.450000      -0.027192       0.916602       0.000760       0.420839         -0.000000
   12.460000      -0.018023       0.917070       0.000331       0.420839         -0.000000
   12.470000      -0.008851       0.917344       0.000079       0.420839         -0.000000
   12.480000       0.000323       0.917430       0.000000       0.420839         -0.000000
   12.490000       0.009497       0.917333       0.000089       0.420839         -0.000000
   12.500000       0.018669       0.917057       0.000342       0.420839         -0.000000
   12.510000       0.027837       0.916609       0.000754       0.420839         -0.000000
   12.520000       0.037000       0.915991       0.001319       0.420839         -0.000000
   12.530000       0.046157       0.915210       0.002035       0.420839         -0.000000
   12.540000       0.055304       0.914270       0.002895       0.420839         -0.000000
   12.550000       0.064442       0.913175       0.003895       0.420839         -0.000000
   12.560000       0.073567       0.911931       0.005031       0.420839         -0.000000
   12.570000       0.082680       0.910541       0.006297       0.420839         -0.000000
   12.580000       0.091778       0.909010       0.007690       0.420839         -0.000000
   12.590000       0.100859       0.907342       0.009204       0.420839         -0.000000
   12.600000       0.109924       0.905542       0.010836       0.420839         -0.000000
   12.610000       0.118970       0.903613       0.012581       0.420839         -0.000000
   12.620000       0.127996       0.901560       0.014434       0.420839         -0.000000
   12.630000       0.137001       0.899386       0.016392       0.420839         -0.000000
   12.640000       0.145983       0.897095       0.018449       0.420839         -0.000000
   12.650000       0.154942       0.894692       0.020602       0.420839         -0.000000
   12.660000       0.163877       0.892179       0.022847       0.420839         -0.000000
   12.670000       0.172785       0.889561       0.025180       0.420839         -0.000000
   12.680000       0.181667       0.886840       0.027596       0.420839         -0.000000
   12.690000       0.190522       0.884021       0.030093       0.420839         -0.000000
   12.700000       0.199348       0.881106       0.032665       0.420839         -0.000000
   12.710000       0.208144       0.878099       0.035310       0.420839         -0.000000
   12.720000       0.216909       0.875003       0.038024       0.420839         -0.000000
   12.730000       0.225643       0.871821       0.040803       0.420839         -0.000000
   12.740000       0.234345       0.868557       0.043644       0.420839         -0.000000
   12.750000       0.243014       0.865212       0.046544       0.420839         -0.000000
   12.760000       0.251649       0.861790       0.049499       0.420839         -0.000000
   12.770000       0.260250       0.858293       0.052506       0.420839         -0.000000
   12.780000       0.268815       0.854725       0.055562       0.420839         -0.000000
   12.790000       0.277344       0.851088       0.058664       0.420839         -0.000000
   12.800000       0.285837       0.847384       0.061809       0.420839         -0.000000
   12.810000       0.294292       0.843617       0.064995       0.420839         -0.000000
   12.820000       0.302709       0.839787       0.068218       0.420839         -0.000000
   12.830000       0.311087       0.835899       0.071476       0.420839         -0.000000
   12.840000       0.319426       0.831953       0.074766       0.420839         -0.000000
   12.850000       0.327726       0.827953       0.078086       0.420839         -0.000000
   12.860000       0.335985       0.823900       0.081434       0.420839         -0.000000
   12.870000       0.344204       0.819796       0.084807       0.420839         -0.000000
   12.880000       0.352381       0.815644       0.088202       0.420839         -0.000000
   12.890000       0.360517       0.811445       0.091618       0.420839         -0.000000
   12.900000       0.368610       0.807202       0.095052       0.420839         -0.000000
   12.910000       0.376660       0.802916       0.098502       0.420839         -0.000000
   12.920000       0.384668       0.798589       0.101967       0.420839         -0.000000
   12.930000       0.392632       0.794222       0.105445       0.420839         -0.000000
   12.940000       0.400552       0.789818       0.108933       0.420839         -0.000000
   12.950000       0.408428       0.785378       0.112430       0.420839         -0.000000
   12.960000       0.416260       0.780903       0.115934       0.420839         -0.000000
   12.970000       0.424046       0.776396       0.119444       0.420839         -0.000000
   12.980000       0.431788       0.771857       0.122957       0.420839         -0.000000
   12.990000       0.439483       0.767289       0.126473       0.420839         -0.000000
   13.000000       0.447133       0.762692       0.129990       0.420839         -0.000000
   13.010000       0.454737       0.758067       0.133506       0.420839         -0.000000
   13.020000       0.462295       0.753417       0.137021       0.420839         -0.000000
   13.030000       0.469805       0.748742       0.140532       0.420839         -0.000000
   13.040000       0.477269       0.744044       0.144039       0.420839         -0.000000
   13.050000       0.484686       0.739323       0.147540       0.420839         -0.000000
   13.060000       0.492056       0.734581       0.151035       0.420839         -0.000000
   13.070000       0.499378       0.729819       0.154521       0.420839         -0.000000
   13.080000       0.506652       0.725039       0.157999       0.420839         -0.000000
   13.090000       0.513878       0.720240       0.161466       0.420839         -0.000000
   13.100000       0.521057       0.715424       0.164923       0.420839         -0.000000
   13.110000       0.528187       0.710593       0.168368       0.420839         -0.000000
   13.120000       0.535269       0.705746       0.171800       0.420839         -0.000000
   13.130000       0.542302       0.700886       0.175219       0.420839         -0.000000
   13.140000       0.549286       0.696012       0.178623       0.420839         -0.000000
   13.150000       0.556222       0.691125       0.182012       0.420839         -0.000000
   13.160000       0.563109       0.686227       0.185385       0.420839         -0.000000
   13.170000       0.569946       0.681319       0.188742       0.420839         -0.000000
   13.180000       0.576735       0.676400       0.192081       0.420839         -0.000000
   13.190000       0.583474       0.671471       0.195403       0.420839         -0.000000
   13.200000       0.590164       0.666534       0.198705       0.420839         -0.000000
   13.210000       0.596805       0.661589       0.201989       0.420839         -0.000000
   13.220000       0.603396       0.656637       0.205253       0.420839         -0.000000
   13.230000       0.609938       0.651677       0.208498       0.420839         -0.000000
   13.240000       0.616430       0.646712       0.211721       0.420839         -0.000000
   13.250000       0.622872       0.641741       0.214923       0.420839         -0.000000
   13.260000       0.629265       0.636765       0.218104       0.420839         -0.000000
   13.270000       0.635607       0.631785       0.221263       0.420839         -0.000000
   13.280000       0.641900       0.626801       0.224400       0.420839         -0.000000
   13.290000       0.648143       0.621813       0.227514       0.420839         -0.000000
   13.300000       0.654336       0.616822       0.230605       0.420839         -0.000000
   13.310000       0.660480       0.611829       0.233672       0.420839         -0.000000
   13.320000       0.666573       0.606833       0.236716       0.420839         -0.000000
   13.330000       0.672616       0.601836       0.239736       0.420839         -0.000000
   13.340000       0.678610       0.596837       0.242732       0.420839         -0.000000
   13.350000       0.684553       0.591838       0.245703       0.420839         -0.000000
   13.360000       0.690446       0.586838       0.248650       0.420839         -0.000000
   13.370000       0.696290       0.581838       0.251571       0.420839         -0.000000
   13.380000       0.702083       0.576839       0.254468       0.420839         -0.000000
   13.390000       0.707827       0.571839       0.257339       0.420839         -0.000000
   13.400000       0.713520       0.566841       0.260185       0.420839         -0.000000
   13.410000       0.719163       0.561843       0.263005       0.420839         -0.000000
   13.420000       0.724757       0.556847       0.265800       0.420839         -0.000000
   13.430000       0.730300       0.551853       0.268568       0.420839         -0.000000
   13.440000       0.735794       0.546861       0.271311       0.420839         -0.000000
   13.450000       0.741238       0.541871       0.274027       0.420839         -0.000000
   13.460000       0.746631       0.536883       0.276718       0.420839         -0.000000
   13.470000       0.751975       0.531898       0.279382       0.420839         -0.000000
   13.480000       0.757269       0.526916       0.282019       0.420839         -0.000000
   13.490000       0.762514       0.521937       0.284630       0.420839         -0.000000
   13.500000       0.767708       0.516961       0.287215       0.420839         -0.000000
   13.510000       0.772853       0.511988       0.289773       0.420839         -0.000000
   13.520000       0.777948       0.507019       0.292305       0.420839         -0.000000
   13.530000       0.782993       0.502054       0.294810       0.420839         -0.000000
   13.540000       0.787989       0.497093       0.297288       0.420839         -0.000000
   13.550000       0.792935       0.492136       0.299740       0.420839         -0.000000
   13.560000       0.797832       0.487184       0.302165       0.420839         -0.000000
   13.570000       0.802679       0.482235       0.304564       0.420839         -0.000000
   13.580000       0.807476       0.477291       0.306936       0.420839         -0.000000
   13.590000       0.812225       0.472352       0.309281       0.420839         -0.000000
   13.600000       0.816924       0.467417       0.311600       0.420839         -0.000000
   13.610000       0.821573       0.462487       0.313892       0.420839         -0.000000
   13.620000       0.826173       0.457563       0.316158       0.420839         -0.000000
   13.630000       0.830724       0.452643       0.318397       0.420839         -0.000000
   13.640000       0.835226       0.447728       0.320609       0.420839         -0.000000
   13.650000       0.839679       0.442818       0.322795       0.420839         -0.000000
   13.660000       0.844083       0.437914       0.324955       0.420839         -0.000000
   13.670000       0.848437       0.433014       0.327089       0.420839         -0.000000
   13.680000       0.852743       0.428121       0.329196       0.420839         -0.000000
   13.690000       0.857000       0.423232       0.331277       0.420839         -0.000000
   13.700000       0.861207       0.418349       0.333331       0.420839         -0.000000
   13.710000       0.865367       0.413471       0.335360       0.420839         -0.000000
   13.720000       0.869477       0.408599       0.337363       0.420839         -0.000000
   13.730000       0.873539       0.403733       0.339339       0.420839         -0.000000
   13.740000       0.877552       0.398872       0.341290       0.420839         -0.000000
   13.750000       0.881516       0.394016       0.343215       0.420839         -0.000000
   13.760000       0.885432       0.389166       0.345114       0.420839         -0.000000
   13.770000       0.889299       0.384322       0.346987       0.420839         -0.000000
   13.780000       0.893118       0.379484       0.348835       0.420839         -0.000000
   13.790000       0.896889       0.374651       0.350658       0.420839         -0.000000
   13.800000       0.900611       0.369823       0.352455       0.420839         -0.000000
   13.810000       0.904286       0.365002       0.354226       0.420839         -0.000000
   13.820000       0.907912       0.360186       0.355972       0.420839         -0.000000
   13.830000       0.911489       0.355375       0.357693       0.420839         -0.000000
   13.840000       0.915019       0.350570       0.359389       0.420839         -0.000000
   13.850000       0.918501       0.345771       0.361060       0.420839         -0.000000
   13.860000       0.921934       0.340978       0.362706       0.420839         -0.000000
   13.870000       0.925320       0.336189       0.364328       0.420839         -0.000000
   13.880000       0.928658       0.331407       0.365924       0.420839         -0.000000
   13.890000       0.931948       0.326630       0.367496       0.420839         -0.000000
   13.900000       0.935191       0.321858       0.369043       0.420839         -0.000000
   13.910000       0.938386       0.317092       0.370566       0.420839         -0.000000
   13.920000       0.941533       0.312331       0.372064       0.420839         -0.000000
   13.930000       0.944632       0.307576       0.373538       0.420839         -0.000000
   13.940000       0.947684       0.302825       0.374988       0.420839         -0.000000
   13.950000       0.950689       0.298081       0.376413       0.420839         -0.000000
   13.960000       0.953646       0.293341       0.377815       0.420839         -0.000000
   13.970000       0.956556       0.288607       0.379192       0.420839         -0.000000
   13.980000       0.959418       0.283877       0.380546       0.420839         -0.000000
   13.990000       0.962233       0.279153       0.381876       0.420839         -0.000000
   14.000000       0.965001       0.274434       0.383182       0.420839         -0.000000
   14.010000       0.967722       0.269720       0.384465       0.420839         -0.000000
   14.020000       0.970396       0.265010       0.385724       0.420839         -0.000000
   14.030000       0.973022       0.260306       0.386960       0.420839         -0.000000
   14.040000       0.975602       0.255606       0.388172       0.420839         -0.000000
   14.050000       0.978134       0.250911       0.389361       0.420839         -0.000000
   14.060000       0.980620       0.246221       0.390527       0.420839         -0.000000
   14.070000       0.983059       0.241536       0.391670       0.420839         -0.000000
   14.080000       0.985451       0.236854       0.392789       0.420839         -0.000000
   14.090000       0.987796       0.232178       0.393886       0.420839         -0.000000
   14.100000       0.990094       0.227506       0.394960       0.420839         -0.000000
   14.110000       0.992346       0.222838       0.396011       0.420839         -0.000000
   14.120000       0.994551       0.218174       0.397039       0.420839         -0.000000
   14.130000       0.996709       0.213515       0.398045       0.420839         -0.000000
   14.140000       0.998821       0.208860       0.399028       0.420839         -0.000000
   14.150000       1.000887       0.204209       0.399989       0.420839         -0.000000
   14.160000       1.002905       0.199562       0.400927       0.420839         -0.000000
   14.170000       1.004878       0.194918       0.401843       0.420839         -0.000000
   14.180000       1.006804       0.190279       0.402736       0.420839         -0.000000
   14.190000       1.008683       0.185643       0.403608       0.420839         -0.000000
   14.200000       1.010517       0.181011       0.404457       0.420839         -0.000000
   14.210000       1.012304       0.176383       0.405284       0.420839         -0.000000
   14.220000       1.014044       0.171758       0.406089       0.420839         -0.000000
   14.230000       1.015739       0.167136       0.406872       0.420839         -0.000000
   14.240000       1.017387       0.162518       0.407633       0.420839         -0.000000
   14.250000       1.018989       0.157903       0.408373       0.420839         -0.000000
   14.260000       1.020545       0.153291       0.409090       0.420839         -0.000000
   14.270000       1.022055       0.148682       0.409786       0.420839         -0.000000
   14.280000       1.023519       0.144077       0.410460       0.420839         -0.000000
   14.290000       1.024937       0.139474       0.411113       0.420839         -0.000000
   14.300000       1.026308       0.134874       0.411744       0.420839         -0.000000
   14.310000       1.027634       0.130277       0.412353       0.420839         -0.000000
   14.320000       1.028914       0.125682       0.412941       0.420839         -0.000000
   14.330000       1.030148       0.121090       0.413508       0.420839         -0.000000
   14.340000       1.031336       0.116501       0.414053       0.420839         -0.000000
   14.350000       1.032478       0.111913       0.414577       0.420839         -0.000000
   14.360000       1.033574       0.107329       0.415080       0.420839         -0.000000
   14.370000       1.034624       0.102746       0.415561       0.420839         -0.000000
   14.380000       1.035629       0.098165       0.416021       0.420839         -0.000000
   14.390000       1.036588       0.093587       0.416460       0.420839         -0.000000
   14.400000       1.037501       0.089010       0.416878       0.420839         -0.000000
   14.410000       1.038368       0.084436       0.417275       0.420839         -0.000000
   14.420000       1.039189       0.079862       0.417650       0.420839         -0.000000
   14.430000       1.039965       0.075291       0.418005       0.420839         -0.000000
   14.440000       1.040695       0.070721       0.418339       0.420839         -0.000000
   14.450000       1.041380       0.066153       0.418651       0.420839         -0.000000
   14.460000       1.042018       0.061586       0.418943       0.420839         -0.000000
   14.470000       1.042611       0.057020       0.419214       0.420839         -0.000000
   14.480000       1.043159       0.052456       0.419463       0.420839         -0.000000
   14.490000       1.043660       0.047892       0.419692       0.420839         -0.000000
   14.500000       1.044117       0.043330       0.419901       0.420839         -0.000000
   14.510000       1.044527       0.038769       0.420088       0.420839         -0.000000
   14.520000       1.044892       0.034208       0.420254       0.420839         -0.000000
   14.530000       1.045211       0.029648       0.420400       0.420839         -0.000000
   14.540000       1.045485       0.025089       0.420525       0.420839         -0.000000
   14.550000       1.045713       0.020530       0.420629       0.420839         -0.000000
   14.560000       1.045895       0.015971       0.420712       0.420839         -0.000000
   14.570000       1.046032       0.011413       0.420774       0.420839         -0.000000
   14.580000       1.046124       0.006855       0.420816       0.420839         -0.000000
   14.590000       1.046169       0.002298       0.420837       0.420839         -0.000000
   14.600000       1.046170      -0.002260       0.420837       0.420839         -0.000000
   14.610000       1.046124      -0.006818       0.420816       0.420839         -0.000000
   14.620000       1.046033      -0.011375       0.420775       0.420839         -0.000000
   14.630000       1.045897      -0.015934       0.420712       0.420839         -0.000000
   14.640000       1.045715      -0.020492       0.420629       0.420839         -0.000000
   14.650000       1.045487      -0.025051       0.420526       0.420839         -0.000000
   14.660000       1.045214      -0.029610       0.420401       0.420839         -0.000000
   14.670000       1.044895      -0.034170       0.420255       0.420839         -0.000000
   14.680000       1.044530      -0.038731       0.420089       0.420839         -0.000000
   14.690000       1.044120      -0.043292       0.419902       0.420839         -0.000000
   14.700000       1.043664      -0.047855       0.419694       0.420839         -0.000000
   14.710000       1.043163      -0.052418       0.419465       0.420839         -0.000000
   14.720000       1.042616      -0.056983       0.419216       0.420839         -0.000000
   14.730000       1.042023      -0.061548       0.418945       0.420839         -0.000000
   14.740000       1.041385      -0.066115       0.418654       0.420839         -0.000000
   14.750000       1.040701      -0.070683       0.418341       0.420839         -0.000000
   14.760000       1.039971      -0.075253       0.418008       0.420839         -0.000000
   14.770000       1.039196      -0.079825       0.417653       0.420839         -0.000000
   14.780000       1.038375      -0.084398       0.417278       0.420839         -0.000000
   14.790000       1.037508      -0.088972       0.416881       0.420839         -0.000000
   14.800000       1.036595      -0.093549       0.416464       0.420839         -0.000000
   14.810000       1.035637      -0.098127       0.416025       0.420839         -0.000000
   14.820000       1.034633      -0.102708       0.415565       0.420839         -0.000000
   14.830000       1.033583      -0.107291       0.415084       0.420839         -0.000000
   14.840000       1.032487      -0.111875       0.414581       0.420839         -0.000000
   14.850000       1.031345      -0.116463       0.414058       0.420839         -0.000000
   14.860000       1.030158      -0.121052       0.413512       0.420839         -0.000000
   14.870000       1.028924      -0.125644       0.412946       0.420839         -0.000000
   14.880000       1.027645      -0.130239       0.412358       0.420839         -0.000000
   14.890000       1.026320      -0.134836       0.411749       0.420839         -0.000000
   14.900000       1.024948      -0.139436       0.411118       0.420839         -0.000000
   14.910000       1.023531      -0.144039       0.410466       0.420839         -0.000000
   14.920000       1.022067      -0.148644       0.409792       0.420839         -0.000000
   14.930000       1.020558      -0.153253       0.409096       0.420839         -0.000000
   14.940000       1.019002      -0.157865       0.408379       0.420839         -0.000000
   14.950000       1.017401      -0.162480       0.407639       0.420839         -0.000000
   14.960000       1.015753      -0.167098       0.406878       0.420839         -0.000000
   14.970000       1.014059      -0.171719       0.406096       0.420839         -0.000000
   14.980000       1.012318      -0.176344       0.405291       0.420839         -0.000000
   14.990000       1.010532      -0.180973       0.404464       0.420839         -0.000000
   15.000000       1.008699      -0.185605       0.403615       0.420839         -0.000000
   15.010000       1.006820      -0.190240       0.402744       0.420839         -0.000000
   15.020000       1.004894      -0.194880       0.401850       0.420839         -0.000000
   15.030000       1.002922      -0.199523       0.400935       0.420839         -0.000000
   15.040000       1.000904      -0.204170       0.399997       0.420839         -0.000000
   15.050000       0.998839      -0.208821       0.399036       0.420839         -0.000000
   15.060000       0.996727      -0.213476       0.398053       0.420839         -0.000000
   15.070000       0.994569      -0.218136       0.397048       0.420839         -0.000000
   15.080000       0.992364      -0.222799       0.396020       0.420839         -0.000000
   15.090000       0.990113      -0.227467       0.394969       0.420839         -0.000000
   15.100000       0.987815      -0.232139       0.393895       0.420839         -0.000000
   15.110000       0.985470      -0.236816       0.392798       0.420839         -0.000000
   15.120000       0.983079      -0.241497       0.391679       0.420839         -0.000000
   15.130000       0.980640      -0.246182       0.390536       0.420839         -0.000000
   15.140000       0.978155      -0.250872       0.389371       0.420839         -0.000000
   15.150000       0.975623      -0.255567       0.388182       0.420839         -0.000000
   15.160000       0.973044      -0.260267       0.386970       0.420839         -0.000000
   15.170000       0.970417      -0.264971       0.385734       0.420839         -0.000000
   15.180000       0.967744      -0.269681       0.384475       0.420839         -0.000000
   15.190000       0.965024      -0.274395       0.383193       0.420839         -0.000000
   15.200000       0.962256      -0.279114       0.381887       0.420839         -0.000000
   15.210000       0.959442      -0.283838       0.380557       0.420839         -0.000000
   15.220000       0.956580      -0.288567       0.379204       0.420839         -0.000000
   15.230000       0.953670      -0.293302       0.377826       0.420839         -0.000000
   15.240000       0.950714      -0.298041       0.376425       0.420839         -0.000000
   15.250000       0.947709      -0.302786       0.375000       0.420839         -0.000000
   15.260000       0.944658      -0.307536       0.373550       0.420839         -0.000000
   15.270000       0.941559      -0.312292       0.372076       0.420839         -0.000000
   15.280000       0.938412      -0.317052       0.370578       0.420839         -0.000000
   15.290000       0.935218      -0.321819       0.369056       0.420839         -0.000000
   15.300000       0.931976      -0.326590       0.367509       0.420839         -0.000000
   15.310000       0.928686      -0.331367       0.365937       0.420839         -0.000000
   15.320000       0.925348      -0.336150       0.364341       0.420839         -0.000000
   15.330000       0.921963      -0.340938       0.362720       0.420839         -0.000000
   15.340000       0.918529      -0.345732       0.361074       0.420839         -0.000000
   15.350000       0.915048      -0.350531       0.359403       0.420839         -0.000000
   15.360000       0.911519      -0.355335       0.357708       0.420839         -0.000000
   15.370000       0.907941      -0.360146       0.355987       0.420839         -0.000000
   15.380000       0.904316      -0.364962       0.354241       0.420839         -0.000000
   15.390000       0.900642      -0.369783       0.352469       0.420839         -0.000000
   15.400000       0.896920      -0.374611       0.350673       0.420839         -0.000000
   15.410000       0.893150      -0.379444       0.348851       0.420839         -0.000000
   15.420000       0.889331      -0.384282       0.347003       0.420839         -0.000000
   15.430000       0.885464      -0.389126       0.345130       0.420839         -0.000000
   15.440000       0.881549      -0.393976       0.343231       0.420839         -0.000000
   15.450000       0.877585      -0.398831       0.341306       0.420839         -0.000000
   15.460000       0.873572      -0.403692       0.339356       0.420839         -0.000000
   15.470000       0.869511      -0.408559       0.337379       0.420839         -0.000000
   15.480000       0.865401      -0.413431       0.335377       0.420839         -0.000000
   15.490000       0.861242      -0.418308       0.333348       0.420839         -0.000000
   15.500000       0.857035      -0.423192       0.331294       0.420839         -0.000000
   15.510000       0.852778      -0.428080       0.329213       0.420839         -0.000000
   15.520000       0.848473      -0.432974       0.327106       0.420839         -0.000000
   15.530000       0.844119      -0.437873       0.324973       0.420839         -0.000000
   15.540000       0.839716      -0.442777       0.322813       0.420839         -0.000000
   15.550000       0.835263      -0.447687       0.320627       0.420839         -0.000000
   15.560000       0.830762      -0.452602       0.318415       0.420839         -0.000000
   15.570000       0.826211      -0.457522       0.316176       0.420839         -0.000000
   15.580000       0.821611      -0.462447       0.313911       0.420839         -0.000000
   15.590000       0.816962      -0.467376       0.311619       0.420839         -0.000000
   15.600000       0.812264      -0.472311       0.309300       0.420839         -0.000000
   15.610000       0.807516      -0.477250       0.306955       0.420839         -0.000000
   15.620000       0.802719      -0.482194       0.304584       0.420839         -0.000000
   15.630000       0.797872      -0.487143       0.302185       0.420839         -0.000000
   15.640000       0.792976      -0.492095       0.299760       0.420839         -0.000000
   15.650000       0.788030      -0.497052       0.297309       0.420839         -0.000000
   15.660000       0.783035      -0.502013       0.294831       0.420839         -0.000000
   15.670000       0.777990      -0.506978       0.292326       0.420839         -0.000000
   15.680000       0.772895      -0.511947       0.289794       0.420839         -0.000000
   15.690000       0.767751      -0.516919       0.287236       0.420839         -0.000000
   15.700000       0.762557      -0.521895       0.284652       0.420839         -0.000000
   15.710000       0.757313      -0.526874       0.282041       0.420839         -0.000000
   15.720000       0.752019      -0.531857       0.279404       0.420839         -0.000000
   15.730000       0.746676      -0.536842       0.276740       0.420839         -0.000000
   15.740000       0.741283      -0.541829       0.274050       0.420839         -0.000000
   15.750000       0.735839      -0.546820       0.271333       0.420839         -0.000000
   15.760000       0.730346      -0.551812       0.268591       0.420839         -0.000000
   15.770000       0.724803      -0.556806       0.265823       0.420839         -0.000000
   15.780000       0.719210      -0.561802       0.263029       0.420839         -0.000000
   15.790000       0.713567      -0.566799       0.260209       0.420839         -0.000000
   15.800000       0.707874      -0.571798       0.257363       0.420839         -0.000000
   15.810000       0.702131      -0.576797       0.254492       0.420839         -0.000000
   15.820000       0.696338      -0.581797       0.251595       0.420839         -0.000000
   15.830000       0.690495      -0.586797       0.248674       0.420839         -0.000000
   15.840000       0.684602      -0.591797       0.245728       0.420839         -0.000000
   15.850000       0.678659      -0.596796       0.242757       0.420839         -0.000000
   15.860000       0.672666      -0.601794       0.239761       0.420839         -0.000000
   15.870000       0.666623      -0.606792       0.236741       0.420839         -0.000000
   15.880000       0.660530      -0.611787       0.233698       0.420839         -0.000000
   15.890000       0.654388      -0.616781       0.230630       0.420839         -0.000000
   15.900000       0.648195      -0.621771       0.227539       0.420839         -0.000000
   15.910000       0.641952      -0.626759       0.224426       0.420839         -0.000000
   15.920000       0.635660      -0.631744       0.221289       0.420839         -0.000000
   15.930000       0.629317      -0.636724       0.218131       0.420839         -0.000000
   15.940000       0.622925      -0.641700       0.214950       0.420839         -0.000000
   15.950000       0.616483      -0.646671       0.211748       0.420839         -0.000000
   15.960000       0.609992      -0.651636       0.208524       0.420839         -0.000000
   15.970000       0.603451      -0.656596       0.205280       0.420839         -0.000000
   15.980000       0.596860      -0.661548       0.202016       0.420839         -0.000000
   15.990000       0.590220      -0.666493       0.198733       0.420839         -0.000000
   16.000000       0.583530      -0.671430       0.195430       0.420839         -0.000000
   16.010000       0.576791      -0.676359       0.192109       0.420839         -0.000000
   16.020000       0.570003      -0.681278       0.188770       0.420839         -0.000000
   16.030000       0.563166      -0.686187       0.185413       0.420839         -0.000000
   16.040000       0.556279      -0.691085       0.182040       0.420839         -0.000000
   16.050000       0.549344      -0.695971       0.178651       0.420839         -0.000000
   16.060000       0.542360      -0.700845       0.175247       0.420839         -0.000000
   16.070000       0.535327      -0.705706       0.171829       0.420839         -0.000000
   16.080000       0.528246      -0.710553       0.168397       0.420839         -0.000000
   16.090000       0.521116      -0.715384       0.164952       0.420839         -0.000000
   16.100000       0.513938      -0.720200       0.161495       0.420839         -0.000000
   16.110000       0.506712      -0.724999       0.158028       0.420839         -0.000000
   16.120000       0.499438      -0.729780       0.154550       0.420839         -0.000000
   16.130000       0.492117      -0.734542       0.151064       0.420839         -0.000000
   16.140000       0.484747      -0.739284       0.147569       0.420839         -0.000000
   16.150000       0.477331      -0.744004       0.144068       0.420839         -0.000000
   16.160000       0.469867      -0.748703       0.140561       0.420839         -0.000000
   16.170000       0.462357      -0.753378       0.137050       0.420839         -0.000000
   16.180000       0.454800      -0.758029       0.133535       0.420839         -0.000000
   16.190000       0.447196      -0.762653       0.130019       0.420839         -0.000000
   16.200000       0.439547      -0.767251       0.126502       0.420839         -0.000000
   16.210000       0.431852      -0.771820       0.122986       0.420839         -0.000000
   16.220000       0.424111      -0.776359       0.119473       0.420839         -0.000000
   16.230000       0.416324      -0.780866       0.115963       0.420839         -0.000000
   16.240000       0.408493      -0.785341       0.112459       0.420839         -0.000000
   16.250000       0.400618      -0.789781       0.108962       0.420839         -0.000000
   16.260000       0.392698      -0.794186       0.105474       0.420839         -0.000000
   16.270000       0.384734      -0.798553       0.101996       0.420839         -0.000000
   16.280000       0.376727      -0.802880       0.098531       0.420839         -0.000000
   16.290000       0.368677      -0.807167       0.095080       0.420839         -0.000000
   16.300000       0.360584      -0.811410       0.091646       0.420839         -0.000000
   16.310000       0.352449      -0.815609       0.088230       0.420839         -0.000000
   16.320000       0.344272      -0.819762       0.084835       0.420839         -0.000000
   16.330000       0.336054      -0.823866       0.081462       0.420839         -0.000000
   16.340000       0.327795      -0.827919       0.078114       0.420839         -0.000000
   16.350000       0.319495      -0.831920       0.074794       0.420839         -0.000000
   16.360000       0.311156      -0.835866       0.071503       0.420839         -0.000000
   16.370000       0.302778      -0.839755       0.068245       0.420839         -0.000000
   16.380000       0.294361      -0.843585       0.065021       0.420839         -0.000000
   16.390000       0.285907      -0.847353       0.061835       0.420839         -0.000000
   16.400000       0.277415      -0.851058       0.058690       0.420839         -0.000000
   16.410000       0.268886      -0.854695       0.055587       0.420839         -0.000000
   16.420000       0.260321      -0.858264       0.052531       0.420839         -0.000000
   16.430000       0.251721      -0.861761       0.049523       0.420839         -0.000000
   16.440000       0.243086      -0.865184       0.046568       0.420839         -0.000000
   16.450000       0.234417      -0.868529       0.043668       0.420839         -0.000000
   16.460000       0.225716      -0.871795       0.040826       0.420839         -0.000000
   16.470000       0.216982      -0.874977       0.038047       0.420839         -0.000000
   16.480000       0.208216      -0.878074       0.035332       0.420839         -0.000000
   16.490000       0.199421      -0.881082       0.032687       0.420839         -0.000000
   16.500000       0.190595      -0.883997       0.030114       0.420839         -0.000000
   16.510000       0.181741      -0.886817       0.027617       0.420839         -0.000000
   16.520000       0.172859      -0.889539       0.025200       0.420839         -0.000000
   16.530000       0.163950      -0.892158       0.022866       0.420839         -0.000000
   16.540000       0.155016      -0.894672       0.020621       0.420839         -0.000000
   16.550000       0.146057      -0.897076       0.018467       0.420839         -0.000000
   16.560000       0.137075      -0.899367       0.016408       0.420839         -0.000000
   16.570000       0.128070      -0.901542       0.014450       0.420839         -0.000000
   16.580000       0.119045      -0.903596       0.012596       0.420839         -0.000000
   16.590000       0.109999      -0.905526       0.010850       0.420839         -0.000000
   16.600000       0.100935      -0.907328       0.009218       0.420839         -0.000000
   16.610000       0.091853      -0.908997       0.007702       0.420839         -0.000000
   16.620000       0.082755      -0.910529       0.006308       0.420839         -0.000000
   16.630000       0.073643      -0.911920       0.005040       0.420839         -0.000000
   16.640000       0.064517      -0.913165       0.003904       0.420839         -0.000000
   16.650000       0.055380      -0.914261       0.002902       0.420839         -0.000000
   16.660000       0.046232      -0.915203       0.002041       0.420839         -0.000000
   16.670000       0.037076      -0.915985       0.001325       0.420839         -0.000000
   16.680000       0.027913      -0.916604       0.000758       0.420839         -0.000000
   16.690000       0.018745      -0.917054       0.000345       0.420839         -0.000000
   16.700000       0.009573      -0.917331       0.000091       0.420839         -0.000000
   16.710000       0.000399      -0.917430       0.000000       0.420839         -0.000000
   16.720000      -0.008775      -0.917346       0.000078       0.420839         -0.000000
   16.730000      -0.017947      -0.917073       0.000328       0.420839         -0.000000
   16.740000      -0.027116      -0.916607       0.000756       0.420839         -0.000000
   16.750000      -0.036279      -0.915941       0.001365       0.420839         -0.000000
   16.760000      -0.045434      -0.915072       0.002161       0.420839         -0.000000
   16.770000      -0.054580      -0.913994       0.003147       0.420839         -0.000000
   16.780000      -0.063713      -0.912701       0.004328       0.420839         -0.000000
   16.790000      -0.072833      -0.911188       0.005708       0.420839         -0.000000
   16.800000      -0.081936      -0.909449       0.007291       0.420839         -0.000000
   16.810000      -0.091021      -0.907479       0.009081       0.420839         -0.000000
   16.820000      -0.100085      -0.905272       0.011081       0.420839         -0.000000
   16.830000      -0.109126      -0.902823       0.013295       0.420839         -0.000000
   16.840000      -0.118141      -0.900126       0.015726       0.420839         -0.000000
   16.850000      -0.127127      -0.897176       0.018377       0.420839         -0.000000
   16.860000      -0.136083      -0.893967       0.021251       0.420839         -0.000000
   16.870000      -0.145006      -0.890493       0.024350       0.420839         -0.000000
   16.880000      -0.153892      -0.886749       0.027677       0.420839         -0.000000
   16.890000      -0.162740      -0.882729       0.031234       0.420839         -0.000000
   16.900000      -0.171546      -0.878429       0.035021       0.420839         -0.000000
   16.910000      -0.180308      -0.873841       0.039040       0.420839         -0.000000
   16.920000      -0.189022      -0.868962       0.043292       0.420839         -0.000000
   16.930000      -0.197686      -0.863785       0.047777       0.420839         -0.000000
   16.940000      -0.206297      -0.858306       0.052495       0.420839         -0.000000
   16.950000      -0.214851      -0.852519       0.057445       0.420839         -0.000000
   16.960000      -0.223346      -0.846419       0.062627       0.420839         -0.000000
   16.970000      -0.231778      -0.840002       0.068038       0.420839         -0.000000
   16.980000      -0.240145      -0.833263       0.073676       0.420839         -0.000000
   16.990000      -0.248442      -0.826196       0.079539       0.420839         -0.000000
   17.000000      -0.256668      -0.818798       0.085624       0.420839         -0.000000
   17.010000      -0.264817      -0.811065       0.091926       0.420839         -0.000000
   17.020000      -0.272888      -0.802992       0.098441       0.420839         -0.000000
   17.030000      -0.280876      -0.794576       0.105164       0.420839         -0.000000
   17.040000      -0.288778      -0.785813       0.112088       0.420839         -0.000000
   17.050000      -0.296591      -0.776700       0.119208       0.420839         -0.000000
   17.060000      -0.304311      -0.767233       0.126516       0.420839         -0.000000
   17.070000      -0.311935      -0.757411       0.134004       0.420839         -0.000000
   17.080000      -0.319458      -0.747230       0.141663       0.420839         -0.000000
   17.090000      -0.326878      -0.736688       0.149484       0.420839         -0.000000
   17.100000      -0.334191      -0.725785       0.157458       0.420839         -0.000000
   17.110000      -0.341392      -0.714517       0.165572       0.420839         -0.000000
   17.120000      -0.348480      -0.702885       0.173815       0.420839         -0.000000
   17.130000      -0.355449      -0.690888       0.182176       0.420839         -0.000000
   17.140000      -0.362296      -0.678525       0.190641       0.420839         -0.000000
   17.150000      -0.369018      -0.665798       0.199196       0.420839          0.000000
   17.160000      -0.375611      -0.652705       0.207827       0.420839          0.000000
   17.170000      -0.382071      -0.639250       0.216519       0.420839          0.000000
   17.180000      -0.388395      -0.625432       0.225256       0.420839          0.000000
   17.190000      -0.394579      -0.611256       0.234022       0.420839          0.000000
   17.200000      -0.400619      -0.596722       0.242801       0.420839          0.000000
   17.210000      -0.406512      -0.581835       0.251573       0.420839          0.000000
   17.220000      -0.412254      -0.566598       0.260323       0.420839          0.000000
   17.230000      -0.417843      -0.551015       0.269031       0.420839          0.000000
   17.240000      -0.423273      -0.535091       0.277678       0.420839          0.000000
   17.250000      -0.428543      -0.518832       0.286246       0.420839          0.000000
   17.260000      -0.433649      -0.502242       0.294716       0.420839          0.000000
   17.270000      -0.438587      -0.485330       0.303067       0.420839          0.000000
   17.280000      -0.443354      -0.468102       0.311280       0.420839          0.000000
   17.290000      -0.447948      -0.450565       0.319335       0.420839         -0.000000
   17.300000      -0.452365      -0.432727       0.327213       0.420839         -0.000000
   17.310000      -0.456602      -0.414598       0.334894       0.420839         -0.000000
   17.320000      -0.460656      -0.396187       0.342357       0.420839         -0.000000
   17.330000      -0.464524      -0.377503       0.349585       0.420839         -0.000000
   17.340000      -0.468205      -0.358556       0.356558       0.420839         -0.000000
   17.350000      -0.471695      -0.339359       0.363257       0.420839         -0.000000
   17.360000      -0.474991      -0.319922       0.369664       0.420839         -0.000000
   17.370000      -0.478092      -0.300256       0.375762       0.420839         -0.000000
   17.380000      -0.480996      -0.280376       0.381534       0.420839         -0.000000
   17.390000      -0.483699      -0.260292       0.386963       0.420839         -0.000000
   17.400000      -0.486201      -0.240019       0.392035       0.420839         -0.000000
   17.410000      -0.488499      -0.219570       0.396734       0.420839         -0.000000
   17.420000      -0.490592      -0.198960       0.401047       0.420839         -0.000000
   17.430000      -0.492478      -0.178202       0.404961       0.420839         -0.000000
   17.440000      -0.494155      -0.157312       0.408466       0.420839         -0.000000
   17.450000      -0.495624      -0.136304       0.411550       0.420839         -0.000000
   17.460000      -0.496881      -0.115194       0.414204       0.420839         -0.000000
   17.470000      -0.497927      -0.093997       0.416422       0.420839         -0.000000
   17.480000      -0.498761      -0.072730       0.418194       0.420839         -0.000000
   17.490000      -0.499382      -0.051408       0.419518       0.420839         -0.000000
   17.500000      -0.499789      -0.030047       0.420388       0.420839         -0.000000
   17.510000      -0.499982      -0.008663       0.420802       0.420839         -0.000000
   17.520000      -0.499962       0.012728       0.420758       0.420839         -0.000000
   17.530000      -0.499728       0.034109       0.420258       0.420839         -0.000000
   17.540000      -0.499280       0.055464       0.419301       0.420839         -0.000000
   17.550000      -0.498619       0.076777       0.417892       0.420839         -0.000000
   17.560000      -0.497745       0.098032       0.416034       0.420839         -0.000000
   17.570000      -0.496658       0.119213       0.413733       0.420839         -0.000000
   17.580000      -0.495361       0.140305       0.410997       0.420839         -0.000000
   17.590000      -0.493853       0.161291       0.407832       0.420839         -0.000000
   17.600000      -0.492135       0.182158       0.404249       0.420839         -0.000000
   17.610000      -0.490210       0.202889       0.400257       0.420839         -0.000000
   17.620000      -0.488078       0.223470       0.395870       0.420839         -0.000000
   17.630000      -0.485741       0.243886       0.391099       0.420839         -0.000000
   17.640000      -0.483201       0.264124       0.385959       0.420839         -0.000000
   17.650000      -0.480459       0.284170       0.380463       0.420839         -0.000000
   17.660000      -0.477518       0.304011       0.374628       0.420839         -0.000000
   17.670000      -0.474380       0.323634       0.368470       0.420839         -0.000000
   17.680000      -0.471046       0.343026       0.362006       0.420839         -0.000000
   17.690000      -0.467520       0.362177       0.355253       0.420839         -0.000000
   17.700000      -0.463804       0.381074       0.348231       0.420839         -0.000000
   17.710000      -0.459899       0.399707       0.340956       0.420839         -0.000000
   17.720000      -0.455810       0.418066       0.333450       0.420839         -0.000000
   17.730000      -0.451539       0.436140       0.325730       0.420839         -0.000000
   17.740000      -0.447089       0.453921       0.317817       0.420839         -0.000000
   17.750000      -0.442462       0.471400       0.309730       0.420839         -0.000000
   17.760000      -0.437662       0.488569       0.301489       0.420839         -0.000000
   17.770000      -0.432691       0.505420       0.293114       0.420839         -0.000000
   17.780000      -0.427554       0.521947       0.284625       0.420839         -0.000000
   17.790000      -0.422254       0.538143       0.276040       0.420839         -0.000000
   17.800000      -0.416793       0.554003       0.267380       0.420839         -0.000000
   17.810000      -0.411175       0.569520       0.258663       0.420839         -0.000000
   17.820000      -0.405403       0.584691       0.249907       0.420839         -0.000000
   17.830000      -0.399482       0.599512       0.241132       0.420839         -0.000000
   17.840000      -0.393414       0.613978       0.232355       0.420839         -0.000000
   17.850000      -0.387204       0.628086       0.223593       0.420839         -0.000000
   17.860000      -0.380854       0.641835       0.214863       0.420839         -0.000000
   17.870000      -0.374368       0.655222       0.206182       0.420839         -0.000000
   17.880000      -0.367750       0.668245       0.197564       0.420839         -0.000000
   17.890000      -0.361004       0.680903       0.189025       0.420839         -0.000000
   17.900000      -0.354134       0.693196       0.180579       0.420839         -0.000000
   17.910000      -0.347142       0.705124       0.172239       0.420839         -0.000000
   17.920000      -0.340032       0.716687       0.164019       0.420839         -0.000000
   17.930000      -0.332809       0.727885       0.155931       0.420839         -0.000000
   17.940000      -0.325476       0.738720       0.147986       0.420839         -0.000000
   17.950000      -0.318036       0.749192       0.140195       0.420839         -0.000000
   17.960000      -0.310493       0.759305       0.132567       0.420839         -0.000000
   17.970000      -0.302851       0.769060       0.125113       0.420839         -0.000000
   17.980000      -0.295113       0.778459       0.117840       0.420839         -0.000000
   17.990000      -0.287283       0.787506       0.110757       0.420839         -0.000000
   18.000000      -0.279364       0.796202       0.103870       0.420839         -0.000000
   18.010000      -0.271360       0.804553       0.097186       0.420839         -0.000000
   18.020000      -0.263274       0.812561       0.090712       0.420839         -0.000000
   18.030000      -0.255110       0.820230       0.084451       0.420839         -0.000000
   18.040000      -0.246871       0.827565       0.078408       0.420839         -0.000000
   18.050000      -0.238560       0.834568       0.072587       0.420839         -0.000000
   18.060000      -0.230181       0.841246       0.066992       0.420839         -0.000000
   18.070000      -0.221736       0.847603       0.061624       0.420839         -0.000000
   18.080000      -0.213230       0.853643       0.056486       0.420839         -0.000000
   18.090000      -0.204664       0.859371       0.051580       0.420839         -0.000000
   18.100000      -0.196043       0.864792       0.046907       0.420839         -0.000000
   18.110000      -0.187369       0.869912       0.042466       0.420839         -0.000000
   18.120000      -0.178646       0.874735       0.038258       0.420839         -0.000000
   18.130000      -0.169876       0.879268       0.034283       0.420839         -0.000000
   18.140000      -0.161062       0.883515       0.030540       0.420839         -0.000000
   18.150000      -0.152206       0.887482       0.027028       0.420839         -0.000000
   18.160000      -0.143313       0.891174       0.023744       0.420839         -0.000000
   18.170000      -0.134384       0.894597       0.020688       0.420839         -0.000000
   18.180000      -0.125422       0.897756       0.017856       0.420839         -0.000000
   18.190000      -0.116429       0.900658       0.015247       0.420839         -0.000000
   18.200000      -0.107409       0.903307       0.012857       0.420839         -0.000000
   18.210000      -0.098364       0.905710       0.010684       0.420839         -0.000000
   18.220000      -0.089296       0.907871       0.008724       0.420839         -0.000000
   18.230000      -0.080208       0.909797       0.006974       0.420839         -0.000000
   18.240000      -0.071101       0.911492       0.005430       0.420839         -0.000000
   18.250000      -0.061978       0.912963       0.004088       0.420839         -0.000000
   18.260000      -0.052842       0.914215       0.002945       0.420839         -0.000000
   18.270000      -0.043695       0.915253       0.001995       0.420839         -0.000000
   18.280000      -0.034538       0.916083       0.001235       0.420839         -0.000000
   18.290000      -0.025374       0.916710       0.000660       0.420839         -0.000000
   18.300000      -0.016204       0.917139       0.000267       0.420839         -0.000000
   18.310000      -0.007032       0.917376       0.000050       0.420839         -0.000000
   18.320000       0.002142       0.917425       0.000005       0.420839         -0.000000
   18.330000       0.011316       0.917292       0.000127       0.420839         -0.000000
   18.340000       0.020488       0.916982       0.000411       0.420839         -0.000000
   18.350000       0.029655       0.916499       0.000854       0.420839         -0.000000
   18.360000       0.038817       0.915849       0.001450       0.420839         -0.000000
   18.370000       0.047972       0.915036       0.002194       0.420839         -0.000000
   18.380000       0.057117       0.914065       0.003082       0.420839         -0.000000
   18.390000       0.066253       0.912940       0.004110       0.420839         -0.000000
   18.400000       0.075376       0.911666       0.005271       0.420839         -0.000000
   18.410000       0.084485       0.910248       0.006563       0.420839         -0.000000
   18.420000       0.093580       0.908690       0.007981       0.420839         -0.000000
   18.430000       0.102659       0.906995       0.009519       0.420839         -0.000000
   18.440000       0.111720       0.905169       0.011174       0.420839         -0.000000
   18.450000       0.120762       0.903216       0.012940       0.420839         -0.000000
   18.460000       0.129784       0.901138       0.014814       0.420839         -0.000000
   18.470000       0.138784       0.898941       0.016792       0.420839         -0.000000
   18.480000       0.147762       0.896628       0.018869       0.420839         -0.000000
   18.490000       0.156716       0.894202       0.021040       0.420839         -0.000000
   18.500000       0.165646       0.891668       0.023303       0.420839         -0.000000
   18.510000       0.174549       0.889029       0.025653       0.420839         -0.000000
   18.520000       0.183426       0.886289       0.028085       0.420839         -0.000000
   18.530000       0.192275       0.883450       0.030597       0.420839         -0.000000
   18.540000       0.201095       0.880517       0.033184       0.420839         -0.000000
   18.550000       0.209885       0.877492       0.035843       0.420839         -0.000000
   18.560000       0.218644       0.874379       0.038570       0.420839         -0.000000
   18.570000       0.227372       0.871180       0.041362       0.420839         -0.000000
   18.580000       0.236067       0.867899       0.044215       0.420839         -0.000000
   18.590000       0.244730       0.864539       0.047125       0.420839         -0.000000
   18.600000       0.253358       0.861102       0.050091       0.420839         -0.000000
   18.610000       0.261952       0.857591       0.053108       0.420839         -0.000000
   18.620000       0.270510       0.854009       0.056173       0.420839         -0.000000
   18.630000       0.279031       0.850359       0.059284       0.420839         -0.000000
   18.640000       0.287517       0.846642       0.062438       0.420839         -0.000000
   18.650000       0.295964       0.842862       0.065631       0.420839         -0.000000
   18.660000       0.304374       0.839021       0.068861       0.420839         -0.000000
   18.670000       0.312744       0.835121       0.072126       0.420839         -0.000000
   18.680000       0.321076       0.831164       0.075423       0.420839         -0.000000
   18.690000       0.329367       0.827153       0.078748       0.420839         -0.000000
   18.700000       0.337619       0.823090       0.082101       0.420839         -0.000000
   18.710000       0.345829       0.818976       0.085478       0.420839         -0.000000
   18.720000       0.353998       0.814815       0.088878       0.420839         -0.000000
   18.730000       0.362125       0.810607       0.092297       0.420839         -0.000000
   18.740000       0.370210       0.806355       0.095735       0.420839         -0.000000
   18.750000       0.378252       0.802061       0.099189       0.420839         -0.000000
   18.760000       0.386251       0.797726       0.102656       0.420839         -0.000000
   18.770000       0.394207       0.793351       0.106136       0.420839         -0.000000
   18.780000       0.402118       0.788940       0.109626       0.420839         -0.000000
   18.790000       0.409985       0.784493       0.113125       0.420839         -0.000000
   18.800000       0.417808       0.780012       0.116630       0.420839         -0.000000
   18.810000       0.425585       0.775498       0.120140       0.420839         -0.000000
   18.820000       0.433318       0.770954       0.123655       0.420839         -0.000000
   18.830000       0.441004       0.766379       0.127171       0.420839         -0.000000
   18.840000       0.448645       0.761777       0.130688       0.420839         -0.000000
   18.850000       0.456240       0.757147       0.134204       0.420839         -0.000000
   18.860000       0.463788       0.752492       0.137718       0.420839         -0.000000
   18.870000       0.471289       0.747812       0.141228       0.420839         -0.000000
   18.880000       0.478744       0.743109       0.144734       0.420839         -0.000000
   18.890000       0.486152       0.738384       0.148234       0.420839         -0.000000
   18.900000       0.493512       0.733638       0.151727       0.420839         -0.000000
   18.910000       0.500824       0.728873       0.155212       0.420839         -0.000000
   18.920000       0.508089       0.724088       0.158687       0.420839         -0.000000
   18.930000       0.515306       0.719286       0.162153       0.420839         -0.000000
   18.940000       0.522475       0.714467       0.165607       0.420839         -0.000000
   18.950000       0.529595       0.709633       0.169050       0.420839         -0.000000
   18.960000       0.536667       0.704783       0.172479       0.420839         -0.000000
   18.970000       0.543691       0.699920       0.175895       0.420839         -0.000000
   18.980000       0.550666       0.695044       0.179296       0.420839         -0.000000
   18.990000       0.557592       0.690155       0.182682       0.420839         -0.000000
   19.000000       0.564469       0.685255       0.186052       0.420839         -0.000000
   19.010000       0.571297       0.680344       0.189406       0.420839         -0.000000
   19.020000       0.578076       0.675423       0.192741       0.420839         -0.000000
   19.030000       0.584805       0.670493       0.196059       0.420839         -0.000000
   19.040000       0.591485       0.665554       0.199358       0.420839         -0.000000
   19.050000       0.598116       0.660607       0.202638       0.420839         -0.000000
   19.060000       0.604698       0.655654       0.205899       0.420839         -0.000000
   19.070000       0.611229       0.650693       0.209139       0.420839         -0.000000
   19.080000       0.617711       0.645727       0.212358       0.420839         -0.000000
   19.090000       0.624144       0.640755       0.215556       0.420839         -0.000000
   19.100000       0.630527       0.635778       0.218733       0.420839         -0.000000
   19.110000       0.636859       0.630797       0.221887       0.420839         -0.000000
   19.120000       0.643142       0.625812       0.225019       0.420839         -0.000000
   19.130000       0.649376       0.620823       0.228129       0.420839         -0.000000
   19.140000       0.655559       0.615832       0.231215       0.420839         -0.000000
   19.150000       0.661692       0.610838       0.234278       0.420839         -0.000000
   19.160000       0.667776       0.605842       0.237317       0.420839         -0.000000
   19.170000       0.673809       0.600845       0.240332       0.420839         -0.000000
   19.180000       0.679793       0.595846       0.243323       0.420839         -0.000000
   19.190000       0.685726       0.590847       0.246289       0.420839         -0.000000
   19.200000       0.691609       0.585847       0.249231       0.420839         -0.000000
   19.210000       0.697443       0.580847       0.252148       0.420839         -0.000000
   19.220000       0.703226       0.575847       0.255039       0.420839         -0.000000
   19.230000       0.708960       0.570848       0.257906       0.420839         -0.000000
   19.240000       0.714643       0.565850       0.260746       0.420839         -0.000000
   19.250000       0.720277       0.560852       0.263562       0.420839         -0.000000
   19.260000       0.725860       0.555857       0.266351       0.420839         -0.000000
   19.270000       0.731394       0.550863       0.269114       0.420839         -0.000000
   19.280000       0.736878       0.545871       0.271852       0.420839         -0.000000
   19.290000       0.742311       0.540881       0.274563       0.420839         -0.000000
   19.300000       0.747695       0.535894       0.277248       0.420839         -0.000000
   19.310000       0.753029       0.530909       0.279907       0.420839         -0.000000
   19.320000       0.758313       0.525928       0.282539       0.420839         -0.000000
   19.330000       0.763548       0.520949       0.285145       0.420839         -0.000000
   19.340000       0.768732       0.515974       0.287725       0.420839         -0.000000
   19.350000       0.773867       0.511002       0.290278       0.420839         -0.000000
   19.360000       0.778953       0.506034       0.292804       0.420839         -0.000000
   19.370000       0.783988       0.501070       0.295304       0.420839         -0.000000
   19.380000       0.788974       0.496110       0.297777       0.420839         -0.000000
   19.390000       0.793910       0.491154       0.300223       0.420839         -0.000000
   19.400000       0.798797       0.486202       0.302643       0.420839         -0.000000
   19.410000       0.803634       0.481254       0.305036       0.420839         -0.000000
   19.420000       0.808422       0.476311       0.307403       0.420839         -0.000000
   19.430000       0.813161       0.471373       0.309743       0.420839         -0.000000
   19.440000       0.817850       0.466439       0.312057       0.420839         -0.000000
   19.450000       0.822489       0.461510       0.314343       0.420839         -0.000000
   19.460000       0.827080       0.456586       0.316604       0.420839         -0.000000
   19.470000       0.831621       0.451667       0.318838       0.420839         -0.000000
   19.480000       0.836113       0.446754       0.321045       0.420839         -0.000000
   19.490000       0.840556       0.441845       0.323226       0.420839         -0.000000
   19.500000       0.844950       0.436941       0.325380       0.420839         -0.000000
   19.510000       0.849295       0.432043       0.327509       0.420839         -0.000000
   19.520000       0.853591       0.427150       0.329611       0.420839         -0.000000
   19.530000       0.857838       0.422263       0.331686       0.420839         -0.000000
   19.540000       0.862036       0.417381       0.333736       0.420839         -0.000000
   19.550000       0.866186       0.412505       0.335759       0.420839         -0.000000
   19.560000       0.870286       0.407634       0.337757       0.420839         -0.000000
   19.570000       0.874338       0.402768       0.339728       0.420839         -0.000000
   19.580000       0.878342       0.397908       0.341674       0.420839         -0.000000
   19.590000       0.882297       0.393054       0.343594       0.420839         -0.000000
   19.600000       0.886203       0.388205       0.345488       0.420839         -0.000000
   19.610000       0.890061       0.383362       0.347356       0.420839         -0.000000
   19.620000       0.893870       0.378525       0.349199       0.420839         -0.000000
   19.630000       0.897631       0.373693       0.351016       0.420839         -0.000000
   19.640000       0.901344       0.368867       0.352808       0.420839         -0.000000
   19.650000       0.905009       0.364046       0.354574       0.420839         -0.000000
   19.660000       0.908625       0.359231       0.356316       0.420839         -0.000000
   19.670000       0.912193       0.354422       0.358032       0.420839         -0.000000
   19.680000       0.915713       0.349618       0.359723       0.420839         -0.000000
   19.690000       0.919186       0.344820       0.361389       0.420839         -0.000000
   19.700000       0.922610       0.340027       0.363030       0.420839         -0.000000
   19.710000       0.925986       0.335240       0.364646       0.420839         -0.000000
   19.720000       0.929315       0.330459       0.366238       0.420839         -0.000000
   19.730000       0.932595       0.325683       0.367805       0.420839         -0.000000
   19.740000       0.935828       0.320912       0.369347       0.420839         -0.000000
   19.750000       0.939014       0.316147       0.370865       0.420839         -0.000000
   19.760000       0.942151       0.311387       0.372358       0.420839         -0.000000
   19.770000       0.945241       0.306633       0.373827       0.420839         -0.000000
   19.780000       0.948284       0.301884       0.375272       0.420839         -0.000000
   19.790000       0.951279       0.297140       0.376693       0.420839         -0.000000
   19.800000       0.954227       0.292402       0.378090       0.420839         -0.000000
   19.810000       0.957127       0.287668       0.379463       0.420839         -0.000000
   19.820000       0.959980       0.282940       0.380812       0.420839         -0.000000
   19.830000       0.962786       0.278217       0.382137       0.420839         -0.000000
   19.840000       0.965545       0.273498       0.383439       0.420839         -0.000000
   19.850000       0.968256       0.268785       0.384717       0.420839         -0.000000
   19.860000       0.970920       0.264077       0.385971       0.420839         -0.000000
   19.870000       0.973537       0.259373       0.387202       0.420839         -0.000000
   19.880000       0.976108       0.254675       0.388410       0.420839         -0.000000
   19.890000       0.978631       0.249981       0.389594       0.420839         -0.000000
   19.900000       0.981107       0.245291       0.390755       0.420839         -0.000000
   19.910000       0.983537       0.240607       0.391893       0.420839         -0.000000
   19.920000       0.985920       0.235927       0.393009       0.420839         -0.000000
   19.930000       0.988255       0.231251       0.394101       0.420839         -0.000000
   19.940000       0.990545       0.226580       0.395170       0.420839         -0.000000
   19.950000       0.992787       0.221913       0.396217       0.420839         -0.000000
   19.960000       0.994983       0.217250       0.397241       0.420839         -0.000000
   19.970000       0.997132       0.212591       0.398242       0.420839         -0.000000
   19.980000       0.999235       0.207937       0.399220       0.420839         -0.000000
   19.990000       1.001291       0.203287       0.400177       0.420839         -0.000000
   20.000000       1.003300       0.198640       0.401110       0.420839         -0.000000
   20.010000       1.005264       0.193998       0.402022       0.420839         -0.000000
   20.020000       1.007180       0.189359       0.402911       0.420839         -0.000000
   20.030000       1.009051       0.184724       0.403778       0.420839         -0.000000
   20.040000       1.010875       0.180093       0.404623       0.420839         -0.000000
   20.050000       1.012653       0.175465       0.405445       0.420839         -0.000000
   20.060000       1.014384       0.170841       0.406246       0.420839         -0.000000
   20.070000       1.016069       0.166220       0.407025       0.420839         -0.000000
   20.080000       1.017709       0.161602       0.407782       0.420839         -0.000000
   20.090000       1.019302       0.156988       0.408517       0.420839         -0.000000
   20.100000       1.020848       0.152377       0.409230       0.420839         -0.000000
   20.110000       1.022349       0.147769       0.409922       0.420839         -0.000000
   20.120000       1.023804       0.143164       0.410591       0.420839         -0.000000
   20.130000       1.025212       0.138561       0.411240       0.420839         -0.000000
   20.140000       1.026575       0.133962       0.411866       0.420839         -0.000000
   20.150000       1.027892       0.129365       0.412472       0.420839         -0.000000
   20.160000       1.029162       0.124771       0.413055       0.420839         -0.000000
   20.170000       1.030387       0.120180       0.413618       0.420839         -0.000000
   20.180000       1.031566       0.115591       0.414159       0.420839         -0.000000
   20.190000       1.032699       0.111004       0.414678       0.420839         -0.000000
   20.200000       1.033786       0.106419       0.415177       0.420839         -0.000000
   20.210000       1.034827       0.101837       0.415654       0.420839         -0.000000
   20.220000       1.035823       0.097257       0.416110       0.420839         -0.000000
   20.230000       1.036772       0.092679       0.416545       0.420839         -0.000000
   20.240000       1.037676       0.088103       0.416958       0.420839         -0.000000
   20.250000       1.038534       0.083528       0.417351       0.420839         -0.000000
   20.260000       1.039347       0.078956       0.417722       0.420839         -0.000000
   20.270000       1.040114       0.074385       0.418073       0.420839         -0.000000
   20.280000       1.040835       0.069815       0.418402       0.420839         -0.000000
   20.290000       1.041510       0.065247       0.418711       0.420839         -0.000000
   20.300000       1.042140       0.060680       0.418998       0.420839         -0.000000
   20.310000       1.042723       0.056115       0.419265       0.420839         -0.000000
   20.320000       1.043262       0.051551       0.419511       0.420839         -0.000000
   20.330000       1.043754       0.046987       0.419735       0.420839         -0.000000
   20.340000       1.044202       0.042425       0.419939       0.420839         -0.000000
   20.350000       1.044603       0.037864       0.420122       0.420839         -0.000000
   20.360000       1.044959       0.033303       0.420285       0.420839         -0.000000
   20.370000       1.045269       0.028744       0.420426       0.420839         -0.000000
   20.380000       1.045534       0.024184       0.420547       0.420839         -0.000000
   20.390000       1.045753       0.019626       0.420647       0.420839         -0.000000
   20.400000       1.045926       0.015067       0.420726       0.420839         -0.000000
   20.410000       1.046054       0.010509       0.420784       0.420839         -0.000000
   20.420000       1.046136       0.005951       0.420822       0.420839         -0.000000
   20.430000       1.046173       0.001394       0.420838       0.420839         -0.000000
   20.440000       1.046164      -0.003164       0.420834       0.420839         -0.000000
   20.450000       1.046110      -0.007722       0.420809       0.420839         -0.000000
   20.460000       1.046010      -0.012280       0.420764       0.420839         -0.000000
   20.470000       1.045864      -0.016838       0.420698       0.420839         -0.000000
   20.480000       1.045673      -0.021396       0.420610       0.420839         -0.000000
   20.490000       1.045436      -0.025955       0.420502       0.420839         -0.000000
   20.500000       1.045154      -0.030515       0.420374       0.420839         -0.000000
   20.510000       1.044826      -0.035075       0.420224       0.420839         -0.000000
   20.520000       1.044453      -0.039635       0.420054       0.420839         -0.000000
   20.530000       1.044033      -0.044197       0.419863       0.420839         -0.000000
   20.540000       1.043569      -0.048760       0.419651       0.420839         -0.000000
   20.550000       1.043058      -0.053323       0.419418       0.420839         -0.000000
   20.560000       1.042502      -0.057888       0.419164       0.420839         -0.000000
   20.570000       1.041900      -0.062454       0.418889       0.420839         -0.000000
   20.580000       1.041253      -0.067021       0.418593       0.420839         -0.000000
   20.590000       1.040560      -0.071590       0.418277       0.420839         -0.000000
   20.600000       1.039821      -0.076160       0.417939       0.420839         -0.000000
   20.610000       1.039037      -0.080731       0.417580       0.420839         -0.000000
   20.620000       1.038207      -0.085305       0.417201       0.420839         -0.000000
   20.630000       1.037331      -0.089880       0.416800       0.420839         -0.000000
   20.640000       1.036409      -0.094457       0.416378       0.420839         -0.000000
   20.650000       1.035442      -0.099036       0.415935       0.420839         -0.000000
   20.660000       1.034428      -0.103617       0.415471       0.420839         -0.000000
   20.670000       1.033369      -0.108200       0.414986       0.420839         -0.000000
   20.680000       1.032264      -0.112785       0.414479       0.420839         -0.000000
   20.690000       1.031113      -0.117373       0.413951       0.420839         -0.000000
   20.700000       1.029917      -0.121963       0.413402       0.420839         -0.000000
   20.710000       1.028674      -0.126555       0.412831       0.420839         -0.000000
   20.720000       1.027386      -0.131150       0.412239       0.420839         -0.000000
   20.730000       1.026051      -0.135748       0.411626       0.420839         -0.000000
   20.740000       1.024671      -0.140348       0.410990       0.420839         -0.000000
   20.750000       1.023244      -0.144952       0.410334       0.420839         -0.000000
   20.760000       1.021772      -0.149558       0.409655       0.420839         -0.000000
   20.770000       1.020253      -0.154167       0.408956       0.420839         -0.000000
   20.780000       1.018688      -0.158780       0.408234       0.420839         -0.000000
   20.790000       1.017077      -0.163395       0.407490       0.420839         -0.000000
   20.800000       1.015420      -0.168014       0.406725       0.420839         -0.000000
   20.810000       1.013717      -0.172636       0.405938       0.420839         -0.000000
   20.820000       1.011968      -0.177262       0.405128       0.420839         -0.000000
   20.830000       1.010172      -0.181891       0.404297       0.420839         -0.000000
   20.840000       1.008330      -0.186524       0.403444       0.420839         -0.000000
   20.850000       1.006441      -0.191160       0.402568       0.420839         -0.000000
   20.860000       1.004507      -0.195800       0.401670       0.420839         -0.000000
   20.870000       1.002525      -0.200444       0.400750       0.420839         -0.000000
   20.880000       1.000498      -0.205092       0.399808       0.420839         -0.000000
   20.890000       0.998424      -0.209744       0.398843       0.420839         -0.000000
   20.900000       0.996303      -0.214400       0.397856       0.420839         -0.000000
   20.910000       0.994135      -0.219060       0.396846       0.420839         -0.000000
   20.920000       0.991922      -0.223725       0.395813       0.420839         -0.000000
   20.930000       0.989661      -0.228393       0.394758       0.420839         -0.000000
   20.940000       0.987354      -0.233066       0.393679       0.420839         -0.000000
   20.950000       0.985000      -0.237744       0.392578       0.420839         -0.000000
   20.960000       0.982599      -0.242426       0.391454       0.420839         -0.000000
   20.970000       0.980151      -0.247112       0.390307       0.420839         -0.000000
   20.980000       0.977657      -0.251803       0.389137       0.420839         -0.000000
   20.990000       0.975115      -0.256499       0.387943       0.420839         -0.000000
   21.000000       0.972527      -0.261200       0.386727       0.420839         -0.000000
   21.010000       0.969891      -0.265905       0.385487       0.420839         -0.000000
   21.020000       0.967208      -0.270615       0.384223       0.420839         -0.000000
   21.030000       0.964479      -0.275330       0.382936       0.420839         -0.000000
   21.040000       0.961702      -0.280050       0.381625       0.420839         -0.000000
   21.050000       0.958878      -0.284776       0.380291       0.420839         -0.000000
   21.060000       0.956006      -0.289506       0.378932       0.420839         -0.000000
   21.070000       0.953088      -0.294241       0.377550       0.420839         -0.000000
   21.080000       0.950121      -0.298982       0.376144       0.420839         -0.000000
   21.090000       0.947108      -0.303728       0.374714       0.420839         -0.000000
   21.100000       0.944047      -0.308479       0.373260       0.420839         -0.000000
   21.110000       0.940938      -0.313235       0.371781       0.420839         -0.000000
   21.120000       0.937782      -0.317997       0.370278       0.420839         -0.000000
   21.130000       0.934578      -0.322765       0.368751       0.420839         -0.000000
   21.140000       0.931327      -0.327537       0.367199       0.420839         -0.000000
   21.150000       0.928028      -0.332315       0.365623       0.420839         -0.000000
   21.160000       0.924680      -0.337099       0.364021       0.420839         -0.000000
   21.170000       0.921286      -0.341888       0.362396       0.420839         -0.000000
   21.180000       0.917843      -0.346683       0.360745       0.420839         -0.000000
   21.190000       0.914352      -0.351483       0.359069       0.420839         -0.000000
   21.200000       0.910813      -0.356289       0.357368       0.420839         -0.000000
   21.210000       0.907226      -0.361101       0.355642       0.420839         -0.000000
   21.220000       0.903591      -0.365918       0.353891       0.420839         -0.000000
   21.230000       0.899908      -0.370740       0.352115       0.420839         -0.000000
   21.240000       0.896176      -0.375569       0.350313       0.420839         -0.000000
   21.250000       0.892396      -0.380403       0.348486       0.420839         -0.000000
   21.260000       0.888568      -0.385243       0.346633       0.420839         -0.000000
   21.270000       0.884691      -0.390088       0.344755       0.420839         -0.000000
   21.280000       0.880766      -0.394939       0.342851       0.420839         -0.000000
   21.290000       0.876793      -0.399795       0.340921       0.420839         -0.000000
   21.300000       0.872770      -0.404657       0.338966       0.420839         -0.000000
   21.310000       0.868699      -0.409525       0.336984       0.420839         -0.000000
   21.320000       0.864580      -0.414398       0.334976       0.420839         -0.000000
   21.330000       0.860412      -0.419277       0.332943       0.420839         -0.000000
   21.340000       0.856194      -0.424161       0.330883       0.420839         -0.000000
   21.350000       0.851928      -0.429050       0.328797       0.420839         -0.000000
   21.360000       0.847613      -0.433945       0.326685       0.420839         -0.000000
   21.370000       0.843249      -0.438845       0.324547       0.420839         -0.000000
   21.380000       0.838836      -0.443751       0.322382       0.420839         -0.000000
   21.390000       0.834374      -0.448662       0.320191       0.420839         -0.000000
   21.400000       0.829863      -0.453577       0.317973       0.420839         -0.000000
   21.410000       0.825303      -0.458498       0.315729       0.420839         -0.000000
   21.420000       0.820693      -0.463424       0.313458       0.420839         -0.000000
   21.430000       0.816034      -0.468355       0.311161       0.420839         -0.000000
   21.440000       0.811326      -0.473290       0.308837       0.420839         -0.000000
   21.450000       0.806568      -0.478230       0.306487       0.420839         -0.000000
   21.460000       0.801761      -0.483175       0.304110       0.420839         -0.000000
   21.470000       0.796905      -0.488125       0.301707       0.420839         -0.000000
   21.480000       0.791999      -0.493078       0.299276       0.420839         -0.000000
   21.490000       0.787043      -0.498036       0.296819       0.420839         -0.000000
   21.500000       0.782038      -0.502998       0.294336       0.420839         -0.000000
   21.510000       0.776983      -0.507963       0.291826       0.420839         -0.000000
   21.520000       0.771879      -0.512933       0.289289       0.420839         -0.000000
   21.530000       0.766725      -0.517906       0.286726       0.420839         -0.000000
   21.540000       0.761521      -0.522883       0.284136       0.420839         -0.000000
   21.550000       0.756267      -0.527862       0.281520       0.420839         -0.000000
   21.560000       0.750964      -0.532845       0.278877       0.420839         -0.000000
   21.570000       0.745610      -0.537831       0.276208       0.420839         -0.000000
   21.580000       0.740207      -0.542819       0.273513       0.420839         -0.000000
   21.590000       0.734754      -0.547810       0.270792       0.420839         -0.000000
   21.600000       0.729251      -0.552802       0.268044       0.420839         -0.000000
   21.610000       0.723698      -0.557797       0.265271       0.420839         -0.000000
   21.620000       0.718095      -0.562793       0.262471       0.420839         -0.000000
   21.630000       0.712442      -0.567791       0.259646       0.420839         -0.000000
   21.640000       0.706739      -0.572789       0.256795       0.420839         -0.000000
   21.650000       0.700986      -0.577789       0.253919       0.420839         -0.000000
   21.660000       0.695183      -0.582789       0.251018       0.420839         -0.000000
   21.670000       0.689330      -0.587789       0.248092       0.420839         -0.000000
   21.680000       0.683427      -0.592788       0.245140       0.420839         -0.000000
   21.690000       0.677474      -0.597788       0.242164       0.420839         -0.000000
   21.700000       0.671472      -0.602786       0.239164       0.420839         -0.000000
   21.710000       0.665419      -0.607783       0.236139       0.420839         -0.000000
   21.720000       0.659316      -0.612778       0.233091       0.420839         -0.000000
   21.730000       0.653163      -0.617771       0.230019       0.420839         -0.000000
   21.740000       0.646961      -0.622761       0.226924       0.420839         -0.000000
   21.750000       0.640708      -0.627748       0.223805       0.420839         -0.000000
   21.760000       0.634406      -0.632732       0.220665       0.420839         -0.000000
   21.770000       0.628053      -0.637711       0.217501       0.420839         -0.000000
   21.780000       0.621651      -0.642686       0.214316       0.420839         -0.000000
   21.790000       0.615200      -0.647656       0.211110       0.420839         -0.000000
   21.800000       0.608698      -0.652620       0.207883       0.420839         -0.000000
   21.810000       0.602147      -0.657578       0.204635       0.420839         -0.000000
   21.820000       0.595547      -0.662529       0.201367       0.420839         -0.000000
   21.830000       0.588897      -0.667473       0.198079       0.420839         -0.000000
   21.840000       0.582197      -0.672409       0.194773       0.420839         -0.000000
   21.850000       0.575449      -0.677335       0.191448       0.420839         -0.000000
   21.860000       0.568651      -0.682252       0.188105       0.420839         -0.000000
   21.870000       0.561804      -0.687159       0.184745       0.420839         -0.000000
   21.880000       0.554908      -0.692055       0.181369       0.420839         -0.000000
   21.890000       0.547963      -0.696939       0.177977       0.420839         -0.000000
   21.900000       0.540969      -0.701811       0.174570       0.420839         -0.000000
   21.910000       0.533926      -0.706669       0.171149       0.420839         -0.000000
   21.920000       0.526835      -0.711512       0.167714       0.420839         -0.000000
   21.930000       0.519696      -0.716341       0.164267       0.420839         -0.000000
   21.940000       0.512509      -0.721153       0.160808       0.420839         -0.000000
   21.950000       0.505273      -0.725949       0.157339       0.420839         -0.000000
   21.960000       0.497990      -0.730726       0.153859       0.420839         -0.000000
   21.970000       0.490659      -0.735484       0.150371       0.420839         -0.000000
   21.980000       0.483280      -0.740222       0.146875       0.420839         -0.000000
   21.990000       0.475854      -0.744938       0.143373       0.420839         -0.000000
   22.000000       0.468381      -0.749632       0.139865       0.420839         -0.000000
   22.010000       0.460862      -0.754303       0.136353       0.420839         -0.000000
   22.020000       0.453295      -0.758948       0.132838       0.420839         -0.000000
   22.030000       0.445683      -0.763567       0.129322       0.420839         -0.000000
   22.040000       0.438024      -0.768159       0.125805       0.420839         -0.000000
   22.050000       0.430320      -0.772722       0.122289       0.420839         -0.000000
   22.060000       0.422570      -0.777255       0.118776       0.420839         -0.000000
   22.070000       0.414775      -0.781756       0.115268       0.420839         -0.000000
   22.080000       0.406935      -0.786224       0.111765       0.420839         -0.000000
   22.090000       0.399050      -0.790658       0.108269       0.420839         -0.000000
   22.100000       0.391122      -0.795055       0.104783       0.420839         -0.000000
   22.110000       0.383149      -0.799414       0.101308       0.420839         -0.000000
   22.120000       0.375134      -0.803734       0.097845       0.420839         -0.000000
   22.130000       0.367075      -0.808012       0.094398       0.420839         -0.000000
   22.140000       0.358974      -0.812247       0.090967       0.420839         -0.000000
   22.150000       0.350830      -0.816437       0.087555       0.420839         -0.000000
   22.160000       0.342645      -0.820580       0.084164       0.420839         -0.000000
   22.170000       0.334419      -0.824674       0.080796       0.420839         -0.000000
   22.180000       0.326152      -0.828717       0.077453       0.420839         -0.000000
   22.190000       0.317845      -0.832707       0.074139       0.420839         -0.000000
   22.200000       0.309498      -0.836642       0.070854       0.420839         -0.000000
   22.210000       0.301112      -0.840520       0.067603       0.420839         -0.000000
   22.220000       0.292688      -0.844337       0.064386       0.420839         -0.000000
   22.230000       0.284225      -0.848093       0.061208       0.420839         -0.000000
   22.240000       0.275726      -0.851784       0.058071       0.420839         -0.000000
   22.250000       0.267190      -0.855409       0.054977       0.420839         -0.000000
   22.260000       0.258618      -0.858963       0.051930       0.420839         -0.000000
   22.270000       0.250011      -0.862446       0.048933       0.420839         -0.000000
   22.280000       0.241369      -0.865853       0.045988       0.420839         -0.000000
   22.290000       0.232694      -0.869183       0.043099       0.420839         -0.000000
   22.300000       0.223986      -0.872433       0.040270       0.420839         -0.000000
   22.310000       0.215246      -0.875599       0.037503       0.420839         -0.000000
   22.320000       0.206474      -0.878678       0.034802       0.420839         -0.000000
   22.330000       0.197672      -0.881667       0.032170       0.420839         -0.000000
   22.340000       0.188841      -0.884564       0.029612       0.420839         -0.000000
   22.350000       0.179981      -0.887365       0.027131       0.420839         -0.000000
   22.360000       0.171094      -0.890067       0.024730       0.420839         -0.000000
   22.370000       0.162180      -0.892665       0.022414       0.420839         -0.000000
   22.380000       0.153241      -0.895157       0.020186       0.420839         -0.000000
   22.390000       0.144278      -0.897540       0.018051       0.420839         -0.000000
   22.400000       0.135291      -0.899808       0.016012       0.420839         -0.000000
   22.410000       0.126282      -0.901959       0.014074       0.420839         -0.000000
   22.420000       0.117252      -0.903989       0.012241       0.420839         -0.000000
   22.430000       0.108203      -0.905894       0.010517       0.420839         -0.000000
   22.440000       0.099135      -0.907669       0.008907       0.420839         -0.000000
   22.450000       0.090050      -0.909311       0.007416       0.420839         -0.000000
   22.460000       0.080949      -0.910816       0.006046       0.420839         -0.000000
   22.470000       0.071834      -0.912178       0.004804       0.420839         -0.000000
   22.480000       0.062706      -0.913395       0.003694       0.420839         -0.000000
   22.490000       0.053566      -0.914460       0.002720       0.420839         -0.000000
   22.500000       0.044417      -0.915371       0.001887       0.420839         -0.000000
   22.510000       0.035259      -0.916121       0.001200       0.420839         -0.000000
   22.520000       0.026095      -0.916707       0.000663       0.420839         -0.000000
   22.530000       0.016926      -0.917123       0.000282       0.420839         -0.000000
   22.540000       0.007753      -0.917365       0.000060       0.420839         -0.000000
   22.550000      -0.001421      -0.917428       0.000002       0.420839         -0.000000
   22.560000      -0.010595      -0.917307       0.000113       0.420839         -0.000000
   22.570000      -0.019766      -0.916996       0.000399       0.420839         -0.000000
   22.580000      -0.028934      -0.916491       0.000862       0.420839         -0.000000
   22.590000      -0.038095      -0.915785       0.001508       0.420839         -0.000000
   22.600000      -0.047249      -0.914875       0.002341       0.420839         -0.000000
   22.610000      -0.056392      -0.913755       0.003365       0.420839         -0.000000
   22.620000      -0.065523      -0.912418       0.004586       0.420839         -0.000000
   22.630000      -0.074640      -0.910861       0.006006       0.420839         -0.000000
   22.640000      -0.083740      -0.909076       0.007629       0.420839         -0.000000
   22.650000      -0.092821      -0.907060       0.009460       0.420839         -0.000000
   22.660000      -0.101880      -0.904806       0.011503       0.420839         -0.000000
   22.670000      -0.110916      -0.902308       0.013760       0.420839         -0.000000
   22.680000      -0.119926      -0.899561       0.016234       0.420839         -0.000000
   22.690000      -0.128906      -0.896560       0.018929       0.420839         -0.000000
   22.700000      -0.137856      -0.893299       0.021848       0.420839         -0.000000
   22.710000      -0.146771      -0.889772       0.024992       0.420839         -0.000000
   22.720000      -0.155650      -0.885974       0.028364       0.420839         -0.000000
   22.730000      -0.164490      -0.881899       0.031966       0.420839         -0.000000
   22.740000      -0.173287      -0.877542       0.035800       0.420839         -0.000000
   22.750000      -0.182040      -0.872897       0.039865       0.420839         -0.000000
   22.760000      -0.190744      -0.867959       0.044163       0.420839         -0.000000
   22.770000      -0.199398      -0.862722       0.048694       0.420839         -0.000000
   22.780000      -0.207998      -0.857183       0.053458       0.420839         -0.000000
   22.790000      -0.216541      -0.851334       0.058454       0.420839         -0.000000
   22.800000      -0.225023      -0.845172       0.063682       0.420839         -0.000000
   22.810000      -0.233443      -0.838691       0.069138       0.420839         -0.000000
   22.820000      -0.241796      -0.831887       0.074821       0.420839         -0.000000
   22.830000      -0.250080      -0.824755       0.080729       0.420839         -0.000000
   22.840000      -0.258290      -0.817291       0.086857       0.420839         -0.000000
   22.850000      -0.266424      -0.809491       0.093201       0.420839         -0.000000
   22.860000      -0.274479      -0.801351       0.099758       0.420839         -0.000000
   22.870000      -0.282450      -0.792866       0.106521       0.420839         -0.000000
   22.880000      -0.290335      -0.784034       0.113485       0.420839         -0.000000
   22.890000      -0.298130      -0.774850       0.120643       0.420839         -0.000000
   22.900000      -0.305831      -0.765313       0.127987       0.420839         -0.000000
   22.910000      -0.313435      -0.755420       0.135510       0.420839         -0.000000
   22.920000      -0.320938      -0.745168       0.143202       0.420839         -0.000000
   22.930000      -0.328337      -0.734554       0.151054       0.420839         -0.000000
   22.940000      -0.335628      -0.723579       0.159056       0.420839         -0.000000
   22.950000      -0.342807      -0.712239       0.167197       0.420839         -0.000000
   22.960000      -0.349872      -0.700535       0.175465       0.420839         -0.000000
   22.970000      -0.356817      -0.688465       0.183847       0.420839         -0.000000
   22.980000      -0.363640      -0.676030       0.192331       0.420839         -0.000000
   22.990000      -0.370336      -0.663230       0.200902       0.420839         -0.000000
   23.000000      -0.376903      -0.650065       0.209547       0.420839         -0.000000
   23.010000      -0.383336      -0.636538       0.218249       0.420839         -0.000000
   23.020000      -0.389633      -0.622649       0.226993       0.420839         -0.000000
   23.030000      -0.395788      -0.608401       0.235763       0.420839         -0.000000
   23.040000      -0.401799      -0.593797       0.244542       0.420839         -0.000000
   23.050000      -0.407663      -0.578840       0.253311       0.420839         -0.000000
   23.060000      -0.413375      -0.563534       0.262054       0.420839         -0.000000
   23.070000      -0.418932      -0.547883       0.270751       0.420839         -0.000000
   23.080000      -0.424332      -0.531893       0.279384       0.420839         -0.000000
   23.090000      -0.429569      -0.515567       0.287935       0.420839         -0.000000
   23.100000      -0.434642      -0.498913       0.296382       0.420839         -0.000000
   23.110000      -0.439546      -0.481938       0.304707       0.420839         -0.000000
   23.120000      -0.444280      -0.464648       0.312891       0.420839         -0.000000
   23.130000      -0.448838      -0.447050       0.320912       0.420839         -0.000000
   23.140000      -0.453220      -0.429154       0.328753       0.420839         -0.000000
   23.150000      -0.457420      -0.410968       0.336392       0.420839         -0.000000
   23.160000      -0.461438      -0.392502       0.343810       0.420839         -0.000000
   23.170000      -0.465270      -0.373765       0.350989       0.420839         -0.000000
   23.180000      -0.468912      -0.354768       0.357909       0.420839         -0.000000
   23.190000      -0.472364      -0.335522       0.364552       0.420839         -0.000000
   23.200000      -0.475622      -0.316039       0.370899       0.420839         -0.000000
   23.210000      -0.478684      -0.296330       0.376934       0.420839         -0.000000
   23.220000      -0.481548      -0.276408       0.382639       0.420839         -0.000000
   23.230000      -0.484212      -0.256286       0.387998       0.420839         -0.000000
   23.240000      -0.486673      -0.235977       0.392997       0.420839         -0.000000
   23.250000      -0.488931      -0.215495       0.397620       0.420839         -0.000000
   23.260000      -0.490982      -0.194854       0.401855       0.420839         -0.000000
   23.270000      -0.492827      -0.174069       0.405689       0.420839         -0.000000
   23.280000      -0.494463      -0.153154       0.409111       0.420839         -0.000000
   23.290000      -0.495890      -0.132124       0.412111       0.420839         -0.000000
   23.300000      -0.497105      -0.110996       0.414679       0.420839         -0.000000
   23.310000      -0.498109      -0.089784       0.416809       0.420839         -0.000000
   23.320000      -0.498901      -0.068505       0.418493       0.420839         -0.000000
   23.330000      -0.499479      -0.047173       0.419727       0.420839         -0.000000
   23.340000      -0.499844      -0.025807       0.420506       0.420839         -0.000000
   23.350000      -0.499995      -0.004420       0.420830       0.420839         -0.000000
   23.360000      -0.499933       0.016970       0.420695       0.420839         -0.000000
   23.370000      -0.499656       0.038347       0.420104       0.420839         -0.000000
   23.380000      -0.499166       0.059695       0.419058       0.420839         -0.000000
   23.390000      -0.498462       0.080998       0.417559       0.420839         -0.000000
   23.400000      -0.497546       0.102239       0.415613       0.420839         -0.000000
   23.410000      -0.496418       0.123404       0.413225       0.420839         -0.000000
   23.420000      -0.495078       0.144476       0.410403       0.420839         -0.000000
   23.430000      -0.493529       0.165440       0.407154       0.420839         -0.000000
   23.440000      -0.491770       0.186281       0.403489       0.420839         -0.000000
   23.450000      -0.489803       0.206983       0.399418       0.420839         -0.000000
   23.460000      -0.487631       0.227532       0.394954       0.420839         -0.000000
   23.470000      -0.485253       0.247915       0.390108       0.420839         -0.000000
   23.480000      -0.482673       0.268116       0.384896       0.420839         -0.000000
   23.490000      -0.479892       0.288122       0.379332       0.420839         -0.000000
   23.500000      -0.476911       0.307921       0.373432       0.420839         -0.000000
   23.510000      -0.473734       0.327499       0.367212       0.420839         -0.000000
   23.520000      -0.470362       0.346844       0.360689       0.420839         -0.000000
   23.530000      -0.466798       0.365946       0.353881       0.420839         -0.000000
   23.540000      -0.463044       0.384791       0.346807       0.420839         -0.000000
   23.550000      -0.459103       0.403370       0.339485       0.420839         -0.000000
   23.560000      -0.454978       0.421673       0.331935       0.420839         -0.000000
   23.570000      -0.450671       0.439690       0.324176       0.420839         -0.000000
   23.580000      -0.446185       0.457412       0.316226       0.420839         -0.000000
   23.590000      -0.441523       0.474830       0.308107       0.420839         -0.000000
   23.600000      -0.436689       0.491937       0.299838       0.420839         -0.000000
   23.610000      -0.431686       0.508724       0.291439       0.420839         -0.000000
   23.620000      -0.426516       0.525186       0.282929       0.420839         -0.000000
   23.630000      -0.421183       0.541316       0.274328       0.420839         -0.000000
   23.640000      -0.415691       0.557108       0.265655       0.420839         -0.000000
   23.650000      -0.410042       0.572557       0.256928       0.420839         -0.000000
   23.660000      -0.404241       0.587659       0.248168       0.420839         -0.000000
   23.670000      -0.398290       0.602409       0.239391       0.420839         -0.000000
   23.680000      -0.392194       0.616805       0.230615       0.420839         -0.000000
   23.690000      -0.385955       0.630842       0.221859       0.420839         -0.000000
   23.700000      -0.379578       0.644519       0.213137       0.420839         -0.000000
   23.710000      -0.373066       0.657834       0.204467       0.420839         -0.000000
   23.720000      -0.366423       0.670784       0.195863       0.420839         -0.000000
   23.730000      -0.359651       0.683370       0.187342       0.420839         -0.000000
   23.740000      -0.352756       0.695591       0.178916       0.420839         -0.000000
   23.750000      -0.345741       0.707446       0.170599       0.420839         -0.000000
   23.760000      -0.338609       0.718937       0.162404       0.420839         -0.000000
   23.770000      -0.331363       0.730063       0.154344       0.420839         -0.000000
   23.780000      -0.324009       0.740826       0.146428       0.420839         -0.000000
   23.790000      -0.316548       0.751227       0.138668       0.420839         -0.000000
   23.800000      -0.308985       0.761268       0.131075       0.420839         -0.000000
   23.810000      -0.301324       0.770952       0.123656       0.420839         -0.000000
   23.820000      -0.293567       0.780281       0.116420       0.420839         -0.000000
   23.830000      -0.285719       0.789258       0.109375       0.420839         -0.000000
   23.840000      -0.277783       0.797886       0.102528       0.420839         -0.000000
   23.850000      -0.269763       0.806168       0.095885       0.420839         -0.000000
   23.860000      -0.261661       0.814109       0.089453       0.420839         -0.000000
   23.870000      -0.253482       0.821711       0.083234       0.420839         -0.000000
   23.880000      -0.245228       0.828980       0.077235       0.420839         -0.000000
   23.890000      -0.236903       0.835919       0.071459       0.420839         -0.000000
   23.900000      -0.228511       0.842533       0.065909       0.420839         -0.000000
   23.910000      -0.220054       0.848826       0.060587       0.420839         -0.000000
   23.920000      -0.211535       0.854803       0.055495       0.420839         -0.000000
   23.930000      -0.202959       0.860470       0.050635       0.420839         -0.000000
   23.940000      -0.194327       0.865831       0.046007       0.420839         -0.000000
   23.950000      -0.185643       0.870892       0.041613       0.420839         -0.000000
   23.960000      -0.176910       0.875657       0.037451       0.420839         -0.000000
   23.970000      -0.168131       0.880133       0.033522       0.420839         -0.000000
   23.980000      -0.159308       0.884324       0.029825       0.420839         -0.000000
   23.990000      -0.150445       0.888236       0.026358       0.420839         -0.000000
   24.000000      -0.141545       0.891874       0.023120       0.420839         -0.000000
   24.010000      -0.132609       0.895244       0.020108       0.420839         -0.000000
   24.020000      -0.123641       0.898352       0.017321       0.420839         -0.000000
   24.030000      -0.114643       0.901203       0.014756       0.420839         -0.000000
   24.040000      -0.105617       0.903803       0.012409       0.420839         -0.000000
   24.050000      -0.096567       0.906157       0.010279       0.420839         -0.000000
   24.060000      -0.087495       0.908272       0.008361       0.420839         -0.000000
   24.070000      -0.078403       0.910151       0.006652       0.420839         -0.000000
   24.080000      -0.069293       0.911802       0.005148       0.420839         -0.000000
   24.090000      -0.060167       0.913229       0.003846       0.420839         -0.000000
   24.100000      -0.051029       0.914438       0.002741       0.420839         -0.000000
   24.110000      -0.041879       0.915434       0.001829       0.420839         -0.000000
   24.120000      -0.032721       0.916224       0.001106       0.420839         -0.000000
   24.130000      -0.023556       0.916811       0.000568       0.420839         -0.000000
   24.140000      -0.014385       0.917202       0.000210       0.420839         -0.000000
   24.150000      -0.005212       0.917401       0.000027       0.420839         -0.000000
   24.160000       0.003962       0.917413       0.000016       0.420839         -0.000000
   24.170000       0.013136       0.917245       0.000170       0.420839         -0.000000
   24.180000       0.022306       0.916900       0.000487       0.420839         -0.000000
   24.190000       0.031473       0.916383       0.000960       0.420839         -0.000000
   24.200000       0.040634       0.915701       0.001586       0.420839         -0.000000
   24.210000       0.049786       0.914856       0.002359       0.420839         -0.000000
   24.220000       0.058930       0.913854       0.003275       0.420839         -0.000000
   24.230000       0.068063       0.912699       0.004329       0.420839         -0.000000
   24.240000       0.077184       0.911396       0.005518       0.420839         -0.000000
   24.250000       0.086290       0.909950       0.006835       0.420839         -0.000000
   24.260000       0.095382       0.908364       0.008276       0.420839         -0.000000
   24.270000       0.104457       0.906644       0.009838       0.420839         -0.000000
   24.280000       0.113515       0.904792       0.011515       0.420839         -0.000000
   24.290000       0.122553       0.902813       0.013303       0.420839         -0.000000
   24.300000       0.131570       0.900712       0.015199       0.420839         -0.000000
   24.310000       0.140567       0.898491       0.017196       0.420839         -0.000000
   24.320000       0.149540       0.896155       0.019292       0.420839         -0.000000
   24.330000       0.158489       0.893708       0.021482       0.420839         -0.000000
   24.340000       0.167414       0.891153       0.023762       0.420839         -0.000000
   24.350000       0.176312       0.888494       0.026129       0.420839         -0.000000
   24.360000       0.185183       0.885734       0.028577       0.420839         -0.000000
   24.370000       0.194026       0.882876       0.031104       0.420839         -0.000000
   24.380000       0.202840       0.879924       0.033706       0.420839         -0.000000
   24.390000       0.211625       0.876882       0.036379       0.420839         -0.000000
   24.400000       0.220378       0.873751       0.039119       0.420839         -0.000000
   24.410000       0.229099       0.870536       0.041923       0.420839         -0.000000
   24.420000       0.237788       0.867239       0.044787       0.420839         -0.000000
   24.430000       0.246444       0.863863       0.047709       0.420839         -0.000000
   24.440000       0.255065       0.860411       0.050685       0.420839         -0.000000
   24.450000       0.263652       0.856886       0.053712       0.420839         -0.000000
   24.460000       0.272203       0.853290       0.056787       0.420839         -0.000000
   24.470000       0.280717       0.849627       0.059907       0.420839         -0.000000
   24.480000       0.289195       0.845897       0.063068       0.420839         -0.000000
   24.490000       0.297635       0.842105       0.066269       0.420839         -0.000000
   24.500000       0.306037       0.838252       0.069506       0.420839         -0.000000
   24.510000       0.314400       0.834340       0.072778       0.420839         -0.000000
   24.520000       0.322724       0.830373       0.076080       0.420839         -0.000000
   24.530000       0.331007       0.826351       0.079411       0.420839         -0.000000
   24.540000       0.339250       0.822278       0.082769       0.420839         -0.000000
   24.550000       0.347453       0.818155       0.086151       0.420839         -0.000000
   24.560000       0.355613       0.813984       0.089554       0.420839         -0.000000
   24.570000       0.363732       0.809767       0.092978       0.420839         -0.000000
   24.580000       0.371809       0.805507       0.096419       0.420839         -0.000000
   24.590000       0.379842       0.801204       0.099875       0.420839         -0.000000
   24.600000       0.387832       0.796861       0.103346       0.420839         -0.000000
   24.610000       0.395779       0.792479       0.106827       0.420839         -0.000000
   24.620000       0.403682       0.788061       0.110319       0.420839         -0.000000
   24.630000       0.411540       0.783607       0.113819       0.420839         -0.000000
   24.640000       0.419354       0.779119       0.117326       0.420839         -0.000000
   24.650000       0.427123       0.774599       0.120837       0.420839         -0.000000
   24.660000       0.434846       0.770049       0.124352       0.420839         -0.000000
   24.670000       0.442523       0.765469       0.127868       0.420839         -0.000000
   24.680000       0.450155       0.760860       0.131385       0.420839         -0.000000
   24.690000       0.457741       0.756226       0.134901       0.420839         -0.000000
   24.700000       0.465280       0.751565       0.138414       0.420839         -0.000000
   24.710000       0.472772       0.746881       0.141924       0.420839         -0.000000
   24.720000       0.480217       0.742174       0.145429       0.420839         -0.000000
   24.730000       0.487615       0.737444       0.148927       0.420839         -0.000000
   24.740000       0.494966       0.732695       0.152419       0.420839         -0.000000
   24.750000       0.502269       0.727925       0.155902       0.420839         -0.000000
   24.760000       0.509524       0.723137       0.159376       0.420839         -0.000000
   24.770000       0.516732       0.718332       0.162839       0.420839         -0.000000
   24.780000       0.523891       0.713510       0.166291       0.420839         -0.000000
   24.790000       0.531002       0.708672       0.169731       0.420839         -0.000000
   24.800000       0.538064       0.703820       0.173158       0.420839         -0.000000
   24.810000       0.545078       0.698954       0.176571       0.420839         -0.000000
   24.820000       0.552043       0.694075       0.179969       0.420839         -0.000000
   24.830000       0.558960       0.689184       0.183352       0.420839         -0.000000
   24.840000       0.565827       0.684281       0.186719       0.420839         -0.000000
   24.850000       0.572645       0.679368       0.190069       0.420839         -0.000000
   24.860000       0.579414       0.674446       0.193401       0.420839         -0.000000
   24.870000       0.586134       0.669514       0.196715       0.420839         -0.000000
   24.880000       0.592805       0.664573       0.200010       0.420839         -0.000000
   24.890000       0.599426       0.659625       0.203286       0.420839         -0.000000
   24.900000       0.605997       0.654670       0.206543       0.420839         -0.000000
   24.910000       0.612519       0.649708       0.209779       0.420839         -0.000000
   24.920000       0.618991       0.644741       0.212994       0.420839         -0.000000
   24.930000       0.625414       0.639768       0.216188       0.420839         -0.000000
   24.940000       0.631787       0.634790       0.219360       0.420839         -0.000000
   24.950000       0.638110       0.629808       0.222510       0.420839         -0.000000
   24.960000       0.644383       0.624822       0.225638       0.420839         -0.000000
   24.970000       0.650606       0.619833       0.228743       0.420839         -0.000000
   24.980000       0.656779       0.614841       0.231824       0.420839         -0.000000
   24.990000       0.662903       0.609847       0.234883       0.420839         -0.000000
   25.000000       0.668976       0.604851       0.237917       0.420839         -0.000000
   25.010000       0.675000       0.599853       0.240927       0.420839         -0.000000
   25.020000       0.680973       0.594854       0.243913       0.420839         -0.000000
   25.030000       0.686897       0.589855       0.246875       0.420839         -0.000000
   25.040000       0.692770       0.584855       0.249812       0.420839         -0.000000
   25.050000       0.698594       0.579855       0.252723       0.420839         -0.000000
   25.060000       0.704368       0.574855       0.255610       0.420839         -0.000000
   25.070000       0.710091       0.569856       0.258471       0.420839         -0.000000
   25.080000       0.715765       0.564858       0.261307       0.420839         -0.000000
   25.090000       0.721388       0.559861       0.264117       0.420839         -0.000000
   25.100000       0.726962       0.554866       0.266901       0.420839         -0.000000
   25.110000       0.732486       0.549873       0.269659       0.420839         -0.000000
   25.120000       0.737959       0.544881       0.272392       0.420839         -0.000000
   25.130000       0.743383       0.539892       0.275098       0.420839         -0.000000
   25.140000       0.748757       0.534905       0.277778       0.420839         -0.000000
   25.150000       0.754081       0.529921       0.280431       0.420839         -0.000000
   25.160000       0.759356       0.524940       0.283058       0.420839         -0.000000
   25.170000       0.764580       0.519962       0.285659       0.420839         -0.000000
   25.180000       0.769755       0.514988       0.288233       0.420839         -0.000000
   25.190000       0.774880       0.510017       0.290781       0.420839         -0.000000
   25.200000       0.779955       0.505049       0.293302       0.420839         -0.000000
   25.210000       0.784981       0.500086       0.295796       0.420839         -0.000000
   25.220000       0.789957       0.495126       0.298264       0.420839         -0.000000
   25.230000       0.794883       0.490171       0.300705       0.420839         -0.000000
   25.240000       0.799760       0.485220       0.303120       0.420839         -0.000000
   25.250000       0.804588       0.480273       0.305508       0.420839         -0.000000
   25.260000       0.809366       0.475331       0.307869       0.420839         -0.000000
   25.270000       0.814095       0.470394       0.310204       0.420839         -0.000000
   25.280000       0.818774       0.465461       0.312512       0.420839         -0.000000
   25.290000       0.823404       0.460533       0.314794       0.420839         -0.000000
   25.300000       0.827984       0.455610       0.317049       0.420839         -0.000000
   25.310000       0.832516       0.450692       0.319277       0.420839         -0.000000
   25.320000       0.836998       0.445780       0.321480       0.420839         -0.000000
   25.330000       0.841432       0.440872       0.323655       0.420839         -0.000000
   25.340000       0.845816       0.435970       0.325805       0.420839         -0.000000
   25.350000       0.850151       0.431072       0.327928       0.420839         -0.000000
   25.360000       0.854437       0.426181       0.330024       0.420839         -0.000000
   25.370000       0.858675       0.421294       0.332095       0.420839         -0.000000
   25.380000       0.862863       0.416413       0.334139       0.420839         -0.000000
   25.390000       0.867003       0.411538       0.336158       0.420839         -0.000000
   25.400000       0.871094       0.406668       0.338150       0.420839         -0.000000
   25.410000       0.875136       0.401804       0.340116       0.420839         -0.000000
   25.420000       0.879130       0.396945       0.342057       0.420839         -0.000000
   25.430000       0.883075       0.392092       0.343971       0.420839         -0.000000
   25.440000       0.886972       0.387244       0.345860       0.420839         -0.000000
   25.450000       0.890820       0.382402       0.347724       0.420839         -0.000000
   25.460000       0.894620       0.377566       0.349561       0.420839         -0.000000
   25.470000       0.898371       0.372735       0.351374       0.420839         -0.000000
   25.480000       0.902075       0.367910       0.353160       0.420839         -0.000000
   25.490000       0.905730       0.363091       0.354922       0.420839         -0.000000
   25.500000       0.909337       0.358277       0.356658       0.420839         -0.000000
   25.510000       0.912895       0.353469       0.358369       0.420839         -0.000000
   25.520000       0.916406       0.348666       0.360055       0.420839         -0.000000
   25.530000       0.919869       0.343869       0.361716       0.420839         -0.000000
   25.540000       0.923283       0.339078       0.363352       0.420839         -0.000000
   25.550000       0.926650       0.334292       0.364964       0.420839         -0.000000
   25.560000       0.929969       0.329511       0.366550       0.420839         -0.000000
   25.570000       0.933240       0.324736       0.368112       0.420839         -0.000000
   25.580000       0.936464       0.319967       0.369650       0.420839         -0.000000
   25.590000       0.939640       0.315203       0.371163       0.420839         -0.000000
   25.600000       0.942768       0.310444       0.372652       0.420839         -0.000000
   25.610000       0.945849       0.305691       0.374116       0.420839         -0.000000
   25.620000       0.948882       0.300943       0.375556       0.420839         -0.000000
   25.630000       0.951868       0.296200       0.376972       0.420839         -0.000000
   25.640000       0.954806       0.291462       0.378364       0.420839         -0.000000
   25.650000       0.957697       0.286730       0.379732       0.420839         -0.000000
   25.660000       0.960540       0.282003       0.381077       0.420839         -0.000000
   25.670000       0.963337       0.277280       0.382397       0.420839         -0.000000
   25.680000       0.966086       0.272563       0.383694       0.420839         -0.000000
   25.690000       0.968788       0.267851       0.384967       0.420839         -0.000000
   25.700000       0.971443       0.263144       0.386217       0.420839         -0.000000
   25.710000       0.974051       0.258441       0.387443       0.420839         -0.000000
   25.720000       0.976612       0.253743       0.388646       0.420839         -0.000000
   25.730000       0.979126       0.249050       0.389826       0.420839         -0.000000
   25.740000       0.981593       0.244362       0.390983       0.420839         -0.000000
   25.750000       0.984013       0.239678       0.392116       0.420839         -0.000000
   25.760000       0.986387       0.234999       0.393227       0.420839         -0.000000
   25.770000       0.988713       0.230324       0.394315       0.420839         -0.000000
   25.780000       0.990993       0.225654       0.395380       0.420839         -0.000000
   25.790000       0.993226       0.220987       0.396422       0.420839         -0.000000
   25.800000       0.995413       0.216326       0.397441       0.420839         -0.000000
   25.810000       0.997553       0.211668       0.398438       0.420839         -0.000000
   25.820000       0.999646       0.207014       0.399412       0.420839         -0.000000
   25.830000       1.001693       0.202365       0.400364       0.420839         -0.000000
   25.840000       1.003693       0.197719       0.401293       0.420839         -0.000000
   25.850000       1.005647       0.193077       0.402200       0.420839         -0.000000
   25.860000       1.007555       0.188439       0.403085       0.420839         -0.000000
   25.870000       1.009416       0.183805       0.403947       0.420839         -0.000000
   25.880000       1.011231       0.179175       0.404788       0.420839         -0.000000
   25.890000       1.013000       0.174547       0.405606       0.420839         -0.000000
   25.900000       1.014722       0.169924       0.406402       0.420839         -0.000000
   25.910000       1.016398       0.165304       0.407177       0.420839         -0.000000
   25.920000       1.018028       0.160687       0.407929       0.420839         -0.000000
   25.930000       1.019612       0.156073       0.408660       0.420839         -0.000000
   25.940000       1.021150       0.151463       0.409369       0.420839         -0.000000
   25.950000       1.022641       0.146855       0.410056       0.420839         -0.000000
   25.960000       1.024087       0.142250       0.410722       0.420839         -0.000000
   25.970000       1.025486       0.137649       0.411366       0.420839         -0.000000
   25.980000       1.026840       0.133050       0.411988       0.420839         -0.000000
   25.990000       1.028147       0.128454       0.412589       0.420839         -0.000000
   26.000000       1.029409       0.123860       0.413169       0.420839         -0.000000
   26.010000       1.030624       0.119269       0.413727       0.420839         -0.000000
   26.020000       1.031794       0.114681       0.414263       0.420839         -0.000000
   26.030000       1.032918       0.110094       0.414779       0.420839         -0.000000
   26.040000       1.033996       0.105510       0.415273       0.420839         -0.000000
   26.050000       1.035028       0.100929       0.415746       0.420839         -0.000000
   26.060000       1.036015       0.096349       0.416198       0.420839         -0.000000
   26.070000       1.036955       0.091771       0.416628       0.420839         -0.000000
   26.080000       1.037850       0.087195       0.417038       0.420839         -0.000000
   26.090000       1.038699       0.082621       0.417426       0.420839         -0.000000
   26.100000       1.039503       0.078049       0.417793       0.420839         -0.000000
   26.110000       1.040260       0.073478       0.418140       0.420839         -0.000000
   26.120000       1.040972       0.068909       0.418465       0.420839         -0.000000
   26.130000       1.041638       0.064341       0.418769       0.420839         -0.000000
   26.140000       1.042259       0.059775       0.419053       0.420839         -0.000000
   26.150000       1.042834       0.055210       0.419315       0.420839         -0.000000
   26.160000       1.043363       0.050646       0.419557       0.420839         -0.000000
   26.170000       1.043847       0.046083       0.419777       0.420839         -0.000000
   26.180000       1.044285       0.041520       0.419977       0.420839         -0.000000
   26.190000       1.044677       0.036959       0.420156       0.420839         -0.000000
   26.200000       1.045024       0.032399       0.420314       0.420839         -0.000000
   26.210000       1.045325       0.027839       0.420452       0.420839         -0.000000
   26.220000       1.045581       0.023280       0.420568       0.420839         -0.000000
   26.230000       1.045791       0.018721       0.420664       0.420839         -0.000000
   26.240000       1.045955       0.014163       0.420739       0.420839         -0.000000
   26.250000       1.046074       0.009605       0.420793       0.420839         -0.000000
   26.260000       1.046147       0.005047       0.420827       0.420839         -0.000000
   26.270000       1.046175       0.000490       0.420839       0.420839         -0.000000
   26.280000       1.046157      -0.004068       0.420831       0.420839         -0.000000
   26.290000       1.046094      -0.008626       0.420802       0.420839         -0.000000
   26.300000       1.045985      -0.013184       0.420752       0.420839         -0.000000
   26.310000       1.045830      -0.017742       0.420682       0.420839         -0.000000
   26.320000       1.045630      -0.022300       0.420591       0.420839         -0.000000
   26.330000       1.045384      -0.026859       0.420479       0.420839         -0.000000
   26.340000       1.045093      -0.031419       0.420346       0.420839         -0.000000
   26.350000       1.044756      -0.035979       0.420192       0.420839         -0.000000
   26.360000       1.044373      -0.040540       0.420018       0.420839         -0.000000
   26.370000       1.043945      -0.045102       0.419822       0.420839         -0.000000
   26.380000       1.043471      -0.049665       0.419606       0.420839         -0.000000
   26.390000       1.042951      -0.054229       0.419369       0.420839         -0.000000
   26.400000       1.042386      -0.058794       0.419111       0.420839         -0.000000
   26.410000       1.041776      -0.063360       0.418832       0.420839         -0.000000
   26.420000       1.041119      -0.067927       0.418532       0.420839         -0.000000
   26.430000       1.040417      -0.072496       0.418211       0.420839         -0.000000
   26.440000       1.039669      -0.077066       0.417870       0.420839         -0.000000
   26.450000       1.038876      -0.081638       0.417507       0.420839         -0.000000
   26.460000       1.038036      -0.086212       0.417123       0.420839         -0.000000
   26.470000       1.037151      -0.090788       0.416718       0.420839         -0.000000
   26.480000       1.036221      -0.095365       0.416292       0.420839         -0.000000
   26.490000       1.035244      -0.099944       0.415845       0.420839         -0.000000
   26.500000       1.034222      -0.104526       0.415376       0.420839         -0.000000
   26.510000       1.033154      -0.109109       0.414887       0.420839         -0.000000
   26.520000       1.032040      -0.113695       0.414376       0.420839         -0.000000
   26.530000       1.030880      -0.118283       0.413844       0.420839         -0.000000
   26.540000       1.029674      -0.122873       0.413290       0.420839         -0.000000
   26.550000       1.028422      -0.127466       0.412715       0.420839         -0.000000
   26.560000       1.027125      -0.132062       0.412119       0.420839         -0.000000
   26.570000       1.025781      -0.136660       0.411501       0.420839         -0.000000
   26.580000       1.024391      -0.141261       0.410862       0.420839         -0.000000
   26.590000       1.022956      -0.145865       0.410201       0.420839         -0.000000
   26.600000       1.021474      -0.150472       0.409518       0.420839         -0.000000
   26.610000       1.019946      -0.155082       0.408814       0.420839         -0.000000
   26.620000       1.018372      -0.159695       0.408088       0.420839         -0.000000
   26.630000       1.016752      -0.164311       0.407340       0.420839         -0.000000
   26.640000       1.015086      -0.168931       0.406571       0.420839         -0.000000
   26.650000       1.013374      -0.173553       0.405779       0.420839         -0.000000
   26.660000       1.011615      -0.178180       0.404965       0.420839         -0.000000
   26.670000       1.009810      -0.182810       0.404130       0.420839         -0.000000
   26.680000       1.007959      -0.187443       0.403272       0.420839         -0.000000
   26.690000       1.006061      -0.192080       0.402392       0.420839         -0.000000
   26.700000       1.004117      -0.196721       0.401490       0.420839         -0.000000
   26.710000       1.002127      -0.201366       0.400565       0.420839         -0.000000
   26.720000       1.000090      -0.206015       0.399618       0.420839         -0.000000
   26.730000       0.998007      -0.210667       0.398649       0.420839         -0.000000
   26.740000       0.995877      -0.215324       0.397657       0.420839         -0.000000
   26.750000       0.993700      -0.219985       0.396643       0.420839         -0.000000
   26.760000       0.991477      -0.224650       0.395605       0.420839         -0.000000
   26.770000       0.989207      -0.229320       0.394545       0.420839         -0.000000
   26.780000       0.986890      -0.233994       0.393463       0.420839         -0.000000
   26.790000       0.984527      -0.238672       0.392357       0.420839         -0.000000
   26.800000       0.982117      -0.243355       0.391228       0.420839         -0.000000
   26.810000       0.979660      -0.248042       0.390077       0.420839         -0.000000
   26.820000       0.977156      -0.252734       0.388902       0.420839         -0.000000
   26.830000       0.974605      -0.257431       0.387704       0.420839         -0.000000
   26.840000       0.972008      -0.262132       0.386483       0.420839         -0.000000
   26.850000       0.969363      -0.266839       0.385238       0.420839         -0.000000
   26.860000       0.966671      -0.271550       0.383970       0.420839         -0.000000
   26.870000       0.963932      -0.276266       0.382678       0.420839         -0.000000
   26.880000       0.961145      -0.280987       0.381362       0.420839         -0.000000
   26.890000       0.958312      -0.285713       0.380023       0.420839         -0.000000
   26.900000       0.955431      -0.290445       0.378660       0.420839         -0.000000
   26.910000       0.952503      -0.295181       0.377273       0.420839         -0.000000
   26.920000       0.949527      -0.299923       0.375862       0.420839         -0.000000
   26.930000       0.946505      -0.304670       0.374427       0.420839         -0.000000
   26.940000       0.943434      -0.309422       0.372968       0.420839         -0.000000
   26.950000       0.940316      -0.314180       0.371485       0.420839         -0.000000
   26.960000       0.937150      -0.318942       0.369977       0.420839         -0.000000
   26.970000       0.933937      -0.323711       0.368445       0.420839         -0.000000
   26.980000       0.930676      -0.328485       0.366888       0.420839         -0.000000
   26.990000       0.927367      -0.333264       0.365307       0.420839         -0.000000
   27.000000       0.924011      -0.338049       0.363701       0.420839         -0.000000
   27.010000       0.920607      -0.342839       0.362070       0.420839         -0.000000
   27.020000       0.917154      -0.347635       0.360414       0.420839         -0.000000
   27.030000       0.913654      -0.352436       0.358734       0.420839         -0.000000
   27.040000       0.910105      -0.357243       0.357028       0.420839         -0.000000
   27.050000       0.906509      -0.362056       0.355297       0.420839         -0.000000
   27.060000       0.902864      -0.366874       0.353541       0.420839         -0.000000
   27.070000       0.899171      -0.371698       0.351760       0.420839         -0.000000
   27.080000       0.895430      -0.376527       0.349953       0.420839         -0.000000
   27.090000       0.891641      -0.381362       0.348121       0.420839         -0.000000
   27.100000       0.887803      -0.386203       0.346263       0.420839         -0.000000
   27.110000       0.883917      -0.391049       0.344379       0.420839         -0.000000
   27.120000       0.879982      -0.395901       0.342470       0.420839         -0.000000
   27.130000       0.875999      -0.400759       0.340535       0.420839         -0.000000
   27.140000       0.871967      -0.405622       0.338575       0.420839         -0.000000
   27.150000       0.867886      -0.410491       0.336588       0.420839         -0.000000
   27.160000       0.863757      -0.415365       0.334575       0.420839         -0.000000
   27.170000       0.859579      -0.420245       0.332536       0.420839         -0.000000
   27.180000       0.855352      -0.425130       0.330472       0.420839         -0.000000
   27.190000       0.851076      -0.430021       0.328380       0.420839         -0.000000
   27.200000       0.846752      -0.434917       0.326263       0.420839         -0.000000
   27.210000       0.842378      -0.439818       0.324119       0.420839         -0.000000
   27.220000       0.837955      -0.444724       0.321949       0.420839         -0.000000
   27.230000       0.833483      -0.449636       0.319753       0.420839         -0.000000
   27.240000       0.828963      -0.454553       0.317530       0.420839         -0.000000
   27.250000       0.824392      -0.459475       0.315281       0.420839         -0.000000
   27.260000       0.819773      -0.464402       0.313005       0.420839         -0.000000
   27.270000       0.815104      -0.469333       0.310702       0.420839         -0.000000
   27.280000       0.810386      -0.474270       0.308373       0.420839         -0.000000
   27.290000       0.805619      -0.479211       0.306018       0.420839         -0.000000
   27.300000       0.800802      -0.484157       0.303635       0.420839         -0.000000
   27.310000       0.795936      -0.489107       0.301227       0.420839         -0.000000
   27.320000       0.791020      -0.494061       0.298791       0.420839         -0.000000
   27.330000       0.786055      -0.499020       0.296329       0.420839         -0.000000
   27.340000       0.781040      -0.503982       0.293840       0.420839         -0.000000
   27.350000       0.775975      -0.508949       0.291325       0.420839         -0.000000
   27.360000       0.770861      -0.513919       0.288783       0.420839         -0.000000
   27.370000       0.765696      -0.518893       0.286214       0.420839         -0.000000
   27.380000       0.760483      -0.523870       0.283619       0.420839         -0.000000
   27.390000       0.755219      -0.528850       0.280998       0.420839         -0.000000
   27.400000       0.749906      -0.533834       0.278350       0.420839         -0.000000
   27.410000       0.744542      -0.538820       0.275676       0.420839         -0.000000
   27.420000       0.739129      -0.543809       0.272975       0.420839         -0.000000
   27.430000       0.733666      -0.548800       0.270249       0.420839         -0.000000
   27.440000       0.728153      -0.553793       0.267496       0.420839         -0.000000
   27.450000       0.722590      -0.558788       0.264717       0.420839         -0.000000
   27.460000       0.716977      -0.563784       0.261913       0.420839         -0.000000
   27.470000       0.711315      -0.568782       0.259083       0.420839         -0.000000
   27.480000       0.705602      -0.573781       0.256227       0.420839         -0.000000
   27.490000       0.699839      -0.578780       0.253346       0.420839         -0.000000
   27.500000       0.694026      -0.583780       0.250440       0.420839         -0.000000
   27.510000       0.688163      -0.588780       0.247508       0.420839         -0.000000
   27.520000       0.682251      -0.593780       0.244552       0.420839         -0.000000
   27.530000       0.676288      -0.598779       0.241571       0.420839         -0.000000
   27.540000       0.670275      -0.603777       0.238566       0.420839         -0.000000
   27.550000       0.664212      -0.608774       0.235537       0.420839         -0.000000
   27.560000       0.658100      -0.613768       0.232484       0.420839         -0.000000
   27.570000       0.651937      -0.618761       0.229407       0.420839         -0.000000
   27.580000       0.645724      -0.623750       0.226307       0.420839         -0.000000
   27.590000       0.639462      -0.628737       0.223184       0.420839         -0.000000
   27.600000       0.633150      -0.633720       0.220039       0.420839         -0.000000
   27.610000       0.626788      -0.638698       0.216871       0.420839         -0.000000
   27.620000       0.620376      -0.643673       0.213682       0.420839         -0.000000
   27.630000       0.613914      -0.648641       0.210471       0.420839         -0.000000
   27.640000       0.607403      -0.653604       0.207240       0.420839         -0.000000
   27.650000       0.600842      -0.658561       0.203988       0.420839         -0.000000
   27.660000       0.594232      -0.663511       0.200716       0.420839         -0.000000
   27.670000       0.587572      -0.668453       0.197425       0.420839         -0.000000
   27.680000       0.580863      -0.673386       0.194115       0.420839         -0.000000
   27.690000       0.574104      -0.678311       0.190786       0.420839         -0.000000
   27.700000       0.567296      -0.683226       0.187440       0.420839         -0.000000
   27.710000       0.560440      -0.688131       0.184077       0.420839         -0.000000
   27.720000       0.553534      -0.693025       0.180698       0.420839         -0.000000
   27.730000       0.546579      -0.697906       0.177303       0.420839         -0.000000
   27.740000       0.539576      -0.702775       0.173893       0.420839         -0.000000
   27.750000       0.532524      -0.707631       0.170469       0.420839         -0.000000
   27.760000       0.525423      -0.712471       0.167032       0.420839         -0.000000
   27.770000       0.518274      -0.717297       0.163582       0.420839         -0.000000
   27.780000       0.511077      -0.722106       0.160121       0.420839         -0.000000
   27.790000       0.503832      -0.726898       0.156649       0.420839         -0.000000
   27.800000       0.496539      -0.731671       0.153168       0.420839         -0.000000
   27.810000       0.489199      -0.736425       0.149678       0.420839         -0.000000
   27.820000       0.481811      -0.741159       0.146181       0.420839         -0.000000
   27.830000       0.474376      -0.745871       0.142677       0.420839         -0.000000
   27.840000       0.466894      -0.750561       0.139169       0.420839         -0.000000
   27.850000       0.459365      -0.755226       0.135656       0.420839         -0.000000
   27.860000       0.451789      -0.759866       0.132141       0.420839         -0.000000
   27.870000       0.444168      -0.764480       0.128624       0.420839         -0.000000
   27.880000       0.436500      -0.769067       0.125107       0.420839         -0.000000
   27.890000       0.428786      -0.773624       0.121592       0.420839         -0.000000
   27.900000       0.421027      -0.778151       0.118080       0.420839         -0.000000
   27.910000       0.413223      -0.782645       0.114572       0.420839         -0.000000
   27.920000       0.405375      -0.787107       0.111071       0.420839         -0.000000
   27.930000       0.397481      -0.791533       0.107577       0.420839         -0.000000
   27.940000       0.389544      -0.795923       0.104093       0.420839         -0.000000
   27.950000       0.381563      -0.800274       0.100620       0.420839         -0.000000
   27.960000       0.373539      -0.804585       0.097160       0.420839         -0.000000
   27.970000       0.365471      -0.808855       0.093716       0.420839         -0.000000
   27.980000       0.357362      -0.813081       0.090289       0.420839         -0.000000
   27.990000       0.349210      -0.817262       0.086880       0.420839         -0.000000
   28.000000       0.341017      -0.821396       0.083494       0.420839         -0.000000
   28.010000       0.332782      -0.825480       0.080131       0.420839         -0.000000
   28.020000       0.324507      -0.829513       0.076794       0.420839         -0.000000
   28.030000       0.316192      -0.833492       0.073485       0.420839         -0.000000
   28.040000       0.307838      -0.837416       0.070207       0.420839         -0.000000
   28.050000       0.299444      -0.841282       0.066962       0.420839         -0.000000
   28.060000       0.291012      -0.845087       0.063753       0.420839         -0.000000
   28.070000       0.282542      -0.848831       0.060583       0.420839         -0.000000
   28.080000       0.274036      -0.852509       0.057454       0.420839         -0.000000
   28.090000       0.265493      -0.856119       0.054369       0.420839         -0.000000
   28.100000       0.256914      -0.859660       0.051332       0.420839         -0.000000
   28.110000       0.248300      -0.863128       0.048344       0.420839         -0.000000
   28.120000       0.239651      -0.866520       0.045411       0.420839         -0.000000
   28.130000       0.230969      -0.869834       0.042533       0.420839         -0.000000
   28.140000       0.222255      -0.873067       0.039716       0.420839         -0.000000
   28.150000       0.213508      -0.876216       0.036962       0.420839         -0.000000
   28.160000       0.204731      -0.879278       0.034274       0.420839         -0.000000
   28.170000       0.195923      -0.882250       0.031657       0.420839         -0.000000
   28.180000       0.187086      -0.885128       0.029114       0.420839         -0.000000
   28.190000       0.178221      -0.887909       0.026648       0.420839         -0.000000
   28.200000       0.169328      -0.890590       0.024264       0.420839         -0.000000
   28.210000       0.160409      -0.893168       0.021965       0.420839         -0.000000
   28.220000       0.151465      -0.895639       0.019755       0.420839         -0.000000
   28.230000       0.142497      -0.897999       0.017638       0.420839         -0.000000
   28.240000       0.133506      -0.900244       0.015619       0.420839         -0.000000
   28.250000       0.124493      -0.902372       0.013702       0.420839         -0.000000
   28.260000       0.115459      -0.904377       0.011890       0.420839         -0.000000
   28.270000       0.106405      -0.906256       0.010189       0.420839         -0.000000
   28.280000       0.097334      -0.908006       0.008602       0.420839         -0.000000
   28.290000       0.088246      -0.909621       0.007134       0.420839         -0.000000
   28.300000       0.079142      -0.911098       0.005790       0.420839         -0.000000
   28.310000       0.070024      -0.912432       0.004574       0.420839         -0.000000
   28.320000       0.060894      -0.913618       0.003490       0.420839         -0.000000
   28.330000       0.051752      -0.914653       0.002544       0.420839         -0.000000
   28.340000       0.042601      -0.915532       0.001739       0.420839         -0.000000
   28.350000       0.033442      -0.916251       0.001082       0.420839         -0.000000
   28.360000       0.024277      -0.916803       0.000575       0.420839         -0.000000
   28.370000       0.015107      -0.917185       0.000225       0.420839         -0.000000
   28.380000       0.005934      -0.917392       0.000035       0.420839         -0.000000
   28.390000      -0.003240      -0.917419       0.000011       0.420839         -0.000000
   28.400000      -0.012414      -0.917260       0.000156       0.420839         -0.000000
   28.410000      -0.021585      -0.916911       0.000476       0.420839         -0.000000
   28.420000      -0.030752      -0.916367       0.000975       0.420839         -0.000000
   28.430000      -0.039912      -0.915621       0.001658       0.420839         -0.000000
   28.440000      -0.049063      -0.914670       0.002529       0.420839         -0.000000
   28.450000      -0.058204      -0.913507       0.003592       0.420839         -0.000000
   28.460000      -0.067333      -0.912127       0.004851       0.420839         -0.000000
   28.470000      -0.076446      -0.910525       0.006311       0.420839         -0.000000
   28.480000      -0.085542      -0.908695       0.007976       0.420839         -0.000000
   28.490000      -0.094619      -0.906632       0.009849       0.420839         -0.000000
   28.500000      -0.103674      -0.904330       0.011933       0.420839         -0.000000
   28.510000      -0.112705      -0.901783       0.014233       0.420839         -0.000000
   28.520000      -0.121709      -0.898986       0.016751       0.420839         -0.000000
   28.530000      -0.130684      -0.895934       0.019490       0.420839         -0.000000
   28.540000      -0.139627      -0.892621       0.022453       0.420839         -0.000000
   28.550000      -0.148535      -0.889040       0.025643       0.420839         -0.000000
   28.560000      -0.157407      -0.885188       0.029061       0.420839         -0.000000
   28.570000      -0.166238      -0.881057       0.032708       0.420839         -0.000000
   28.580000      -0.175027      -0.876643       0.036587       0.420839         -0.000000
   28.590000      -0.183770      -0.871941       0.040699       0.420839         -0.000000
   28.600000      -0.192465      -0.866944       0.045043       0.420839         -0.000000
   28.610000      -0.201108      -0.861648       0.049621       0.420839         -0.000000
   28.620000      -0.209697      -0.856047       0.054431       0.420839         -0.000000
   28.630000      -0.218228      -0.850137       0.059473       0.420839         -0.000000
   28.640000      -0.226699      -0.843912       0.064746       0.420839         -0.000000
   28.650000      -0.235105      -0.837367       0.070247       0.420839         -0.000000
   28.660000      -0.243445      -0.830499       0.075975       0.420839         -0.000000
   28.670000      -0.251714      -0.823302       0.081927       0.420839         -0.000000
   28.680000      -0.259910      -0.815771       0.088098       0.420839         -0.000000
   28.690000      -0.268028      -0.807904       0.094485       0.420839         -0.000000
   28.700000      -0.276067      -0.799695       0.101083       0.420839         -0.000000
   28.710000      -0.284021      -0.791142       0.107887       0.420839         -0.000000
   28.720000      -0.291888      -0.782240       0.114889       0.420839         -0.000000
   28.730000      -0.299665      -0.772987       0.122085       0.420839         -0.000000
   28.740000      -0.307347      -0.763380       0.129465       0.420839         -0.000000
   28.750000      -0.314931      -0.753415       0.137022       0.420839         -0.000000
   28.760000      -0.322414      -0.743091       0.144747       0.420839         -0.000000
   28.770000      -0.329792      -0.732406       0.152630       0.420839         -0.000000
   28.780000      -0.337061      -0.721359       0.160660       0.420839         -0.000000
   28.790000      -0.344218      -0.709947       0.168827       0.420839         -0.000000
   28.800000      -0.351259      -0.698170       0.177119       0.420839         -0.000000
   28.810000      -0.358180      -0.686028       0.185522       0.420839         -0.000000
   28.820000      -0.364978      -0.673520       0.194025       0.420839         -0.000000
   28.830000      -0.371649      -0.660648       0.202612       0.420839         -0.000000
   28.840000      -0.378190      -0.647411       0.211269       0.420839         -0.000000
   28.850000      -0.384596      -0.633812       0.219981       0.420839         -0.000000
   28.860000      -0.390865      -0.619852       0.228731       0.420839         -0.000000
   28.870000      -0.396992      -0.605533       0.237504       0.420839         -0.000000
   28.880000      -0.402974      -0.590859       0.246282       0.420839         -0.000000
   28.890000      -0.408808      -0.575832       0.255048       0.420839         -0.000000
   28.900000      -0.414490      -0.560457       0.263783       0.420839         -0.000000
   28.910000      -0.420016      -0.544739       0.272469       0.420839         -0.000000
   28.920000      -0.425383      -0.528681       0.281088       0.420839         -0.000000
   28.930000      -0.430588      -0.512290       0.289619       0.420839         -0.000000
   28.940000      -0.435628      -0.495572       0.298044       0.420839         -0.000000
   28.950000      -0.440499      -0.478533       0.306342       0.420839         -0.000000
   28.960000      -0.445198      -0.461181       0.314495       0.420839         -0.000000
   28.970000      -0.449721      -0.443524       0.322482       0.420839         -0.000000
   28.980000      -0.454067      -0.425570       0.330284       0.420839         -0.000000
   28.990000      -0.458232      -0.407328       0.337881       0.420839         -0.000000
   29.000000      -0.462213      -0.388807       0.345254       0.420839         -0.000000
   29.010000      -0.466007      -0.370018       0.352383       0.420839         -0.000000
   29.020000      -0.469612      -0.350970       0.359249       0.420839         -0.000000
   29.030000      -0.473026      -0.331677       0.365835       0.420839         -0.000000
   29.040000      -0.476245      -0.312147       0.372121       0.420839         -0.000000
   29.050000      -0.479268      -0.292395       0.378092       0.420839         -0.000000
   29.060000      -0.482092      -0.272432       0.383730       0.420839         -0.000000
   29.070000      -0.484716      -0.252272       0.389019       0.420839         -0.000000
   29.080000      -0.487137      -0.231928       0.393944       0.420839         -0.000000
   29.090000      -0.489354      -0.211413       0.398492       0.420839         -0.000000
   29.100000      -0.491365      -0.190742       0.402648       0.420839         -0.000000
   29.110000      -0.493168      -0.169930       0.406401       0.420839         -0.000000
   29.120000      -0.494763      -0.148991       0.409740       0.420839         -0.000000
   29.130000      -0.496148      -0.127941       0.412655       0.420839         -0.000000
   29.140000      -0.497321      -0.106795       0.415137       0.420839         -0.000000
   29.150000      -0.498283      -0.085568       0.417178       0.420839         -0.000000
   29.160000      -0.499033      -0.064277       0.418773       0.420839         -0.000000
   29.170000      -0.499569      -0.042938       0.419917       0.420839         -0.000000
   29.180000      -0.499891      -0.021566       0.420607       0.420839         -0.000000
   29.190000      -0.500000      -0.000177       0.420839       0.420839         -0.000000
   29.200000      -0.499895       0.021211       0.420614       0.420839         -0.000000
   29.210000      -0.499576       0.042584       0.419933       0.420839         -0.000000
   29.220000      -0.499043       0.063924       0.418796       0.420839         -0.000000
   29.230000      -0.498297       0.085216       0.417208       0.420839         -0.000000
   29.240000      -0.497339       0.106444       0.415174       0.420839         -0.000000
   29.250000      -0.496169       0.127591       0.412699       0.420839         -0.000000
   29.260000      -0.494788       0.148643       0.409792       0.420839         -0.000000
   29.270000      -0.493196       0.169584       0.406460       0.420839         -0.000000
   29.280000      -0.491396       0.190398       0.402714       0.420839         -0.000000
   29.290000      -0.489389       0.211072       0.398564       0.420839         -0.000000
   29.300000      -0.487175       0.231589       0.394023       0.420839         -0.000000
   29.310000      -0.484758       0.251936       0.389103       0.420839         -0.000000
   29.320000      -0.482137       0.272100       0.383820       0.420839         -0.000000
   29.330000      -0.479316       0.292066       0.378188       0.420839         -0.000000
   29.340000      -0.476297       0.311822       0.372223       0.420839         -0.000000
   29.350000      -0.473081       0.331355       0.365941       0.420839         -0.000000
   29.360000      -0.469670       0.350653       0.359361       0.420839         -0.000000
   29.370000      -0.466068       0.369704       0.352499       0.420839         -0.000000
   29.380000      -0.462277       0.388498       0.345374       0.420839         -0.000000
   29.390000      -0.458299       0.407023       0.338005       0.420839         -0.000000
   29.400000      -0.454138       0.425270       0.330412       0.420839         -0.000000
   29.410000      -0.449795       0.443229       0.322613       0.420839         -0.000000
   29.420000      -0.445274       0.460891       0.314629       0.420839         -0.000000
   29.430000      -0.440578       0.478248       0.306479       0.420839         -0.000000
   29.440000      -0.435710       0.495292       0.298182       0.420839         -0.000000
   29.450000      -0.430673       0.512016       0.289759       0.420839         -0.000000
   29.460000      -0.425471       0.528412       0.281230       0.420839         -0.000000
   29.470000      -0.420106       0.544475       0.272613       0.420839         -0.000000
   29.480000      -0.414583       0.560200       0.263927       0.420839         -0.000000
   29.490000      -0.408903       0.575580       0.255193       0.420839         -0.000000
   29.500000      -0.403072       0.590613       0.246428       0.420839         -0.000000
   29.510000      -0.397092       0.605293       0.237650       0.420839         -0.000000
   29.520000      -0.390967       0.619617       0.228876       0.420839         -0.000000
   29.530000      -0.384701       0.633583       0.220125       0.420839         -0.000000
   29.540000      -0.378297       0.647189       0.211413       0.420839         -0.000000
   29.550000      -0.371759       0.660431       0.202755       0.420839         -0.000000
   29.560000      -0.365090       0.673310       0.194166       0.420839         -0.000000
   29.570000      -0.358294       0.685823       0.185662       0.420839         -0.000000
   29.580000      -0.351374       0.697972       0.177257       0.420839         -0.000000
   29.590000      -0.344335       0.709754       0.168964       0.420839         -0.000000
   29.600000      -0.337180       0.721172       0.160794       0.420839         -0.000000
   29.610000      -0.329913       0.732226       0.152762       0.420839         -0.000000
   29.620000      -0.322537       0.742917       0.144876       0.420839         -0.000000
   29.630000      -0.315056       0.753247       0.137149       0.420839         -0.000000
   29.640000      -0.307473       0.763217       0.129589       0.420839         -0.000000
   29.650000      -0.299793       0.772831       0.122206       0.420839         -0.000000
   29.660000      -0.292018       0.782090       0.115007       0.420839         -0.000000
   29.670000      -0.284152       0.790997       0.108001       0.420839         -0.000000
   29.680000      -0.276199       0.799556       0.101194       0.420839         -0.000000
   29.690000      -0.268162       0.807770       0.094593       0.420839         -0.000000
   29.700000      -0.260045       0.815644       0.088202       0.420839         -0.000000
   29.710000      -0.251851       0.823179       0.082027       0.420839         -0.000000
   29.720000      -0.243582       0.830382       0.076072       0.420839         -0.000000
   29.730000      -0.235244       0.837256       0.070340       0.420839         -0.000000
   29.740000      -0.226838       0.843806       0.064835       0.420839         -0.000000
   29.750000      -0.218369       0.850036       0.059558       0.420839         -0.000000
   29.760000      -0.209839       0.855952       0.054512       0.420839         -0.000000
   29.770000      -0.201251       0.861558       0.049698       0.420839         -0.000000
   29.780000      -0.192609       0.866859       0.045117       0.420839         -0.000000
   29.790000      -0.183915       0.871860       0.040769       0.420839         -0.000000
   29.800000      -0.175172       0.876568       0.036654       0.420839         -0.000000
   29.810000      -0.166384       0.880986       0.032771       0.420839         -0.000000
   29.820000      -0.157554       0.885122       0.029119       0.420839         -0.000000
   29.830000      -0.148683       0.888979       0.025698       0.420839         -0.000000
   29.840000      -0.139775       0.892564       0.022504       0.420839         -0.000000
   29.850000      -0.130832       0.895881       0.019538       0.420839         -0.000000
   29.860000      -0.121858       0.898938       0.016795       0.420839         -0.000000
   29.870000      -0.112855       0.901739       0.014273       0.420839         -0.000000
   29.880000      -0.103824       0.904289       0.011970       0.420839         -0.000000
   29.890000      -0.094770       0.906596       0.009881       0.420839         -0.000000
   29.900000      -0.085693       0.908663       0.008005       0.420839         -0.000000
   29.910000      -0.076597       0.910497       0.006337       0.420839         -0.000000
   29.920000      -0.067484       0.912102       0.004874       0.420839         -0.000000
   29.930000      -0.058356       0.913486       0.003611       0.420839         -0.000000
   29.940000      -0.049215       0.914652       0.002545       0.420839         -0.000000
   29.950000      -0.040063       0.915607       0.001671       0.420839         -0.000000
   29.960000      -0.030903       0.916356       0.000985       0.420839         -0.000000
   29.970000      -0.021737       0.916904       0.000483       0.420839         -0.000000
   29.980000      -0.012566       0.917256       0.000160       0.420839         -0.000000
   29.990000      -0.003392       0.917418       0.000012       0.420839         -0.000000
