           t              x              v              P              E             dE/E0
    0.000000      -0.500000       0.000000       0.420839       0.420839          0.000000
    0.010000      -0.500000       0.021391       0.420839       0.421068          0.000544
    0.020000      -0.499786       0.042782       0.420382       0.421297          0.001088
    0.030000      -0.499358       0.064157       0.419468       0.421526          0.001632
    0.040000      -0.498717       0.085500       0.418100       0.421755          0.002177
    0.050000      -0.497862       0.106794       0.416282       0.421985          0.002722
    0.060000      -0.496794       0.128024       0.414020       0.422215          0.003268
    0.070000      -0.495514       0.149173       0.411318       0.422444          0.003814
    0.080000      -0.494022       0.170226       0.408186       0.422674          0.004361
    0.090000      -0.492320       0.191168       0.404632       0.422904          0.004907
    0.100000      -0.490408       0.211983       0.400666       0.423135          0.005454
    0.110000      -0.488288       0.232656       0.396301       0.423365          0.006001
    0.120000      -0.485961       0.253172       0.391547       0.423595          0.006549
    0.130000      -0.483430       0.273518       0.386420       0.423826          0.007096
    0.140000      -0.480695       0.293679       0.380932       0.424056          0.007644
    0.150000      -0.477758       0.313641       0.375101       0.424286          0.008191
    0.160000      -0.474621       0.333392       0.368941       0.424517          0.008738
    0.170000      -0.471287       0.352919       0.362471       0.424747          0.009285
    0.180000      -0.467758       0.372210       0.355707       0.424977          0.009831
    0.190000      -0.464036       0.391252       0.348667       0.425206          0.010377
    0.200000      -0.460124       0.410035       0.341371       0.425436          0.010922
    0.210000      -0.456023       0.428548       0.333838       0.425665          0.011466
    0.220000      -0.451738       0.446781       0.326087       0.425893          0.012009
    0.230000      -0.447270       0.464723       0.318137       0.426121          0.012550
    0.240000      -0.442623       0.482367       0.310009       0.426348          0.013090
    0.250000      -0.437799       0.499702       0.301723       0.426575          0.013629
    0.260000      -0.432802       0.516723       0.293299       0.426800          0.014165
    0.270000      -0.427635       0.533420       0.284757       0.427025          0.014699
    0.280000      -0.422301       0.549788       0.276116       0.427249          0.015231
    0.290000      -0.416803       0.565819       0.267396       0.427472          0.015760
    0.300000      -0.411145       0.581509       0.258616       0.427693          0.016286
    0.310000      -0.405329       0.596853       0.249797       0.427913          0.016809
    0.320000      -0.399361       0.611845       0.240955       0.428132          0.017329
    0.330000      -0.393242       0.626481       0.232110       0.428349          0.017845
    0.340000      -0.386978       0.640759       0.223279       0.428564          0.018357
    0.350000      -0.380570       0.654675       0.214479       0.428778          0.018865
    0.360000      -0.374023       0.668227       0.205727       0.428990          0.019368
    0.370000      -0.367341       0.681413       0.197039       0.429200          0.019867
    0.380000      -0.360527       0.694231       0.188430       0.429408          0.020362
    0.390000      -0.353585       0.706682       0.179915       0.429614          0.020851
    0.400000      -0.346518       0.718763       0.171508       0.429818          0.021335
    0.410000      -0.339330       0.730476       0.163222       0.430019          0.021813
    0.420000      -0.332025       0.741821       0.155069       0.430218          0.022286
    0.430000      -0.324607       0.752798       0.147062       0.430415          0.022753
    0.440000      -0.317079       0.763409       0.139212       0.430609          0.023214
    0.450000      -0.309445       0.773655       0.131529       0.430800          0.023668
    0.460000      -0.301709       0.783539       0.124022       0.430988          0.024117
    0.470000      -0.293873       0.793063       0.116700       0.431174          0.024558
    0.480000      -0.285943       0.802229       0.109572       0.431357          0.024993
    0.490000      -0.277920       0.811041       0.102644       0.431538          0.025422
    0.500000      -0.269810       0.819501       0.095924       0.431715          0.025843
    0.510000      -0.261615       0.827614       0.089417       0.431889          0.026257
    0.520000      -0.253339       0.835383       0.083128       0.432061          0.026664
    0.530000      -0.244985       0.842812       0.077063       0.432229          0.027064
    0.540000      -0.236557       0.849905       0.071225       0.432394          0.027457
    0.550000      -0.228058       0.856667       0.065617       0.432556          0.027842
    0.560000      -0.219491       0.863103       0.060242       0.432715          0.028220
    0.570000      -0.210860       0.869217       0.055103       0.432871          0.028591
    0.580000      -0.202168       0.875013       0.050200       0.433024          0.028954
    0.590000      -0.193418       0.880499       0.045535       0.433174          0.029310
    0.600000      -0.184613       0.885677       0.041109       0.433320          0.029658
    0.610000      -0.175756       0.890554       0.036921       0.433464          0.029999
    0.620000      -0.166850       0.895136       0.032970       0.433604          0.030332
    0.630000      -0.157899       0.899427       0.029257       0.433741          0.030658
    0.640000      -0.148905       0.903433       0.025780       0.433876          0.030977
    0.650000      -0.139870       0.907160       0.022537       0.434007          0.031288
    0.660000      -0.130799       0.910613       0.019527       0.434135          0.031592
    0.670000      -0.121693       0.913798       0.016746       0.434260          0.031889
    0.680000      -0.112555       0.916721       0.014193       0.434382          0.032179
    0.690000      -0.103388       0.919388       0.011864       0.434501          0.032462
    0.700000      -0.094194       0.921803       0.009756       0.434617          0.032738
    0.710000      -0.084976       0.923974       0.007866       0.434730          0.033007
    0.720000      -0.075736       0.925905       0.006190       0.434840          0.033269
    0.730000      -0.066477       0.927602       0.004725       0.434948          0.033525
    0.740000      -0.057201       0.929072       0.003465       0.435053          0.033774
    0.750000      -0.047910       0.930318       0.002408       0.435155          0.034016
    0.760000      -0.038607       0.931348       0.001549       0.435254          0.034252
    0.770000      -0.029293       0.932166       0.000884       0.435351          0.034482
    0.780000      -0.019972       0.932778       0.000407       0.435445          0.034706
    0.790000      -0.010644       0.933190       0.000115       0.435536          0.034923
    0.800000      -0.001312       0.933406       0.000002       0.435625          0.035135
    0.810000       0.008022       0.933433       0.000064       0.435712          0.035341
    0.820000       0.017356       0.933274       0.000296       0.435796          0.035541
    0.830000       0.026689       0.932936       0.000694       0.435878          0.035736
    0.840000       0.036018       0.932423       0.001252       0.435958          0.035925
    0.850000       0.045343       0.931741       0.001965       0.436035          0.036109
    0.860000       0.054660       0.930893       0.002829       0.436111          0.036288
    0.870000       0.063969       0.929886       0.003840       0.436184          0.036462
    0.880000       0.073268       0.928723       0.004991       0.436255          0.036630
    0.890000       0.082555       0.927410       0.006279       0.436324          0.036794
    0.900000       0.091829       0.925951       0.007698       0.436391          0.036954
    0.910000       0.101089       0.924350       0.009244       0.436456          0.037108
    0.920000       0.110332       0.922612       0.010913       0.436519          0.037259
    0.930000       0.119558       0.920741       0.012699       0.436581          0.037405
    0.940000       0.128766       0.918741       0.014597       0.436640          0.037547
    0.950000       0.137953       0.916617       0.016605       0.436698          0.037684
    0.960000       0.147119       0.914372       0.018717       0.436755          0.037818
    0.970000       0.156263       0.912010       0.020928       0.436809          0.037948
    0.980000       0.165383       0.909535       0.023235       0.436862          0.038074
    0.990000       0.174478       0.906951       0.025634       0.436914          0.038197
    1.000000       0.183548       0.904262       0.028119       0.436964          0.038316
    1.010000       0.192591       0.901471       0.030688       0.437013          0.038431
    1.020000       0.201605       0.898581       0.033336       0.437060          0.038544
    1.030000       0.210591       0.895596       0.036060       0.437106          0.038653
    1.040000       0.219547       0.892519       0.038855       0.437151          0.038759
    1.050000       0.228472       0.889354       0.041719       0.437194          0.038862
    1.060000       0.237366       0.886103       0.044647       0.437236          0.038962
    1.070000       0.246227       0.882770       0.047635       0.437277          0.039059
    1.080000       0.255055       0.879358       0.050682       0.437317          0.039154
    1.090000       0.263848       0.875869       0.053782       0.437355          0.039245
    1.100000       0.272607       0.872306       0.056934       0.437393          0.039335
    1.110000       0.281330       0.868673       0.060133       0.437429          0.039422
    1.120000       0.290017       0.864971       0.063377       0.437465          0.039506
    1.130000       0.298666       0.861204       0.066664       0.437500          0.039588
    1.140000       0.307278       0.857373       0.069989       0.437533          0.039668
    1.150000       0.315852       0.853482       0.073350       0.437566          0.039746
    1.160000       0.324387       0.849532       0.076745       0.437598          0.039822
    1.170000       0.332882       0.845526       0.080171       0.437629          0.039895
    1.180000       0.341337       0.841467       0.083626       0.437659          0.039967
    1.190000       0.349752       0.837356       0.087106       0.437688          0.040037
    1.200000       0.358126       0.833195       0.090610       0.437717          0.040105
    1.210000       0.366458       0.828987       0.094135       0.437745          0.040171
    1.220000       0.374748       0.824734       0.097679       0.437772          0.040236
    1.230000       0.382995       0.820436       0.101241       0.437799          0.040299
    1.240000       0.391199       0.816098       0.104817       0.437825          0.040361
    1.250000       0.399360       0.811719       0.108406       0.437850          0.040421
    1.260000       0.407477       0.807302       0.112006       0.437875          0.040479
    1.270000       0.415550       0.802849       0.115616       0.437899          0.040536
    1.280000       0.423579       0.798360       0.119232       0.437922          0.040592
    1.290000       0.431562       0.793839       0.122855       0.437945          0.040647
    1.300000       0.439501       0.789286       0.126481       0.437967          0.040700
    1.310000       0.447394       0.784703       0.130110       0.437989          0.040752
    1.320000       0.455241       0.780091       0.133740       0.438011          0.040803
    1.330000       0.463042       0.775452       0.137369       0.438032          0.040853
    1.340000       0.470796       0.770786       0.140997       0.438052          0.040902
    1.350000       0.478504       0.766096       0.144621       0.438072          0.040949
    1.360000       0.486165       0.761383       0.148240       0.438092          0.040996
    1.370000       0.493779       0.756647       0.151854       0.438111          0.041042
    1.380000       0.501345       0.751891       0.155460       0.438130          0.041087
    1.390000       0.508864       0.747114       0.159059       0.438149          0.041131
    1.400000       0.516335       0.742319       0.162648       0.438167          0.041174
    1.410000       0.523759       0.737506       0.166227       0.438185          0.041216
    1.420000       0.531134       0.732676       0.169795       0.438202          0.041258
    1.430000       0.538460       0.727831       0.173351       0.438219          0.041299
    1.440000       0.545739       0.722971       0.176893       0.438236          0.041339
    1.450000       0.552968       0.718097       0.180421       0.438253          0.041378
    1.460000       0.560149       0.713210       0.183935       0.438269          0.041417
    1.470000       0.567281       0.708311       0.187433       0.438285          0.041455
    1.480000       0.574365       0.703401       0.190914       0.438301          0.041493
    1.490000       0.581399       0.698481       0.194379       0.438317          0.041530
    1.500000       0.588383       0.693551       0.197826       0.438332          0.041566
    1.510000       0.595319       0.688612       0.201254       0.438347          0.041602
    1.520000       0.602205       0.683665       0.204663       0.438362          0.041637
    1.530000       0.609042       0.678710       0.208053       0.438377          0.041672
    1.540000       0.615829       0.673748       0.211422       0.438391          0.041706
    1.550000       0.622566       0.668781       0.214771       0.438405          0.041740
    1.560000       0.629254       0.663808       0.218099       0.438419          0.041774
    1.570000       0.635892       0.658829       0.221405       0.438433          0.041807
    1.580000       0.642480       0.653847       0.224689       0.438447          0.041839
    1.590000       0.649019       0.648860       0.227951       0.438460          0.041871
    1.600000       0.655508       0.643870       0.231189       0.438474          0.041903
    1.610000       0.661946       0.638878       0.234405       0.438487          0.041935
    1.620000       0.668335       0.633883       0.237596       0.438500          0.041966
    1.630000       0.674674       0.628886       0.240764       0.438513          0.041997
    1.640000       0.680963       0.623888       0.243908       0.438526          0.042027
    1.650000       0.687202       0.618888       0.247027       0.438539          0.042057
    1.660000       0.693390       0.613889       0.250122       0.438551          0.042087
    1.670000       0.699529       0.608889       0.253191       0.438564          0.042117
    1.680000       0.705618       0.603889       0.256235       0.438576          0.042146
    1.690000       0.711657       0.598889       0.259254       0.438588          0.042175
    1.700000       0.717646       0.593891       0.262247       0.438600          0.042204
    1.710000       0.723585       0.588894       0.265214       0.438612          0.042233
    1.720000       0.729474       0.583899       0.268156       0.438624          0.042261
    1.730000       0.735313       0.578905       0.271071       0.438636          0.042289
    1.740000       0.741102       0.573913       0.273960       0.438648          0.042317
    1.750000       0.746841       0.568924       0.276822       0.438660          0.042345
    1.760000       0.752530       0.563938       0.279658       0.438671          0.042372
    1.770000       0.758170       0.558955       0.282468       0.438683          0.042400
    1.780000       0.763759       0.553975       0.285250       0.438694          0.042427
    1.790000       0.769299       0.548998       0.288006       0.438706          0.042454
    1.800000       0.774789       0.544025       0.290736       0.438717          0.042481
    1.810000       0.780229       0.539055       0.293438       0.438728          0.042508
    1.820000       0.785620       0.534090       0.296113       0.438739          0.042534
    1.830000       0.790961       0.529129       0.298762       0.438751          0.042561
    1.840000       0.796252       0.524173       0.301383       0.438762          0.042587
    1.850000       0.801494       0.519221       0.303978       0.438773          0.042613
    1.860000       0.806686       0.514273       0.306545       0.438784          0.042639
    1.870000       0.811829       0.509331       0.309086       0.438795          0.042665
    1.880000       0.816922       0.504394       0.311599       0.438805          0.042691
    1.890000       0.821966       0.499461       0.314085       0.438816          0.042717
    1.900000       0.826960       0.494534       0.316545       0.438827          0.042743
    1.910000       0.831906       0.489613       0.318977       0.438838          0.042768
    1.920000       0.836802       0.484697       0.321383       0.438849          0.042794
    1.930000       0.841649       0.479786       0.323762       0.438859          0.042819
    1.940000       0.846447       0.474881       0.326114       0.438870          0.042844
    1.950000       0.851196       0.469982       0.328439       0.438880          0.042870
    1.960000       0.855895       0.465089       0.330737       0.438891          0.042895
    1.970000       0.860546       0.460202       0.333009       0.438902          0.042920
    1.980000       0.865148       0.455321       0.335254       0.438912          0.042945
    1.990000       0.869701       0.450446       0.337472       0.438923          0.042970
    2.000000       0.874206       0.445577       0.339664       0.438933          0.042995
    2.010000       0.878662       0.440714       0.341829       0.438944          0.043019
    2.020000       0.883069       0.435857       0.343968       0.438954          0.043044
    2.030000       0.887427       0.431007       0.346081       0.438964          0.043069
    2.040000       0.891737       0.426163       0.348167       0.438975          0.043094
    2.050000       0.895999       0.421325       0.350228       0.438985          0.043118
    2.060000       0.900212       0.416493       0.352262       0.438995          0.043143
    2.070000       0.904377       0.411668       0.354270       0.439006          0.043167
    2.080000       0.908494       0.406850       0.356253       0.439016          0.043192
    2.090000       0.912562       0.402037       0.358209       0.439026          0.043216
    2.100000       0.916583       0.397231       0.360140       0.439037          0.043241
    2.110000       0.920555       0.392432       0.362045       0.439047          0.043265
    2.120000       0.924479       0.387639       0.363925       0.439057          0.043289
    2.130000       0.928356       0.382852       0.365779       0.439067          0.043313
    2.140000       0.932184       0.378072       0.367608       0.439078          0.043338
    2.150000       0.935965       0.373298       0.369412       0.439088          0.043362
    2.160000       0.939698       0.368530       0.371191       0.439098          0.043386
    2.170000       0.943383       0.363769       0.372944       0.439108          0.043410
    2.180000       0.947021       0.359014       0.374673       0.439118          0.043434
    2.190000       0.950611       0.354265       0.376376       0.439128          0.043459
    2.200000       0.954154       0.349523       0.378055       0.439139          0.043483
    2.210000       0.957649       0.344787       0.379710       0.439149          0.043507
    2.220000       0.961097       0.340057       0.381339       0.439159          0.043531
    2.230000       0.964498       0.335333       0.382945       0.439169          0.043555
    2.240000       0.967851       0.330615       0.384526       0.439179          0.043579
    2.250000       0.971157       0.325904       0.386082       0.439189          0.043603
    2.260000       0.974416       0.321198       0.387615       0.439199          0.043627
    2.270000       0.977628       0.316499       0.389123       0.439209          0.043651
    2.280000       0.980793       0.311805       0.390608       0.439219          0.043675
    2.290000       0.983911       0.307118       0.392069       0.439229          0.043699
    2.300000       0.986982       0.302436       0.393506       0.439239          0.043723
    2.310000       0.990007       0.297760       0.394919       0.439250          0.043747
    2.320000       0.992984       0.293090       0.396309       0.439260          0.043770
    2.330000       0.995915       0.288426       0.397675       0.439270          0.043794
    2.340000       0.998799       0.283767       0.399018       0.439280          0.043818
    2.350000       1.001637       0.279114       0.400338       0.439290          0.043842
    2.360000       1.004428       0.274466       0.401634       0.439300          0.043866
    2.370000       1.007173       0.269824       0.402907       0.439310          0.043890
    2.380000       1.009871       0.265187       0.404158       0.439320          0.043914
    2.390000       1.012523       0.260555       0.405385       0.439330          0.043937
    2.400000       1.015128       0.255929       0.406590       0.439340          0.043961
    2.410000       1.017688       0.251308       0.407772       0.439350          0.043985
    2.420000       1.020201       0.246692       0.408931       0.439360          0.044009
    2.430000       1.022668       0.242081       0.410068       0.439370          0.044033
    2.440000       1.025089       0.237475       0.411183       0.439380          0.044056
    2.450000       1.027463       0.232874       0.412275       0.439390          0.044080
    2.460000       1.029792       0.228278       0.413345       0.439400          0.044104
    2.470000       1.032075       0.223686       0.414392       0.439410          0.044128
    2.480000       1.034312       0.219100       0.415418       0.439420          0.044152
    2.490000       1.036503       0.214517       0.416421       0.439430          0.044175
    2.500000       1.038648       0.209940       0.417403       0.439440          0.044199
    2.510000       1.040747       0.205366       0.418362       0.439450          0.044223
    2.520000       1.042801       0.200797       0.419300       0.439460          0.044247
    2.530000       1.044809       0.196233       0.420216       0.439470          0.044270
    2.540000       1.046771       0.191672       0.421111       0.439480          0.044294
    2.550000       1.048688       0.187116       0.421984       0.439490          0.044318
    2.560000       1.050559       0.182564       0.422835       0.439500          0.044342
    2.570000       1.052385       0.178015       0.423665       0.439510          0.044365
    2.580000       1.054165       0.173470       0.424474       0.439520          0.044389
    2.590000       1.055900       0.168930       0.425261       0.439530          0.044413
    2.600000       1.057589       0.164392       0.426028       0.439540          0.044437
    2.610000       1.059233       0.159859       0.426773       0.439550          0.044460
    2.620000       1.060831       0.155329       0.427496       0.439560          0.044484
    2.630000       1.062385       0.150802       0.428199       0.439570          0.044508
    2.640000       1.063893       0.146279       0.428881       0.439580          0.044532
    2.650000       1.065356       0.141758       0.429542       0.439590          0.044555
    2.660000       1.066773       0.137241       0.430182       0.439600          0.044579
    2.670000       1.068146       0.132727       0.430802       0.439610          0.044603
    2.680000       1.069473       0.128216       0.431400       0.439620          0.044627
    2.690000       1.070755       0.123708       0.431978       0.439630          0.044650
    2.700000       1.071992       0.119203       0.432535       0.439640          0.044674
    2.710000       1.073184       0.114700       0.433072       0.439650          0.044698
    2.720000       1.074331       0.110200       0.433588       0.439660          0.044721
    2.730000       1.075433       0.105702       0.434083       0.439670          0.044745
    2.740000       1.076490       0.101207       0.434558       0.439680          0.044769
    2.750000       1.077502       0.096714       0.435013       0.439690          0.044793
    2.760000       1.078469       0.092223       0.435447       0.439700          0.044816
    2.770000       1.079392       0.087734       0.435861       0.439710          0.044840
    2.780000       1.080269       0.083247       0.436255       0.439720          0.044864
    2.790000       1.081101       0.078762       0.436628       0.439730          0.044887
    2.800000       1.081889       0.074279       0.436981       0.439740          0.044911
    2.810000       1.082632       0.069798       0.437314       0.439750          0.044935
    2.820000       1.083330       0.065318       0.437626       0.439760          0.044959
    2.830000       1.083983       0.060840       0.437919       0.439770          0.044982
    2.840000       1.084591       0.056364       0.438191       0.439780          0.045006
    2.850000       1.085155       0.051888       0.438443       0.439790          0.045030
    2.860000       1.085674       0.047414       0.438676       0.439800          0.045053
    2.870000       1.086148       0.042941       0.438888       0.439810          0.045077
    2.880000       1.086577       0.038469       0.439080       0.439820          0.045101
    2.890000       1.086962       0.033998       0.439252       0.439829          0.045125
    2.900000       1.087302       0.029528       0.439404       0.439839          0.045148
    2.910000       1.087597       0.025058       0.439535       0.439849          0.045172
    2.920000       1.087848       0.020590       0.439647       0.439859          0.045196
    2.930000       1.088054       0.016121       0.439739       0.439869          0.045219
    2.940000       1.088215       0.011654       0.439811       0.439879          0.045243
    2.950000       1.088332       0.007186       0.439864       0.439889          0.045267
    2.960000       1.088403       0.002719       0.439896       0.439899          0.045291
    2.970000       1.088431      -0.001748       0.439908       0.439909          0.045314
    2.980000       1.088413      -0.006215       0.439900       0.439919          0.045338
    2.990000       1.088351      -0.010682       0.439872       0.439929          0.045362
    3.000000       1.088244      -0.015149       0.439825       0.439939          0.045385
    3.010000       1.088093      -0.019616       0.439757       0.439949          0.045409
    3.020000       1.087897      -0.024084       0.439669       0.439959          0.045433
    3.030000       1.087656      -0.028552       0.439562       0.439969          0.045457
    3.040000       1.087370      -0.033021       0.439434       0.439979          0.045480
    3.050000       1.087040      -0.037490       0.439286       0.439989          0.045504
    3.060000       1.086665      -0.041960       0.439119       0.439999          0.045528
    3.070000       1.086245      -0.046431       0.438931       0.440009          0.045551
    3.080000       1.085781      -0.050903       0.438724       0.440019          0.045575
    3.090000       1.085272      -0.055375       0.438496       0.440029          0.045599
    3.100000       1.084718      -0.059849       0.438248       0.440039          0.045622
    3.110000       1.084120      -0.064324       0.437980       0.440049          0.045646
    3.120000       1.083477      -0.068801       0.437692       0.440059          0.045670
    3.130000       1.082789      -0.073279       0.437384       0.440069          0.045694
    3.140000       1.082056      -0.077758       0.437056       0.440079          0.045717
    3.150000       1.081278      -0.082239       0.436707       0.440089          0.045741
    3.160000       1.080456      -0.086722       0.436339       0.440099          0.045765
    3.170000       1.079589      -0.091206       0.435950       0.440109          0.045788
    3.180000       1.078677      -0.095692       0.435540       0.440119          0.045812
    3.190000       1.077720      -0.100181       0.435111       0.440129          0.045836
    3.200000       1.076718      -0.104671       0.434661       0.440139          0.045859
    3.210000       1.075671      -0.109164       0.434190       0.440149          0.045883
    3.220000       1.074580      -0.113658       0.433700       0.440159          0.045907
    3.230000       1.073443      -0.118156       0.433188       0.440169          0.045931
    3.240000       1.072261      -0.122655       0.432656       0.440179          0.045954
    3.250000       1.071035      -0.127157       0.432104       0.440189          0.045978
    3.260000       1.069763      -0.131662       0.431531       0.440199          0.046002
    3.270000       1.068447      -0.136170       0.430937       0.440209          0.046025
    3.280000       1.067085      -0.140680       0.430323       0.440219          0.046049
    3.290000       1.065678      -0.145194       0.429688       0.440228          0.046073
    3.300000       1.064226      -0.149710       0.429032       0.440238          0.046096
    3.310000       1.062729      -0.154229       0.428355       0.440248          0.046120
    3.320000       1.061187      -0.158752       0.427657       0.440258          0.046144
    3.330000       1.059599      -0.163278       0.426939       0.440268          0.046167
    3.340000       1.057967      -0.167807       0.426199       0.440278          0.046191
    3.350000       1.056288      -0.172340       0.425438       0.440288          0.046215
    3.360000       1.054565      -0.176876       0.424656       0.440298          0.046239
    3.370000       1.052796      -0.181416       0.423852       0.440308          0.046262
    3.380000       1.050982      -0.185960       0.423028       0.440318          0.046286
    3.390000       1.049123      -0.190508       0.422182       0.440328          0.046310
    3.400000       1.047217      -0.195059       0.421314       0.440338          0.046333
    3.410000       1.045267      -0.199615       0.420425       0.440348          0.046357
    3.420000       1.043271      -0.204174       0.419515       0.440358          0.046381
    3.430000       1.041229      -0.208738       0.418582       0.440368          0.046405
    3.440000       1.039142      -0.213306       0.417628       0.440378          0.046428
    3.450000       1.037009      -0.217878       0.416653       0.440388          0.046452
    3.460000       1.034830      -0.222455       0.415655       0.440398          0.046476
    3.470000       1.032605      -0.227036       0.414635       0.440408          0.046499
    3.480000       1.030335      -0.231622       0.413594       0.440418          0.046523
    3.490000       1.028019      -0.236212       0.412530       0.440428          0.046547
    3.500000       1.025656      -0.240807       0.411444       0.440438          0.046571
    3.510000       1.023248      -0.245407       0.410336       0.440448          0.046594
    3.520000       1.020794      -0.250012       0.409205       0.440458          0.046618
    3.530000       1.018294      -0.254622       0.408052       0.440468          0.046642
    3.540000       1.015748      -0.259236       0.406876       0.440478          0.046666
    3.550000       1.013156      -0.263856       0.405678       0.440488          0.046689
    3.560000       1.010517      -0.268481       0.404457       0.440498          0.046713
    3.570000       1.007832      -0.273111       0.403213       0.440508          0.046737
    3.580000       1.005101      -0.277747       0.401946       0.440518          0.046761
    3.590000       1.002324      -0.282388       0.400657       0.440528          0.046785
    3.600000       0.999500      -0.287034       0.399344       0.440538          0.046808
    3.610000       0.996629      -0.291686       0.398008       0.440548          0.046832
    3.620000       0.993713      -0.296344       0.396648       0.440558          0.046856
    3.630000       0.990749      -0.301007       0.395266       0.440568          0.046880
    3.640000       0.987739      -0.305675       0.393859       0.440578          0.046904
    3.650000       0.984682      -0.310350       0.392430       0.440588          0.046928
    3.660000       0.981579      -0.315030       0.390976       0.440598          0.046951
    3.670000       0.978429      -0.319716       0.389499       0.440608          0.046975
    3.680000       0.975231      -0.324408       0.387998       0.440618          0.046999
    3.690000       0.971987      -0.329106       0.386473       0.440628          0.047023
    3.700000       0.968696      -0.333810       0.384924       0.440639          0.047047
    3.710000       0.965358      -0.338520       0.383351       0.440649          0.047071
    3.720000       0.961973      -0.343236       0.381753       0.440659          0.047095
    3.730000       0.958541      -0.347958       0.380131       0.440669          0.047119
    3.740000       0.955061      -0.352686       0.378485       0.440679          0.047143
    3.750000       0.951534      -0.357421       0.376814       0.440689          0.047167
    3.760000       0.947960      -0.362162       0.375119       0.440699          0.047191
    3.770000       0.944338      -0.366909       0.373398       0.440709          0.047215
    3.780000       0.940669      -0.371662       0.371653       0.440719          0.047239
    3.790000       0.936953      -0.376422       0.369883       0.440729          0.047263
    3.800000       0.933188      -0.381188       0.368088       0.440740          0.047287
    3.810000       0.929377      -0.385960       0.366267       0.440750          0.047312
    3.820000       0.925517      -0.390739       0.364422       0.440760          0.047336
    3.830000       0.921610      -0.395524       0.362551       0.440770          0.047360
    3.840000       0.917654      -0.400315       0.360654       0.440780          0.047384
    3.850000       0.913651      -0.405113       0.358732       0.440791          0.047409
    3.860000       0.909600      -0.409917       0.356785       0.440801          0.047433
    3.870000       0.905501      -0.414728       0.354812       0.440811          0.047457
    3.880000       0.901354      -0.419545       0.352813       0.440821          0.047482
    3.890000       0.897158      -0.424368       0.350788       0.440832          0.047506
    3.900000       0.892914      -0.429198       0.348737       0.440842          0.047531
    3.910000       0.888622      -0.434034       0.346660       0.440852          0.047555
    3.920000       0.884282      -0.438876       0.344557       0.440863          0.047580
    3.930000       0.879893      -0.443725       0.342427       0.440873          0.047604
    3.940000       0.875456      -0.448580       0.340272       0.440884          0.047629
    3.950000       0.870970      -0.453441       0.338090       0.440894          0.047654
    3.960000       0.866436      -0.458308       0.335881       0.440904          0.047679
    3.970000       0.861853      -0.463182       0.333646       0.440915          0.047704
    3.980000       0.857221      -0.468061       0.331385       0.440925          0.047729
    3.990000       0.852540      -0.472947       0.329097       0.440936          0.047754
    4.000000       0.847811      -0.477838       0.326782       0.440946          0.047779
    4.010000       0.843033      -0.482735       0.324440       0.440957          0.047804
    4.020000       0.838205      -0.487638       0.322072       0.440968          0.047829
    4.030000       0.833329      -0.492547       0.319677       0.440978          0.047855
    4.040000       0.828403      -0.497462       0.317255       0.440989          0.047880
    4.050000       0.823429      -0.502382       0.314806       0.441000          0.047906
    4.060000       0.818405      -0.507307       0.312330       0.441011          0.047931
    4.070000       0.813332      -0.512238       0.309828       0.441021          0.047957
    4.080000       0.808209      -0.517174       0.307298       0.441032          0.047983
    4.090000       0.803038      -0.522115       0.304741       0.441043          0.048009
    4.100000       0.797817      -0.527061       0.302158       0.441054          0.048035
    4.110000       0.792546      -0.532011       0.299547       0.441065          0.048061
    4.120000       0.787226      -0.536966       0.296910       0.441076          0.048087
    4.130000       0.781856      -0.541926       0.294246       0.441088          0.048114
    4.140000       0.776437      -0.546890       0.291554       0.441099          0.048141
    4.150000       0.770968      -0.551858       0.288836       0.441110          0.048167
    4.160000       0.765449      -0.556830       0.286091       0.441121          0.048194
    4.170000       0.759881      -0.561806       0.283320       0.441133          0.048221
    4.180000       0.754263      -0.566785       0.280522       0.441144          0.048249
    4.190000       0.748595      -0.571767       0.277697       0.441156          0.048276
    4.200000       0.742878      -0.576753       0.274845       0.441167          0.048304
    4.210000       0.737110      -0.581741       0.271968       0.441179          0.048331
    4.220000       0.731293      -0.586732       0.269064       0.441191          0.048359
    4.230000       0.725425      -0.591725       0.266134       0.441203          0.048388
    4.240000       0.719508      -0.596720       0.263177       0.441215          0.048416
    4.250000       0.713541      -0.601716       0.260195       0.441227          0.048445
    4.260000       0.707524      -0.606714       0.257188       0.441239          0.048474
    4.270000       0.701457      -0.611713       0.254155       0.441251          0.048503
    4.280000       0.695339      -0.616713       0.251096       0.441264          0.048532
    4.290000       0.689172      -0.621713       0.248013       0.441276          0.048562
    4.300000       0.682955      -0.626713       0.244904       0.441289          0.048592
    4.310000       0.676688      -0.631712       0.241771       0.441301          0.048622
    4.320000       0.670371      -0.636711       0.238614       0.441314          0.048653
    4.330000       0.664004      -0.641708       0.235433       0.441327          0.048684
    4.340000       0.657587      -0.646704       0.232227       0.441340          0.048715
    4.350000       0.651120      -0.651697       0.228999       0.441354          0.048747
    4.360000       0.644603      -0.656688       0.225748       0.441367          0.048779
    4.370000       0.638036      -0.661676       0.222473       0.441381          0.048811
    4.380000       0.631419      -0.666660       0.219177       0.441395          0.048844
    4.390000       0.624752      -0.671639       0.215859       0.441409          0.048877
    4.400000       0.618036      -0.676614       0.212519       0.441423          0.048910
    4.410000       0.611270      -0.681584       0.209159       0.441437          0.048944
    4.420000       0.604454      -0.686548       0.205778       0.441452          0.048979
    4.430000       0.597589      -0.691505       0.202377       0.441466          0.049014
    4.440000       0.590674      -0.696454       0.198957       0.441481          0.049050
    4.450000       0.583709      -0.701396       0.195518       0.441496          0.049086
    4.460000       0.576695      -0.706329       0.192061       0.441512          0.049122
    4.470000       0.569632      -0.711253       0.188587       0.441528          0.049160
    4.480000       0.562519      -0.716167       0.185096       0.441543          0.049197
    4.490000       0.555358      -0.721069       0.181589       0.441560          0.049236
    4.500000       0.548147      -0.725960       0.178067       0.441576          0.049275
    4.510000       0.540887      -0.730838       0.174531       0.441593          0.049315
    4.520000       0.533579      -0.735703       0.170980       0.441610          0.049355
    4.530000       0.526222      -0.740553       0.167418       0.441627          0.049397
    4.540000       0.518816      -0.745388       0.163843       0.441645          0.049439
    4.550000       0.511362      -0.750207       0.160258       0.441663          0.049481
    4.560000       0.503860      -0.755008       0.156663       0.441681          0.049525
    4.570000       0.496310      -0.759791       0.153059       0.441700          0.049570
    4.580000       0.488712      -0.764555       0.149447       0.441719          0.049615
    4.590000       0.481067      -0.769297       0.145830       0.441739          0.049661
    4.600000       0.473374      -0.774018       0.142207       0.441759          0.049709
    4.610000       0.465634      -0.778716       0.138580       0.441779          0.049757
    4.620000       0.457847      -0.783390       0.134950       0.441800          0.049806
    4.630000       0.450013      -0.788038       0.131319       0.441821          0.049857
    4.640000       0.442132      -0.792659       0.127689       0.441843          0.049909
    4.650000       0.434206      -0.797252       0.124060       0.441865          0.049962
    4.660000       0.426233      -0.801815       0.120434       0.441888          0.050016
    4.670000       0.418215      -0.806347       0.116813       0.441911          0.050071
    4.680000       0.410152      -0.810847       0.113199       0.441935          0.050128
    4.690000       0.402043      -0.815312       0.109593       0.441959          0.050186
    4.700000       0.393890      -0.819741       0.105997       0.441984          0.050245
    4.710000       0.385693      -0.824132       0.102413       0.442010          0.050306
    4.720000       0.377451      -0.828484       0.098843       0.442036          0.050369
    4.730000       0.369166      -0.832795       0.095289       0.442063          0.050433
    4.740000       0.360838      -0.837063       0.091753       0.442091          0.050499
    4.750000       0.352468      -0.841287       0.088238       0.442119          0.050566
    4.760000       0.344055      -0.845463       0.084745       0.442149          0.050635
    4.770000       0.335600      -0.849590       0.081277       0.442179          0.050707
    4.780000       0.327104      -0.853666       0.077836       0.442209          0.050780
    4.790000       0.318568      -0.857689       0.074425       0.442241          0.050855
    4.800000       0.309991      -0.861657       0.071047       0.442273          0.050932
    4.810000       0.301374      -0.865567       0.067704       0.442307          0.051011
    4.820000       0.292719      -0.869417       0.064398       0.442341          0.051093
    4.830000       0.284024      -0.873204       0.061133       0.442376          0.051177
    4.840000       0.275292      -0.876927       0.057912       0.442413          0.051263
    4.850000       0.266523      -0.880582       0.054738       0.442450          0.051351
    4.860000       0.257717      -0.884166       0.051614       0.442488          0.051443
    4.870000       0.248876      -0.887677       0.048542       0.442528          0.051537
    4.880000       0.239999      -0.891113       0.045527       0.442569          0.051633
    4.890000       0.231088      -0.894470       0.042572       0.442610          0.051733
    4.900000       0.222143      -0.897745       0.039680       0.442653          0.051835
    4.910000       0.213166      -0.900936       0.036855       0.442698          0.051940
    4.920000       0.204156      -0.904038       0.034101       0.442743          0.052049
    4.930000       0.195116      -0.907049       0.031421       0.442790          0.052161
    4.940000       0.186045      -0.909966       0.028820       0.442839          0.052276
    4.950000       0.176946      -0.912785       0.026301       0.442889          0.052394
    4.960000       0.167818      -0.915502       0.023868       0.442940          0.052516
    4.970000       0.158663      -0.918115       0.021526       0.442993          0.052642
    4.980000       0.149482      -0.920619       0.019278       0.443048          0.052771
    4.990000       0.140275      -0.923010       0.017130       0.443104          0.052905
    5.000000       0.131045      -0.925285       0.015085       0.443161          0.053042
    5.010000       0.121793      -0.927440       0.013149       0.443221          0.053184
    5.020000       0.112518      -0.929470       0.011325       0.443282          0.053329
    5.030000       0.103223      -0.931372       0.009619       0.443346          0.053480
    5.040000       0.093910      -0.933141       0.008034       0.443411          0.053634
    5.050000       0.084578      -0.934773       0.006577       0.443478          0.053794
    5.060000       0.075231      -0.936264       0.005252       0.443547          0.053958
    5.070000       0.065868      -0.937608       0.004063       0.443618          0.054127
    5.080000       0.056492      -0.938802       0.003017       0.443691          0.054301
    5.090000       0.047104      -0.939840       0.002117       0.443767          0.054480
    5.100000       0.037705      -0.940718       0.001369       0.443844          0.054664
    5.110000       0.028298      -0.941430       0.000778       0.443924          0.054854
    5.120000       0.018884      -0.941973       0.000350       0.444006          0.055050
    5.130000       0.009464      -0.942340       0.000089       0.444091          0.055251
    5.140000       0.000041      -0.942527       0.000000       0.444178          0.055458
    5.150000      -0.009384      -0.942527       0.000089       0.444268          0.055671
    5.160000      -0.018810      -0.942337       0.000361       0.444360          0.055890
    5.170000      -0.028233      -0.941950       0.000820       0.444455          0.056116
    5.180000      -0.037653      -0.941361       0.001472       0.444553          0.056348
    5.190000      -0.047066      -0.940564       0.002322       0.444653          0.056586
    5.200000      -0.056472      -0.939554       0.003375       0.444756          0.056831
    5.210000      -0.065867      -0.938324       0.004636       0.444862          0.057083
    5.220000      -0.075251      -0.936870       0.006108       0.444971          0.057341
    5.230000      -0.084619      -0.935185       0.007797       0.445083          0.057607
    5.240000      -0.093971      -0.933263       0.009708       0.445197          0.057880
    5.250000      -0.103304      -0.931098       0.011844       0.445315          0.058160
    5.260000      -0.112615      -0.928685       0.014209       0.445436          0.058448
    5.270000      -0.121902      -0.926016       0.016807       0.445561          0.058743
    5.280000      -0.131162      -0.923087       0.019643       0.445688          0.059045
    5.290000      -0.140393      -0.919892       0.022718       0.445818          0.059356
    5.300000      -0.149592      -0.916423       0.026037       0.445952          0.059674
    5.310000      -0.158756      -0.912675       0.029602       0.446089          0.059999
    5.320000      -0.167883      -0.908642       0.033415       0.446230          0.060333
    5.330000      -0.176969      -0.904317       0.037479       0.446374          0.060675
    5.340000      -0.186012      -0.899696       0.041794       0.446521          0.061025
    5.350000      -0.195009      -0.894771       0.046364       0.446671          0.061382
    5.360000      -0.203957      -0.889538       0.051187       0.446825          0.061748
    5.370000      -0.212852      -0.883989       0.056265       0.446983          0.062123
    5.380000      -0.221692      -0.878120       0.061597       0.447144          0.062505
    5.390000      -0.230473      -0.871924       0.067182       0.447308          0.062895
    5.400000      -0.239193      -0.865396       0.073021       0.447476          0.063294
    5.410000      -0.247846      -0.858532       0.079109       0.447647          0.063701
    5.420000      -0.256432      -0.851324       0.085446       0.447822          0.064116
    5.430000      -0.264945      -0.843769       0.092027       0.448000          0.064539
    5.440000      -0.273383      -0.835861       0.098849       0.448181          0.064970
    5.450000      -0.281741      -0.827596       0.105908       0.448366          0.065410
    5.460000      -0.290017      -0.818969       0.113199       0.448554          0.065857
    5.470000      -0.298207      -0.809976       0.120715       0.448746          0.066312
    5.480000      -0.306307      -0.800613       0.128450       0.448941          0.066774
    5.490000      -0.314313      -0.790876       0.136396       0.449138          0.067245
    5.500000      -0.322222      -0.780762       0.144545       0.449340          0.067722
    5.510000      -0.330029      -0.770267       0.152888       0.449544          0.068208
    5.520000      -0.337732      -0.759389       0.161415       0.449751          0.068700
    5.530000      -0.345326      -0.748126       0.170115       0.449961          0.069199
    5.540000      -0.352807      -0.736474       0.178977       0.450174          0.069706
    5.550000      -0.360172      -0.724434       0.187988       0.450390          0.070219
    5.560000      -0.367416      -0.712002       0.197135       0.450609          0.070738
    5.570000      -0.374536      -0.699180       0.206404       0.450830          0.071264
    5.580000      -0.381528      -0.685965       0.215779       0.451054          0.071796
    5.590000      -0.388388      -0.672359       0.225246       0.451280          0.072333
    5.600000      -0.395111      -0.658362       0.234788       0.451509          0.072877
    5.610000      -0.401695      -0.643976       0.244387       0.451739          0.073425
    5.620000      -0.408135      -0.629201       0.254026       0.451973          0.073979
    5.630000      -0.414427      -0.614040       0.263685       0.452208          0.074538
    5.640000      -0.420567      -0.598496       0.273346       0.452445          0.075101
    5.650000      -0.426552      -0.582573       0.282988       0.452684          0.075669
    5.660000      -0.432378      -0.566274       0.292591       0.452924          0.076241
    5.670000      -0.438040      -0.549604       0.302135       0.453167          0.076816
    5.680000      -0.443537      -0.532568       0.311596       0.453410          0.077396
    5.690000      -0.448862      -0.515172       0.320955       0.453656          0.077978
    5.700000      -0.454014      -0.497422       0.330188       0.453902          0.078564
    5.710000      -0.458988      -0.479326       0.339274       0.454150          0.079153
    5.720000      -0.463781      -0.460891       0.348189       0.454399          0.079745
    5.730000      -0.468390      -0.442126       0.356912       0.454649          0.080339
    5.740000      -0.472812      -0.423039       0.365419       0.454900          0.080935
    5.750000      -0.477042      -0.403641       0.373689       0.455152          0.081533
    5.760000      -0.481078      -0.383941       0.381699       0.455404          0.082134
    5.770000      -0.484918      -0.363950       0.389428       0.455658          0.082735
    5.780000      -0.488557      -0.343681       0.396853       0.455912          0.083339
    5.790000      -0.491994      -0.323145       0.403955       0.456166          0.083944
    5.800000      -0.495226      -0.302354       0.410712       0.456421          0.084550
    5.810000      -0.498249      -0.281322       0.417105       0.456677          0.085157
    5.820000      -0.501062      -0.260064       0.423116       0.456932          0.085765
    5.830000      -0.503663      -0.238592       0.428726       0.457189          0.086374
    5.840000      -0.506049      -0.216922       0.433918       0.457445          0.086983
    5.850000      -0.508218      -0.195069       0.438676       0.457702          0.087594
    5.860000      -0.510169      -0.173049       0.442986       0.457959          0.088205
    5.870000      -0.511899      -0.150878       0.446835       0.458217          0.088817
    5.880000      -0.513408      -0.128572       0.450209       0.458474          0.089429
    5.890000      -0.514694      -0.106148       0.453099       0.458732          0.090042
    5.900000      -0.515755      -0.083624       0.455494       0.458990          0.090655
    5.910000      -0.516591      -0.061016       0.457387       0.459249          0.091269
    5.920000      -0.517202      -0.038342       0.458772       0.459507          0.091883
    5.930000      -0.517585      -0.015620       0.459644       0.459766          0.092498
    5.940000      -0.517741       0.007132       0.459999       0.460025          0.093113
    5.950000      -0.517670       0.029897       0.459837       0.460284          0.093729
    5.960000      -0.517371       0.052656       0.459157       0.460543          0.094345
    5.970000      -0.516844       0.075391       0.457961       0.460803          0.094962
    5.980000      -0.516090       0.098085       0.456252       0.461063          0.095579
    5.990000      -0.515110       0.120719       0.454036       0.461323          0.096197
    6.000000      -0.513902       0.143277       0.451319       0.461583          0.096815
    6.010000      -0.512470       0.165739       0.448108       0.461843          0.097433
    6.020000      -0.510812       0.188089       0.444415       0.462104          0.098052
    6.030000      -0.508931       0.210310       0.440249       0.462364          0.098672
    6.040000      -0.506828       0.232386       0.435623       0.462625          0.099291
    6.050000      -0.504504       0.254299       0.430552       0.462886          0.099911
    6.060000      -0.501961       0.276033       0.425050       0.463147          0.100531
    6.070000      -0.499201       0.297573       0.419133       0.463408          0.101151
    6.080000      -0.496225       0.318904       0.412819       0.463668          0.101771
    6.090000      -0.493036       0.340010       0.406126       0.463929          0.102391
    6.100000      -0.489636       0.360878       0.399073       0.464190          0.103010
    6.110000      -0.486027       0.381494       0.391681       0.464450          0.103629
    6.120000      -0.482212       0.401845       0.383971       0.464711          0.104247
    6.130000      -0.478194       0.421917       0.375963       0.464970          0.104865
    6.140000      -0.473975       0.441700       0.367680       0.465230          0.105481
    6.150000      -0.469558       0.461181       0.359145       0.465489          0.106096
    6.160000      -0.464946       0.480349       0.350379       0.465747          0.106710
    6.170000      -0.460143       0.499196       0.341406       0.466004          0.107322
    6.180000      -0.455151       0.517710       0.332249       0.466261          0.107931
    6.190000      -0.449974       0.535883       0.322932       0.466517          0.108539
    6.200000      -0.444615       0.553707       0.313476       0.466771          0.109144
    6.210000      -0.439078       0.571174       0.303905       0.467025          0.109746
    6.220000      -0.433366       0.588278       0.294242       0.467277          0.110346
    6.230000      -0.427483       0.605011       0.284508       0.467528          0.110941
    6.240000      -0.421433       0.621369       0.274727       0.467777          0.111534
    6.250000      -0.415219       0.637347       0.264919       0.468025          0.112122
    6.260000      -0.408846       0.652939       0.255105       0.468270          0.112706
    6.270000      -0.402316       0.668143       0.245307       0.468514          0.113285
    6.280000      -0.395635       0.682955       0.235542       0.468756          0.113860
    6.290000      -0.388805       0.697372       0.225832       0.468996          0.114430
    6.300000      -0.381832       0.711393       0.216193       0.469233          0.114994
    6.310000      -0.374718       0.725016       0.206644       0.469468          0.115552
    6.320000      -0.367468       0.738241       0.197201       0.469701          0.116105
    6.330000      -0.360085       0.751066       0.187880       0.469931          0.116651
    6.340000      -0.352575       0.763493       0.178697       0.470158          0.117191
    6.350000      -0.344940       0.775521       0.169665       0.470382          0.117724
    6.360000      -0.337184       0.787153       0.160799       0.470604          0.118251
    6.370000      -0.329313       0.798389       0.152110       0.470822          0.118770
    6.380000      -0.321329       0.809231       0.143610       0.471038          0.119282
    6.390000      -0.313237       0.819683       0.135310       0.471250          0.119786
    6.400000      -0.305040       0.829746       0.127220       0.471459          0.120283
    6.410000      -0.296742       0.839424       0.119349       0.471665          0.120772
    6.420000      -0.288348       0.848720       0.111704       0.471867          0.121252
    6.430000      -0.279861       0.857639       0.104294       0.472066          0.121725
    6.440000      -0.271285       0.866183       0.097125       0.472261          0.122190
    6.450000      -0.262623       0.874359       0.090202       0.472453          0.122646
    6.460000      -0.253879       0.882170       0.083530       0.472642          0.123094
    6.470000      -0.245057       0.889621       0.077114       0.472827          0.123533
    6.480000      -0.236161       0.896717       0.070958       0.473008          0.123963
    6.490000      -0.227194       0.903463       0.065062       0.473186          0.124385
    6.500000      -0.218159       0.909866       0.059431       0.473360          0.124799
    6.510000      -0.209061       0.915930       0.054066       0.473530          0.125204
    6.520000      -0.199901       0.921662       0.048966       0.473697          0.125600
    6.530000      -0.190685       0.927067       0.044133       0.473860          0.125987
    6.540000      -0.181414       0.932151       0.039566       0.474019          0.126366
    6.550000      -0.172093       0.936921       0.035264       0.474175          0.126736
    6.560000      -0.162723       0.941382       0.031227       0.474327          0.127097
    6.570000      -0.153310       0.945541       0.027452       0.474475          0.127450
    6.580000      -0.143854       0.949403       0.023937       0.474620          0.127795
    6.590000      -0.134360       0.952977       0.020680       0.474762          0.128131
    6.600000      -0.124830       0.956266       0.017677       0.474900          0.128459
    6.610000      -0.115268       0.959279       0.014926       0.475034          0.128779
    6.620000      -0.105675       0.962021       0.012423       0.475166          0.129090
    6.630000      -0.096055       0.964499       0.010165       0.475293          0.129394
    6.640000      -0.086410       0.966718       0.008146       0.475418          0.129689
    6.650000      -0.076743       0.968686       0.006362       0.475539          0.129977
    6.660000      -0.067056       0.970409       0.004810       0.475657          0.130257
    6.670000      -0.057352       0.971892       0.003484       0.475771          0.130530
    6.680000      -0.047633       0.973142       0.002380       0.475883          0.130795
    6.690000      -0.037901       0.974166       0.001492       0.475992          0.131053
    6.700000      -0.028160       0.974968       0.000816       0.476097          0.131304
    6.710000      -0.018410       0.975556       0.000345       0.476200          0.131547
    6.720000      -0.008654       0.975934       0.000076       0.476299          0.131784
    6.730000       0.001105       0.976109       0.000001       0.476396          0.132014
    6.740000       0.010866       0.976087       0.000117       0.476490          0.132238
    6.750000       0.020627       0.975874       0.000417       0.476581          0.132455
    6.760000       0.030386       0.975474       0.000896       0.476670          0.132665
    6.770000       0.040140       0.974893       0.001548       0.476756          0.132870
    6.780000       0.049889       0.974137       0.002368       0.476840          0.133069
    6.790000       0.059631       0.973211       0.003351       0.476921          0.133261
    6.800000       0.069363       0.972120       0.004491       0.477000          0.133448
    6.810000       0.079084       0.970870       0.005782       0.477076          0.133630
    6.820000       0.088793       0.969465       0.007219       0.477150          0.133806
    6.830000       0.098487       0.967910       0.008797       0.477222          0.133976
    6.840000       0.108166       0.966210       0.010511       0.477292          0.134142
    6.850000       0.117829       0.964370       0.012355       0.477359          0.134303
    6.860000       0.127472       0.962394       0.014324       0.477425          0.134459
    6.870000       0.137096       0.960287       0.016413       0.477488          0.134610
    6.880000       0.146699       0.958053       0.018618       0.477550          0.134756
    6.890000       0.156280       0.955696       0.020932       0.477610          0.134898
    6.900000       0.165837       0.953221       0.023353       0.477668          0.135036
    6.910000       0.175369       0.950632       0.025874       0.477724          0.135170
    6.920000       0.184875       0.947932       0.028491       0.477778          0.135299
    6.930000       0.194354       0.945126       0.031200       0.477831          0.135425
    6.940000       0.203806       0.942218       0.033996       0.477883          0.135547
    6.950000       0.213228       0.939210       0.036875       0.477932          0.135665
    6.960000       0.222620       0.936107       0.039833       0.477981          0.135779
    6.970000       0.231981       0.932912       0.042865       0.478027          0.135890
    6.980000       0.241310       0.929628       0.045968       0.478073          0.135998
    6.990000       0.250606       0.926260       0.049138       0.478117          0.136103
    7.000000       0.259869       0.922809       0.052371       0.478159          0.136204
    7.010000       0.269097       0.919279       0.055663       0.478201          0.136303
    7.020000       0.278290       0.915674       0.059011       0.478241          0.136398
    7.030000       0.287447       0.911996       0.062412       0.478280          0.136491
    7.040000       0.296567       0.908248       0.065861       0.478318          0.136581
    7.050000       0.305649       0.904432       0.069356       0.478355          0.136668
    7.060000       0.314693       0.900552       0.072893       0.478390          0.136753
    7.070000       0.323699       0.896610       0.076470       0.478425          0.136835
    7.080000       0.332665       0.892609       0.080083       0.478459          0.136915
    7.090000       0.341591       0.888551       0.083730       0.478491          0.136993
    7.100000       0.350477       0.884438       0.087408       0.478523          0.137069
    7.110000       0.359321       0.880274       0.091113       0.478554          0.137142
    7.120000       0.368124       0.876059       0.094845       0.478584          0.137213
    7.130000       0.376884       0.871796       0.098599       0.478613          0.137283
    7.140000       0.385602       0.867488       0.102374       0.478642          0.137350
    7.150000       0.394277       0.863137       0.106167       0.478669          0.137416
    7.160000       0.402908       0.858743       0.109976       0.478696          0.137480
    7.170000       0.411496       0.854310       0.113799       0.478722          0.137542
    7.180000       0.420039       0.849839       0.117634       0.478748          0.137603
    7.190000       0.428537       0.845332       0.121479       0.478773          0.137662
    7.200000       0.436991       0.840791       0.125332       0.478797          0.137719
    7.210000       0.445399       0.836217       0.129191       0.478821          0.137775
    7.220000       0.453761       0.831613       0.133054       0.478844          0.137830
    7.230000       0.462077       0.826978       0.136919       0.478866          0.137883
    7.240000       0.470347       0.822316       0.140786       0.478888          0.137935
    7.250000       0.478570       0.817628       0.144652       0.478909          0.137986
    7.260000       0.486746       0.812914       0.148515       0.478930          0.138036
    7.270000       0.494875       0.808177       0.152376       0.478951          0.138084
    7.280000       0.502957       0.803417       0.156231       0.478970          0.138131
    7.290000       0.510991       0.798637       0.160080       0.478990          0.138178
    7.300000       0.518978       0.793836       0.163921       0.479009          0.138223
    7.310000       0.526916       0.789017       0.167753       0.479027          0.138267
    7.320000       0.534806       0.784181       0.171576       0.479046          0.138310
    7.330000       0.542648       0.779328       0.175387       0.479064          0.138353
    7.340000       0.550441       0.774460       0.179187       0.479081          0.138394
    7.350000       0.558186       0.769578       0.182973       0.479098          0.138435
    7.360000       0.565882       0.764682       0.186746       0.479115          0.138475
    7.370000       0.573528       0.759774       0.190503       0.479131          0.138514
    7.380000       0.581126       0.754855       0.194245       0.479147          0.138552
    7.390000       0.588675       0.749925       0.197969       0.479163          0.138590
    7.400000       0.596174       0.744986       0.201677       0.479179          0.138627
    7.410000       0.603624       0.740038       0.205366       0.479194          0.138663
    7.420000       0.611024       0.735081       0.209037       0.479209          0.138699
    7.430000       0.618375       0.730118       0.212688       0.479224          0.138734
    7.440000       0.625676       0.725148       0.216318       0.479238          0.138768
    7.450000       0.632928       0.720173       0.219928       0.479253          0.138802
    7.460000       0.640129       0.715192       0.223517       0.479267          0.138835
    7.470000       0.647281       0.710207       0.227084       0.479280          0.138868
    7.480000       0.654383       0.705218       0.230628       0.479294          0.138901
    7.490000       0.661436       0.700225       0.234150       0.479307          0.138932
    7.500000       0.668438       0.695231       0.237648       0.479321          0.138964
    7.510000       0.675390       0.690234       0.241122       0.479334          0.138995
    7.520000       0.682292       0.685235       0.244573       0.479347          0.139025
    7.530000       0.689145       0.680236       0.247999       0.479359          0.139056
    7.540000       0.695947       0.675236       0.251400       0.479372          0.139085
    7.550000       0.702700       0.670236       0.254776       0.479384          0.139115
    7.560000       0.709402       0.665237       0.258127       0.479396          0.139144
    7.570000       0.716054       0.660238       0.261452       0.479409          0.139173
    7.580000       0.722657       0.655240       0.264751       0.479421          0.139201
    7.590000       0.729209       0.650245       0.268023       0.479432          0.139229
    7.600000       0.735712       0.645251       0.271270       0.479444          0.139257
    7.610000       0.742164       0.640260       0.274490       0.479456          0.139284
    7.620000       0.748567       0.635271       0.277683       0.479467          0.139312
    7.630000       0.754919       0.630286       0.280849       0.479479          0.139339
    7.640000       0.761222       0.625304       0.283988       0.479490          0.139366
    7.650000       0.767475       0.620325       0.287099       0.479501          0.139392
    7.660000       0.773678       0.615351       0.290184       0.479512          0.139418
    7.670000       0.779832       0.610381       0.293241       0.479523          0.139444
    7.680000       0.785936       0.605415       0.296270       0.479534          0.139470
    7.690000       0.791990       0.600454       0.299272       0.479545          0.139496
    7.700000       0.797994       0.595499       0.302246       0.479555          0.139521
    7.710000       0.803949       0.590548       0.305192       0.479566          0.139547
    7.720000       0.809855       0.585603       0.308111       0.479577          0.139572
    7.730000       0.815711       0.580664       0.311002       0.479587          0.139597
    7.740000       0.821518       0.575731       0.313865       0.479597          0.139621
    7.750000       0.827275       0.570803       0.316700       0.479608          0.139646
    7.760000       0.832983       0.565882       0.319507       0.479618          0.139671
    7.770000       0.838642       0.560967       0.322286       0.479628          0.139695
    7.780000       0.844251       0.556059       0.325038       0.479639          0.139719
    7.790000       0.849812       0.551157       0.327762       0.479649          0.139743
    7.800000       0.855324       0.546262       0.330458       0.479659          0.139767
    7.810000       0.860786       0.541374       0.333126       0.479669          0.139791
    7.820000       0.866200       0.536493       0.335766       0.479679          0.139815
    7.830000       0.871565       0.531620       0.338379       0.479689          0.139838
    7.840000       0.876881       0.526753       0.340964       0.479699          0.139862
    7.850000       0.882149       0.521894       0.343522       0.479708          0.139885
    7.860000       0.887368       0.517042       0.346052       0.479718          0.139909
    7.870000       0.892538       0.512198       0.348555       0.479728          0.139932
    7.880000       0.897660       0.507361       0.351030       0.479738          0.139955
    7.890000       0.902734       0.502532       0.353478       0.479748          0.139978
    7.900000       0.907759       0.497711       0.355899       0.479757          0.140001
    7.910000       0.912736       0.492898       0.358293       0.479767          0.140024
    7.920000       0.917665       0.488092       0.360660       0.479776          0.140047
    7.930000       0.922546       0.483294       0.362999       0.479786          0.140070
    7.940000       0.927379       0.478504       0.365312       0.479796          0.140092
    7.950000       0.932164       0.473722       0.367599       0.479805          0.140115
    7.960000       0.936901       0.468948       0.369858       0.479815          0.140137
    7.970000       0.941591       0.464182       0.372091       0.479824          0.140160
    7.980000       0.946232       0.459424       0.374298       0.479834          0.140183
    7.990000       0.950827       0.454674       0.376479       0.479843          0.140205
    8.000000       0.955373       0.449932       0.378633       0.479852          0.140227
    8.010000       0.959873       0.445198       0.380761       0.479862          0.140250
    8.020000       0.964325       0.440472       0.382863       0.479871          0.140272
    8.030000       0.968729       0.435755       0.384940       0.479881          0.140294
    8.040000       0.973087       0.431045       0.386990       0.479890          0.140316
    8.050000       0.977397       0.426343       0.389015       0.479899          0.140339
    8.060000       0.981661       0.421649       0.391015       0.479909          0.140361
    8.070000       0.985877       0.416963       0.392989       0.479918          0.140383
    8.080000       0.990047       0.412285       0.394938       0.479927          0.140405
    8.090000       0.994170       0.407615       0.396862       0.479936          0.140427
    8.100000       0.998246       0.402953       0.398760       0.479946          0.140449
    8.110000       1.002276       0.398298       0.400634       0.479955          0.140471
    8.120000       1.006259       0.393652       0.402483       0.479964          0.140493
    8.130000       1.010195       0.389013       0.404308       0.479973          0.140515
    8.140000       1.014085       0.384382       0.406108       0.479983          0.140537
    8.150000       1.017929       0.379759       0.407883       0.479992          0.140559
    8.160000       1.021727       0.375144       0.409635       0.480001          0.140581
    8.170000       1.025478       0.370536       0.411362       0.480010          0.140602
    8.180000       1.029183       0.365936       0.413065       0.480020          0.140624
    8.190000       1.032843       0.361343       0.414744       0.480029          0.140646
    8.200000       1.036456       0.356758       0.416400       0.480038          0.140668
    8.210000       1.040024       0.352180       0.418032       0.480047          0.140690
    8.220000       1.043546       0.347609       0.419640       0.480056          0.140711
    8.230000       1.047022       0.343046       0.421225       0.480065          0.140733
    8.240000       1.050452       0.338490       0.422787       0.480074          0.140755
    8.250000       1.053837       0.333942       0.424325       0.480084          0.140777
    8.260000       1.057176       0.329400       0.425841       0.480093          0.140798
    8.270000       1.060470       0.324866       0.427333       0.480102          0.140820
    8.280000       1.063719       0.320338       0.428803       0.480111          0.140842
    8.290000       1.066922       0.315818       0.430250       0.480120          0.140863
    8.300000       1.070081       0.311304       0.431674       0.480129          0.140885
    8.310000       1.073194       0.306797       0.433076       0.480138          0.140907
    8.320000       1.076262       0.302297       0.434456       0.480147          0.140928
    8.330000       1.079285       0.297803       0.435813       0.480157          0.140950
    8.340000       1.082263       0.293316       0.437148       0.480166          0.140972
    8.350000       1.085196       0.288836       0.438462       0.480175          0.140993
    8.360000       1.088084       0.284362       0.439753       0.480184          0.141015
    8.370000       1.090928       0.279894       0.441023       0.480193          0.141036
    8.380000       1.093727       0.275433       0.442270       0.480202          0.141058
    8.390000       1.096481       0.270977       0.443497       0.480211          0.141080
    8.400000       1.099191       0.266528       0.444702       0.480220          0.141101
    8.410000       1.101856       0.262085       0.445885       0.480229          0.141123
    8.420000       1.104477       0.257648       0.447047       0.480238          0.141144
    8.430000       1.107053       0.253216       0.448188       0.480247          0.141166
    8.440000       1.109586       0.248791       0.449308       0.480256          0.141187
    8.450000       1.112074       0.244371       0.450407       0.480266          0.141209
    8.460000       1.114517       0.239957       0.451485       0.480275          0.141231
    8.470000       1.116917       0.235548       0.452542       0.480284          0.141252
    8.480000       1.119272       0.231144       0.453579       0.480293          0.141274
    8.490000       1.121584       0.226746       0.454595       0.480302          0.141295
    8.500000       1.123851       0.222353       0.455590       0.480311          0.141317
    8.510000       1.126075       0.217966       0.456565       0.480320          0.141338
    8.520000       1.128254       0.213583       0.457520       0.480329          0.141360
    8.530000       1.130390       0.209206       0.458455       0.480338          0.141381
    8.540000       1.132482       0.204833       0.459369       0.480347          0.141403
    8.550000       1.134531       0.200465       0.460263       0.480356          0.141424
    8.560000       1.136535       0.196102       0.461137       0.480365          0.141446
    8.570000       1.138496       0.191743       0.461992       0.480374          0.141467
    8.580000       1.140414       0.187389       0.462826       0.480383          0.141489
    8.590000       1.142288       0.183039       0.463641       0.480392          0.141510
    8.600000       1.144118       0.178694       0.464436       0.480401          0.141532
    8.610000       1.145905       0.174352       0.465211       0.480411          0.141553
    8.620000       1.147648       0.170015       0.465967       0.480420          0.141575
    8.630000       1.149349       0.165682       0.466703       0.480429          0.141596
    8.640000       1.151005       0.161353       0.467420       0.480438          0.141618
    8.650000       1.152619       0.157028       0.468118       0.480447          0.141640
    8.660000       1.154189       0.152707       0.468796       0.480456          0.141661
    8.670000       1.155716       0.148389       0.469455       0.480465          0.141683
    8.680000       1.157200       0.144074       0.470095       0.480474          0.141704
    8.690000       1.158641       0.139764       0.470716       0.480483          0.141726
    8.700000       1.160039       0.135456       0.471318       0.480492          0.141747
    8.710000       1.161393       0.131152       0.471901       0.480501          0.141769
    8.720000       1.162705       0.126851       0.472465       0.480510          0.141790
    8.730000       1.163973       0.122553       0.473010       0.480519          0.141812
    8.740000       1.165199       0.118258       0.473536       0.480528          0.141833
    8.750000       1.166381       0.113966       0.474043       0.480537          0.141855
    8.760000       1.167521       0.109677       0.474532       0.480546          0.141876
    8.770000       1.168618       0.105390       0.475002       0.480555          0.141898
    8.780000       1.169672       0.101106       0.475453       0.480564          0.141919
    8.790000       1.170683       0.096825       0.475886       0.480573          0.141940
    8.800000       1.171651       0.092545       0.476300       0.480582          0.141962
    8.810000       1.172576       0.088269       0.476696       0.480592          0.141983
    8.820000       1.173459       0.083994       0.477073       0.480601          0.142005
    8.830000       1.174299       0.079721       0.477432       0.480610          0.142026
    8.840000       1.175096       0.075451       0.477772       0.480619          0.142048
    8.850000       1.175851       0.071182       0.478094       0.480628          0.142069
    8.860000       1.176562       0.066915       0.478398       0.480637          0.142091
    8.870000       1.177232       0.062649       0.478683       0.480646          0.142112
    8.880000       1.177858       0.058386       0.478950       0.480655          0.142134
    8.890000       1.178442       0.054124       0.479199       0.480664          0.142155
    8.900000       1.178983       0.049863       0.479430       0.480673          0.142177
    8.910000       1.179482       0.045603       0.479642       0.480682          0.142198
    8.920000       1.179938       0.041345       0.479836       0.480691          0.142220
    8.930000       1.180351       0.037087       0.480012       0.480700          0.142241
    8.940000       1.180722       0.032831       0.480170       0.480709          0.142263
    8.950000       1.181051       0.028576       0.480310       0.480718          0.142284
    8.960000       1.181336       0.024321       0.480431       0.480727          0.142306
    8.970000       1.181579       0.020067       0.480535       0.480736          0.142327
    8.980000       1.181780       0.015813       0.480620       0.480745          0.142349
    8.990000       1.181938       0.011560       0.480687       0.480754          0.142370
    9.000000       1.182054       0.007308       0.480737       0.480763          0.142392
    9.010000       1.182127       0.003056       0.480768       0.480772          0.142413
    9.020000       1.182158      -0.001197       0.480781       0.480781          0.142435
    9.030000       1.182146      -0.005449       0.480776       0.480790          0.142456
    9.040000       1.182091      -0.009701       0.480752       0.480799          0.142478
    9.050000       1.181994      -0.013953       0.480711       0.480809          0.142499
    9.060000       1.181855      -0.018205       0.480652       0.480818          0.142521
    9.070000       1.181672      -0.022458       0.480574       0.480827          0.142542
    9.080000       1.181448      -0.026711       0.480479       0.480836          0.142564
    9.090000       1.181181      -0.030965       0.480365       0.480845          0.142585
    9.100000       1.180871      -0.035219       0.480234       0.480854          0.142607
    9.110000       1.180519      -0.039475       0.480084       0.480863          0.142628
    9.120000       1.180124      -0.043730       0.479916       0.480872          0.142649
    9.130000       1.179687      -0.047987       0.479729       0.480881          0.142671
    9.140000       1.179207      -0.052245       0.479525       0.480890          0.142692
    9.150000       1.178685      -0.056504       0.479303       0.480899          0.142714
    9.160000       1.178120      -0.060765       0.479062       0.480908          0.142735
    9.170000       1.177512      -0.065026       0.478803       0.480917          0.142757
    9.180000       1.176862      -0.069289       0.478526       0.480926          0.142778
    9.190000       1.176169      -0.073554       0.478230       0.480935          0.142800
    9.200000       1.175433      -0.077820       0.477916       0.480944          0.142821
    9.210000       1.174655      -0.082088       0.477584       0.480953          0.142843
    9.220000       1.173834      -0.086358       0.477233       0.480962          0.142864
    9.230000       1.172971      -0.090630       0.476864       0.480971          0.142886
    9.240000       1.172064      -0.094903       0.476477       0.480980          0.142907
    9.250000       1.171115      -0.099179       0.476071       0.480989          0.142929
    9.260000       1.170123      -0.103457       0.475647       0.480998          0.142950
    9.270000       1.169089      -0.107738       0.475204       0.481007          0.142972
    9.280000       1.168011      -0.112021       0.474742       0.481016          0.142993
    9.290000       1.166891      -0.116306       0.474262       0.481025          0.143015
    9.300000       1.165728      -0.120594       0.473763       0.481034          0.143036
    9.310000       1.164522      -0.124885       0.473245       0.481043          0.143057
    9.320000       1.163273      -0.129179       0.472709       0.481053          0.143079
    9.330000       1.161982      -0.133476       0.472154       0.481062          0.143100
    9.340000       1.160647      -0.137775       0.471580       0.481071          0.143122
    9.350000       1.159269      -0.142078       0.470987       0.481080          0.143143
    9.360000       1.157848      -0.146384       0.470375       0.481089          0.143165
    9.370000       1.156384      -0.150693       0.469743       0.481098          0.143186
    9.380000       1.154878      -0.155006       0.469093       0.481107          0.143208
    9.390000       1.153327      -0.159322       0.468424       0.481116          0.143229
    9.400000       1.151734      -0.163642       0.467735       0.481125          0.143251
    9.410000       1.150098      -0.167965       0.467028       0.481134          0.143272
    9.420000       1.148418      -0.172293       0.466300       0.481143          0.143294
    9.430000       1.146695      -0.176624       0.465554       0.481152          0.143315
    9.440000       1.144929      -0.180959       0.464788       0.481161          0.143337
    9.450000       1.143119      -0.185299       0.464002       0.481170          0.143358
    9.460000       1.141266      -0.189642       0.463197       0.481179          0.143379
    9.470000       1.139370      -0.193990       0.462372       0.481188          0.143401
    9.480000       1.137430      -0.198342       0.461527       0.481197          0.143422
    9.490000       1.135447      -0.202699       0.460663       0.481206          0.143444
    9.500000       1.133420      -0.207060       0.459778       0.481215          0.143465
    9.510000       1.131349      -0.211426       0.458874       0.481224          0.143487
    9.520000       1.129235      -0.215796       0.457949       0.481233          0.143508
    9.530000       1.127077      -0.220172       0.457005       0.481242          0.143530
    9.540000       1.124875      -0.224552       0.456040       0.481251          0.143551
    9.550000       1.122630      -0.228937       0.455054       0.481260          0.143573
    9.560000       1.120340      -0.233328       0.454049       0.481269          0.143594
    9.570000       1.118007      -0.237723       0.453022       0.481278          0.143616
    9.580000       1.115630      -0.242124       0.451975       0.481287          0.143637
    9.590000       1.113209      -0.246531       0.450908       0.481297          0.143659
    9.600000       1.110743      -0.250942       0.449820       0.481306          0.143680
    9.610000       1.108234      -0.255360       0.448710       0.481315          0.143702
    9.620000       1.105680      -0.259783       0.447580       0.481324          0.143723
    9.630000       1.103082      -0.264211       0.446429       0.481333          0.143745
    9.640000       1.100440      -0.268646       0.445257       0.481342          0.143766
    9.650000       1.097754      -0.273086       0.444063       0.481351          0.143788
    9.660000       1.095023      -0.277533       0.442848       0.481360          0.143809
    9.670000       1.092248      -0.281985       0.441611       0.481369          0.143831
    9.680000       1.089428      -0.286443       0.440353       0.481378          0.143852
    9.690000       1.086563      -0.290908       0.439073       0.481387          0.143874
    9.700000       1.083654      -0.295379       0.437772       0.481396          0.143895
    9.710000       1.080700      -0.299857       0.436448       0.481405          0.143917
    9.720000       1.077702      -0.304341       0.435103       0.481414          0.143939
    9.730000       1.074658      -0.308831       0.433735       0.481423          0.143960
    9.740000       1.071570      -0.313328       0.432345       0.481432          0.143982
    9.750000       1.068437      -0.317832       0.430933       0.481442          0.144003
    9.760000       1.065259      -0.322342       0.429498       0.481451          0.144025
    9.770000       1.062035      -0.326859       0.428041       0.481460          0.144047
    9.780000       1.058767      -0.331384       0.426561       0.481469          0.144068
    9.790000       1.055453      -0.335915       0.425059       0.481478          0.144090
    9.800000       1.052094      -0.340453       0.423533       0.481487          0.144111
    9.810000       1.048689      -0.344998       0.421984       0.481496          0.144133
    9.820000       1.045239      -0.349550       0.420413       0.481505          0.144155
    9.830000       1.041744      -0.354110       0.418817       0.481514          0.144176
    9.840000       1.038202      -0.358677       0.417199       0.481524          0.144198
    9.850000       1.034616      -0.363251       0.415557       0.481533          0.144220
    9.860000       1.030983      -0.367833       0.413891       0.481542          0.144242
    9.870000       1.027305      -0.372422       0.412202       0.481551          0.144263
    9.880000       1.023581      -0.377018       0.410489       0.481560          0.144285
    9.890000       1.019810      -0.381622       0.408751       0.481569          0.144307
    9.900000       1.015994      -0.386234       0.406990       0.481578          0.144329
    9.910000       1.012132      -0.390853       0.405204       0.481588          0.144350
    9.920000       1.008223      -0.395480       0.403394       0.481597          0.144372
    9.930000       1.004269      -0.400115       0.401560       0.481606          0.144394
    9.940000       1.000267      -0.404758       0.399701       0.481615          0.144416
    9.950000       0.996220      -0.409408       0.397817       0.481624          0.144438
    9.960000       0.992126      -0.414066       0.395908       0.481634          0.144460
    9.970000       0.987985      -0.418732       0.393974       0.481643          0.144482
    9.980000       0.983798      -0.423406       0.392016       0.481652          0.144504
    9.990000       0.979564      -0.428088       0.390032       0.481661          0.144526
   10.000000       0.975283      -0.432778       0.388022       0.481671          0.144548
   10.010000       0.970955      -0.437476       0.385987       0.481680          0.144570
   10.020000       0.966580      -0.442182       0.383927       0.481689          0.144592
   10.030000       0.962158      -0.446896       0.381841       0.481699          0.144614
   10.040000       0.957690      -0.451618       0.379729       0.481708          0.144637
   10.050000       0.953173      -0.456347       0.377591       0.481717          0.144659
   10.060000       0.948610      -0.461085       0.375427       0.481727          0.144681
   10.070000       0.943999      -0.465831       0.373237       0.481736          0.144704
   10.080000       0.939341      -0.470585       0.371021       0.481746          0.144726
   10.090000       0.934635      -0.475347       0.368778       0.481755          0.144748
   10.100000       0.929881      -0.480117       0.366509       0.481765          0.144771
   10.110000       0.925080      -0.484895       0.364213       0.481774          0.144794
   10.120000       0.920231      -0.489680       0.361890       0.481784          0.144816
   10.130000       0.915334      -0.494474       0.359541       0.481793          0.144839
   10.140000       0.910390      -0.499276       0.357165       0.481803          0.144862
   10.150000       0.905397      -0.504085       0.354762       0.481812          0.144885
   10.160000       0.900356      -0.508902       0.352331       0.481822          0.144907
   10.170000       0.895267      -0.513727       0.349874       0.481832          0.144930
   10.180000       0.890130      -0.518559       0.347389       0.481841          0.144954
   10.190000       0.884944      -0.523400       0.344878       0.481851          0.144977
   10.200000       0.879710      -0.528247       0.342338       0.481861          0.145000
   10.210000       0.874428      -0.533103       0.339772       0.481871          0.145023
   10.220000       0.869097      -0.537965       0.337177       0.481881          0.145047
   10.230000       0.863717      -0.542835       0.334556       0.481891          0.145070
   10.240000       0.858289      -0.547712       0.331906       0.481901          0.145094
   10.250000       0.852812      -0.552596       0.329229       0.481911          0.145118
   10.260000       0.847286      -0.557487       0.326525       0.481921          0.145142
   10.270000       0.841711      -0.562385       0.323792       0.481931          0.145166
   10.280000       0.836087      -0.567290       0.321032       0.481941          0.145190
   10.290000       0.830414      -0.572201       0.318244       0.481951          0.145214
   10.300000       0.824692      -0.577119       0.315428       0.481961          0.145239
   10.310000       0.818921      -0.582043       0.312585       0.481972          0.145263
   10.320000       0.813100      -0.586973       0.309713       0.481982          0.145288
   10.330000       0.807231      -0.591909       0.306814       0.481993          0.145313
   10.340000       0.801312      -0.596851       0.303888       0.482003          0.145338
   10.350000       0.795343      -0.601799       0.300933       0.482014          0.145363
   10.360000       0.789325      -0.606751       0.297951       0.482025          0.145389
   10.370000       0.783258      -0.611709       0.294941       0.482035          0.145414
   10.380000       0.777140      -0.616672       0.291904       0.482046          0.145440
   10.390000       0.770974      -0.621640       0.288839       0.482057          0.145466
   10.400000       0.764757      -0.626612       0.285747       0.482068          0.145492
   10.410000       0.758491      -0.631588       0.282628       0.482079          0.145519
   10.420000       0.752175      -0.636568       0.279481       0.482091          0.145546
   10.430000       0.745810      -0.641551       0.276308       0.482102          0.145573
   10.440000       0.739394      -0.646538       0.273108       0.482113          0.145600
   10.450000       0.732929      -0.651528       0.269881       0.482125          0.145627
   10.460000       0.726413      -0.656520       0.266627       0.482137          0.145655
   10.470000       0.719848      -0.661515       0.263347       0.482149          0.145683
   10.480000       0.713233      -0.666512       0.260042       0.482161          0.145712
   10.490000       0.706568      -0.671510       0.256710       0.482173          0.145741
   10.500000       0.699853      -0.676509       0.253353       0.482185          0.145770
   10.510000       0.693088      -0.681509       0.249970       0.482197          0.145799
   10.520000       0.686273      -0.686509       0.246563       0.482210          0.145829
   10.530000       0.679408      -0.691508       0.243131       0.482223          0.145859
   10.540000       0.672493      -0.696507       0.239674       0.482235          0.145890
   10.550000       0.665528      -0.701505       0.236194       0.482248          0.145921
   10.560000       0.658512      -0.706501       0.232690       0.482262          0.145952
   10.570000       0.651447      -0.711495       0.229163       0.482275          0.145984
   10.580000       0.644332      -0.716486       0.225613       0.482289          0.146017
   10.590000       0.637168      -0.721473       0.222041       0.482303          0.146050
   10.600000       0.629953      -0.726457       0.218447       0.482317          0.146083
   10.610000       0.622688      -0.731436       0.214832       0.482331          0.146117
   10.620000       0.615374      -0.736409       0.211197       0.482346          0.146152
   10.630000       0.608010      -0.741376       0.207541       0.482360          0.146187
   10.640000       0.600596      -0.746337       0.203866       0.482375          0.146222
   10.650000       0.593133      -0.751290       0.200173       0.482391          0.146259
   10.660000       0.585620      -0.756234       0.196461       0.482406          0.146296
   10.670000       0.578058      -0.761170       0.192732       0.482422          0.146334
   10.680000       0.570446      -0.766096       0.188987       0.482438          0.146372
   10.690000       0.562785      -0.771010       0.185226       0.482455          0.146411
   10.700000       0.555075      -0.775913       0.181451       0.482472          0.146452
   10.710000       0.547316      -0.780804       0.177662       0.482489          0.146492
   10.720000       0.539508      -0.785681       0.173860       0.482507          0.146534
   10.730000       0.531651      -0.790543       0.170046       0.482524          0.146577
   10.740000       0.523745      -0.795389       0.166221       0.482543          0.146620
   10.750000       0.515791      -0.800219       0.162387       0.482562          0.146665
   10.760000       0.507789      -0.805030       0.158544       0.482581          0.146710
   10.770000       0.499739      -0.809823       0.154694       0.482600          0.146757
   10.780000       0.491641      -0.814595       0.150837       0.482620          0.146804
   10.790000       0.483495      -0.819346       0.146977       0.482641          0.146853
   10.800000       0.475301      -0.824074       0.143113       0.482662          0.146903
   10.810000       0.467061      -0.828778       0.139247       0.482683          0.146954
   10.820000       0.458773      -0.833456       0.135381       0.482705          0.147006
   10.830000       0.450438      -0.838107       0.131516       0.482728          0.147060
   10.840000       0.442057      -0.842730       0.127654       0.482751          0.147115
   10.850000       0.433630      -0.847323       0.123797       0.482775          0.147172
   10.860000       0.425157      -0.851884       0.119946       0.482799          0.147230
   10.870000       0.416638      -0.856412       0.116104       0.482824          0.147289
   10.880000       0.408074      -0.860904       0.112272       0.482850          0.147350
   10.890000       0.399465      -0.865360       0.108452       0.482876          0.147413
   10.900000       0.390811      -0.869778       0.104647       0.482904          0.147478
   10.910000       0.382113      -0.874155       0.100858       0.482932          0.147544
   10.920000       0.373372      -0.878489       0.097089       0.482960          0.147612
   10.930000       0.364587      -0.882779       0.093340       0.482990          0.147682
   10.940000       0.355759      -0.887023       0.089616       0.483020          0.147754
   10.950000       0.346889      -0.891217       0.085917       0.483051          0.147828
   10.960000       0.337977      -0.895361       0.082247       0.483083          0.147905
   10.970000       0.329023      -0.899452       0.078609       0.483116          0.147983
   10.980000       0.320028      -0.903487       0.075006       0.483150          0.148064
   10.990000       0.310994      -0.907465       0.071439       0.483186          0.148147
   11.000000       0.301919      -0.911382       0.067913       0.483222          0.148233
   11.010000       0.292805      -0.915235       0.064431       0.483259          0.148322
   11.020000       0.283653      -0.919023       0.060995       0.483297          0.148413
   11.030000       0.274463      -0.922743       0.057609       0.483337          0.148507
   11.040000       0.265235      -0.926391       0.054277       0.483377          0.148603
   11.050000       0.255971      -0.929965       0.051002       0.483419          0.148703
   11.060000       0.246672      -0.933462       0.047787       0.483463          0.148806
   11.070000       0.237337      -0.936878       0.044637       0.483507          0.148912
   11.080000       0.227968      -0.940211       0.041555       0.483553          0.149021
   11.090000       0.218566      -0.943457       0.038545       0.483601          0.149134
   11.100000       0.209131      -0.946612       0.035612       0.483650          0.149250
   11.110000       0.199665      -0.949674       0.032759       0.483700          0.149370
   11.120000       0.190169      -0.952639       0.029991       0.483752          0.149494
   11.130000       0.180642      -0.955503       0.027313       0.483806          0.149621
   11.140000       0.171087      -0.958262       0.024728       0.483861          0.149753
   11.150000       0.161505      -0.960912       0.022242       0.483918          0.149889
   11.160000       0.151895      -0.963450       0.019859       0.483977          0.150029
   11.170000       0.142261      -0.965872       0.017584       0.484038          0.150173
   11.180000       0.132602      -0.968172       0.015422       0.484101          0.150322
   11.190000       0.122921      -0.970347       0.013379       0.484166          0.150476
   11.200000       0.113217      -0.972393       0.011458       0.484232          0.150635
   11.210000       0.103493      -0.974305       0.009666       0.484301          0.150799
   11.220000       0.093750      -0.976078       0.008008       0.484372          0.150968
   11.230000       0.083989      -0.977707       0.006490       0.484446          0.151142
   11.240000       0.074212      -0.979189       0.005116       0.484521          0.151321
   11.250000       0.064420      -0.980517       0.003892       0.484599          0.151507
   11.260000       0.054615      -0.981687       0.002825       0.484680          0.151698
   11.270000       0.044798      -0.982693       0.001919       0.484763          0.151895
   11.280000       0.034971      -0.983531       0.001181       0.484848          0.152098
   11.290000       0.025136      -0.984195       0.000616       0.484936          0.152307
   11.300000       0.015294      -0.984679       0.000230       0.485027          0.152523
   11.310000       0.005447      -0.984978       0.000030       0.485120          0.152745
   11.320000      -0.004402      -0.985086       0.000019       0.485217          0.152974
   11.330000      -0.014253      -0.984998       0.000206       0.485316          0.153210
   11.340000      -0.024103      -0.984706       0.000595       0.485418          0.153453
   11.350000      -0.033950      -0.984206       0.001193       0.485524          0.153703
   11.360000      -0.043792      -0.983492       0.002004       0.485632          0.153961
   11.370000      -0.053627      -0.982557       0.003035       0.485744          0.154226
   11.380000      -0.063453      -0.981394       0.004291       0.485859          0.154499
   11.390000      -0.073267      -0.979998       0.005779       0.485977          0.154780
   11.400000      -0.083067      -0.978362       0.007502       0.486098          0.155069
   11.410000      -0.092850      -0.976480       0.009467       0.486223          0.155365
   11.420000      -0.102615      -0.974344       0.011678       0.486352          0.155671
   11.430000      -0.112359      -0.971950       0.014141       0.486484          0.155984
   11.440000      -0.122078      -0.969289       0.016859       0.486619          0.156306
   11.450000      -0.131771      -0.966354       0.019838       0.486758          0.156637
   11.460000      -0.141435      -0.963141       0.023081       0.486901          0.156977
   11.470000      -0.151066      -0.959641       0.026593       0.487048          0.157326
   11.480000      -0.160662      -0.955847       0.030376       0.487199          0.157683
   11.490000      -0.170221      -0.951754       0.034435       0.487353          0.158050
   11.500000      -0.179738      -0.947354       0.038771       0.487511          0.158426
   11.510000      -0.189212      -0.942640       0.043388       0.487673          0.158811
   11.520000      -0.198638      -0.937607       0.048286       0.487839          0.159206
   11.530000      -0.208014      -0.932246       0.053468       0.488009          0.159610
   11.540000      -0.217337      -0.926552       0.058934       0.488183          0.160023
   11.550000      -0.226602      -0.920518       0.064684       0.488361          0.160446
   11.560000      -0.235808      -0.914138       0.070719       0.488543          0.160879
   11.570000      -0.244949      -0.907405       0.077037       0.488729          0.161321
   11.580000      -0.254023      -0.900313       0.083638       0.488919          0.161772
   11.590000      -0.263026      -0.892856       0.090517       0.489113          0.162233
   11.600000      -0.271955      -0.885029       0.097674       0.489312          0.162704
   11.610000      -0.280805      -0.876825       0.105103       0.489514          0.163184
   11.620000      -0.289573      -0.868239       0.112800       0.489719          0.163673
   11.630000      -0.298256      -0.859266       0.120761       0.489929          0.164172
   11.640000      -0.306848      -0.849900       0.128978       0.490143          0.164680
   11.650000      -0.315347      -0.840138       0.137445       0.490361          0.165197
   11.660000      -0.323749      -0.829974       0.146153       0.490582          0.165723
   11.670000      -0.332048      -0.819405       0.155095       0.490807          0.166258
   11.680000      -0.340243      -0.808427       0.164259       0.491036          0.166801
   11.690000      -0.348327      -0.797036       0.173635       0.491268          0.167353
   11.700000      -0.356297      -0.785230       0.183211       0.491504          0.167914
   11.710000      -0.364149      -0.773005       0.192975       0.491743          0.168482
   11.720000      -0.371880      -0.760359       0.202913       0.491986          0.169059
   11.730000      -0.379483      -0.747292       0.213009       0.492232          0.169643
   11.740000      -0.386956      -0.733801       0.223248       0.492481          0.170234
   11.750000      -0.394294      -0.719886       0.233614       0.492733          0.170833
   11.760000      -0.401493      -0.705547       0.244089       0.492987          0.171439
   11.770000      -0.408548      -0.690785       0.254653       0.493245          0.172051
   11.780000      -0.415456      -0.675599       0.265289       0.493506          0.172670
   11.790000      -0.422212      -0.659992       0.275974       0.493769          0.173295
   11.800000      -0.428812      -0.643966       0.286688       0.494034          0.173925
   11.810000      -0.435252      -0.627523       0.297409       0.494302          0.174562
   11.820000      -0.441527      -0.610668       0.308114       0.494572          0.175203
   11.830000      -0.447634      -0.593404       0.318779       0.494844          0.175849
   11.840000      -0.453568      -0.575737       0.329381       0.495118          0.176500
   11.850000      -0.459325      -0.557671       0.339895       0.495393          0.177156
   11.860000      -0.464902      -0.539213       0.350296       0.495671          0.177815
   11.870000      -0.470294      -0.520369       0.360558       0.495950          0.178478
   11.880000      -0.475498      -0.501149       0.370655       0.496230          0.179145
   11.890000      -0.480509      -0.481560       0.380562       0.496512          0.179814
   11.900000      -0.485325      -0.461610       0.390253       0.496795          0.180487
   11.910000      -0.489941      -0.441311       0.399702       0.497080          0.181162
   11.920000      -0.494354      -0.420673       0.408882       0.497365          0.181840
   11.930000      -0.498561      -0.399706       0.417768       0.497651          0.182520
   11.940000      -0.502558      -0.378424       0.426335       0.497938          0.183202
   11.950000      -0.506342      -0.356839       0.434559       0.498226          0.183886
   11.960000      -0.509910      -0.334963       0.442414       0.498514          0.184571
   11.970000      -0.513260      -0.312812       0.449877       0.498803          0.185258
   11.980000      -0.516388      -0.290400       0.456926       0.499092          0.185945
   11.990000      -0.519292      -0.267742       0.463540       0.499382          0.186635
   12.000000      -0.521970      -0.244855       0.469696       0.499673          0.187325
   12.010000      -0.524418      -0.221754       0.475376       0.499964          0.188016
   12.020000      -0.526636      -0.198457       0.480562       0.500255          0.188708
   12.030000      -0.528620      -0.174981       0.485237       0.500546          0.189400
   12.040000      -0.530370      -0.151344       0.489386       0.500838          0.190094
   12.050000      -0.531883      -0.127566       0.492994       0.501130          0.190788
   12.060000      -0.533159      -0.103663       0.496050       0.501423          0.191482
   12.070000      -0.534196      -0.079656       0.498543       0.501715          0.192178
   12.080000      -0.534992      -0.055563       0.500464       0.502008          0.192873
   12.090000      -0.535548      -0.031405       0.501808       0.502301          0.193570
   12.100000      -0.535862      -0.007202       0.502568       0.502594          0.194267
   12.110000      -0.535934       0.017028       0.502743       0.502888          0.194964
   12.120000      -0.535764       0.041264       0.502330       0.503182          0.195663
   12.130000      -0.535351       0.065486       0.501332       0.503476          0.196361
   12.140000      -0.534696       0.089673       0.499749       0.503770          0.197061
   12.150000      -0.533799       0.113807       0.497589       0.504065          0.197760
   12.160000      -0.532661       0.137867       0.494856       0.504359          0.198461
   12.170000      -0.531283       0.161833       0.491559       0.504654          0.199162
   12.180000      -0.529664       0.185686       0.487710       0.504950          0.199863
   12.190000      -0.527808       0.209408       0.483319       0.505245          0.200565
   12.200000      -0.525713       0.232978       0.478401       0.505540          0.201267
   12.210000      -0.523384       0.256380       0.472971       0.505836          0.201970
   12.220000      -0.520820       0.279594       0.467046       0.506132          0.202673
   12.230000      -0.518024       0.302603       0.460643       0.506428          0.203375
   12.240000      -0.514998       0.325390       0.453784       0.506723          0.204078
   12.250000      -0.511744       0.347938       0.446489       0.507019          0.204781
   12.260000      -0.508265       0.370232       0.438779       0.507315          0.205483
   12.270000      -0.504562       0.392256       0.430678       0.507610          0.206185
   12.280000      -0.500640       0.413994       0.422209       0.507905          0.206886
   12.290000      -0.496500       0.435434       0.413398       0.508200          0.207586
   12.300000      -0.492145       0.456561       0.404270       0.508494          0.208285
   12.310000      -0.487580       0.477363       0.394850       0.508787          0.208982
   12.320000      -0.482806       0.497827       0.385164       0.509080          0.209678
   12.330000      -0.477828       0.517943       0.375240       0.509372          0.210372
   12.340000      -0.472649       0.537699       0.365103       0.509663          0.211064
   12.350000      -0.467272       0.557086       0.354781       0.509953          0.211752
   12.360000      -0.461701       0.576094       0.344299       0.510242          0.212438
   12.370000      -0.455940       0.594716       0.333686       0.510529          0.213121
   12.380000      -0.449993       0.612942       0.322966       0.510815          0.213800
   12.390000      -0.443863       0.630768       0.312165       0.511099          0.214475
   12.400000      -0.437555       0.648185       0.301309       0.511381          0.215146
   12.410000      -0.431074       0.665190       0.290423       0.511662          0.215812
   12.420000      -0.424422       0.681777       0.279530       0.511940          0.216474
   12.430000      -0.417604       0.697941       0.268655       0.512216          0.217129
   12.440000      -0.410625       0.713681       0.257819       0.512490          0.217780
   12.450000      -0.403488       0.728992       0.247046       0.512761          0.218424
   12.460000      -0.396198       0.743874       0.236355       0.513029          0.219062
   12.470000      -0.388759       0.758324       0.225767       0.513295          0.219693
   12.480000      -0.381176       0.772343       0.215301       0.513557          0.220317
   12.490000      -0.373452       0.785929       0.204975       0.513817          0.220934
   12.500000      -0.365593       0.799083       0.194806       0.514073          0.221543
   12.510000      -0.357602       0.811807       0.184811       0.514326          0.222144
   12.520000      -0.349484       0.824101       0.175005       0.514576          0.222737
   12.530000      -0.341243       0.835968       0.165401       0.514822          0.223322
   12.540000      -0.332884       0.847410       0.156013       0.515064          0.223898
   12.550000      -0.324409       0.858429       0.146853       0.515303          0.224466
   12.560000      -0.315825       0.869031       0.137931       0.515538          0.225024
   12.570000      -0.307135       0.879217       0.129258       0.515769          0.225573
   12.580000      -0.298343       0.888993       0.120842       0.515996          0.226112
   12.590000      -0.289453       0.898362       0.112692       0.516219          0.226642
   12.600000      -0.280469       0.907330       0.104815       0.516438          0.227163
   12.610000      -0.271396       0.915901       0.097216       0.516653          0.227673
   12.620000      -0.262237       0.924081       0.089901       0.516864          0.228174
   12.630000      -0.252996       0.931876       0.082874       0.517070          0.228665
   12.640000      -0.243677       0.939291       0.076139       0.517273          0.229145
   12.650000      -0.234284       0.946333       0.069698       0.517471          0.229616
   12.660000      -0.224821       0.953007       0.063554       0.517665          0.230077
   12.670000      -0.215291       0.959320       0.057707       0.517854          0.230527
   12.680000      -0.205698       0.965278       0.052158       0.518039          0.230967
   12.690000      -0.196045       0.970889       0.046908       0.518220          0.231397
   12.700000      -0.186336       0.976159       0.041954       0.518397          0.231818
   12.710000      -0.176574       0.981095       0.037297       0.518570          0.232228
   12.720000      -0.166764       0.985703       0.032933       0.518738          0.232628
   12.730000      -0.156907       0.989991       0.028861       0.518902          0.233018
   12.740000      -0.147007       0.993966       0.025078       0.519063          0.233399
   12.750000      -0.137067       0.997635       0.021581       0.519219          0.233769
   12.760000      -0.127091       1.001005       0.018366       0.519371          0.234131
   12.770000      -0.117081       1.004082       0.015428       0.519519          0.234482
   12.780000      -0.107040       1.006875       0.012764       0.519663          0.234825
   12.790000      -0.096971       1.009390       0.010369       0.519803          0.235158
   12.800000      -0.086877       1.011634       0.008238       0.519939          0.235482
   12.810000      -0.076761       1.013614       0.006365       0.520072          0.235797
   12.820000      -0.066625       1.015337       0.004746       0.520201          0.236103
   12.830000      -0.056471       1.016810       0.003375       0.520326          0.236401
   12.840000      -0.046303       1.018039       0.002246       0.520448          0.236690
   12.850000      -0.036123       1.019032       0.001353       0.520566          0.236971
   12.860000      -0.025932       1.019795       0.000690       0.520681          0.237243
   12.870000      -0.015734       1.020334       0.000252       0.520792          0.237508
   12.880000      -0.005531       1.020656       0.000031       0.520900          0.237765
   12.890000       0.004675       1.020768       0.000022       0.521005          0.238014
   12.900000       0.014883       1.020675       0.000218       0.521107          0.238256
   12.910000       0.025090       1.020384       0.000614       0.521205          0.238490
   12.920000       0.035294       1.019900       0.001203       0.521301          0.238717
   12.930000       0.045493       1.019231       0.001978       0.521394          0.238937
   12.940000       0.055685       1.018381       0.002934       0.521483          0.239151
   12.950000       0.065869       1.017356       0.004064       0.521570          0.239358
   12.960000       0.076042       1.016163       0.005362       0.521655          0.239558
   12.970000       0.086204       1.014805       0.006822       0.521737          0.239753
   12.980000       0.096352       1.013290       0.008437       0.521816          0.239941
   12.990000       0.106485       1.011622       0.010203       0.521892          0.240123
   13.000000       0.116601       1.009805       0.012113       0.521967          0.240299
   13.010000       0.126699       1.007847       0.014161       0.522039          0.240470
   13.020000       0.136778       1.005750       0.016342       0.522108          0.240636
   13.030000       0.146835       1.003520       0.018650       0.522176          0.240796
   13.040000       0.156870       1.001162       0.021079       0.522241          0.240951
   13.050000       0.166882       0.998679       0.023624       0.522304          0.241101
   13.060000       0.176869       0.996078       0.026280       0.522365          0.241247
   13.070000       0.186830       0.993361       0.029041       0.522425          0.241387
   13.080000       0.196763       0.990534       0.031903       0.522482          0.241524
   13.090000       0.206669       0.987600       0.034861       0.522537          0.241655
   13.100000       0.216545       0.984563       0.037909       0.522591          0.241783
   13.110000       0.226390       0.981427       0.041044       0.522643          0.241907
   13.120000       0.236204       0.978196       0.044260       0.522693          0.242026
   13.130000       0.245986       0.974873       0.047553       0.522742          0.242142
   13.140000       0.255735       0.971463       0.050919       0.522789          0.242254
   13.150000       0.265450       0.967968       0.054354       0.522835          0.242363
   13.160000       0.275129       0.964393       0.057853       0.522879          0.242468
   13.170000       0.284773       0.960739       0.061412       0.522922          0.242570
   13.180000       0.294381       0.957011       0.065029       0.522964          0.242669
   13.190000       0.303951       0.953212       0.068698       0.523004          0.242764
   13.200000       0.313483       0.949343       0.072417       0.523043          0.242857
   13.210000       0.322976       0.945410       0.076181       0.523081          0.242947
   13.220000       0.332430       0.941413       0.079988       0.523117          0.243034
   13.230000       0.341845       0.937356       0.083834       0.523153          0.243118
   13.240000       0.351218       0.933242       0.087717       0.523187          0.243200
   13.250000       0.360551       0.929073       0.091632       0.523221          0.243279
   13.260000       0.369841       0.924852       0.095577       0.523253          0.243356
   13.270000       0.379090       0.920580       0.099550       0.523284          0.243430
   13.280000       0.388296       0.916261       0.103548       0.523315          0.243502
   13.290000       0.397458       0.911896       0.107567       0.523344          0.243573
   13.300000       0.406577       0.907488       0.111606       0.523373          0.243641
   13.310000       0.415652       0.903039       0.115661       0.523401          0.243707
   13.320000       0.424682       0.898550       0.119732       0.523428          0.243771
   13.330000       0.433668       0.894024       0.123814       0.523454          0.243833
   13.340000       0.442608       0.889463       0.127907       0.523479          0.243894
   13.350000       0.451503       0.884868       0.132008       0.523504          0.243953
   13.360000       0.460352       0.880242       0.136115       0.523528          0.244010
   13.370000       0.469154       0.875585       0.140227       0.523552          0.244066
   13.380000       0.477910       0.870901       0.144341       0.523575          0.244120
   13.390000       0.486619       0.866189       0.148455       0.523597          0.244173
   13.400000       0.495281       0.861452       0.152569       0.523618          0.244224
   13.410000       0.503895       0.856691       0.156679       0.523639          0.244274
   13.420000       0.512462       0.851908       0.160786       0.523660          0.244323
   13.430000       0.520981       0.847105       0.164887       0.523680          0.244370
   13.440000       0.529452       0.842281       0.168981       0.523699          0.244416
   13.450000       0.537875       0.837439       0.173066       0.523718          0.244462
   13.460000       0.546249       0.832580       0.177142       0.523737          0.244506
   13.470000       0.554575       0.827706       0.181207       0.523755          0.244549
   13.480000       0.562852       0.822816       0.185260       0.523773          0.244591
   13.490000       0.571080       0.817913       0.189299       0.523790          0.244632
   13.500000       0.579260       0.812997       0.193325       0.523807          0.244672
   13.510000       0.587390       0.808070       0.197335       0.523823          0.244711
   13.520000       0.595470       0.803132       0.201329       0.523839          0.244749
   13.530000       0.603502       0.798185       0.205306       0.523855          0.244787
   13.540000       0.611483       0.793229       0.209265       0.523871          0.244823
   13.550000       0.619416       0.788265       0.213205       0.523886          0.244859
   13.560000       0.627298       0.783294       0.217126       0.523900          0.244894
   13.570000       0.635131       0.778317       0.221026       0.523915          0.244929
   13.580000       0.642915       0.773335       0.224906       0.523929          0.244963
   13.590000       0.650648       0.768348       0.228764       0.523943          0.244996
   13.600000       0.658331       0.763358       0.232599       0.523957          0.245028
   13.610000       0.665965       0.758364       0.236412       0.523970          0.245060
   13.620000       0.673549       0.753368       0.240202       0.523984          0.245092
   13.630000       0.681082       0.748370       0.243968       0.523997          0.245123
   13.640000       0.688566       0.743371       0.247709       0.524009          0.245153
   13.650000       0.696000       0.738371       0.251426       0.524022          0.245183
   13.660000       0.703383       0.733371       0.255118       0.524034          0.245212
   13.670000       0.710717       0.728371       0.258784       0.524046          0.245241
   13.680000       0.718001       0.723373       0.262424       0.524058          0.245270
   13.690000       0.725235       0.718376       0.266038       0.524070          0.245298
   13.700000       0.732418       0.713381       0.269626       0.524082          0.245325
   13.710000       0.739552       0.708388       0.273186       0.524093          0.245353
   13.720000       0.746636       0.703398       0.276720       0.524105          0.245379
   13.730000       0.753670       0.698412       0.280226       0.524116          0.245406
   13.740000       0.760654       0.693429       0.283705       0.524127          0.245432
   13.750000       0.767588       0.688451       0.287156       0.524138          0.245458
   13.760000       0.774473       0.683476       0.290578       0.524148          0.245484
   13.770000       0.781308       0.678507       0.293973       0.524159          0.245509
   13.780000       0.788093       0.673542       0.297340       0.524170          0.245534
   13.790000       0.794828       0.668583       0.300678       0.524180          0.245558
   13.800000       0.801514       0.663630       0.303988       0.524190          0.245583
   13.810000       0.808150       0.658683       0.307269       0.524200          0.245607
   13.820000       0.814737       0.653742       0.310521       0.524210          0.245631
   13.830000       0.821275       0.648807       0.313745       0.524220          0.245655
   13.840000       0.827763       0.643880       0.316940       0.524230          0.245678
   13.850000       0.834201       0.638959       0.320106       0.524240          0.245701
   13.860000       0.840591       0.634046       0.323243       0.524250          0.245725
   13.870000       0.846931       0.629140       0.326351       0.524259          0.245747
   13.880000       0.853223       0.624241       0.329430       0.524269          0.245770
   13.890000       0.859465       0.619351       0.332481       0.524278          0.245793
   13.900000       0.865659       0.614468       0.335502       0.524288          0.245815
   13.910000       0.871803       0.609594       0.338495       0.524297          0.245837
   13.920000       0.877899       0.604727       0.341459       0.524307          0.245859
   13.930000       0.883947       0.599870       0.344394       0.524316          0.245881
   13.940000       0.889945       0.595021       0.347300       0.524325          0.245903
   13.950000       0.895896       0.590180       0.350178       0.524334          0.245925
   13.960000       0.901797       0.585348       0.353027       0.524343          0.245946
   13.970000       0.907651       0.580526       0.355847       0.524352          0.245967
   13.980000       0.913456       0.575712       0.358639       0.524361          0.245989
   13.990000       0.919213       0.570908       0.361402       0.524370          0.246010
   14.000000       0.924922       0.566112       0.364137       0.524379          0.246031
   14.010000       0.930583       0.561326       0.366844       0.524388          0.246052
   14.020000       0.936197       0.556550       0.369523       0.524396          0.246073
   14.030000       0.941762       0.551782       0.372173       0.524405          0.246093
   14.040000       0.947280       0.547025       0.374796       0.524414          0.246114
   14.050000       0.952750       0.542277       0.377390       0.524422          0.246135
   14.060000       0.958173       0.537538       0.379957       0.524431          0.246155
   14.070000       0.963548       0.532809       0.382497       0.524440          0.246175
   14.080000       0.968876       0.528090       0.385009       0.524448          0.246196
   14.090000       0.974157       0.523380       0.387493       0.524457          0.246216
   14.100000       0.979391       0.518680       0.389951       0.524465          0.246236
   14.110000       0.984578       0.513990       0.392381       0.524474          0.246256
   14.120000       0.989718       0.509309       0.394784       0.524482          0.246276
   14.130000       0.994811       0.504639       0.397160       0.524491          0.246296
   14.140000       0.999857       0.499978       0.399510       0.524499          0.246316
   14.150000       1.004857       0.495327       0.401833       0.524507          0.246336
   14.160000       1.009810       0.490685       0.404130       0.524516          0.246356
   14.170000       1.014717       0.486054       0.406400       0.524524          0.246376
   14.180000       1.019578       0.481432       0.408644       0.524532          0.246396
   14.190000       1.024392       0.476819       0.410862       0.524541          0.246416
   14.200000       1.029160       0.472217       0.413054       0.524549          0.246435
   14.210000       1.033882       0.467624       0.415221       0.524557          0.246455
   14.220000       1.038559       0.463041       0.417362       0.524565          0.246474
   14.230000       1.043189       0.458468       0.419477       0.524574          0.246494
   14.240000       1.047774       0.453904       0.421568       0.524582          0.246514
   14.250000       1.052313       0.449350       0.423633       0.524590          0.246533
   14.260000       1.056806       0.444805       0.425673       0.524598          0.246553
   14.270000       1.061254       0.440269       0.427688       0.524606          0.246572
   14.280000       1.065657       0.435744       0.429678       0.524615          0.246591
   14.290000       1.070014       0.431227       0.431644       0.524623          0.246611
   14.300000       1.074327       0.426720       0.433586       0.524631          0.246630
   14.310000       1.078594       0.422222       0.435503       0.524639          0.246650
   14.320000       1.082816       0.417734       0.437396       0.524647          0.246669
   14.330000       1.086994       0.413255       0.439266       0.524655          0.246688
   14.340000       1.091126       0.408785       0.441111       0.524663          0.246707
   14.350000       1.095214       0.404324       0.442933       0.524672          0.246727
   14.360000       1.099257       0.399872       0.444731       0.524680          0.246746
   14.370000       1.103256       0.395429       0.446506       0.524688          0.246765
   14.380000       1.107210       0.390995       0.448257       0.524696          0.246784
   14.390000       1.111120       0.386569       0.449986       0.524704          0.246804
   14.400000       1.114986       0.382153       0.451692       0.524712          0.246823
   14.410000       1.118807       0.377745       0.453374       0.524720          0.246842
   14.420000       1.122585       0.373346       0.455035       0.524728          0.246861
   14.430000       1.126318       0.368955       0.456672       0.524736          0.246880
   14.440000       1.130008       0.364573       0.458287       0.524744          0.246899
   14.450000       1.133654       0.360200       0.459880       0.524752          0.246918
   14.460000       1.137256       0.355834       0.461451       0.524760          0.246938
   14.470000       1.140814       0.351477       0.463000       0.524768          0.246957
   14.480000       1.144329       0.347129       0.464527       0.524776          0.246976
   14.490000       1.147800       0.342788       0.466033       0.524784          0.246995
   14.500000       1.151228       0.338455       0.467516       0.524792          0.247014
   14.510000       1.154612       0.334130       0.468979       0.524800          0.247033
   14.520000       1.157954       0.329814       0.470420       0.524808          0.247052
   14.530000       1.161252       0.325505       0.471840       0.524816          0.247071
   14.540000       1.164507       0.321203       0.473239       0.524824          0.247090
   14.550000       1.167719       0.316910       0.474617       0.524832          0.247109
   14.560000       1.170888       0.312623       0.475974       0.524840          0.247128
   14.570000       1.174014       0.308345       0.477310       0.524848          0.247147
   14.580000       1.177098       0.304073       0.478626       0.524856          0.247166
   14.590000       1.180138       0.299809       0.479922       0.524864          0.247185
   14.600000       1.183136       0.295553       0.481197       0.524872          0.247204
   14.610000       1.186092       0.291303       0.482452       0.524880          0.247223
   14.620000       1.189005       0.287060       0.483687       0.524888          0.247242
   14.630000       1.191876       0.282824       0.484902       0.524896          0.247261
   14.640000       1.194704       0.278595       0.486097       0.524904          0.247280
   14.650000       1.197490       0.274373       0.487272       0.524912          0.247299
   14.660000       1.200234       0.270158       0.488428       0.524920          0.247318
   14.670000       1.202935       0.265949       0.489564       0.524928          0.247337
   14.680000       1.205595       0.261746       0.490681       0.524936          0.247356
   14.690000       1.208212       0.257550       0.491778       0.524944          0.247375
   14.700000       1.210788       0.253360       0.492857       0.524952          0.247394
   14.710000       1.213321       0.249177       0.493916       0.524960          0.247413
   14.720000       1.215813       0.244999       0.494956       0.524968          0.247432
   14.730000       1.218263       0.240828       0.495977       0.524976          0.247451
   14.740000       1.220671       0.236662       0.496980       0.524984          0.247470
   14.750000       1.223038       0.232502       0.497964       0.524992          0.247489
   14.760000       1.225363       0.228348       0.498929       0.525000          0.247508
   14.770000       1.227646       0.224200       0.499875       0.525008          0.247526
   14.780000       1.229888       0.220057       0.500804       0.525016          0.247545
   14.790000       1.232089       0.215920       0.501713       0.525024          0.247564
   14.800000       1.234248       0.211787       0.502605       0.525032          0.247583
   14.810000       1.236366       0.207661       0.503479       0.525040          0.247602
   14.820000       1.238443       0.203539       0.504334       0.525048          0.247621
   14.830000       1.240478       0.199422       0.505171       0.525056          0.247640
   14.840000       1.242472       0.195311       0.505991       0.525064          0.247659
   14.850000       1.244425       0.191204       0.506792       0.525072          0.247678
   14.860000       1.246337       0.187102       0.507576       0.525080          0.247697
   14.870000       1.248208       0.183005       0.508343       0.525088          0.247716
   14.880000       1.250038       0.178912       0.509091       0.525096          0.247735
   14.890000       1.251828       0.174823       0.509822       0.525104          0.247754
   14.900000       1.253576       0.170740       0.510536       0.525112          0.247773
   14.910000       1.255283       0.166660       0.511232       0.525120          0.247792
   14.920000       1.256950       0.162584       0.511911       0.525128          0.247810
   14.930000       1.258576       0.158513       0.512572       0.525136          0.247829
   14.940000       1.260161       0.154446       0.513217       0.525144          0.247848
   14.950000       1.261705       0.150382       0.513844       0.525152          0.247867
   14.960000       1.263209       0.146322       0.514454       0.525160          0.247886
   14.970000       1.264672       0.142266       0.515048       0.525167          0.247905
   14.980000       1.266095       0.138214       0.515624       0.525175          0.247924
   14.990000       1.267477       0.134165       0.516183       0.525183          0.247943
   15.000000       1.268819       0.130120       0.516726       0.525191          0.247962
   15.010000       1.270120       0.126077       0.517252       0.525199          0.247981
   15.020000       1.271381       0.122038       0.517761       0.525207          0.248000
   15.030000       1.272601       0.118002       0.518253       0.525215          0.248019
   15.040000       1.273781       0.113970       0.518729       0.525223          0.248038
   15.050000       1.274921       0.109940       0.519188       0.525231          0.248056
   15.060000       1.276020       0.105912       0.519630       0.525239          0.248075
   15.070000       1.277079       0.101888       0.520057       0.525247          0.248094
   15.080000       1.278098       0.097866       0.520466       0.525255          0.248113
   15.090000       1.279077       0.093847       0.520859       0.525263          0.248132
   15.100000       1.280015       0.089830       0.521236       0.525271          0.248151
   15.110000       1.280914       0.085815       0.521597       0.525279          0.248170
   15.120000       1.281772       0.081803       0.521941       0.525287          0.248189
   15.130000       1.282590       0.077793       0.522269       0.525295          0.248208
   15.140000       1.283368       0.073784       0.522581       0.525303          0.248227
   15.150000       1.284106       0.069778       0.522876       0.525311          0.248246
   15.160000       1.284803       0.065773       0.523156       0.525319          0.248264
   15.170000       1.285461       0.061771       0.523419       0.525327          0.248283
   15.180000       1.286079       0.057769       0.523666       0.525335          0.248302
   15.190000       1.286656       0.053770       0.523897       0.525343          0.248321
   15.200000       1.287194       0.049772       0.524112       0.525351          0.248340
   15.210000       1.287692       0.045775       0.524311       0.525359          0.248359
   15.220000       1.288150       0.041779       0.524494       0.525366          0.248378
   15.230000       1.288567       0.037785       0.524661       0.525374          0.248397
   15.240000       1.288945       0.033791       0.524811       0.525382          0.248416
   15.250000       1.289283       0.029799       0.524946       0.525390          0.248435
   15.260000       1.289581       0.025807       0.525065       0.525398          0.248454
   15.270000       1.289839       0.021816       0.525168       0.525406          0.248472
   15.280000       1.290057       0.017826       0.525255       0.525414          0.248491
   15.290000       1.290236       0.013836       0.525326       0.525422          0.248510
   15.300000       1.290374       0.009846       0.525382       0.525430          0.248529
   15.310000       1.290472       0.005857       0.525421       0.525438          0.248548
   15.320000       1.290531       0.001869       0.525444       0.525446          0.248567
   15.330000       1.290550      -0.002120       0.525452       0.525454          0.248586
   15.340000       1.290529      -0.006109       0.525443       0.525462          0.248605
   15.350000       1.290467      -0.010097       0.525419       0.525470          0.248624
   15.360000       1.290366      -0.014086       0.525379       0.525478          0.248643
   15.370000       1.290226      -0.018075       0.525322       0.525486          0.248661
   15.380000       1.290045      -0.022064       0.525250       0.525494          0.248680
   15.390000       1.289824      -0.026054       0.525162       0.525502          0.248699
   15.400000       1.289564      -0.030045       0.525058       0.525510          0.248718
   15.410000       1.289263      -0.034036       0.524938       0.525518          0.248737
   15.420000       1.288923      -0.038027       0.524803       0.525526          0.248756
   15.430000       1.288543      -0.042020       0.524651       0.525534          0.248775
   15.440000       1.288122      -0.046013       0.524483       0.525541          0.248794
   15.450000       1.287662      -0.050008       0.524299       0.525549          0.248813
   15.460000       1.287162      -0.054004       0.524099       0.525557          0.248832
   15.470000       1.286622      -0.058001       0.523883       0.525565          0.248850
   15.480000       1.286042      -0.061999       0.523651       0.525573          0.248869
   15.490000       1.285422      -0.065999       0.523403       0.525581          0.248888
   15.500000       1.284762      -0.070000       0.523139       0.525589          0.248907
   15.510000       1.284062      -0.074003       0.522859       0.525597          0.248926
   15.520000       1.283322      -0.078008       0.522562       0.525605          0.248945
   15.530000       1.282542      -0.082014       0.522250       0.525613          0.248964
   15.540000       1.281722      -0.086022       0.521921       0.525621          0.248983
   15.550000       1.280862      -0.090033       0.521576       0.525629          0.249002
   15.560000       1.279961      -0.094045       0.521215       0.525637          0.249020
   15.570000       1.279021      -0.098060       0.520837       0.525645          0.249039
   15.580000       1.278040      -0.102077       0.520443       0.525653          0.249058
   15.590000       1.277020      -0.106097       0.520032       0.525661          0.249077
   15.600000       1.275959      -0.110119       0.519606       0.525669          0.249096
   15.610000       1.274857      -0.114143       0.519162       0.525677          0.249115
   15.620000       1.273716      -0.118171       0.518702       0.525685          0.249134
   15.630000       1.272534      -0.122201       0.518226       0.525693          0.249153
   15.640000       1.271312      -0.126234       0.517733       0.525700          0.249172
   15.650000       1.270050      -0.130270       0.517223       0.525708          0.249190
   15.660000       1.268747      -0.134309       0.516697       0.525716          0.249209
   15.670000       1.267404      -0.138351       0.516154       0.525724          0.249228
   15.680000       1.266021      -0.142397       0.515594       0.525732          0.249247
   15.690000       1.264597      -0.146446       0.515017       0.525740          0.249266
   15.700000       1.263132      -0.150499       0.514423       0.525748          0.249285
   15.710000       1.261627      -0.154555       0.513812       0.525756          0.249304
   15.720000       1.260082      -0.158615       0.513185       0.525764          0.249323
   15.730000       1.258495      -0.162679       0.512540       0.525772          0.249342
   15.740000       1.256869      -0.166746       0.511878       0.525780          0.249360
   15.750000       1.255201      -0.170818       0.511199       0.525788          0.249379
   15.760000       1.253493      -0.174893       0.510502       0.525796          0.249398
   15.770000       1.251744      -0.178973       0.509788       0.525804          0.249417
   15.780000       1.249954      -0.183057       0.509057       0.525812          0.249436
   15.790000       1.248124      -0.187146       0.508308       0.525820          0.249455
   15.800000       1.246252      -0.191239       0.507542       0.525828          0.249474
   15.810000       1.244340      -0.195336       0.506757       0.525836          0.249493
   15.820000       1.242387      -0.199439       0.505956       0.525844          0.249512
   15.830000       1.240392      -0.203546       0.505136       0.525851          0.249530
   15.840000       1.238357      -0.207657       0.504299       0.525859          0.249549
   15.850000       1.236280      -0.211774       0.503443       0.525867          0.249568
   15.860000       1.234162      -0.215896       0.502570       0.525875          0.249587
   15.870000       1.232003      -0.220023       0.501678       0.525883          0.249606
   15.880000       1.229803      -0.224156       0.500768       0.525891          0.249625
   15.890000       1.227562      -0.228293       0.499840       0.525899          0.249644
   15.900000       1.225279      -0.232436       0.498894       0.525907          0.249663
   15.910000       1.222954      -0.236585       0.497929       0.525915          0.249682
   15.920000       1.220589      -0.240739       0.496945       0.525923          0.249700
   15.930000       1.218181      -0.244899       0.495943       0.525931          0.249719
   15.940000       1.215732      -0.249065       0.494922       0.525939          0.249738
   15.950000       1.213242      -0.253236       0.493883       0.525947          0.249757
   15.960000       1.210709      -0.257414       0.492824       0.525955          0.249776
   15.970000       1.208135      -0.261598       0.491746       0.525963          0.249795
   15.980000       1.205519      -0.265788       0.490649       0.525971          0.249814
   15.990000       1.202861      -0.269984       0.489533       0.525979          0.249833
   16.000000       1.200161      -0.274187       0.488397       0.525987          0.249852
   16.010000       1.197419      -0.278396       0.487242       0.525995          0.249871
   16.020000       1.194635      -0.282612       0.486068       0.526003          0.249889
   16.030000       1.191809      -0.286834       0.484874       0.526011          0.249908
   16.040000       1.188941      -0.291063       0.483660       0.526019          0.249927
   16.050000       1.186030      -0.295299       0.482426       0.526026          0.249946
   16.060000       1.183077      -0.299542       0.481172       0.526034          0.249965
   16.070000       1.180082      -0.303792       0.479898       0.526042          0.249984
   16.080000       1.177044      -0.308049       0.478603       0.526050          0.250003
   16.090000       1.173964      -0.312313       0.477289       0.526058          0.250022
   16.100000       1.170840      -0.316585       0.475953       0.526066          0.250041
   16.110000       1.167675      -0.320863       0.474598       0.526074          0.250060
   16.120000       1.164466      -0.325150       0.473221       0.526082          0.250079
   16.130000       1.161214      -0.329443       0.471824       0.526090          0.250098
   16.140000       1.157920      -0.333745       0.470405       0.526098          0.250117
   16.150000       1.154583      -0.338054       0.468966       0.526106          0.250136
   16.160000       1.151202      -0.342371       0.467505       0.526114          0.250155
   16.170000       1.147778      -0.346696       0.466023       0.526122          0.250174
   16.180000       1.144311      -0.351028       0.464520       0.526130          0.250193
   16.190000       1.140801      -0.355369       0.462995       0.526138          0.250212
   16.200000       1.137247      -0.359718       0.461448       0.526146          0.250231
   16.210000       1.133650      -0.364075       0.459879       0.526154          0.250250
   16.220000       1.130009      -0.368440       0.458288       0.526162          0.250269
   16.230000       1.126325      -0.372814       0.456675       0.526170          0.250288
   16.240000       1.122597      -0.377196       0.455040       0.526178          0.250307
   16.250000       1.118825      -0.381586       0.453382       0.526186          0.250326
   16.260000       1.115009      -0.385985       0.451702       0.526194          0.250345
   16.270000       1.111149      -0.390393       0.449999       0.526202          0.250364
   16.280000       1.107245      -0.394810       0.448273       0.526210          0.250383
   16.290000       1.103297      -0.399235       0.446524       0.526218          0.250402
   16.300000       1.099305      -0.403669       0.444752       0.526226          0.250421
   16.310000       1.095268      -0.408112       0.442957       0.526235          0.250441
   16.320000       1.091187      -0.412564       0.441138       0.526243          0.250460
   16.330000       1.087061      -0.417024       0.439296       0.526251          0.250479
   16.340000       1.082891      -0.421494       0.437430       0.526259          0.250498
   16.350000       1.078676      -0.425974       0.435540       0.526267          0.250517
   16.360000       1.074417      -0.430462       0.433626       0.526275          0.250537
   16.370000       1.070112      -0.434959       0.431688       0.526283          0.250556
   16.380000       1.065762      -0.439466       0.429726       0.526291          0.250575
   16.390000       1.061368      -0.443982       0.427739       0.526299          0.250595
   16.400000       1.056928      -0.448508       0.425728       0.526307          0.250614
   16.410000       1.052443      -0.453043       0.423692       0.526316          0.250633
   16.420000       1.047912      -0.457587       0.421631       0.526324          0.250653
   16.430000       1.043336      -0.462141       0.419545       0.526332          0.250672
   16.440000       1.038715      -0.466705       0.417433       0.526340          0.250692
   16.450000       1.034048      -0.471278       0.415297       0.526348          0.250711
   16.460000       1.029335      -0.475861       0.413135       0.526357          0.250731
   16.470000       1.024577      -0.480453       0.410947       0.526365          0.250750
   16.480000       1.019772      -0.485055       0.408734       0.526373          0.250770
   16.490000       1.014922      -0.489667       0.406494       0.526381          0.250790
   16.500000       1.010025      -0.494289       0.404229       0.526390          0.250809
   16.510000       1.005082      -0.498920       0.401937       0.526398          0.250829
   16.520000       1.000093      -0.503561       0.399620       0.526406          0.250849
   16.530000       0.995057      -0.508212       0.397275       0.526415          0.250869
   16.540000       0.989975      -0.512872       0.394904       0.526423          0.250889
   16.550000       0.984846      -0.517542       0.392506       0.526431          0.250909
   16.560000       0.979671      -0.522222       0.390082       0.526440          0.250929
   16.570000       0.974449      -0.526912       0.387630       0.526448          0.250949
   16.580000       0.969180      -0.531611       0.385152       0.526457          0.250969
   16.590000       0.963863      -0.536320       0.382646       0.526465          0.250989
   16.600000       0.958500      -0.541039       0.380112       0.526474          0.251009
   16.610000       0.953090      -0.545767       0.377551       0.526482          0.251030
   16.620000       0.947632      -0.550505       0.374963       0.526491          0.251050
   16.630000       0.942127      -0.555253       0.372347       0.526500          0.251071
   16.640000       0.936575      -0.560010       0.369703       0.526508          0.251091
   16.650000       0.930974      -0.564777       0.367031       0.526517          0.251112
   16.660000       0.925327      -0.569553       0.364331       0.526526          0.251133
   16.670000       0.919631      -0.574338       0.361603       0.526535          0.251154
   16.680000       0.913888      -0.579133       0.358846       0.526543          0.251175
   16.690000       0.908096      -0.583937       0.356061       0.526552          0.251196
   16.700000       0.902257      -0.588749       0.353248       0.526561          0.251217
   16.710000       0.896370      -0.593571       0.350407       0.526570          0.251238
   16.720000       0.890434      -0.598402       0.347537       0.526579          0.251260
   16.730000       0.884450      -0.603242       0.344638       0.526588          0.251282
   16.740000       0.878417      -0.608090       0.341711       0.526598          0.251303
   16.750000       0.872337      -0.612947       0.338755       0.526607          0.251325
   16.760000       0.866207      -0.617813       0.335770       0.526616          0.251347
   16.770000       0.860029      -0.622687       0.332756       0.526625          0.251370
   16.780000       0.853802      -0.627569       0.329714       0.526635          0.251392
   16.790000       0.847526      -0.632458       0.326643       0.526644          0.251414
   16.800000       0.841202      -0.637356       0.323543       0.526654          0.251437
   16.810000       0.834828      -0.642261       0.320414       0.526664          0.251460
   16.820000       0.828406      -0.647174       0.317256       0.526673          0.251483
   16.830000       0.821934      -0.652094       0.314070       0.526683          0.251507
   16.840000       0.815413      -0.657021       0.310855       0.526693          0.251530
   16.850000       0.808843      -0.661955       0.307611       0.526703          0.251554
   16.860000       0.802223      -0.666895       0.304339       0.526713          0.251578
   16.870000       0.795554      -0.671842       0.301038       0.526723          0.251602
   16.880000       0.788836      -0.676794       0.297708       0.526734          0.251627
   16.890000       0.782068      -0.681753       0.294351       0.526744          0.251651
   16.900000       0.775250      -0.686717       0.290965       0.526755          0.251677
   16.910000       0.768383      -0.691686       0.287551       0.526765          0.251702
   16.920000       0.761466      -0.696659       0.284109       0.526776          0.251728
   16.930000       0.754500      -0.701637       0.280640       0.526787          0.251754
   16.940000       0.747483      -0.706620       0.277142       0.526798          0.251780
   16.950000       0.740417      -0.711606       0.273618       0.526809          0.251807
   16.960000       0.733301      -0.716595       0.270066       0.526821          0.251834
   16.970000       0.726135      -0.721587       0.266488       0.526832          0.251861
   16.980000       0.718919      -0.726582       0.262883       0.526844          0.251889
   16.990000       0.711653      -0.731579       0.259252       0.526856          0.251917
   17.000000       0.704338      -0.736577       0.255595       0.526868          0.251946
   17.010000       0.696972      -0.741577       0.251912       0.526880          0.251975
   17.020000       0.689556      -0.746576       0.248204       0.526893          0.252005
   17.030000       0.682090      -0.751576       0.244472       0.526905          0.252035
   17.040000       0.674575      -0.756576       0.240715       0.526918          0.252065
   17.050000       0.667009      -0.761574       0.236934       0.526931          0.252096
   17.060000       0.659393      -0.766571       0.233130       0.526945          0.252128
   17.070000       0.651727      -0.771565       0.229302       0.526958          0.252161
   17.080000       0.644012      -0.776556       0.225453       0.526972          0.252193
   17.090000       0.636246      -0.781543       0.221582       0.526986          0.252227
   17.100000       0.628431      -0.786526       0.217689       0.527001          0.252261
   17.110000       0.620566      -0.791504       0.213776       0.527015          0.252296
   17.120000       0.612650      -0.796475       0.209844       0.527030          0.252332
   17.130000       0.604686      -0.801440       0.205893       0.527046          0.252368
   17.140000       0.596671      -0.806397       0.201923       0.527061          0.252405
   17.150000       0.588607      -0.811346       0.197936       0.527077          0.252443
   17.160000       0.580494      -0.816285       0.193933       0.527094          0.252482
   17.170000       0.572331      -0.821214       0.189914       0.527110          0.252522
   17.180000       0.564119      -0.826132       0.185881       0.527128          0.252563
   17.190000       0.555858      -0.831037       0.181834       0.527145          0.252604
   17.200000       0.547547      -0.835929       0.177775       0.527163          0.252647
   17.210000       0.539188      -0.840806       0.173704       0.527181          0.252690
   17.220000       0.530780      -0.845667       0.169624       0.527200          0.252735
   17.230000       0.522323      -0.850512       0.165534       0.527220          0.252781
   17.240000       0.513818      -0.855338       0.161437       0.527239          0.252828
   17.250000       0.505265      -0.860145       0.157335       0.527260          0.252876
   17.260000       0.496663      -0.864932       0.153227       0.527281          0.252926
   17.270000       0.488014      -0.869696       0.149116       0.527302          0.252977
   17.280000       0.479317      -0.874437       0.145004       0.527324          0.253029
   17.290000       0.470573      -0.879153       0.140892       0.527347          0.253083
   17.300000       0.461781      -0.883842       0.136781       0.527370          0.253138
   17.310000       0.452943      -0.888503       0.132675       0.527394          0.253195
   17.320000       0.444058      -0.893135       0.128574       0.527418          0.253253
   17.330000       0.435126      -0.897735       0.124480       0.527444          0.253314
   17.340000       0.426149      -0.902301       0.120396       0.527470          0.253375
   17.350000       0.417126      -0.906833       0.116323       0.527496          0.253439
   17.360000       0.408058      -0.911328       0.112265       0.527524          0.253505
   17.370000       0.398944      -0.915784       0.108223       0.527552          0.253572
   17.380000       0.389786      -0.920199       0.104199       0.527582          0.253642
   17.390000       0.380584      -0.924571       0.100196       0.527612          0.253713
   17.400000       0.371339      -0.928898       0.096218       0.527643          0.253787
   17.410000       0.362050      -0.933177       0.092265       0.527675          0.253864
   17.420000       0.352718      -0.937407       0.088342       0.527708          0.253942
   17.430000       0.343344      -0.941584       0.084452       0.527742          0.254023
   17.440000       0.333928      -0.945707       0.080596       0.527777          0.254107
   17.450000       0.324471      -0.949773       0.076779       0.527814          0.254193
   17.460000       0.314973      -0.953780       0.073004       0.527851          0.254282
   17.470000       0.305435      -0.957723       0.069273       0.527890          0.254374
   17.480000       0.295858      -0.961602       0.065591       0.527930          0.254469
   17.490000       0.286242      -0.965412       0.061961       0.527971          0.254567
   17.500000       0.276588      -0.969151       0.058387       0.528014          0.254668
   17.510000       0.266897      -0.972816       0.054872       0.528058          0.254773
   17.520000       0.257168      -0.976404       0.051421       0.528103          0.254881
   17.530000       0.247404      -0.979911       0.048038       0.528150          0.254993
   17.540000       0.237605      -0.983333       0.044726       0.528199          0.255108
   17.550000       0.227772      -0.986669       0.041491       0.528249          0.255227
   17.560000       0.217905      -0.989913       0.038337       0.528301          0.255350
   17.570000       0.208006      -0.993062       0.035268       0.528354          0.255477
   17.580000       0.198076      -0.996112       0.032289       0.528409          0.255608
   17.590000       0.188114      -0.999061       0.029405       0.528466          0.255744
   17.600000       0.178124      -1.001902       0.026622       0.528525          0.255884
   17.610000       0.168105      -1.004633       0.023943       0.528586          0.256029
   17.620000       0.158058      -1.007249       0.021374       0.528649          0.256179
   17.630000       0.147986      -1.009745       0.018922       0.528715          0.256334
   17.640000       0.137889      -1.012118       0.016591       0.528782          0.256493
   17.650000       0.127767      -1.014362       0.014386       0.528851          0.256659
   17.660000       0.117624      -1.016473       0.012314       0.528923          0.256829
   17.670000       0.107459      -1.018446       0.010381       0.528997          0.257006
   17.680000       0.097275      -1.020276       0.008592       0.529074          0.257188
   17.690000       0.087072      -1.021958       0.006954       0.529153          0.257376
   17.700000       0.076852      -1.023487       0.005472       0.529235          0.257570
   17.710000       0.066617      -1.024857       0.004153       0.529320          0.257771
   17.720000       0.056369      -1.026063       0.003004       0.529407          0.257979
   17.730000       0.046108      -1.027099       0.002031       0.529497          0.258193
   17.740000       0.035837      -1.027960       0.001239       0.529590          0.258414
   17.750000       0.025558      -1.028639       0.000637       0.529686          0.258642
   17.760000       0.015271      -1.029131       0.000230       0.529785          0.258877
   17.770000       0.004980      -1.029430       0.000025       0.529887          0.259120
   17.780000      -0.005314      -1.029528       0.000028       0.529993          0.259371
   17.790000      -0.015610      -1.029421       0.000248       0.530102          0.259629
   17.800000      -0.025904      -1.029102       0.000689       0.530214          0.259896
   17.810000      -0.036195      -1.028563       0.001359       0.530329          0.260171
   17.820000      -0.046481      -1.027799       0.002264       0.530449          0.260454
   17.830000      -0.056759      -1.026802       0.003411       0.530572          0.260746
   17.840000      -0.067027      -1.025566       0.004806       0.530698          0.261047
   17.850000      -0.077282      -1.024083       0.006456       0.530829          0.261357
   17.860000      -0.087523      -1.022347       0.008366       0.530963          0.261676
   17.870000      -0.097747      -1.020350       0.010544       0.531101          0.262005
   17.880000      -0.107950      -1.018086       0.012994       0.531244          0.262343
   17.890000      -0.118131      -1.015546       0.015723       0.531390          0.262691
   17.900000      -0.128286      -1.012724       0.018736       0.531540          0.263049
   17.910000      -0.138414      -1.009611       0.022038       0.531695          0.263416
   17.920000      -0.148510      -1.006202       0.025633       0.531854          0.263794
   17.930000      -0.158572      -1.002487       0.029528       0.532018          0.264183
   17.940000      -0.168597      -0.998460       0.033725       0.532185          0.264581
   17.950000      -0.178581      -0.994112       0.038228       0.532358          0.264991
   17.960000      -0.188522      -0.989437       0.043041       0.532535          0.265411
   17.970000      -0.198417      -0.984427       0.048167       0.532716          0.265841
   17.980000      -0.208261      -0.979075       0.053608       0.532902          0.266283
   17.990000      -0.218052      -0.973372       0.059366       0.533092          0.266736
   18.000000      -0.227785      -0.967311       0.065442       0.533287          0.267200
   18.010000      -0.237459      -0.960886       0.071836       0.533487          0.267674
   18.020000      -0.247067      -0.954089       0.078549       0.533692          0.268160
   18.030000      -0.256608      -0.946913       0.085579       0.533901          0.268657
   18.040000      -0.266077      -0.939350       0.092925       0.534115          0.269165
   18.050000      -0.275471      -0.931395       0.100585       0.534333          0.269684
   18.060000      -0.284785      -0.923040       0.108554       0.534556          0.270215
   18.070000      -0.294015      -0.914280       0.116830       0.534784          0.270756
   18.080000      -0.303158      -0.905107       0.125407       0.535016          0.271308
   18.090000      -0.312209      -0.895516       0.134279       0.535253          0.271871
   18.100000      -0.321164      -0.885502       0.143438       0.535495          0.272445
   18.110000      -0.330019      -0.875059       0.152877       0.535741          0.273030
   18.120000      -0.338770      -0.864181       0.162587       0.535991          0.273625
   18.130000      -0.347412      -0.852865       0.172557       0.536246          0.274230
   18.140000      -0.355940      -0.841106       0.182775       0.536505          0.274845
   18.150000      -0.364351      -0.828900       0.193231       0.536768          0.275471
   18.160000      -0.372640      -0.816244       0.203909       0.537035          0.276106
   18.170000      -0.380803      -0.803134       0.214794       0.537307          0.276750
   18.180000      -0.388834      -0.789569       0.225872       0.537582          0.277404
   18.190000      -0.396730      -0.775547       0.237125       0.537861          0.278067
   18.200000      -0.404485      -0.761065       0.248533       0.538143          0.278738
   18.210000      -0.412096      -0.746124       0.260079       0.538429          0.279418
   18.220000      -0.419557      -0.730723       0.271741       0.538719          0.280106
   18.230000      -0.426865      -0.714862       0.283498       0.539012          0.280801
   18.240000      -0.434013      -0.698543       0.295326       0.539307          0.281504
   18.250000      -0.440999      -0.681768       0.307202       0.539606          0.282214
   18.260000      -0.447816      -0.664539       0.319102       0.539908          0.282931
   18.270000      -0.454462      -0.646859       0.330999       0.540212          0.283654
   18.280000      -0.460930      -0.628732       0.342867       0.540519          0.284383
   18.290000      -0.467218      -0.610164       0.354678       0.540828          0.285118
   18.300000      -0.473319      -0.591159       0.366405       0.541139          0.285858
   18.310000      -0.479231      -0.571725       0.378018       0.541453          0.286602
   18.320000      -0.484948      -0.551868       0.389489       0.541768          0.287352
   18.330000      -0.490467      -0.531596       0.400788       0.542085          0.288106
   18.340000      -0.495783      -0.510919       0.411885       0.542404          0.288863
   18.350000      -0.500892      -0.489846       0.422750       0.542725          0.289624
   18.360000      -0.505790      -0.468387       0.433353       0.543046          0.290389
   18.370000      -0.510474      -0.446554       0.443664       0.543369          0.291156
   18.380000      -0.514940      -0.424359       0.453653       0.543693          0.291926
   18.390000      -0.519183      -0.401815       0.463291       0.544018          0.292699
   18.400000      -0.523201      -0.378936       0.472548       0.544344          0.293473
   18.410000      -0.526991      -0.355737       0.481397       0.544671          0.294250
   18.420000      -0.530548      -0.332232       0.489810       0.544999          0.295028
   18.430000      -0.533871      -0.308439       0.497760       0.545327          0.295808
   18.440000      -0.536955      -0.284373       0.505222       0.545656          0.296589
   18.450000      -0.539799      -0.260053       0.512171       0.545985          0.297372
   18.460000      -0.542399      -0.235496       0.518586       0.546315          0.298156
   18.470000      -0.544754      -0.210722       0.524443       0.546645          0.298940
   18.480000      -0.546861      -0.185750       0.529724       0.546976          0.299726
   18.490000      -0.548719      -0.160599       0.534411       0.547307          0.300512
   18.500000      -0.550325      -0.135290       0.538486       0.547638          0.301299
   18.510000      -0.551678      -0.109844       0.541937       0.547969          0.302087
   18.520000      -0.552776      -0.084282       0.544750       0.548301          0.302876
   18.530000      -0.553619      -0.058625       0.546915       0.548634          0.303665
   18.540000      -0.554205      -0.032896       0.548425       0.548966          0.304455
   18.550000      -0.554534      -0.007117       0.549273       0.549299          0.305246
   18.560000      -0.554605       0.018691       0.549457       0.549632          0.306037
   18.570000      -0.554418       0.044506       0.548975       0.549965          0.306829
   18.580000      -0.553973       0.070304       0.547827       0.550299          0.307622
   18.590000      -0.553270       0.096063       0.546019       0.550633          0.308416
   18.600000      -0.552310       0.121762       0.543554       0.550967          0.309210
   18.610000      -0.551092       0.147379       0.540441       0.551301          0.310004
   18.620000      -0.549618       0.172890       0.536691       0.551636          0.310800
   18.630000      -0.547889       0.198276       0.532314       0.551971          0.311596
   18.640000      -0.545907       0.223514       0.527327       0.552306          0.312392
   18.650000      -0.543672       0.248584       0.521745       0.552642          0.313189
   18.660000      -0.541186       0.273466       0.515585       0.552977          0.313986
   18.670000      -0.538451       0.298138       0.508870       0.553313          0.314784
   18.680000      -0.535470       0.322582       0.501619       0.553648          0.315581
   18.690000      -0.532244       0.346780       0.493856       0.553984          0.316379
   18.700000      -0.528776       0.370712       0.485606       0.554319          0.317176
   18.710000      -0.525069       0.394361       0.476894       0.554655          0.317973
   18.720000      -0.521125       0.417711       0.467749       0.554990          0.318769
   18.730000      -0.516948       0.440744       0.458197       0.555324          0.319564
   18.740000      -0.512541       0.463446       0.448267       0.555658          0.320358
   18.750000      -0.507906       0.485802       0.437990       0.555992          0.321150
   18.760000      -0.503048       0.507798       0.427395       0.556325          0.321941
   18.770000      -0.497970       0.529421       0.416513       0.556656          0.322729
   18.780000      -0.492676       0.550659       0.405375       0.556987          0.323515
   18.790000      -0.487170       0.571500       0.394010       0.557317          0.324298
   18.800000      -0.481455       0.591934       0.382452       0.557645          0.325077
   18.810000      -0.475535       0.611952       0.370729       0.557971          0.325854
   18.820000      -0.469416       0.631544       0.358872       0.558296          0.326626
   18.830000      -0.463100       0.650702       0.346912       0.558619          0.327393
   18.840000      -0.456593       0.669421       0.334878       0.558940          0.328156
   18.850000      -0.449899       0.687692       0.322799       0.559259          0.328913
   18.860000      -0.443022       0.705511       0.310702       0.559575          0.329665
   18.870000      -0.435967       0.722873       0.298616       0.559889          0.330410
   18.880000      -0.428738       0.739775       0.286567       0.560200          0.331149
   18.890000      -0.421340       0.756212       0.274579       0.560508          0.331881
   18.900000      -0.413778       0.772184       0.262679       0.560813          0.332605
   18.910000      -0.406057       0.787688       0.250888       0.561114          0.333322
   18.920000      -0.398180       0.802723       0.239230       0.561413          0.334031
   18.930000      -0.390152       0.817290       0.227726       0.561707          0.334731
   18.940000      -0.381980       0.831389       0.216394       0.561998          0.335422
   18.950000      -0.373666       0.845020       0.205255       0.562285          0.336104
   18.960000      -0.365215       0.858187       0.194326       0.562568          0.336777
   18.970000      -0.356634       0.870890       0.183623       0.562847          0.337440
   18.980000      -0.347925       0.883132       0.173160       0.563122          0.338092
   18.990000      -0.339093       0.894918       0.162953       0.563392          0.338735
   19.000000      -0.330144       0.906251       0.153013       0.563658          0.339366
   19.010000      -0.321082       0.917134       0.143352       0.563919          0.339987
   19.020000      -0.311910       0.927574       0.133980       0.564176          0.340597
   19.030000      -0.302635       0.937574       0.124906       0.564428          0.341196
   19.040000      -0.293259       0.947140       0.116138       0.564675          0.341783
   19.050000      -0.283787       0.956279       0.107683       0.564917          0.342359
   19.060000      -0.274225       0.964996       0.099547       0.565155          0.342923
   19.070000      -0.264575       0.973297       0.091734       0.565388          0.343476
   19.080000      -0.254842       0.981189       0.084249       0.565615          0.344017
   19.090000      -0.245030       0.988679       0.077095       0.565838          0.344546
   19.100000      -0.235143       0.995774       0.070273       0.566056          0.345064
   19.110000      -0.225185       1.002481       0.063784       0.566268          0.345569
   19.120000      -0.215160       1.008808       0.057629       0.566476          0.346063
   19.130000      -0.205072       1.014762       0.051808       0.566679          0.346545
   19.140000      -0.194925       1.020350       0.046319       0.566877          0.347015
   19.150000      -0.184721       1.025581       0.041162       0.567070          0.347474
   19.160000      -0.174465       1.030462       0.036332       0.567258          0.347921
   19.170000      -0.164161       1.035001       0.031828       0.567441          0.348356
   19.180000      -0.153811       1.039206       0.027646       0.567620          0.348781
   19.190000      -0.143419       1.043084       0.023782       0.567794          0.349193
   19.200000      -0.132988       1.046644       0.020231       0.567963          0.349595
   19.210000      -0.122522       1.049893       0.016989       0.568127          0.349986
   19.220000      -0.112023       1.052840       0.014051       0.568287          0.350366
   19.230000      -0.101494       1.055492       0.011411       0.568442          0.350735
   19.240000      -0.090939       1.057856       0.009064       0.568593          0.351094
   19.250000      -0.080361       1.059942       0.007002       0.568740          0.351442
   19.260000      -0.069761       1.061755       0.005220       0.568882          0.351781
   19.270000      -0.059144       1.063305       0.003712       0.569021          0.352109
   19.280000      -0.048511       1.064597       0.002471       0.569155          0.352427
   19.290000      -0.037865       1.065641       0.001489       0.569285          0.352736
   19.300000      -0.027208       1.066443       0.000761       0.569411          0.353036
   19.310000      -0.016544       1.067009       0.000278       0.569533          0.353326
   19.320000      -0.005874       1.067349       0.000035       0.569651          0.353607
   19.330000       0.004800       1.067467       0.000023       0.569766          0.353880
   19.340000       0.015474       1.067372       0.000236       0.569877          0.354144
   19.350000       0.026148       1.067069       0.000666       0.569985          0.354400
   19.360000       0.036819       1.066567       0.001307       0.570089          0.354647
   19.370000       0.047484       1.065870       0.002151       0.570190          0.354887
   19.380000       0.058143       1.064985       0.003191       0.570287          0.355119
   19.390000       0.068793       1.063919       0.004420       0.570382          0.355343
   19.400000       0.079432       1.062678       0.005831       0.570473          0.355561
   19.410000       0.090059       1.061268       0.007417       0.570562          0.355771
   19.420000       0.100672       1.059693       0.009172       0.570647          0.355974
   19.430000       0.111269       1.057961       0.011088       0.570730          0.356170
   19.440000       0.121848       1.056077       0.013160       0.570810          0.356360
   19.450000       0.132409       1.054046       0.015380       0.570887          0.356544
   19.460000       0.142949       1.051873       0.017743       0.570962          0.356721
   19.470000       0.153468       1.049564       0.020241       0.571034          0.356893
   19.480000       0.163964       1.047124       0.022870       0.571104          0.357058
   19.490000       0.174435       1.044556       0.025622       0.571171          0.357219
   19.500000       0.184881       1.041867       0.028492       0.571236          0.357374
   19.510000       0.195299       1.039061       0.031475       0.571299          0.357523
   19.520000       0.205690       1.036143       0.034564       0.571360          0.357668
   19.530000       0.216051       1.033116       0.037755       0.571419          0.357808
   19.540000       0.226382       1.029985       0.041041       0.571476          0.357943
   19.550000       0.236682       1.026754       0.044419       0.571530          0.358073
   19.560000       0.246950       1.023427       0.047882       0.571584          0.358199
   19.570000       0.257184       1.020008       0.051427       0.571635          0.358321
   19.580000       0.267384       1.016501       0.055047       0.571684          0.358439
   19.590000       0.277549       1.012910       0.058739       0.571732          0.358552
   19.600000       0.287678       1.009237       0.062499       0.571779          0.358662
   19.610000       0.297771       1.005487       0.066321       0.571823          0.358769
   19.620000       0.307826       1.001663       0.070202       0.571866          0.358871
   19.630000       0.317842       0.997768       0.074138       0.571908          0.358971
   19.640000       0.327820       0.993805       0.078124       0.571949          0.359067
   19.650000       0.337758       0.989777       0.082158       0.571988          0.359159
   19.660000       0.347656       0.985688       0.086235       0.572025          0.359249
   19.670000       0.357513       0.981540       0.090352       0.572062          0.359336
   19.680000       0.367328       0.977335       0.094506       0.572097          0.359420
   19.690000       0.377101       0.973077       0.098692       0.572131          0.359501
   19.700000       0.386832       0.968767       0.102909       0.572164          0.359580
   19.710000       0.396520       0.964410       0.107153       0.572196          0.359656
   19.720000       0.406164       0.960006       0.111422       0.572227          0.359729
   19.730000       0.415764       0.955558       0.115712       0.572257          0.359800
   19.740000       0.425319       0.951069       0.120020       0.572286          0.359869
   19.750000       0.434830       0.946541       0.124345       0.572315          0.359936
   19.760000       0.444296       0.941975       0.128683       0.572342          0.360001
   19.770000       0.453715       0.937374       0.133033       0.572368          0.360064
   19.780000       0.463089       0.932740       0.137391       0.572394          0.360124
   19.790000       0.472416       0.928075       0.141757       0.572419          0.360183
   19.800000       0.481697       0.923380       0.146127       0.572443          0.360240
   19.810000       0.490931       0.918657       0.150500       0.572466          0.360296
   19.820000       0.500118       0.913908       0.154874       0.572488          0.360349
   19.830000       0.509257       0.909135       0.159247       0.572510          0.360402
   19.840000       0.518348       0.904339       0.163617       0.572532          0.360452
   19.850000       0.527391       0.899521       0.167983       0.572552          0.360501
   19.860000       0.536387       0.894684       0.172343       0.572573          0.360549
   19.870000       0.545333       0.889828       0.176695       0.572592          0.360596
   19.880000       0.554232       0.884955       0.181039       0.572611          0.360641
   19.890000       0.563081       0.880066       0.185372       0.572630          0.360685
   19.900000       0.571882       0.875162       0.189693       0.572648          0.360728
   19.910000       0.580634       0.870245       0.194002       0.572665          0.360769
   19.920000       0.589336       0.865316       0.198296       0.572682          0.360810
   19.930000       0.597989       0.860376       0.202575       0.572699          0.360849
   19.940000       0.606593       0.855426       0.206838       0.572715          0.360888
   19.950000       0.615147       0.850467       0.211084       0.572731          0.360925
   19.960000       0.623652       0.845500       0.215311       0.572746          0.360962
   19.970000       0.632107       0.840525       0.219520       0.572761          0.360997
   19.980000       0.640512       0.835545       0.223708       0.572776          0.361032
   19.990000       0.648868       0.830560       0.227875       0.572790          0.361066
   20.000000       0.657173       0.825570       0.232021       0.572804          0.361099
   20.010000       0.665429       0.820577       0.236144       0.572818          0.361132
   20.020000       0.673635       0.815581       0.240245       0.572831          0.361163
   20.030000       0.681790       0.810583       0.244322       0.572844          0.361194
   20.040000       0.689896       0.805583       0.248375       0.572857          0.361225
   20.050000       0.697952       0.800583       0.252402       0.572869          0.361255
   20.060000       0.705958       0.795584       0.256405       0.572882          0.361284
   20.070000       0.713914       0.790584       0.260382       0.572894          0.361312
   20.080000       0.721820       0.785587       0.264332       0.572905          0.361340
   20.090000       0.729676       0.780590       0.268256       0.572917          0.361368
   20.100000       0.737481       0.775597       0.272153       0.572928          0.361395
   20.110000       0.745237       0.770606       0.276022       0.572940          0.361421
   20.120000       0.752943       0.765619       0.279864       0.572950          0.361447
   20.130000       0.760600       0.760636       0.283678       0.572961          0.361473
   20.140000       0.768206       0.755657       0.287463       0.572972          0.361498
   20.150000       0.775763       0.750683       0.291219       0.572982          0.361523
   20.160000       0.783269       0.745715       0.294947       0.572992          0.361547
   20.170000       0.790727       0.740752       0.298646       0.573002          0.361571
   20.180000       0.798134       0.735795       0.302315       0.573012          0.361594
   20.190000       0.805492       0.730845       0.305955       0.573022          0.361618
   20.200000       0.812800       0.725901       0.309565       0.573032          0.361640
   20.210000       0.820059       0.720965       0.313146       0.573041          0.361663
   20.220000       0.827269       0.716036       0.316697       0.573051          0.361685
   20.230000       0.834430       0.711115       0.320218       0.573060          0.361707
   20.240000       0.841541       0.706202       0.323709       0.573069          0.361729
   20.250000       0.848603       0.701297       0.327170       0.573078          0.361751
   20.260000       0.855616       0.696400       0.330600       0.573087          0.361772
   20.270000       0.862580       0.691513       0.334001       0.573096          0.361793
   20.280000       0.869495       0.686634       0.337371       0.573105          0.361813
   20.290000       0.876361       0.681765       0.340712       0.573113          0.361834
   20.300000       0.883179       0.676905       0.344022       0.573122          0.361854
   20.310000       0.889948       0.672055       0.347301       0.573130          0.361874
   20.320000       0.896668       0.667214       0.350551       0.573139          0.361894
   20.330000       0.903341       0.662384       0.353771       0.573147          0.361914
   20.340000       0.909964       0.657564       0.356960       0.573155          0.361933
   20.350000       0.916540       0.652754       0.360120       0.573163          0.361953
   20.360000       0.923068       0.647954       0.363249       0.573171          0.361972
   20.370000       0.929547       0.643165       0.366349       0.573179          0.361991
   20.380000       0.935979       0.638387       0.369419       0.573187          0.362010
   20.390000       0.942363       0.633619       0.372459       0.573195          0.362029
   20.400000       0.948699       0.628862       0.375469       0.573203          0.362047
   20.410000       0.954987       0.624117       0.378450       0.573211          0.362066
   20.420000       0.961229       0.619382       0.381402       0.573219          0.362084
   20.430000       0.967422       0.614658       0.384324       0.573226          0.362103
   20.440000       0.973569       0.609946       0.387217       0.573234          0.362121
   20.450000       0.979668       0.605245       0.390081       0.573242          0.362139
   20.460000       0.985721       0.600555       0.392916       0.573249          0.362157
   20.470000       0.991726       0.595877       0.395722       0.573257          0.362175
   20.480000       0.997685       0.591210       0.398499       0.573264          0.362192
   20.490000       1.003597       0.586555       0.401248       0.573272          0.362210
   20.500000       1.009463       0.581911       0.403969       0.573279          0.362228
   20.510000       1.015282       0.577279       0.406661       0.573286          0.362245
   20.520000       1.021055       0.572658       0.409325       0.573294          0.362263
   20.530000       1.026781       0.568049       0.411961       0.573301          0.362280
   20.540000       1.032462       0.563451       0.414570       0.573308          0.362297
   20.550000       1.038096       0.558865       0.417150       0.573315          0.362315
   20.560000       1.043685       0.554291       0.419704       0.573323          0.362332
   20.570000       1.049228       0.549728       0.422230       0.573330          0.362349
   20.580000       1.054725       0.545177       0.424728       0.573337          0.362366
   20.590000       1.060177       0.540637       0.427200       0.573344          0.362383
   20.600000       1.065583       0.536109       0.429645       0.573351          0.362400
   20.610000       1.070944       0.531592       0.432063       0.573358          0.362417
   20.620000       1.076260       0.527087       0.434455       0.573366          0.362434
   20.630000       1.081531       0.522594       0.436821       0.573373          0.362450
   20.640000       1.086757       0.518112       0.439160       0.573380          0.362467
   20.650000       1.091938       0.513641       0.441473       0.573387          0.362484
   20.660000       1.097075       0.509182       0.443761       0.573394          0.362501
   20.670000       1.102166       0.504734       0.446023       0.573401          0.362517
   20.680000       1.107214       0.500297       0.448259       0.573408          0.362534
   20.690000       1.112217       0.495872       0.450470       0.573415          0.362550
   20.700000       1.117175       0.491458       0.452656       0.573422          0.362567
   20.710000       1.122090       0.487055       0.454817       0.573429          0.362584
   20.720000       1.126961       0.482664       0.456954       0.573436          0.362600
   20.730000       1.131787       0.478283       0.459065       0.573443          0.362617
   20.740000       1.136570       0.473913       0.461153       0.573449          0.362633
   20.750000       1.141309       0.469555       0.463216       0.573456          0.362649
   20.760000       1.146005       0.465207       0.465254       0.573463          0.362666
   20.770000       1.150657       0.460870       0.467269       0.573470          0.362682
   20.780000       1.155266       0.456544       0.469261       0.573477          0.362699
   20.790000       1.159831       0.452229       0.471228       0.573484          0.362715
   20.800000       1.164353       0.447924       0.473173       0.573491          0.362731
   20.810000       1.168832       0.443630       0.475094       0.573498          0.362748
   20.820000       1.173269       0.439347       0.476992       0.573505          0.362764
   20.830000       1.177662       0.435074       0.478867       0.573511          0.362780
   20.840000       1.182013       0.430811       0.480719       0.573518          0.362796
   20.850000       1.186321       0.426559       0.482549       0.573525          0.362813
   20.860000       1.190587       0.422316       0.484356       0.573532          0.362829
   20.870000       1.194810       0.418084       0.486142       0.573539          0.362845
   20.880000       1.198991       0.413862       0.487905       0.573546          0.362861
   20.890000       1.203129       0.409650       0.489646       0.573552          0.362878
   20.900000       1.207226       0.405448       0.491365       0.573559          0.362894
   20.910000       1.211280       0.401256       0.493063       0.573566          0.362910
   20.920000       1.215293       0.397074       0.494739       0.573573          0.362926
   20.930000       1.219264       0.392901       0.496394       0.573580          0.362942
   20.940000       1.223193       0.388738       0.498028       0.573586          0.362958
   20.950000       1.227080       0.384584       0.499641       0.573593          0.362975
   20.960000       1.230926       0.380440       0.501233       0.573600          0.362991
   20.970000       1.234730       0.376305       0.502804       0.573607          0.363007
   20.980000       1.238493       0.372179       0.504355       0.573614          0.363023
   20.990000       1.242215       0.368063       0.505885       0.573620          0.363039
   21.000000       1.245896       0.363956       0.507395       0.573627          0.363055
   21.010000       1.249535       0.359857       0.508885       0.573634          0.363071
   21.020000       1.253134       0.355768       0.510355       0.573641          0.363087
   21.030000       1.256692       0.351687       0.511806       0.573648          0.363103
   21.040000       1.260208       0.347615       0.513236       0.573654          0.363120
   21.050000       1.263685       0.343551       0.514647       0.573661          0.363136
   21.060000       1.267120       0.339497       0.516039       0.573668          0.363152
   21.070000       1.270515       0.335450       0.517411       0.573675          0.363168
   21.080000       1.273870       0.331412       0.518764       0.573681          0.363184
   21.090000       1.277184       0.327382       0.520098       0.573688          0.363200
   21.100000       1.280457       0.323361       0.521414       0.573695          0.363216
   21.110000       1.283691       0.319347       0.522710       0.573702          0.363232
   21.120000       1.286885       0.315342       0.523988       0.573708          0.363248
   21.130000       1.290038       0.311344       0.525248       0.573715          0.363264
   21.140000       1.293151       0.307354       0.526489       0.573722          0.363280
   21.150000       1.296225       0.303372       0.527711       0.573729          0.363296
   21.160000       1.299259       0.299398       0.528916       0.573735          0.363312
   21.170000       1.302253       0.295431       0.530103       0.573742          0.363329
   21.180000       1.305207       0.291471       0.531271       0.573749          0.363345
   21.190000       1.308122       0.287519       0.532422       0.573756          0.363361
   21.200000       1.310997       0.283574       0.533555       0.573762          0.363377
   21.210000       1.313833       0.279636       0.534671       0.573769          0.363393
   21.220000       1.316629       0.275705       0.535769       0.573776          0.363409
   21.230000       1.319386       0.271781       0.536850       0.573783          0.363425
   21.240000       1.322104       0.267864       0.537914       0.573789          0.363441
   21.250000       1.324782       0.263954       0.538960       0.573796          0.363457
   21.260000       1.327422       0.260050       0.539990       0.573803          0.363473
   21.270000       1.330023       0.256153       0.541002       0.573810          0.363489
   21.280000       1.332584       0.252263       0.541998       0.573816          0.363505
   21.290000       1.335107       0.248379       0.542977       0.573823          0.363521
   21.300000       1.337590       0.244501       0.543940       0.573830          0.363537
   21.310000       1.340035       0.240629       0.544886       0.573837          0.363553
   21.320000       1.342442       0.236764       0.545815       0.573843          0.363569
   21.330000       1.344809       0.232904       0.546728       0.573850          0.363585
   21.340000       1.347138       0.229050       0.547625       0.573857          0.363601
   21.350000       1.349429       0.225203       0.548506       0.573864          0.363617
   21.360000       1.351681       0.221360       0.549370       0.573870          0.363633
   21.370000       1.353895       0.217524       0.550219       0.573877          0.363649
   21.380000       1.356070       0.213693       0.551052       0.573884          0.363665
   21.390000       1.358207       0.209867       0.551869       0.573891          0.363681
   21.400000       1.360305       0.206047       0.552670       0.573897          0.363697
   21.410000       1.362366       0.202232       0.553455       0.573904          0.363713
   21.420000       1.364388       0.198423       0.554225       0.573911          0.363730
   21.430000       1.366372       0.194618       0.554980       0.573918          0.363746
   21.440000       1.368319       0.190818       0.555719       0.573924          0.363762
   21.450000       1.370227       0.187023       0.556442       0.573931          0.363778
   21.460000       1.372097       0.183233       0.557151       0.573938          0.363794
   21.470000       1.373929       0.179447       0.557844       0.573945          0.363810
   21.480000       1.375724       0.175666       0.558522       0.573951          0.363826
   21.490000       1.377480       0.171890       0.559185       0.573958          0.363842
   21.500000       1.379199       0.168118       0.559833       0.573965          0.363858
   21.510000       1.380881       0.164350       0.560466       0.573972          0.363874
   21.520000       1.382524       0.160587       0.561084       0.573978          0.363890
   21.530000       1.384130       0.156827       0.561688       0.573985          0.363906
   21.540000       1.385698       0.153072       0.562276       0.573992          0.363922
   21.550000       1.387229       0.149320       0.562850       0.573999          0.363938
   21.560000       1.388722       0.145573       0.563410       0.574005          0.363954
   21.570000       1.390178       0.141829       0.563954       0.574012          0.363970
   21.580000       1.391596       0.138089       0.564485       0.574019          0.363986
   21.590000       1.392977       0.134352       0.565000       0.574026          0.364002
   21.600000       1.394321       0.130618       0.565502       0.574032          0.364018
   21.610000       1.395627       0.126889       0.565989       0.574039          0.364034
   21.620000       1.396896       0.123162       0.566461       0.574046          0.364050
   21.630000       1.398127       0.119438       0.566920       0.574053          0.364066
   21.640000       1.399322       0.115718       0.567364       0.574059          0.364082
   21.650000       1.400479       0.112001       0.567794       0.574066          0.364098
   21.660000       1.401599       0.108286       0.568210       0.574073          0.364114
   21.670000       1.402682       0.104574       0.568612       0.574080          0.364130
   21.680000       1.403727       0.100865       0.568999       0.574086          0.364146
   21.690000       1.404736       0.097159       0.569373       0.574093          0.364162
   21.700000       1.405708       0.093455       0.569733       0.574100          0.364178
   21.710000       1.406642       0.089753       0.570079       0.574107          0.364194
   21.720000       1.407540       0.086054       0.570411       0.574113          0.364210
   21.730000       1.408400       0.082357       0.570729       0.574120          0.364226
   21.740000       1.409224       0.078663       0.571033       0.574127          0.364242
   21.750000       1.410010       0.074970       0.571323       0.574133          0.364258
   21.760000       1.410760       0.071279       0.571600       0.574140          0.364274
   21.770000       1.411473       0.067590       0.571863       0.574147          0.364290
   21.780000       1.412149       0.063903       0.572112       0.574154          0.364306
   21.790000       1.412788       0.060218       0.572347       0.574160          0.364322
   21.800000       1.413390       0.056534       0.572569       0.574167          0.364338
   21.810000       1.413955       0.052852       0.572777       0.574174          0.364354
   21.820000       1.414484       0.049171       0.572972       0.574181          0.364370
   21.830000       1.414976       0.045491       0.573153       0.574187          0.364386
   21.840000       1.415431       0.041813       0.573320       0.574194          0.364402
   21.850000       1.415849       0.038136       0.573474       0.574201          0.364418
   21.860000       1.416230       0.034460       0.573614       0.574208          0.364434
   21.870000       1.416575       0.030785       0.573741       0.574214          0.364450
   21.880000       1.416883       0.027110       0.573854       0.574221          0.364466
   21.890000       1.417154       0.023437       0.573953       0.574228          0.364483
   21.900000       1.417388       0.019764       0.574039       0.574235          0.364499
   21.910000       1.417586       0.016092       0.574112       0.574241          0.364515
   21.920000       1.417747       0.012420       0.574171       0.574248          0.364531
   21.930000       1.417871       0.008748       0.574217       0.574255          0.364547
   21.940000       1.417958       0.005077       0.574249       0.574262          0.364563
   21.950000       1.418009       0.001406       0.574267       0.574268          0.364579
   21.960000       1.418023      -0.002264       0.574272       0.574275          0.364595
   21.970000       1.418000      -0.005935       0.574264       0.574282          0.364611
   21.980000       1.417941      -0.009606       0.574242       0.574288          0.364627
   21.990000       1.417845      -0.013277       0.574207       0.574295          0.364643
   22.000000       1.417712      -0.016948       0.574158       0.574302          0.364659
   22.010000       1.417543      -0.020619       0.574096       0.574309          0.364675
   22.020000       1.417337      -0.024291       0.574020       0.574315          0.364691
   22.030000       1.417094      -0.027964       0.573931       0.574322          0.364707
   22.040000       1.416814      -0.031637       0.573828       0.574329          0.364723
   22.050000       1.416498      -0.035310       0.573712       0.574336          0.364739
   22.060000       1.416145      -0.038985       0.573582       0.574342          0.364755
   22.070000       1.415755      -0.042660       0.573439       0.574349          0.364771
   22.080000       1.415328      -0.046337       0.573282       0.574356          0.364787
   22.090000       1.414865      -0.050014       0.573112       0.574363          0.364803
   22.100000       1.414365      -0.053693       0.572928       0.574369          0.364819
   22.110000       1.413828      -0.057372       0.572730       0.574376          0.364835
   22.120000       1.413254      -0.061054       0.572519       0.574383          0.364851
   22.130000       1.412643      -0.064736       0.572294       0.574390          0.364867
   22.140000       1.411996      -0.068420       0.572056       0.574396          0.364883
   22.150000       1.411312      -0.072106       0.571803       0.574403          0.364899
   22.160000       1.410591      -0.075794       0.571537       0.574410          0.364915
   22.170000       1.409833      -0.079483       0.571258       0.574416          0.364931
   22.180000       1.409038      -0.083174       0.570964       0.574423          0.364947
   22.190000       1.408206      -0.086867       0.570657       0.574430          0.364963
   22.200000       1.407338      -0.090562       0.570336       0.574437          0.364979
   22.210000       1.406432      -0.094260       0.570001       0.574443          0.364995
   22.220000       1.405489      -0.097960       0.569652       0.574450          0.365011
   22.230000       1.404510      -0.101662       0.569289       0.574457          0.365027
   22.240000       1.403493      -0.105366       0.568913       0.574464          0.365043
   22.250000       1.402440      -0.109073       0.568522       0.574470          0.365059
   22.260000       1.401349      -0.112783       0.568117       0.574477          0.365075
   22.270000       1.400221      -0.116495       0.567698       0.574484          0.365091
   22.280000       1.399056      -0.120210       0.567265       0.574491          0.365107
   22.290000       1.397854      -0.123928       0.566818       0.574497          0.365123
   22.300000       1.396615      -0.127649       0.566357       0.574504          0.365139
   22.310000       1.395338      -0.131374       0.565881       0.574511          0.365155
   22.320000       1.394024      -0.135101       0.565391       0.574517          0.365171
   22.330000       1.392673      -0.138832       0.564887       0.574524          0.365187
   22.340000       1.391285      -0.142566       0.564368       0.574531          0.365203
   22.350000       1.389859      -0.146303       0.563835       0.574538          0.365219
   22.360000       1.388396      -0.150044       0.563288       0.574544          0.365235
   22.370000       1.386896      -0.153789       0.562726       0.574551          0.365251
   22.380000       1.385358      -0.157538       0.562149       0.574558          0.365267
   22.390000       1.383783      -0.161290       0.561557       0.574565          0.365283
   22.400000       1.382170      -0.165046       0.560951       0.574571          0.365299
   22.410000       1.380519      -0.168807       0.560330       0.574578          0.365315
   22.420000       1.378831      -0.172571       0.559694       0.574585          0.365331
   22.430000       1.377106      -0.176340       0.559044       0.574591          0.365347
   22.440000       1.375342      -0.180113       0.558378       0.574598          0.365363
   22.450000       1.373541      -0.183890       0.557697       0.574605          0.365379
   22.460000       1.371702      -0.187672       0.557001       0.574612          0.365395
   22.470000       1.369825      -0.191458       0.556290       0.574618          0.365410
   22.480000       1.367911      -0.195250       0.555564       0.574625          0.365426
   22.490000       1.365958      -0.199045       0.554822       0.574632          0.365442
   22.500000       1.363968      -0.202846       0.554065       0.574639          0.365458
   22.510000       1.361939      -0.206652       0.553293       0.574645          0.365474
   22.520000       1.359873      -0.210463       0.552505       0.574652          0.365490
   22.530000       1.357768      -0.214279       0.551701       0.574659          0.365506
   22.540000       1.355625      -0.218100       0.550882       0.574665          0.365522
   22.550000       1.353444      -0.221927       0.550046       0.574672          0.365538
   22.560000       1.351225      -0.225759       0.549195       0.574679          0.365554
   22.570000       1.348968      -0.229597       0.548328       0.574686          0.365570
   22.580000       1.346672      -0.233440       0.547445       0.574692          0.365586
   22.590000       1.344337      -0.237289       0.546546       0.574699          0.365602
   22.600000       1.341964      -0.241144       0.545631       0.574706          0.365618
   22.610000       1.339553      -0.245005       0.544699       0.574713          0.365634
   22.620000       1.337103      -0.248871       0.543751       0.574719          0.365650
   22.630000       1.334614      -0.252744       0.542786       0.574726          0.365666
   22.640000       1.332087      -0.256623       0.541805       0.574733          0.365682
   22.650000       1.329520      -0.260509       0.540807       0.574739          0.365698
   22.660000       1.326915      -0.264400       0.539792       0.574746          0.365714
   22.670000       1.324271      -0.268299       0.538761       0.574753          0.365730
   22.680000       1.321588      -0.272204       0.537712       0.574760          0.365746
   22.690000       1.318866      -0.276115       0.536647       0.574766          0.365762
   22.700000       1.316105      -0.280033       0.535564       0.574773          0.365778
   22.710000       1.313305      -0.283959       0.534464       0.574780          0.365794
   22.720000       1.310465      -0.287891       0.533346       0.574787          0.365810
   22.730000       1.307586      -0.291830       0.532211       0.574793          0.365826
   22.740000       1.304668      -0.295776       0.531058       0.574800          0.365842
   22.750000       1.301710      -0.299730       0.529888       0.574807          0.365858
   22.760000       1.298713      -0.303691       0.528699       0.574813          0.365874
   22.770000       1.295676      -0.307659       0.527493       0.574820          0.365890
   22.780000       1.292600      -0.311635       0.526269       0.574827          0.365906
   22.790000       1.289483      -0.315618       0.525026       0.574834          0.365922
   22.800000       1.286327      -0.319610       0.523765       0.574840          0.365938
   22.810000       1.283131      -0.323609       0.522486       0.574847          0.365954
   22.820000       1.279895      -0.327616       0.521188       0.574854          0.365970
   22.830000       1.276619      -0.331630       0.519871       0.574861          0.365986
   22.840000       1.273302      -0.335653       0.518536       0.574867          0.366002
   22.850000       1.269946      -0.339685       0.517181       0.574874          0.366018
   22.860000       1.266549      -0.343724       0.515808       0.574881          0.366034
   22.870000       1.263112      -0.347772       0.514415       0.574888          0.366050
   22.880000       1.259634      -0.351828       0.513003       0.574894          0.366066
   22.890000       1.256116      -0.355893       0.511571       0.574901          0.366082
   22.900000       1.252557      -0.359966       0.510120       0.574908          0.366098
   22.910000       1.248957      -0.364048       0.508649       0.574915          0.366114
   22.920000       1.245317      -0.368139       0.507158       0.574921          0.366130
   22.930000       1.241635      -0.372239       0.505647       0.574928          0.366146
   22.940000       1.237913      -0.376348       0.504116       0.574935          0.366162
   22.950000       1.234149      -0.380466       0.502564       0.574942          0.366178
   22.960000       1.230345      -0.384593       0.500992       0.574948          0.366194
   22.970000       1.226499      -0.388729       0.499400       0.574955          0.366211
   22.980000       1.222611      -0.392875       0.497786       0.574962          0.366227
   22.990000       1.218683      -0.397030       0.496152       0.574969          0.366243
   23.000000       1.214712      -0.401195       0.494497       0.574975          0.366259
   23.010000       1.210700      -0.405369       0.492820       0.574982          0.366275
   23.020000       1.206647      -0.409553       0.491122       0.574989          0.366291
   23.030000       1.202551      -0.413746       0.489403       0.574996          0.366307
   23.040000       1.198414      -0.417950       0.487662       0.575002          0.366323
   23.050000       1.194234      -0.422163       0.485898       0.575009          0.366339
   23.060000       1.190013      -0.426386       0.484113       0.575016          0.366355
   23.070000       1.185749      -0.430620       0.482306       0.575023          0.366372
   23.080000       1.181443      -0.434863       0.480477       0.575030          0.366388
   23.090000       1.177094      -0.439117       0.478625       0.575036          0.366404
   23.100000       1.172703      -0.443381       0.476750       0.575043          0.366420
   23.110000       1.168269      -0.447655       0.474852       0.575050          0.366436
   23.120000       1.163792      -0.451940       0.472932       0.575057          0.366453
   23.130000       1.159273      -0.456236       0.470988       0.575064          0.366469
   23.140000       1.154711      -0.460542       0.469021       0.575071          0.366485
   23.150000       1.150105      -0.464858       0.467031       0.575077          0.366501
   23.160000       1.145457      -0.469186       0.465017       0.575084          0.366518
   23.170000       1.140765      -0.473524       0.462979       0.575091          0.366534
   23.180000       1.136030      -0.477873       0.460917       0.575098          0.366550
   23.190000       1.131251      -0.482232       0.458831       0.575105          0.366567
   23.200000       1.126429      -0.486603       0.456720       0.575112          0.366583
   23.210000       1.121563      -0.490985       0.454586       0.575119          0.366599
   23.220000       1.116653      -0.495378       0.452426       0.575126          0.366616
   23.230000       1.111699      -0.499782       0.450242       0.575133          0.366632
   23.240000       1.106701      -0.504197       0.448032       0.575140          0.366649
   23.250000       1.101659      -0.508623       0.445798       0.575146          0.366665
   23.260000       1.096573      -0.513061       0.443538       0.575153          0.366682
   23.270000       1.091442      -0.517510       0.441252       0.575160          0.366698
   23.280000       1.086267      -0.521970       0.438941       0.575167          0.366715
   23.290000       1.081047      -0.526442       0.436604       0.575174          0.366732
   23.300000       1.075783      -0.530925       0.434241       0.575181          0.366748
   23.310000       1.070474      -0.535420       0.431851       0.575189          0.366765
   23.320000       1.065120      -0.539926       0.429436       0.575196          0.366782
   23.330000       1.059720      -0.544443       0.426993       0.575203          0.366799
   23.340000       1.054276      -0.548972       0.424524       0.575210          0.366816
   23.350000       1.048786      -0.553513       0.422029       0.575217          0.366833
   23.360000       1.043251      -0.558065       0.419506       0.575224          0.366850
   23.370000       1.037670      -0.562629       0.416956       0.575231          0.366867
   23.380000       1.032044      -0.567204       0.414378       0.575238          0.366884
   23.390000       1.026372      -0.571791       0.411773       0.575246          0.366901
   23.400000       1.020654      -0.576390       0.409140       0.575253          0.366918
   23.410000       1.014890      -0.581000       0.406480       0.575260          0.366936
   23.420000       1.009080      -0.585621       0.403791       0.575268          0.366953
   23.430000       1.003224      -0.590254       0.401075       0.575275          0.366971
   23.440000       0.997321      -0.594899       0.398330       0.575282          0.366988
   23.450000       0.991372      -0.599555       0.395557       0.575290          0.367006
   23.460000       0.985377      -0.604223       0.392755       0.575297          0.367024
   23.470000       0.979335      -0.608901       0.389924       0.575305          0.367041
   23.480000       0.973246      -0.613592       0.387065       0.575312          0.367059
   23.490000       0.967110      -0.618293       0.384177       0.575320          0.367077
   23.500000       0.960927      -0.623006       0.381259       0.575327          0.367095
   23.510000       0.954697      -0.627730       0.378313       0.575335          0.367114
   23.520000       0.948419      -0.632465       0.375337       0.575343          0.367132
   23.530000       0.942095      -0.637212       0.372331       0.575351          0.367151
   23.540000       0.935723      -0.641969       0.369297       0.575359          0.367169
   23.550000       0.929303      -0.646737       0.366232       0.575366          0.367188
   23.560000       0.922836      -0.651516       0.363138       0.575374          0.367207
   23.570000       0.916321      -0.656305       0.360014       0.575382          0.367226
   23.580000       0.909757      -0.661105       0.356861       0.575391          0.367245
   23.590000       0.903146      -0.665915       0.353677       0.575399          0.367265
   23.600000       0.896487      -0.670736       0.350464       0.575407          0.367284
   23.610000       0.889780      -0.675567       0.347220       0.575415          0.367304
   23.620000       0.883024      -0.680407       0.343947       0.575424          0.367324
   23.630000       0.876220      -0.685258       0.340643       0.575432          0.367344
   23.640000       0.869368      -0.690118       0.337309       0.575441          0.367365
   23.650000       0.862466      -0.694987       0.333946       0.575449          0.367385
   23.660000       0.855517      -0.699866       0.330552       0.575458          0.367406
   23.670000       0.848518      -0.704754       0.327128       0.575467          0.367427
   23.680000       0.841470      -0.709650       0.323674       0.575476          0.367448
   23.690000       0.834374      -0.714555       0.320190       0.575485          0.367470
   23.700000       0.827228      -0.719468       0.316677       0.575494          0.367492
   23.710000       0.820034      -0.724390       0.313133       0.575504          0.367514
   23.720000       0.812790      -0.729319       0.309560       0.575513          0.367536
   23.730000       0.805497      -0.734255       0.305957       0.575523          0.367559
   23.740000       0.798154      -0.739199       0.302325       0.575532          0.367582
   23.750000       0.790762      -0.744149       0.298663       0.575542          0.367605
   23.760000       0.783320      -0.749106       0.294972       0.575552          0.367629
   23.770000       0.775829      -0.754069       0.291253       0.575562          0.367653
   23.780000       0.768289      -0.759037       0.287504       0.575573          0.367678
   23.790000       0.760698      -0.764011       0.283727       0.575583          0.367703
   23.800000       0.753058      -0.768990       0.279921       0.575594          0.367728
   23.810000       0.745368      -0.773973       0.276088       0.575605          0.367754
   23.820000       0.737629      -0.778960       0.272227       0.575616          0.367780
   23.830000       0.729839      -0.783950       0.268338       0.575627          0.367807
   23.840000       0.722000      -0.788944       0.264422       0.575638          0.367834
   23.850000       0.714110      -0.793940       0.260480       0.575650          0.367862
   23.860000       0.706171      -0.798938       0.256511       0.575662          0.367890
   23.870000       0.698181      -0.803937       0.252517       0.575674          0.367919
   23.880000       0.690142      -0.808937       0.248497       0.575687          0.367949
   23.890000       0.682053      -0.813937       0.244453       0.575699          0.367979
   23.900000       0.673913      -0.818936       0.240384       0.575712          0.368010
   23.910000       0.665724      -0.823934       0.236292       0.575726          0.368041
   23.920000       0.657485      -0.828930       0.232176       0.575739          0.368073
   23.930000       0.649195      -0.833924       0.228039       0.575753          0.368106
   23.940000       0.640856      -0.838914       0.223879       0.575767          0.368140
   23.950000       0.632467      -0.843899       0.219699       0.575782          0.368175
   23.960000       0.624028      -0.848880       0.215498       0.575797          0.368210
   23.970000       0.615539      -0.853854       0.211279       0.575812          0.368246
   23.980000       0.607001      -0.858821       0.207040       0.575827          0.368284
   23.990000       0.598412      -0.863781       0.202785       0.575844          0.368322
   24.000000       0.589774      -0.868732       0.198513       0.575860          0.368361
   24.010000       0.581087      -0.873672       0.194225       0.575877          0.368401
   24.020000       0.572350      -0.878602       0.189924       0.575894          0.368442
   24.030000       0.563564      -0.883519       0.185609       0.575912          0.368485
   24.040000       0.554729      -0.888424       0.181282       0.575930          0.368528
   24.050000       0.545845      -0.893314       0.176945       0.575949          0.368573
   24.060000       0.536912      -0.898188       0.172598       0.575969          0.368619
   24.070000       0.527930      -0.903045       0.168244       0.575989          0.368667
   24.080000       0.518900      -0.907883       0.163883       0.576009          0.368715
   24.090000       0.509821      -0.912702       0.159518       0.576030          0.368766
   24.100000       0.500694      -0.917500       0.155149       0.576052          0.368817
   24.110000       0.491519      -0.922275       0.150779       0.576075          0.368871
   24.120000       0.482296      -0.927025       0.146410       0.576098          0.368926
   24.130000       0.473026      -0.931750       0.142043       0.576122          0.368982
   24.140000       0.463708      -0.936446       0.137680       0.576146          0.369041
   24.150000       0.454344      -0.941114       0.133324       0.576172          0.369101
   24.160000       0.444933      -0.945750       0.128976       0.576198          0.369163
   24.170000       0.435475      -0.950353       0.124639       0.576225          0.369228
   24.180000       0.425972      -0.954921       0.120315       0.576253          0.369294
   24.190000       0.416422      -0.959452       0.116007       0.576282          0.369362
   24.200000       0.406828      -0.963944       0.111717       0.576311          0.369433
   24.210000       0.397188      -0.968395       0.107448       0.576342          0.369506
   24.220000       0.387504      -0.972801       0.103202       0.576374          0.369582
   24.230000       0.377776      -0.977162       0.098983       0.576407          0.369660
   24.240000       0.368005      -0.981475       0.094794       0.576441          0.369740
   24.250000       0.358190      -0.985737       0.090637       0.576476          0.369824
   24.260000       0.348333      -0.989945       0.086516       0.576512          0.369910
   24.270000       0.338433      -0.994098       0.082434       0.576549          0.369999
   24.280000       0.328492      -0.998191       0.078395       0.576588          0.370091
   24.290000       0.318510      -1.002223       0.074403       0.576628          0.370187
   24.300000       0.308488      -1.006191       0.070460       0.576670          0.370285
   24.310000       0.298426      -1.010090       0.066572       0.576713          0.370388
   24.320000       0.288325      -1.013919       0.062741       0.576757          0.370493
   24.330000       0.278186      -1.017674       0.058973       0.576803          0.370603
   24.340000       0.268009      -1.021351       0.055272       0.576851          0.370716
   24.350000       0.257796      -1.024948       0.051641       0.576900          0.370833
   24.360000       0.247546      -1.028460       0.048086       0.576951          0.370954
   24.370000       0.237262      -1.031884       0.044612       0.577004          0.371080
   24.380000       0.226943      -1.035216       0.041223       0.577059          0.371210
   24.390000       0.216591      -1.038452       0.037924       0.577116          0.371344
   24.400000       0.206206      -1.041589       0.034721       0.577174          0.371483
   24.410000       0.195790      -1.044621       0.031618       0.577235          0.371628
   24.420000       0.185344      -1.047545       0.028622       0.577298          0.371777
   24.430000       0.174869      -1.050356       0.025739       0.577363          0.371931
   24.440000       0.164365      -1.053050       0.022973       0.577430          0.372091
   24.450000       0.153835      -1.055622       0.020331       0.577500          0.372257
   24.460000       0.143278      -1.058067       0.017819       0.577572          0.372428
   24.470000       0.132698      -1.060380       0.015443       0.577646          0.372606
   24.480000       0.122094      -1.062557       0.013210       0.577724          0.372789
   24.490000       0.111468      -1.064591       0.011126       0.577803          0.372979
   24.500000       0.100822      -1.066478       0.009198       0.577886          0.373175
   24.510000       0.090158      -1.068213       0.007433       0.577972          0.373379
   24.520000       0.079476      -1.069788       0.005837       0.578060          0.373589
   24.530000       0.068778      -1.071199       0.004418       0.578152          0.373807
   24.540000       0.058066      -1.072440       0.003182       0.578247          0.374032
   24.550000       0.047341      -1.073505       0.002138       0.578344          0.374265
   24.560000       0.036606      -1.074387       0.001292       0.578446          0.374505
   24.570000       0.025862      -1.075080       0.000652       0.578550          0.374754
   24.580000       0.015112      -1.075578       0.000225       0.578659          0.375011
   24.590000       0.004356      -1.075873       0.000019       0.578770          0.375276
   24.600000      -0.006403      -1.075960       0.000041       0.578886          0.375551
   24.610000      -0.017163      -1.075830       0.000300       0.579005          0.375834
   24.620000      -0.027921      -1.075478       0.000802       0.579128          0.376127
   24.630000      -0.038676      -1.074896       0.001555       0.579256          0.376429
   24.640000      -0.049425      -1.074076       0.002567       0.579387          0.376741
   24.650000      -0.060165      -1.073011       0.003846       0.579522          0.377063
   24.660000      -0.070895      -1.071694       0.005398       0.579662          0.377395
   24.670000      -0.081612      -1.070117       0.007231       0.579806          0.377738
   24.680000      -0.092314      -1.068272       0.009353       0.579955          0.378091
   24.690000      -0.102996      -1.066150       0.011769       0.580108          0.378455
   24.700000      -0.113658      -1.063745       0.014489       0.580266          0.378829
   24.710000      -0.124295      -1.061048       0.017517       0.580428          0.379216
   24.720000      -0.134906      -1.058051       0.020860       0.580595          0.379613
   24.730000      -0.145486      -1.054745       0.024524       0.580768          0.380022
   24.740000      -0.156034      -1.051122       0.028516       0.580945          0.380443
   24.750000      -0.166545      -1.047175       0.032839       0.581127          0.380876
   24.760000      -0.177017      -1.042894       0.037501       0.581314          0.381322
   24.770000      -0.187446      -1.038271       0.042504       0.581507          0.381779
   24.780000      -0.197828      -1.033297       0.047853       0.581705          0.382249
   24.790000      -0.208161      -1.027965       0.053551       0.581908          0.382731
   24.800000      -0.218441      -1.022266       0.059602       0.582116          0.383226
   24.810000      -0.228664      -1.016191       0.066007       0.582330          0.383734
   24.820000      -0.238825      -1.009733       0.072769       0.582549          0.384255
   24.830000      -0.248923      -1.002882       0.079887       0.582773          0.384788
   24.840000      -0.258952      -0.995632       0.087362       0.583003          0.385335
   24.850000      -0.268908      -0.987973       0.095194       0.583239          0.385895
   24.860000      -0.278788      -0.979898       0.103379       0.583480          0.386467
   24.870000      -0.288587      -0.971400       0.111917       0.583726          0.387052
   24.880000      -0.298301      -0.962471       0.120803       0.583978          0.387651
   24.890000      -0.307925      -0.953104       0.130032       0.584235          0.388262
   24.900000      -0.317456      -0.943291       0.139599       0.584498          0.388886
   24.910000      -0.326889      -0.933026       0.149497       0.584766          0.389523
   24.920000      -0.336220      -0.922304       0.159717       0.585039          0.390172
   24.930000      -0.345443      -0.911116       0.170251       0.585318          0.390834
   24.940000      -0.354554      -0.899459       0.181088       0.585601          0.391508
   24.950000      -0.363548      -0.887326       0.192216       0.585890          0.392194
   24.960000      -0.372422      -0.874714       0.203622       0.586184          0.392892
   24.970000      -0.381169      -0.861616       0.215291       0.586482          0.393602
   24.980000      -0.389785      -0.848030       0.227208       0.586786          0.394322
   24.990000      -0.398265      -0.833953       0.239355       0.587094          0.395054
   25.000000      -0.406605      -0.819381       0.251713       0.587406          0.395797
   25.010000      -0.414799      -0.804313       0.264264       0.587723          0.396550
   25.020000      -0.422842      -0.788746       0.276984       0.588044          0.397313
   25.030000      -0.430729      -0.772681       0.289852       0.588369          0.398086
   25.040000      -0.438456      -0.756116       0.302843       0.588699          0.398868
   25.050000      -0.446017      -0.739053       0.315932       0.589032          0.399659
   25.060000      -0.453408      -0.721493       0.329092       0.589368          0.400459
   25.070000      -0.460623      -0.703437       0.342296       0.589708          0.401266
   25.080000      -0.467657      -0.684890       0.355514       0.590051          0.402082
   25.090000      -0.474506      -0.665855       0.368716       0.590397          0.402905
   25.100000      -0.481164      -0.646336       0.381871       0.590747          0.403734
   25.110000      -0.487628      -0.626340       0.394948       0.591098          0.404570
   25.120000      -0.493891      -0.605872       0.407912       0.591453          0.405413
   25.130000      -0.499950      -0.584940       0.420732       0.591810          0.406260
   25.140000      -0.505799      -0.563553       0.433373       0.592168          0.407113
   25.150000      -0.511435      -0.541719       0.445800       0.592529          0.407971
   25.160000      -0.516852      -0.519449       0.457978       0.592892          0.408833
   25.170000      -0.522047      -0.496755       0.469874       0.593257          0.409699
   25.180000      -0.527014      -0.473648       0.481451       0.593623          0.410568
   25.190000      -0.531751      -0.450142       0.492676       0.593990          0.411441
   25.200000      -0.536252      -0.426250       0.503514       0.594359          0.412317
   25.210000      -0.540514      -0.401988       0.513931       0.594728          0.413196
   25.220000      -0.544534      -0.377371       0.523894       0.595099          0.414077
   25.230000      -0.548308      -0.352417       0.533372       0.595471          0.414960
   25.240000      -0.551832      -0.327144       0.542332       0.595843          0.415845
   25.250000      -0.555104      -0.301568       0.550744       0.596216          0.416731
   25.260000      -0.558119      -0.275711       0.558582       0.596590          0.417619
   25.270000      -0.560876      -0.249592       0.565816       0.596964          0.418509
   25.280000      -0.563372      -0.223231       0.572423       0.597339          0.419399
   25.290000      -0.565605      -0.196651       0.578379       0.597714          0.420291
   25.300000      -0.567571      -0.169873       0.583662       0.598090          0.421184
   25.310000      -0.569270      -0.142920       0.588253       0.598466          0.422078
   25.320000      -0.570699      -0.115816       0.592136       0.598843          0.422972
   25.330000      -0.571857      -0.088583       0.595296       0.599220          0.423868
   25.340000      -0.572743      -0.061246       0.597721       0.599597          0.424764
   25.350000      -0.573356      -0.033829       0.599402       0.599974          0.425661
   25.360000      -0.573694      -0.006357       0.600332       0.600352          0.426559
   25.370000      -0.573757       0.021146       0.600507       0.600730          0.427458
   25.380000      -0.573546       0.048655       0.599925       0.601109          0.428357
   25.390000      -0.573059       0.076144       0.598589       0.601488          0.429258
   25.400000      -0.572298       0.103590       0.596502       0.601867          0.430159
   25.410000      -0.571262       0.130966       0.593671       0.602247          0.431061
   25.420000      -0.569952       0.158250       0.590105       0.602627          0.431964
   25.430000      -0.568370       0.185415       0.585817       0.603007          0.432867
   25.440000      -0.566516       0.212440       0.580822       0.603387          0.433771
   25.450000      -0.564391       0.239298       0.575136       0.603768          0.434676
   25.460000      -0.561998       0.265969       0.568779       0.604149          0.435581
   25.470000      -0.559339       0.292428       0.561773       0.604530          0.436487
   25.480000      -0.556414       0.318653       0.554141       0.604911          0.437392
   25.490000      -0.553228       0.344624       0.545909       0.605292          0.438298
   25.500000      -0.549782       0.370320       0.537105       0.605674          0.439204
   25.510000      -0.546078       0.395719       0.527758       0.606055          0.440109
   25.520000      -0.542121       0.420804       0.517897       0.606435          0.441014
   25.530000      -0.537913       0.445555       0.507556       0.606816          0.441918
   25.540000      -0.533458       0.469955       0.496767       0.607195          0.442820
   25.550000      -0.528758       0.493986       0.485563       0.607575          0.443721
   25.560000      -0.523818       0.517634       0.473980       0.607953          0.444620
   25.570000      -0.518642       0.540883       0.462053       0.608330          0.445517
   25.580000      -0.513233       0.563719       0.449817       0.608706          0.446411
   25.590000      -0.507596       0.586129       0.437308       0.609081          0.447301
   25.600000      -0.501735       0.608101       0.424561       0.609455          0.448188
   25.610000      -0.495654       0.629624       0.411613       0.609826          0.449071
   25.620000      -0.489357       0.650687       0.398499       0.610196          0.449950
   25.630000      -0.482851       0.671283       0.385253       0.610563          0.450823
   25.640000      -0.476138       0.691402       0.371911       0.610929          0.451691
   25.650000      -0.469224       0.711037       0.358505       0.611291          0.452553
   25.660000      -0.462113       0.730182       0.345068       0.611651          0.453408
   25.670000      -0.454811       0.748832       0.331634       0.612008          0.454256
   25.680000      -0.447323       0.766982       0.318231       0.612362          0.455096
   25.690000      -0.439653       0.784629       0.304891       0.612712          0.455929
   25.700000      -0.431807       0.801770       0.291641       0.613059          0.456752
   25.710000      -0.423789       0.818404       0.278509       0.613402          0.457567
   25.720000      -0.415605       0.834529       0.265521       0.613740          0.458372
   25.730000      -0.407260       0.850145       0.252702       0.614075          0.459168
   25.740000      -0.398759       0.865253       0.240074       0.614406          0.459953
   25.750000      -0.390106       0.879854       0.227660       0.614731          0.460727
   25.760000      -0.381308       0.893950       0.215480       0.615053          0.461490
   25.770000      -0.372368       0.907543       0.203552       0.615369          0.462242
   25.780000      -0.363293       0.920638       0.191894       0.615680          0.462982
   25.790000      -0.354086       0.933237       0.180521       0.615987          0.463710
   25.800000      -0.344754       0.945345       0.169449       0.616288          0.464425
   25.810000      -0.335300       0.956966       0.158691       0.616583          0.465128
   25.820000      -0.325731       0.968107       0.148258       0.616874          0.465818
   25.830000      -0.316050       0.978773       0.138160       0.617158          0.466494
   25.840000      -0.306262       0.988971       0.128406       0.617438          0.467158
   25.850000      -0.296372       0.998705       0.119005       0.617711          0.467808
   25.860000      -0.286385       1.007985       0.109962       0.617979          0.468444
   25.870000      -0.276305       1.016816       0.101283       0.618241          0.469067
   25.880000      -0.266137       1.025207       0.092973       0.618497          0.469676
   25.890000      -0.255885       1.033165       0.085033       0.618748          0.470271
   25.900000      -0.245553       1.040697       0.077467       0.618992          0.470852
   25.910000      -0.235146       1.047813       0.070275       0.619231          0.471420
   25.920000      -0.224668       1.054521       0.063457       0.619464          0.471974
   25.930000      -0.214123       1.060828       0.057014       0.619692          0.472514
   25.940000      -0.203515       1.066744       0.050942       0.619913          0.473040
   25.950000      -0.192847       1.072277       0.045240       0.620129          0.473553
   25.960000      -0.182125       1.077436       0.039906       0.620339          0.474052
   25.970000      -0.171350       1.082229       0.034934       0.620544          0.474538
   25.980000      -0.160528       1.086666       0.030321       0.620743          0.475011
   25.990000      -0.149661       1.090755       0.026063       0.620936          0.475471
   26.000000      -0.138754       1.094505       0.022154       0.621124          0.475918
   26.010000      -0.127809       1.097925       0.018587       0.621307          0.476352
   26.020000      -0.116830       1.101023       0.015358       0.621484          0.476773
   26.030000      -0.105819       1.103809       0.012459       0.621656          0.477182
   26.040000      -0.094781       1.106291       0.009884       0.621823          0.477579
   26.050000      -0.083718       1.108477       0.007625       0.621985          0.477964
   26.060000      -0.072634       1.110376       0.005676       0.622142          0.478337
   26.070000      -0.061530       1.111996       0.004027       0.622295          0.478699
   26.080000      -0.050410       1.113346       0.002673       0.622442          0.479050
   26.090000      -0.039276       1.114433       0.001605       0.622585          0.479389
   26.100000      -0.028132       1.115266       0.000814       0.622724          0.479718
   26.110000      -0.016979       1.115853       0.000293       0.622857          0.480036
   26.120000      -0.005821       1.116202       0.000034       0.622987          0.480344
   26.130000       0.005341       1.116319       0.000028       0.623112          0.480642
   26.140000       0.016504       1.116213       0.000268       0.623234          0.480930
   26.150000       0.027667       1.115891       0.000745       0.623351          0.481209
   26.160000       0.038825       1.115360       0.001450       0.623464          0.481478
   26.170000       0.049979       1.114628       0.002377       0.623574          0.481739
   26.180000       0.061125       1.113700       0.003516       0.623680          0.481990
   26.190000       0.072262       1.112584       0.004860       0.623782          0.482233
   26.200000       0.083388       1.111287       0.006401       0.623881          0.482468
   26.210000       0.094501       1.109815       0.008131       0.623976          0.482695
   26.220000       0.105599       1.108174       0.010043       0.624068          0.482914
   26.230000       0.116681       1.106371       0.012129       0.624157          0.483125
   26.240000       0.127745       1.104411       0.014381       0.624243          0.483329
   26.250000       0.138789       1.102300       0.016793       0.624326          0.483526
   26.260000       0.149812       1.100044       0.019357       0.624406          0.483716
   26.270000       0.160812       1.097649       0.022067       0.624483          0.483899
   26.280000       0.171789       1.095119       0.024914       0.624557          0.484076
   26.290000       0.182740       1.092461       0.027894       0.624629          0.484246
   26.300000       0.193664       1.089678       0.030999       0.624698          0.484411
   26.310000       0.204561       1.086777       0.034223       0.624765          0.484570
   26.320000       0.215429       1.083761       0.037560       0.624830          0.484723
   26.330000       0.226267       1.080637       0.041004       0.624892          0.484870
   26.340000       0.237073       1.077407       0.044549       0.624952          0.485013
   26.350000       0.247847       1.074076       0.048189       0.625009          0.485150
   26.360000       0.258588       1.070650       0.051920       0.625065          0.485282
   26.370000       0.269294       1.067131       0.055735       0.625119          0.485410
   26.380000       0.279966       1.063524       0.059629       0.625171          0.485533
   26.390000       0.290601       1.059833       0.063598       0.625221          0.485652
   26.400000       0.301199       1.056061       0.067636       0.625269          0.485766
   26.410000       0.311760       1.052212       0.071740       0.625315          0.485876
   26.420000       0.322282       1.048290       0.075904       0.625360          0.485983
   26.430000       0.332765       1.044298       0.080124       0.625403          0.486085
   26.440000       0.343208       1.040240       0.084396       0.625445          0.486184
   26.450000       0.353610       1.036117       0.088715       0.625485          0.486280
   26.460000       0.363971       1.031935       0.093079       0.625524          0.486372
   26.470000       0.374291       1.027694       0.097483       0.625561          0.486461
   26.480000       0.384568       1.023400       0.101924       0.625597          0.486546
   26.490000       0.394802       1.019053       0.106398       0.625632          0.486629
   26.500000       0.404992       1.014657       0.110901       0.625666          0.486709
   26.510000       0.415139       1.010215       0.115431       0.625698          0.486786
   26.520000       0.425241       1.005728       0.119984       0.625729          0.486860
   26.530000       0.435298       1.001200       0.124558       0.625759          0.486932
   26.540000       0.445310       0.996633       0.129150       0.625789          0.487001
   26.550000       0.455277       0.992028       0.133757       0.625817          0.487068
   26.560000       0.465197       0.987389       0.138375       0.625844          0.487133
   26.570000       0.475071       0.982717       0.143004       0.625870          0.487195
   26.580000       0.484898       0.978014       0.147640       0.625896          0.487256
   26.590000       0.494678       0.973282       0.152282       0.625920          0.487314
   26.600000       0.504411       0.968523       0.156926       0.625944          0.487371
   26.610000       0.514096       0.963738       0.161571       0.625967          0.487425
   26.620000       0.523733       0.958931       0.166215       0.625989          0.487478
   26.630000       0.533323       0.954101       0.170856       0.626011          0.487529
   26.640000       0.542864       0.949251       0.175492       0.626031          0.487578
   26.650000       0.552356       0.944383       0.180122       0.626052          0.487626
   26.660000       0.561800       0.939497       0.184744       0.626071          0.487672
   26.670000       0.571195       0.934595       0.189356       0.626090          0.487717
   26.680000       0.580541       0.929680       0.193956       0.626108          0.487761
   26.690000       0.589838       0.924751       0.198544       0.626126          0.487803
   26.700000       0.599085       0.919810       0.203118       0.626143          0.487844
   26.710000       0.608283       0.914858       0.207677       0.626160          0.487883
   26.720000       0.617432       0.909898       0.212219       0.626176          0.487922
   26.730000       0.626531       0.904929       0.216744       0.626192          0.487959
   26.740000       0.635580       0.899952       0.221250       0.626207          0.487995
   26.750000       0.644580       0.894970       0.225736       0.626222          0.488030
   26.760000       0.653529       0.889982       0.230202       0.626236          0.488065
   26.770000       0.662429       0.884990       0.234646       0.626250          0.488098
   26.780000       0.671279       0.879995       0.239068       0.626264          0.488130
   26.790000       0.680079       0.874998       0.243466       0.626277          0.488162
   26.800000       0.688829       0.869999       0.247841       0.626290          0.488192
   26.810000       0.697529       0.864999       0.252191       0.626302          0.488222
   26.820000       0.706179       0.859999       0.256516       0.626315          0.488251
   26.830000       0.714779       0.855000       0.260814       0.626327          0.488280
   26.840000       0.723329       0.850002       0.265086       0.626338          0.488307
   26.850000       0.731829       0.845006       0.269332       0.626349          0.488334
   26.860000       0.740279       0.840014       0.273549       0.626361          0.488360
   26.870000       0.748679       0.835024       0.277739       0.626371          0.488386
   26.880000       0.757030       0.830039       0.281900       0.626382          0.488411
   26.890000       0.765330       0.825058       0.286032       0.626392          0.488436
   26.900000       0.773581       0.820082       0.290135       0.626402          0.488460
   26.910000       0.781781       0.815112       0.294208       0.626412          0.488483
   26.920000       0.789932       0.810148       0.298252       0.626422          0.488506
   26.930000       0.798034       0.805191       0.302265       0.626431          0.488529
   26.940000       0.806086       0.800240       0.306249       0.626441          0.488551
   26.950000       0.814088       0.795297       0.310201       0.626450          0.488573
   26.960000       0.822041       0.790362       0.314123       0.626459          0.488594
   26.970000       0.829945       0.785435       0.318013       0.626467          0.488615
   26.980000       0.837799       0.780517       0.321873       0.626476          0.488635
   26.990000       0.845604       0.775608       0.325701       0.626485          0.488655
   27.000000       0.853360       0.770708       0.329498       0.626493          0.488675
   27.010000       0.861068       0.765817       0.333263       0.626501          0.488694
   27.020000       0.868726       0.760937       0.336997       0.626509          0.488713
   27.030000       0.876335       0.756066       0.340699       0.626517          0.488732
   27.040000       0.883896       0.751206       0.344369       0.626525          0.488751
   27.050000       0.891408       0.746357       0.348008       0.626532          0.488769
   27.060000       0.898871       0.741519       0.351615       0.626540          0.488787
   27.070000       0.906287       0.736692       0.355190       0.626547          0.488804
   27.080000       0.913653       0.731876       0.358734       0.626555          0.488822
   27.090000       0.920972       0.727072       0.362245       0.626562          0.488839
   27.100000       0.928243       0.722279       0.365726       0.626569          0.488856
   27.110000       0.935466       0.717499       0.369174       0.626576          0.488873
   27.120000       0.942641       0.712730       0.372591       0.626583          0.488890
   27.130000       0.949768       0.707974       0.375977       0.626590          0.488906
   27.140000       0.956848       0.703230       0.379331       0.626597          0.488922
   27.150000       0.963880       0.698499       0.382653       0.626604          0.488938
   27.160000       0.970865       0.693780       0.385945       0.626610          0.488954
   27.170000       0.977803       0.689074       0.389206       0.626617          0.488970
   27.180000       0.984694       0.684381       0.392435       0.626624          0.488986
   27.190000       0.991537       0.679701       0.395634       0.626630          0.489001
   27.200000       0.998334       0.675034       0.398801       0.626637          0.489017
   27.210000       1.005085       0.670379       0.401939       0.626643          0.489032
   27.220000       1.011789       0.665738       0.405046       0.626649          0.489047
   27.230000       1.018446       0.661111       0.408122       0.626656          0.489062
   27.240000       1.025057       0.656496       0.411168       0.626662          0.489077
   27.250000       1.031622       0.651895       0.414184       0.626668          0.489091
   27.260000       1.038141       0.647307       0.417171       0.626674          0.489106
   27.270000       1.044614       0.642733       0.420127       0.626680          0.489121
   27.280000       1.051041       0.638172       0.423055       0.626686          0.489135
   27.290000       1.057423       0.633625       0.425952       0.626693          0.489149
   27.300000       1.063759       0.629091       0.428821       0.626699          0.489164
   27.310000       1.070050       0.624570       0.431660       0.626705          0.489178
   27.320000       1.076296       0.620063       0.434471       0.626710          0.489192
   27.330000       1.082497       0.615570       0.437253       0.626716          0.489206
   27.340000       1.088652       0.611090       0.440007       0.626722          0.489220
   27.350000       1.094763       0.606624       0.442732       0.626728          0.489234
   27.360000       1.100829       0.602171       0.445429       0.626734          0.489248
   27.370000       1.106851       0.597731       0.448099       0.626740          0.489262
   27.380000       1.112828       0.593305       0.450740       0.626746          0.489275
   27.390000       1.118761       0.588892       0.453354       0.626751          0.489289
   27.400000       1.124650       0.584493       0.455941       0.626757          0.489303
   27.410000       1.130495       0.580107       0.458501       0.626763          0.489316
   27.420000       1.136296       0.575735       0.461033       0.626768          0.489330
   27.430000       1.142054       0.571375       0.463539       0.626774          0.489343
   27.440000       1.147768       0.567030       0.466019       0.626780          0.489357
   27.450000       1.153438       0.562697       0.468472       0.626786          0.489370
   27.460000       1.159065       0.558377       0.470899       0.626791          0.489384
   27.470000       1.164649       0.554071       0.473300       0.626797          0.489397
   27.480000       1.170189       0.549777       0.475675       0.626802          0.489410
   27.490000       1.175687       0.545497       0.478024       0.626808          0.489424
   27.500000       1.181142       0.541230       0.480349       0.626814          0.489437
   27.510000       1.186554       0.536975       0.482648       0.626819          0.489450
   27.520000       1.191924       0.532734       0.484922       0.626825          0.489463
   27.530000       1.197251       0.528505       0.487172       0.626830          0.489477
   27.540000       1.202536       0.524289       0.489396       0.626836          0.489490
   27.550000       1.207779       0.520085       0.491597       0.626841          0.489503
   27.560000       1.212980       0.515894       0.493773       0.626847          0.489516
   27.570000       1.218139       0.511716       0.495926       0.626852          0.489529
   27.580000       1.223256       0.507550       0.498054       0.626858          0.489542
   27.590000       1.228332       0.503397       0.500159       0.626863          0.489555
   27.600000       1.233366       0.499255       0.502241       0.626869          0.489568
   27.610000       1.238358       0.495126       0.504299       0.626874          0.489581
   27.620000       1.243310       0.491010       0.506335       0.626880          0.489594
   27.630000       1.248220       0.486905       0.508347       0.626885          0.489607
   27.640000       1.253089       0.482812       0.510337       0.626891          0.489620
   27.650000       1.257917       0.478731       0.512304       0.626896          0.489633
   27.660000       1.262704       0.474662       0.514250       0.626902          0.489646
   27.670000       1.267451       0.470605       0.516173       0.626907          0.489659
   27.680000       1.272157       0.466560       0.518074       0.626913          0.489672
   27.690000       1.276822       0.462526       0.519953       0.626918          0.489685
   27.700000       1.281448       0.458503       0.521811       0.626924          0.489698
   27.710000       1.286033       0.454492       0.523648       0.626929          0.489711
   27.720000       1.290578       0.450492       0.525463       0.626934          0.489724
   27.730000       1.295083       0.446504       0.527257       0.626940          0.489737
   27.740000       1.299548       0.442526       0.529031       0.626945          0.489750
   27.750000       1.303973       0.438560       0.530783       0.626951          0.489763
   27.760000       1.308358       0.434605       0.532516       0.626956          0.489776
   27.770000       1.312704       0.430660       0.534228       0.626962          0.489789
   27.780000       1.317011       0.426727       0.535919       0.626967          0.489802
   27.790000       1.321278       0.422804       0.537591       0.626973          0.489815
   27.800000       1.325506       0.418891       0.539243       0.626978          0.489828
   27.810000       1.329695       0.414990       0.540875       0.626983          0.489840
   27.820000       1.333845       0.411098       0.542488       0.626989          0.489853
   27.830000       1.337956       0.407217       0.544081       0.626994          0.489866
   27.840000       1.342028       0.403347       0.545655       0.627000          0.489879
   27.850000       1.346062       0.399486       0.547211       0.627005          0.489892
   27.860000       1.350057       0.395636       0.548747       0.627010          0.489905
   27.870000       1.354013       0.391795       0.550264       0.627016          0.489918
   27.880000       1.357931       0.387964       0.551763       0.627021          0.489931
   27.890000       1.361811       0.384143       0.553244       0.627027          0.489943
   27.900000       1.365652       0.380332       0.554706       0.627032          0.489956
   27.910000       1.369455       0.376531       0.556150       0.627038          0.489969
   27.920000       1.373221       0.372739       0.557576       0.627043          0.489982
   27.930000       1.376948       0.368956       0.558984       0.627048          0.489995
   27.940000       1.380638       0.365182       0.560375       0.627054          0.490008
   27.950000       1.384289       0.361418       0.561748       0.627059          0.490021
   27.960000       1.387904       0.357663       0.563103       0.627065          0.490034
   27.970000       1.391480       0.353917       0.564441       0.627070          0.490046
   27.980000       1.395019       0.350180       0.565762       0.627076          0.490059
   27.990000       1.398521       0.346452       0.567066       0.627081          0.490072
   28.000000       1.401986       0.342733       0.568354       0.627086          0.490085
   28.010000       1.405413       0.339022       0.569624       0.627092          0.490098
   28.020000       1.408803       0.335320       0.570878       0.627097          0.490111
   28.030000       1.412157       0.331626       0.572115       0.627103          0.490124
   28.040000       1.415473       0.327941       0.573336       0.627108          0.490137
   28.050000       1.418752       0.324264       0.574540       0.627113          0.490149
   28.060000       1.421995       0.320595       0.575728       0.627119          0.490162
   28.070000       1.425201       0.316934       0.576901       0.627124          0.490175
   28.080000       1.428370       0.313281       0.578057       0.627130          0.490188
   28.090000       1.431503       0.309636       0.579198       0.627135          0.490201
   28.100000       1.434599       0.305999       0.580323       0.627141          0.490214
   28.110000       1.437659       0.302370       0.581432       0.627146          0.490227
   28.120000       1.440683       0.298748       0.582526       0.627151          0.490240
   28.130000       1.443670       0.295134       0.583605       0.627157          0.490252
   28.140000       1.446622       0.291527       0.584668       0.627162          0.490265
   28.150000       1.449537       0.287928       0.585716       0.627168          0.490278
   28.160000       1.452416       0.284336       0.586750       0.627173          0.490291
   28.170000       1.455260       0.280751       0.587768       0.627178          0.490304
   28.180000       1.458067       0.277173       0.588771       0.627184          0.490317
   28.190000       1.460839       0.273602       0.589760       0.627189          0.490330
   28.200000       1.463575       0.270038       0.590734       0.627195          0.490343
   28.210000       1.466275       0.266481       0.591694       0.627200          0.490355
   28.220000       1.468940       0.262931       0.592639       0.627206          0.490368
   28.230000       1.471569       0.259387       0.593570       0.627211          0.490381
   28.240000       1.474163       0.255849       0.594487       0.627216          0.490394
   28.250000       1.476722       0.252319       0.595389       0.627222          0.490407
   28.260000       1.479245       0.248794       0.596278       0.627227          0.490420
   28.270000       1.481733       0.245276       0.597153       0.627233          0.490433
   28.280000       1.484186       0.241764       0.598013       0.627238          0.490446
   28.290000       1.486603       0.238258       0.598860       0.627244          0.490459
   28.300000       1.488986       0.234758       0.599693       0.627249          0.490471
   28.310000       1.491334       0.231264       0.600513       0.627254          0.490484
   28.320000       1.493646       0.227775       0.601319       0.627260          0.490497
   28.330000       1.495924       0.224293       0.602112       0.627265          0.490510
   28.340000       1.498167       0.220816       0.602891       0.627271          0.490523
   28.350000       1.500375       0.217344       0.603657       0.627276          0.490536
   28.360000       1.502548       0.213879       0.604409       0.627281          0.490549
   28.370000       1.504687       0.210418       0.605149       0.627287          0.490562
   28.380000       1.506791       0.206963       0.605876       0.627292          0.490575
   28.390000       1.508861       0.203513       0.606589       0.627298          0.490587
   28.400000       1.510896       0.200068       0.607290       0.627303          0.490600
   28.410000       1.512897       0.196628       0.607977       0.627309          0.490613
   28.420000       1.514863       0.193193       0.608652       0.627314          0.490626
   28.430000       1.516795       0.189762       0.609315       0.627319          0.490639
   28.440000       1.518693       0.186337       0.609964       0.627325          0.490652
   28.450000       1.520556       0.182916       0.610601       0.627330          0.490665
   28.460000       1.522385       0.179500       0.611226       0.627336          0.490678
   28.470000       1.524180       0.176088       0.611838       0.627341          0.490690
   28.480000       1.525941       0.172681       0.612437       0.627347          0.490703
   28.490000       1.527668       0.169278       0.613024       0.627352          0.490716
   28.500000       1.529361       0.165880       0.613599       0.627357          0.490729
   28.510000       1.531019       0.162485       0.614162       0.627363          0.490742
   28.520000       1.532644       0.159095       0.614713       0.627368          0.490755
   28.530000       1.534235       0.155708       0.615251       0.627374          0.490768
   28.540000       1.535792       0.152325       0.615778       0.627379          0.490781
   28.550000       1.537316       0.148947       0.616292       0.627385          0.490794
   28.560000       1.538805       0.145572       0.616794       0.627390          0.490806
   28.570000       1.540261       0.142200       0.617285       0.627395          0.490819
   28.580000       1.541683       0.138833       0.617764       0.627401          0.490832
   28.590000       1.543071       0.135468       0.618230       0.627406          0.490845
   28.600000       1.544426       0.132107       0.618685       0.627412          0.490858
   28.610000       1.545747       0.128750       0.619129       0.627417          0.490871
   28.620000       1.547034       0.125395       0.619560       0.627422          0.490884
   28.630000       1.548288       0.122044       0.619981       0.627428          0.490897
   28.640000       1.549509       0.118696       0.620389       0.627433          0.490910
   28.650000       1.550696       0.115351       0.620786       0.627439          0.490922
   28.660000       1.551849       0.112009       0.621171       0.627444          0.490935
   28.670000       1.552969       0.108669       0.621545       0.627450          0.490948
   28.680000       1.554056       0.105332       0.621908       0.627455          0.490961
   28.690000       1.555109       0.101998       0.622259       0.627460          0.490974
   28.700000       1.556129       0.098667       0.622598       0.627466          0.490987
   28.710000       1.557116       0.095338       0.622927       0.627471          0.491000
   28.720000       1.558069       0.092011       0.623244       0.627477          0.491013
   28.730000       1.558989       0.088687       0.623549       0.627482          0.491026
   28.740000       1.559876       0.085365       0.623844       0.627488          0.491038
   28.750000       1.560730       0.082045       0.624127       0.627493          0.491051
   28.760000       1.561550       0.078727       0.624399       0.627498          0.491064
   28.770000       1.562338       0.075411       0.624660       0.627504          0.491077
   28.780000       1.563092       0.072097       0.624910       0.627509          0.491090
   28.790000       1.563813       0.068785       0.625149       0.627515          0.491103
   28.800000       1.564501       0.065475       0.625377       0.627520          0.491116
   28.810000       1.565155       0.062167       0.625593       0.627525          0.491129
   28.820000       1.565777       0.058859       0.625799       0.627531          0.491141
   28.830000       1.566366       0.055554       0.625993       0.627536          0.491154
   28.840000       1.566921       0.052250       0.626177       0.627542          0.491167
   28.850000       1.567444       0.048947       0.626349       0.627547          0.491180
   28.860000       1.567933       0.045646       0.626511       0.627553          0.491193
   28.870000       1.568390       0.042345       0.626661       0.627558          0.491206
   28.880000       1.568813       0.039046       0.626801       0.627563          0.491219
   28.890000       1.569204       0.035748       0.626930       0.627569          0.491232
   28.900000       1.569561       0.032451       0.627048       0.627574          0.491245
   28.910000       1.569886       0.029155       0.627155       0.627580          0.491257
   28.920000       1.570177       0.025859       0.627251       0.627585          0.491270
   28.930000       1.570436       0.022564       0.627336       0.627591          0.491283
   28.940000       1.570661       0.019270       0.627410       0.627596          0.491296
   28.950000       1.570854       0.015976       0.627474       0.627601          0.491309
   28.960000       1.571014       0.012683       0.627526       0.627607          0.491322
   28.970000       1.571141       0.009390       0.627568       0.627612          0.491335
   28.980000       1.571235       0.006098       0.627599       0.627618          0.491348
   28.990000       1.571295       0.002806       0.627619       0.627623          0.491360
   29.000000       1.571324      -0.000486       0.627628       0.627628          0.491373
   29.010000       1.571319      -0.003778       0.627627       0.627634          0.491386
   29.020000       1.571281      -0.007070       0.627614       0.627639          0.491399
   29.030000       1.571210      -0.010363       0.627591       0.627645          0.491412
   29.040000       1.571107      -0.013655       0.627557       0.627650          0.491425
   29.050000       1.570970      -0.016947       0.627512       0.627656          0.491438
   29.060000       1.570801      -0.020240       0.627456       0.627661          0.491451
   29.070000       1.570598      -0.023534       0.627389       0.627666          0.491463
   29.080000       1.570363      -0.026827       0.627312       0.627672          0.491476
   29.090000       1.570095      -0.030122       0.627224       0.627677          0.491489
   29.100000       1.569793      -0.033417       0.627124       0.627683          0.491502
   29.110000       1.569459      -0.036713       0.627014       0.627688          0.491515
   29.120000       1.569092      -0.040009       0.626893       0.627693          0.491528
   29.130000       1.568692      -0.043307       0.626761       0.627699          0.491541
   29.140000       1.568259      -0.046605       0.626618       0.627704          0.491554
   29.150000       1.567793      -0.049904       0.626465       0.627710          0.491566
   29.160000       1.567294      -0.053205       0.626300       0.627715          0.491579
   29.170000       1.566762      -0.056507       0.626124       0.627721          0.491592
   29.180000       1.566197      -0.059810       0.625937       0.627726          0.491605
   29.190000       1.565599      -0.063115       0.625740       0.627731          0.491618
   29.200000       1.564967      -0.066420       0.625531       0.627737          0.491631
   29.210000       1.564303      -0.069728       0.625311       0.627742          0.491644
   29.220000       1.563606      -0.073037       0.625080       0.627748          0.491657
   29.230000       1.562876      -0.076348       0.624839       0.627753          0.491669
   29.240000       1.562112      -0.079660       0.624586       0.627758          0.491682
   29.250000       1.561315      -0.082975       0.624321       0.627764          0.491695
   29.260000       1.560486      -0.086291       0.624046       0.627769          0.491708
   29.270000       1.559623      -0.089610       0.623760       0.627775          0.491721
   29.280000       1.558727      -0.092930       0.623462       0.627780          0.491734
   29.290000       1.557797      -0.096253       0.623153       0.627786          0.491747
   29.300000       1.556835      -0.099578       0.622833       0.627791          0.491759
   29.310000       1.555839      -0.102905       0.622502       0.627796          0.491772
   29.320000       1.554810      -0.106235       0.622159       0.627802          0.491785
   29.330000       1.553748      -0.109567       0.621805       0.627807          0.491798
   29.340000       1.552652      -0.112902       0.621439       0.627813          0.491811
   29.350000       1.551523      -0.116239       0.621062       0.627818          0.491824
   29.360000       1.550361      -0.119580       0.620674       0.627823          0.491837
   29.370000       1.549165      -0.122923       0.620274       0.627829          0.491850
   29.380000       1.547936      -0.126269       0.619862       0.627834          0.491862
   29.390000       1.546673      -0.129618       0.619439       0.627840          0.491875
   29.400000       1.545377      -0.132970       0.619005       0.627845          0.491888
   29.410000       1.544047      -0.136325       0.618558       0.627851          0.491901
   29.420000       1.542684      -0.139684       0.618100       0.627856          0.491914
   29.430000       1.541287      -0.143045       0.617630       0.627861          0.491927
   29.440000       1.539857      -0.146411       0.617149       0.627867          0.491940
   29.450000       1.538392      -0.149780       0.616655       0.627872          0.491952
   29.460000       1.536895      -0.153152       0.616150       0.627878          0.491965
   29.470000       1.535363      -0.156528       0.615633       0.627883          0.491978
   29.480000       1.533798      -0.159908       0.615103       0.627888          0.491991
   29.490000       1.532199      -0.163291       0.614562       0.627894          0.492004
   29.500000       1.530566      -0.166679       0.614008       0.627899          0.492017
   29.510000       1.528899      -0.170071       0.613443       0.627905          0.492030
   29.520000       1.527198      -0.173466       0.612865       0.627910          0.492042
   29.530000       1.525464      -0.176866       0.612275       0.627915          0.492055
   29.540000       1.523695      -0.180270       0.611672       0.627921          0.492068
   29.550000       1.521892      -0.183679       0.611057       0.627926          0.492081
   29.560000       1.520056      -0.187091       0.610430       0.627932          0.492094
   29.570000       1.518185      -0.190509       0.609790       0.627937          0.492107
   29.580000       1.516280      -0.193931       0.609138       0.627943          0.492120
   29.590000       1.514340      -0.197358       0.608473       0.627948          0.492132
   29.600000       1.512367      -0.200789       0.607795       0.627953          0.492145
   29.610000       1.510359      -0.204225       0.607105       0.627959          0.492158
   29.620000       1.508316      -0.207667       0.606401       0.627964          0.492171
   29.630000       1.506240      -0.211113       0.605685       0.627970          0.492184
   29.640000       1.504129      -0.214564       0.604956       0.627975          0.492197
   29.650000       1.501983      -0.218021       0.604214       0.627980          0.492209
   29.660000       1.499803      -0.221483       0.603458       0.627986          0.492222
   29.670000       1.497588      -0.224950       0.602690       0.627991          0.492235
   29.680000       1.495338      -0.228423       0.601908       0.627997          0.492248
   29.690000       1.493054      -0.231902       0.601113       0.628002          0.492261
   29.700000       1.490735      -0.235386       0.600304       0.628007          0.492274
   29.710000       1.488381      -0.238875       0.599482       0.628013          0.492287
   29.720000       1.485993      -0.242371       0.598646       0.628018          0.492299
   29.730000       1.483569      -0.245873       0.597797       0.628024          0.492312
   29.740000       1.481110      -0.249380       0.596934       0.628029          0.492325
   29.750000       1.478616      -0.252894       0.596057       0.628034          0.492338
   29.760000       1.476087      -0.256414       0.595166       0.628040          0.492351
   29.770000       1.473523      -0.259940       0.594261       0.628045          0.492364
   29.780000       1.470924      -0.263472       0.593342       0.628051          0.492376
   29.790000       1.468289      -0.267011       0.592409       0.628056          0.492389
   29.800000       1.465619      -0.270556       0.591461       0.628061          0.492402
   29.810000       1.462914      -0.274109       0.590499       0.628067          0.492415
   29.820000       1.460172      -0.277667       0.589523       0.628072          0.492428
   29.830000       1.457396      -0.281233       0.588532       0.628078          0.492440
   29.840000       1.454583      -0.284805       0.587526       0.628083          0.492453
   29.850000       1.451735      -0.288385       0.586505       0.628088          0.492466
   29.860000       1.448852      -0.291972       0.585470       0.628094          0.492479
   29.870000       1.445932      -0.295565       0.584420       0.628099          0.492492
   29.880000       1.442976      -0.299166       0.583354       0.628105          0.492505
   29.890000       1.439984      -0.302775       0.582274       0.628110          0.492517
   29.900000       1.436957      -0.306391       0.581178       0.628115          0.492530
   29.910000       1.433893      -0.310014       0.580066       0.628121          0.492543
   29.920000       1.430793      -0.313645       0.578939       0.628126          0.492556
   29.930000       1.427656      -0.317284       0.577797       0.628132          0.492569
   29.940000       1.424483      -0.320931       0.576639       0.628137          0.492582
   29.950000       1.421274      -0.324585       0.575464       0.628142          0.492594
   29.960000       1.418028      -0.328248       0.574274       0.628148          0.492607
   29.970000       1.414746      -0.331919       0.573068       0.628153          0.492620
   29.980000       1.411427      -0.335598       0.571846       0.628159          0.492633
   29.990000       1.408071      -0.339285       0.570607       0.628164          0.492646
